Intel Xeon Gold 6146
Windows 10 Pro, 19045
2024, 190762
DDR4, 2666 MHz
#MNA
0.0,0.0,0.0,3.7118752516107634e-11,0
0.029999999329447746,0.029999999329447746,-0.037375472486019135,-6.295408638834488e-11,0
0.05999999865889549,0.05999999865889549,-0.07475094497203827,-8.986944521893747e-11,0
0.09000000357627869,0.09000000357627869,-0.1121264174580574,-1.2437340046744794e-10,0
0.11999999731779099,0.11999999731779099,-0.14950188994407654,-1.460875864722766e-10,0
0.15000000596046448,0.15000000596046448,-0.18687736988067627,-1.7246293282369152e-10,0
0.18000000715255737,0.18000000715255737,-0.2242528349161148,-2.0554580260068178e-10,0
0.20999999344348907,0.20999999344348907,-0.26162829995155334,-2.332853910047561e-10,0
0.23999999463558197,0.23999999463558197,-0.2990037798881531,-2.644355845404789e-10,0
0.27000001072883606,0.27000001072883606,-0.3363792598247528,-2.830802259268239e-10,0
0.30000001192092896,0.30000001192092896,-0.37375473976135254,-3.1536728783976287e-10,0
0.33000001311302185,0.33000001311302185,-0.41113021969795227,-3.431068762438372e-10,0
0.36000001430511475,0.36000001430511475,-0.4485056698322296,-3.731202014023438e-10,0
0.38999998569488525,0.38999998569488525,-0.48588114976882935,-4.1154635255225003e-10,0
0.41999998688697815,0.41999998688697815,-0.5232565999031067,-4.320099833421409e-10,0
0.44999998807907104,0.44999998807907104,-0.5606321096420288,-4.672529030358419e-10,0
0.47999998927116394,0.47999998927116394,-0.5980075597763062,-4.965841071680188e-10,0
0.5099999904632568,0.5099999904632568,-0.6353830695152283,-5.284164217300713e-10,0
0.5400000214576721,0.5400000214576721,-0.6727585196495056,-5.629772203974426e-10,0
0.5699999928474426,0.5699999928474426,-0.710133969783783,-5.943547876086086e-10,0
0.6000000238418579,0.6000000238418579,-0.7475094795227051,-6.225491233635694e-10,0
0.6299999952316284,0.6299999952316284,-0.7848849296569824,-6.393747753463686e-10,0
0.6600000262260437,0.6600000262260437,-0.8222604393959045,-6.698428478557616e-10,0
0.6899999976158142,0.6899999976158142,-0.8596358895301819,-7.007656677160412e-10,0
0.7200000286102295,0.7200000286102295,-0.8970113396644592,-7.353264663834125e-10,0
0.75,0.75,-0.9343868494033813,-7.735252438578755e-10,0
0.7799999713897705,0.7799999713897705,-0.9717622995376587,-7.854883410374214e-11,0
0.8100000023841858,0.809970498085022,-1.0091204643249512,-9.205950846080668e-08,0
0.8399999737739563,0.83989417552948,-1.0464497804641724,-7.157586878747679e-08,0
0.8700000047683716,0.8698173761367798,-1.083778738975525,-6.716618372593075e-10,0
0.8999999761581421,0.8997344970703125,-1.1211084127426147,-4.676977823692141e-06,0
0.9300000071525574,0.9292067289352417,-1.158257007598877,0.0005631894796351844,0
0.9599999785423279,0.9578032493591309,-1.1950324773788452,2.6328343665227294e-06,0
0.9900000095367432,0.9823219180107117,-1.229026198387146,-0.031545282291062904,0
0.9975000023841858,0.9866238236427307,-1.2360438108444214,-0.05331953888980934,0
1.0087499618530273,0.9904767870903015,-1.2440990209579468,-0.28415402979726423,0
1.0256249904632568,0.9937587380409241,-1.2541838884353638,0.007285399451120611,0
1.050937533378601,0.9960228800773621,-1.266857624053955,-0.004471182807719742,0
1.0809375047683716,0.9974097013473511,-1.281259298324585,-0.010651920141299343,0
1.110937476158142,0.9982014298439026,-1.295716404914856,0.018017147515820398,0
1.1409374475479126,0.99857497215271,-1.309648036956787,-0.014307337058653502,0
1.1709375381469727,0.9988479614257812,-1.3240314722061157,-0.002219842358954338,0
1.2009375095367432,0.9990594387054443,-1.3391081094741821,-0.026791857015723508,0
1.2309374809265137,0.9992214441299438,-1.3547561168670654,0.2269612083478023,0
1.2609374523162842,0.9993414878845215,-1.3707189559936523,0.0016131112288348959,0
1.2909375429153442,0.999417781829834,-1.3868582248687744,-0.0005357148020266322,0
1.3209375143051147,0.9994840025901794,-1.4035816192626953,-0.004238272198563209,0
1.3509374856948853,0.9995447397232056,-1.4204005002975464,-0.0006596160228582448,0
1.3809374570846558,0.9995912313461304,-1.4377375841140747,0.0024922119428083533,0
1.4109375476837158,0.9996318817138672,-1.455121397972107,-3.5016771562368376e-05,0
1.4409375190734863,0.999667227268219,-1.4732134342193604,-1.424330457666656e-05,0
1.4709374904632568,0.9997006058692932,-1.4919508695602417,-0.00018693041783990338,0
1.5009374618530273,0.9997289180755615,-1.5111082792282104,0.0016716238387743942,0
1.5084375143051147,0.9997358918190002,-1.5154383182525635,-0.0016615841841485235,0
1.5159374475479126,0.9997426271438599,-1.5197616815567017,-0.0016551443363823637,0
1.5234375,0.9997493028640747,-1.5240848064422607,-0.0016464648215333,0
1.5309375524520874,0.999755859375,-1.528410792350769,0.0018665290012904734,0
1.5384374856948853,0.9997617602348328,-1.5329055786132812,0.0017972423997889564,0
1.5459375381469727,0.9997677803039551,-1.537369966506958,0.001785838041541865,0
1.5534374713897705,0.9997737407684326,-1.5418205261230469,0.001788352573839802,0
1.560937523841858,0.9997796416282654,-1.5462778806686401,0.0017865602462734387,0
1.5684374570846558,0.9997854828834534,-1.5507370233535767,-2.296275392055236e-10,0
1.568906307220459,0.9728879928588867,-1.5172268152236938,2.4300786383157913e-10,0
1.5693750381469727,0.9727707505226135,-1.5170809030532837,-2.563875500793955e-10,0
1.5700781345367432,0.9725949764251709,-1.516861915588379,-2.7550511871865524e-10,0
1.571132779121399,0.9723313450813293,-1.516533374786377,-2.9628471898135444e-10,0
1.5727148056030273,0.9719358086585999,-1.5160406827926636,2.8055935352711003e-10,0
1.5750879049301147,0.9713425636291504,-1.5153014659881592,-2.671305954216052e-10,0
1.578647494316101,0.9704526662826538,-1.514192819595337,2.8597224588367e-10,0
1.583986759185791,0.9691178202629089,-1.5125298500061035,3.1861041582814664e-10,0
1.5919958353042603,0.967115581035614,-1.5100352764129639,3.530432890475055e-10,0
1.6040093898773193,0.9641121625900269,-1.506293535232544,-3.039263840598494e-10,0
1.6220297813415527,0.9596071243286133,-1.500680923461914,-3.3934791088263694e-10,0
1.6490602493286133,0.9528494477272034,-1.4922618865966797,3.2948896389051185e-10,0
1.6790602207183838,0.9453494548797607,-1.4829180240631104,4.3501935387268986e-10,0
1.7090601921081543,0.9378494620323181,-1.473574161529541,4.172000522828512e-10,0
1.7390601634979248,0.9303494691848755,-1.4642302989959717,4.438732159606218e-10,0
1.7690602540969849,0.9228494763374329,-1.4548864364624023,-4.957866339694306e-10,0
1.7990602254867554,0.9153494834899902,-1.445542573928833,5.20903459255706e-10,0
1.8290601968765259,0.9078494906425476,-1.4361987113952637,6.010444364434875e-10,0
1.8590601682662964,0.900349497795105,-1.4268548488616943,6.934975892158857e-10,0
1.8890602588653564,0.8928495049476624,-1.417510986328125,7.084994674277922e-10,0
1.919060230255127,0.885349452495575,-1.4081671237945557,7.682047289958582e-10,0
1.9490602016448975,0.8778494596481323,-1.3988232612609863,8.509621479690921e-10,0
1.979060173034668,0.8703494668006897,-1.389479398727417,8.862124645236946e-10,0
2.0090601444244385,0.8628494739532471,-1.3801355361938477,9.933346645230046e-10,0
2.039060115814209,0.8553494811058044,-1.3707916736602783,1.0409535178279583e-09,0
2.0690603256225586,0.8478494882583618,-1.361447811126709,1.1022315837827534e-09,0
2.099060297012329,0.8403494954109192,-1.3521039485931396,1.1366163010784192e-09,0
2.1290602684020996,0.8328495025634766,-1.3427600860595703,1.2111788239010934e-09,0
2.15906023979187,0.8253494501113892,-1.3334161043167114,1.2780822233882105e-09,0
2.1890602111816406,0.8178494572639465,-1.324072241783142,1.3001268672763189e-09,0
2.219060182571411,0.8103494644165039,-1.3147283792495728,1.4686668270424974e-09,0
2.2490601539611816,0.8028494715690613,-1.3053845167160034,1.5202084591159348e-09,0
2.279060125350952,0.7953494787216187,-1.296040654182434,1.5691349886104433e-09,0
2.3090600967407227,0.787849485874176,-1.2866967916488647,1.6511291223153535e-09,0
2.3390603065490723,0.7803494930267334,-1.2773529291152954,1.7304853661137543e-09,0
2.3690602779388428,0.7728495001792908,-1.268009066581726,1.75517006484327e-09,0
2.3990602493286133,0.7653494477272034,-1.2586652040481567,1.8011386826444209e-09,0
2.429060220718384,0.7578494548797607,-1.2493213415145874,1.8435830084762017e-09,0
2.4590601921081543,0.7503494620323181,-1.239977478981018,1.929104542774951e-09,0
2.489060163497925,0.7428494691848755,-1.2306336164474487,1.8473510499106283e-09,0
2.5190601348876953,0.7353494763374329,-1.2212897539138794,1.942593585990693e-09,0
2.549060106277466,0.7278494834899902,-1.21194589138031,2.044476921092553e-09,0
2.5790603160858154,0.7203494906425476,-1.2026020288467407,2.022222167497034e-09,0
2.609060287475586,0.712849497795105,-1.1932581663131714,2.1349976786488867e-09,0
2.6390602588653564,0.7053495049476624,-1.183914303779602,2.0788599730536816e-09,0
2.669060230255127,0.697849452495575,-1.1745704412460327,2.2163078039483253e-09,0
2.6990602016448975,0.6903494596481323,-1.1652265787124634,2.2051490633501203e-09,0
2.729060173034668,0.6828494668006897,-1.155882716178894,2.2325861159799842e-09,0
2.7590601444244385,0.6753494739532471,-1.1465388536453247,2.2361004159421327e-09,0
2.789060115814209,0.6678494811058044,-1.1371948719024658,2.281863364927972e-09,0
2.8190603256225586,0.6603494882583618,-1.1278510093688965,2.4205073501093466e-09,0
2.849060297012329,0.6528494954109192,-1.1185071468353271,2.4266746390111393e-09,0
2.8790602684020996,0.6453495025634766,-1.1091632843017578,2.44816078520671e-09,0
2.90906023979187,0.6378494501113892,-1.0998194217681885,2.4843712642663718e-09,0
2.9390602111816406,0.6303494572639465,-1.0904755592346191,2.5522076674278082e-09,0
2.969060182571411,0.6228494644165039,-1.0811316967010498,2.6011502396450226e-09,0
2.9990601539611816,0.6153494715690613,-1.0717878341674805,2.7243707290125485e-09,0
3.029060125350952,0.6078494787216187,-1.0624439716339111,2.748197003299424e-09,0
3.0590600967407227,0.600349485874176,-1.0531001091003418,2.8143763985966075e-09,0
3.0890603065490723,0.5928494930267334,-1.0437562465667725,2.794305120623619e-09,0
3.1190602779388428,0.5853495001792908,-1.0344123840332031,2.846832325431592e-09,0
3.1490602493286133,0.5778494477272034,-1.0250685214996338,2.9270285917259997e-09,0
3.179060220718384,0.5703494548797607,-1.0157246589660645,2.904770951550617e-09,0
3.2090601921081543,0.5628494620323181,-1.0063807964324951,3.032544076964072e-09,0
3.239060163497925,0.5553494691848755,-0.997036874294281,3.1385206378242714e-09,0
3.2690601348876953,0.5478494763374329,-0.9876930117607117,3.1681984535847363e-09,0
3.299060106277466,0.5403494834899902,-0.9783491492271423,3.143804383487492e-09,0
3.3290603160858154,0.5328494906425476,-0.969005286693573,3.292387945608155e-09,0
3.359060287475586,0.525349497795105,-0.9596614241600037,3.25198329376164e-09,0
3.3890602588653564,0.5178495049476624,-0.9503175616264343,3.3529398424381185e-09,0
3.419060230255127,0.510349452495575,-0.940973699092865,3.4817976557466324e-09,0
3.4490602016448975,0.5028494596481323,-0.9316298365592957,3.483008215177108e-09,0
3.479060173034668,0.4953494668006897,-0.9222859740257263,3.488541761020869e-09,0
3.5090601444244385,0.48784947395324707,-0.912942111492157,3.6024080107832646e-09,0
3.539060115814209,0.48034948110580444,-0.9035981893539429,3.6802234315569393e-09,0
3.5690603256225586,0.4728494882583618,-0.8942543268203735,3.679264004574634e-09,0
3.599060297012329,0.4653494656085968,-0.8849104642868042,3.737145509719042e-09,0
3.6290602684020996,0.4578494727611542,-0.8755666017532349,3.78531009315175e-09,0
3.65906023979187,0.45034947991371155,-0.8662227392196655,3.875279430687328e-09,0
3.6890602111816406,0.4428494870662689,-0.8568788766860962,3.842627549488498e-09,0
3.719060182571411,0.4353494644165039,-0.8475350141525269,3.867548253877473e-09,0
3.7490601539611816,0.4278494715690613,-0.8381911516189575,3.887869359786578e-09,0
3.779060125350952,0.42034947872161865,-0.8288472890853882,3.830174677421638e-09,0
3.8090600967407227,0.412849485874176,-0.8195034265518188,3.8490204079533186e-09,0
3.8390603065490723,0.405349463224411,-0.8101595640182495,3.869427445124529e-09,0
3.8690602779388428,0.3978494703769684,-0.8008156418800354,3.875848086920541e-09,0
3.8990602493286133,0.39034947752952576,-0.7914717793464661,3.889739891294042e-09,0
3.929060220718384,0.38284948468208313,-0.7821279168128967,-3.9562109144242186e-09,0
3.9590601921081543,0.3753494620323181,-0.7727840542793274,-3.976621698598137e-09,0
3.989060163497925,0.3678494691848755,-0.7634401917457581,-3.9756229419651845e-09,0
4.019060134887695,0.36034947633743286,-0.7540963292121887,-4.103340556227408e-09,0
4.049060344696045,0.35284948348999023,-0.7447524666786194,-4.077876925023816e-09,0
4.079060077667236,0.3453494608402252,-0.73540860414505,-4.146441856534011e-09,0
4.109060287475586,0.3378494679927826,-0.7260647416114807,-4.1627368219110394e-09,0
4.139060020446777,0.33034947514533997,-0.7167208790779114,-4.196458291971794e-09,0
4.169060230255127,0.32284948229789734,-0.7073769569396973,-4.317533219833081e-09,0
4.199060440063477,0.3153494894504547,-0.6980330944061279,-4.355882321505078e-09,0
4.229060173034668,0.3078494668006897,-0.6886892318725586,-4.491697680464313e-09,0
4.259060382843018,0.30034947395324707,-0.6793453693389893,-4.479476567453844e-09,0
4.289060115814209,0.29284948110580444,-0.6700015068054199,-4.5848269625281546e-09,0
4.319060325622559,0.2853494882583618,-0.6606576442718506,-4.588811775008139e-09,0
4.34906005859375,0.2778494656085968,-0.6513137817382812,-4.658794461320781e-09,0
4.3790602684021,0.2703494727611542,-0.6419699192047119,-4.554202126527684e-09,0
4.409060001373291,0.26284947991371155,-0.6326260566711426,-4.62227922604086e-09,0
4.439060211181641,0.2553494870662689,-0.6232821941375732,-4.745273063377908e-09,0
4.46906042098999,0.2478494793176651,-0.6139382719993591,-4.673757381112864e-09,0
4.499060153961182,0.24034947156906128,-0.6045944094657898,-4.84336304396038e-09,0
4.529060363769531,0.23284947872161865,-0.5952505469322205,-4.838376366222974e-09,0
4.559060096740723,0.22534947097301483,-0.5859066843986511,-4.912799944634116e-09,0
4.589060306549072,0.2178494781255722,-0.5765628218650818,-4.91018337100968e-09,0
4.619060039520264,0.21034947037696838,-0.5672189593315125,-4.97803931409635e-09,0
4.649060249328613,0.20284947752952576,-0.5578750967979431,-5.001186131892155e-09,0
4.679059982299805,0.19534946978092194,-0.5485312342643738,-4.970058586906134e-09,0
4.709060192108154,0.1878494769334793,-0.5391873717308044,-5.013807591325303e-09,0
4.739060401916504,0.1803494691848755,-0.5298435091972351,-5.024367144557118e-09,0
4.769060134887695,0.17284947633743286,-0.5204996466636658,-5.041112416392934e-09,0
4.799060344696045,0.16534946858882904,-0.5111557245254517,-5.1222572849951575e-09,0
4.829060077667236,0.1578494757413864,-0.5018118619918823,-5.118981238894094e-09,0
4.859060287475586,0.1503494828939438,-0.492467999458313,-5.139878300752798e-09,0
4.889060020446777,0.14284947514533997,-0.48312413692474365,-5.125939228634024e-09,0
4.919060230255127,0.13534948229789734,-0.4737802743911743,-5.2289781393710655e-09,0
4.949060440063477,0.12784947454929352,-0.464436411857605,-5.188811602607757e-09,0
4.979060173034668,0.1203494742512703,-0.45509254932403564,-5.162451799378687e-09,0
5.009060382843018,0.11284947395324707,-0.4457486569881439,-5.172848815959696e-09,0
5.039060115814209,0.10534947365522385,-0.4364047944545746,-5.187625884417457e-09,0
5.069060325622559,0.09784947335720062,-0.42706093192100525,-5.149751292066185e-09,0
5.09906005859375,0.0903494730591774,-0.4177170693874359,-5.195610608410561e-09,0
5.1290602684021,0.08284947276115417,-0.4083732068538666,-5.2060773469975175e-09,0
5.159060001373291,0.07534947246313095,-0.39902931451797485,-5.162573035732976e-09,0
5.189060211181641,0.06784947216510773,-0.3896854519844055,-5.159856542036323e-09,0
5.21906042098999,0.0603494755923748,-0.3803415894508362,-5.182508200363145e-09,0
5.249060153961182,0.05284947529435158,-0.37099772691726685,-5.1627813135723954e-09,0
5.279060363769531,0.045349474996328354,-0.3616538643836975,-5.171821637617313e-09,0
5.309060096740723,0.03784947469830513,-0.3523099720478058,-5.16081399837276e-09,0
5.339060306549072,0.030349476262927055,-0.34296610951423645,-5.158914628822231e-09,0
5.369060039520264,0.02284947596490383,-0.3336222469806671,-5.1968154224368845e-09,0
5.399060249328613,0.015349475666880608,-0.3242783844470978,-5.184918716594211e-09,0
5.429059982299805,0.007849475368857384,-0.31493452191352844,-5.165836203246954e-09,0
5.459060192108154,0.0003494755655992776,-0.3055906593799591,-5.204565223237978e-09,0
5.489060401916504,-0.007150524295866489,-0.2962467670440674,-5.261755475771679e-09,0
5.519060134887695,-0.014650524593889713,-0.28690290451049805,-5.258853352785309e-09,0
5.549060344696045,-0.022150523960590363,-0.2775590419769287,-5.272466019334843e-09,0
5.579060077667236,-0.029650524258613586,-0.2682151794433594,-5.238875999680204e-09,0
5.609060287475586,-0.03715052455663681,-0.25887131690979004,-5.2924735705062176e-09,0
5.639060020446777,-0.044650524854660034,-0.2495274394750595,-5.3567394964204595e-09,0
5.669060230255127,-0.05215052515268326,-0.24018356204032898,-5.283041115689002e-09,0
5.699060440063477,-0.05965052545070648,-0.23083969950675964,-5.3633151253507094e-09,0
5.729060173034668,-0.0671505257487297,-0.2214958369731903,-5.376420642022595e-09,0
5.759060382843018,-0.07465052604675293,-0.21215195953845978,-5.359271693095025e-09,0
5.789060115814209,-0.08215052634477615,-0.20280809700489044,-5.344019449182724e-09,0
5.819060325622559,-0.08965052664279938,-0.1934642195701599,-5.308159245487332e-09,0
5.84906005859375,-0.0971505269408226,-0.18412035703659058,-5.332080998954325e-09,0
5.8790602684021,-0.10465052723884583,-0.17477649450302124,-5.391127544385199e-09,0
5.909060001373291,-0.11215052753686905,-0.1654326170682907,-5.382039258705618e-09,0
5.939060211181641,-0.11965052783489227,-0.15608875453472137,-5.4233573187900674e-09,0
5.96906042098999,-0.1271505206823349,-0.14674487709999084,-5.428675731167232e-09,0
5.999060153961182,-0.13465052843093872,-0.1374010145664215,-5.397120528272126e-09,0
6.029060363769531,-0.14215052127838135,-0.12805715203285217,-5.427401195134962e-09,0
6.059060096740723,-0.14965052902698517,-0.11871328204870224,-5.451039619686071e-09,0
6.089060306549072,-0.1571505218744278,-0.10936941206455231,-5.480595088869222e-09,0
6.119060039520264,-0.16465052962303162,-0.10002554208040237,-5.468135277908459e-09,0
6.149060249328613,-0.17215052247047424,-0.09068167209625244,-5.460671470558509e-09,0
6.179059982299805,-0.17965053021907806,-0.08133780211210251,-5.4732400833756856e-09,0
6.209060192108154,-0.1871505230665207,-0.07199393957853317,-5.523107748928169e-09,0
6.239060401916504,-0.1946505308151245,-0.06265006959438324,-5.538784542125086e-09,0
6.269060134887695,-0.20215052366256714,-0.05330619961023331,-5.539164238399508e-09,0
6.299060344696045,-0.20965053141117096,-0.04396233335137367,-5.527692525930661e-09,0
6.329060077667236,-0.2171505242586136,-0.03461846336722374,-5.534379621252583e-09,0
6.359060287475586,-0.2246505171060562,-0.025274595245718956,-5.558235649516519e-09,0
6.389060020446777,-0.23215052485466003,-0.015930727124214172,-5.5565272383262254e-09,0
6.419060230255127,-0.23965051770210266,-0.006586858537048101,-5.577192041528178e-09,0
6.449060440063477,-0.24715052545070648,0.002757009817287326,-5.558091320523317e-09,0
6.479060173034668,-0.2546505331993103,0.012100878171622753,-5.6168714124282815e-09,0
6.509060382843018,-0.26215052604675293,0.02144474722445011,-5.6654867464089875e-09,0
6.539060115814209,-0.26965051889419556,0.030788615345954895,-5.6267461800985075e-09,0
6.569060325622559,-0.2771505117416382,0.04013248160481453,-5.627764476656694e-09,0
6.59906005859375,-0.2846505343914032,0.04947635158896446,-5.594972929401365e-09,0
6.6290602684021,-0.2921505272388458,0.058820221573114395,-5.6021094430036555e-09,0
6.659060001373291,-0.29965052008628845,0.06816408783197403,-5.574479544634414e-09,0
6.689060211181641,-0.3071505129337311,0.07750795781612396,-5.598271624052131e-09,0
6.71906042098999,-0.3146505355834961,0.0868518278002739,-5.618324028233701e-09,0
6.749060153961182,-0.3221505284309387,0.09619569033384323,-5.646410894399878e-09,0
6.779060363769531,-0.32965052127838135,0.10553956031799316,-5.584008366810167e-09,0
6.809060096740723,-0.337150514125824,0.1148834303021431,-5.572976302659072e-09,0
6.839060306549072,-0.344650536775589,0.12422730028629303,-5.563378646655792e-09,0
6.869060039520264,-0.3521505296230316,0.13357116281986237,-5.58714008391803e-09,0
6.899060249328613,-0.35965052247047424,0.1429150402545929,-5.599626984320594e-09,0
6.929059982299805,-0.36715051531791687,0.15225890278816223,-5.547571735320389e-09,0
6.959060192108154,-0.3746505379676819,0.16160276532173157,-5.5895927886240315e-09,0
6.989060401916504,-0.3821505308151245,0.1709466427564621,-5.560864213549621e-09,0
7.019060134887695,-0.38965052366256714,0.18029050529003143,-5.621027643343268e-09,0
7.049060344696045,-0.39715051651000977,0.18963438272476196,-5.6051749908192505e-09,0
7.079060077667236,-0.4046505391597748,0.1989782452583313,-5.593096208400539e-09,0
7.109060287475586,-0.4121505320072174,0.20832210779190063,-5.566374028376231e-09,0
7.139060020446777,-0.41965052485466003,0.21766598522663116,-5.511230583010729e-09,0
7.169060230255127,-0.42715051770210266,0.2270098477602005,-5.590341523031839e-09,0
7.199060440063477,-0.4346505105495453,0.23635372519493103,-5.566189287264933e-09,0
7.229060173034668,-0.4421505331993103,0.24569758772850037,-5.583307149947814e-09,0
7.259060382843018,-0.44965052604675293,0.2550414502620697,-5.542390546509068e-09,0
7.289060115814209,-0.45715051889419556,0.26438531279563904,-5.581624051842482e-09,0
7.319060325622559,-0.4646505117416382,0.27372920513153076,-5.5068927196089135e-09,0
7.34906005859375,-0.4721505343914032,0.2830730676651001,-5.554526616435851e-09,0
7.3790602684021,-0.4796505272388458,0.29241693019866943,-5.559701143909024e-09,0
7.409060001373291,-0.48715052008628845,0.30176079273223877,-5.486360699080706e-09,0
7.439060211181641,-0.4946505129337311,0.3111046552658081,-5.452654328053086e-09,0
7.46906042098999,-0.5021505355834961,0.32044854760169983,-5.429915184151923e-09,0
7.499060153961182,-0.5096505284309387,0.32979241013526917,-5.457718721402216e-09,0
7.529060363769531,-0.5171505212783813,0.3391362726688385,-5.459978247301933e-09,0
7.559060096740723,-0.524650514125824,0.34848013520240784,-5.4431064100413096e-09,0
7.589060306549072,-0.5321505069732666,0.3578239977359772,-5.416410431280383e-09,0
7.619060039520264,-0.5396504998207092,0.3671678602695465,-5.402981173574517e-09,0
7.649060249328613,-0.5471505522727966,0.37651175260543823,-5.382404744125324e-09,0
7.679059982299805,-0.5546505451202393,0.38585561513900757,-5.329690466737702e-09,0
7.709060192108154,-0.5621505379676819,0.3951994776725769,-5.333134822649299e-09,0
7.739060401916504,-0.5696505308151245,0.40454334020614624,-5.329169106005338e-09,0
7.769060134887695,-0.5771505236625671,0.4138872027397156,-5.317206230870397e-09,0
7.799060344696045,-0.5846505165100098,0.4232310950756073,-1.2437340046744794e-09,0
7.829060077667236,-0.59213787317276,0.4325675368309021,-8.878942026058212e-08,0
7.859060287475586,-0.5996202826499939,0.44190075993537903,-9.720952220959589e-08,0
7.889060020446777,-0.607102632522583,0.45123398303985596,-1.0561234375927597e-07,0
7.919060230255127,-0.6145849823951721,0.4605671465396881,-1.1412521416787058e-07,0
7.949060440063477,-0.6220672130584717,0.4699002802371979,-1.2272630556253716e-07,0
7.979060173034668,-0.6295494437217712,0.47923338413238525,-1.313892425969243e-07,0
8.00905990600586,-0.637031614780426,0.48856645822525024,-1.400908331561368e-07,0
8.039060592651367,-0.644513726234436,0.49789947271347046,-1.488119778514374e-07,0
8.069060325622559,-0.6519957780838013,0.5072324872016907,-1.5752902982058004e-07,0
8.09906005859375,-0.6594777703285217,0.5165655016899109,-1.6622061593807302e-07,0
8.129059791564941,-0.6669597029685974,0.5258983969688416,-1.7486763681517914e-07,0
8.15906047821045,-0.6744416356086731,0.535231351852417,-1.834496288211085e-07,0
8.18906021118164,-0.681923508644104,0.5445642471313477,-1.9195113054593094e-07,0
8.219059944152832,-0.6894053220748901,0.5538970828056335,-2.0035349734826013e-07,0
8.24906063079834,-0.6968870759010315,0.5632299184799194,-2.0864081307081506e-07,0
8.279060363769531,-0.7043688297271729,0.5725627541542053,-2.1679716155631468e-07,0
8.309060096740723,-0.7118504643440247,0.5818955302238464,-2.248057171527762e-07,0
8.339059829711914,-0.7193321585655212,0.5912282466888428,-2.3265465642907657e-07,0
8.369060516357422,-0.7268137335777283,0.6005609631538391,-2.4033215595409274e-07,0
8.399060249328613,-0.7342953085899353,0.6098936796188354,-2.478254828019999e-07,0
8.429059982299805,-0.7417768239974976,0.619226336479187,-2.551255420257803e-07,0
8.459060668945312,-0.749258279800415,0.6285589933395386,nan,nan
#GNA1
0.0,0.0,0.0,-7.110392585829572e-07,0
0.009999999776482582,0.00999870803207159,-0.006029327865689993,-6.132602692332512e-07,0
0.019999999552965164,0.01999480277299881,-0.012057479470968246,-6.663276774787619e-07,0
0.029999999329447746,0.029988249763846397,-0.018084440380334854,-7.446755176943043e-07,0
0.03999999910593033,0.039979007095098495,-0.02411019429564476,-7.409947819780882e-07,0
0.05000000074505806,0.04996704310178757,-0.03013472445309162,-7.097833041314061e-07,0
0.05999999865889549,0.05995230749249458,-0.036158014088869095,-6.831387260319843e-07,0
0.07000000029802322,0.06993477046489716,-0.04218004643917084,-7.128415688839596e-07,0
0.07999999821186066,0.07991437613964081,-0.048200804740190506,-7.961232739717161e-07,0
0.09000000357627869,0.08989108353853226,-0.05422027036547661,-7.170373805820418e-07,0
0.10000000149011612,0.09986485540866852,-0.06023842468857765,-7.499682581624256e-07,0
0.10999999940395355,0.10983563214540482,-0.06625524163246155,-7.167560127641082e-07,0
0.11999999731779099,0.11980336904525757,-0.0722707062959671,-7.348007144969415e-07,0
0.12999999523162842,0.1297680139541626,-0.07828480005264282,-7.537381065958471e-07,0
0.14000000059604645,0.13972951471805573,-0.08429748564958572,-6.681225173110761e-07,0
0.15000000596046448,0.14968779683113098,-0.0903087630867958,-6.868877306942522e-07,0
0.1599999964237213,0.15964283049106598,-0.09631858766078949,-6.948699535769265e-07,0
0.17000000178813934,0.16959454119205475,-0.10232693701982498,-6.449991047929871e-07,0
0.18000000715255737,0.17954285442829132,-0.10833379626274109,-6.160056926773905e-07,0
0.1899999976158142,0.18948772549629211,-0.11433912068605423,6.701569077449676e-07,0
0.20000000298023224,0.19942906498908997,-0.12034289538860321,5.890253191864758e-07,0
0.20999999344348907,0.2093668133020401,-0.12634508311748505,7.094088800840836e-07,0
0.2199999988079071,0.21930089592933655,-0.13234566152095795,6.641768663939729e-07,0
0.23000000417232513,0.22923122346401215,-0.13834457099437714,7.368751653302752e-07,0
0.23999999463558197,0.23915770649909973,-0.14434181153774261,7.950702638481744e-07,0
0.25,0.24908028542995453,-0.1503373235464096,7.611203614033002e-07,0
0.25999999046325684,0.258998841047287,-0.15633106231689453,7.16258512056811e-07,0
0.27000001072883606,0.26891326904296875,-0.1623230129480362,7.587376558149117e-07,0
0.2800000011920929,0.27882352471351624,-0.16831310093402863,8.295352245113463e-07,0
0.28999999165534973,0.2887294292449951,-0.17430131137371063,8.217873528337805e-07,0
0.30000001192092896,0.29863089323043823,-0.18028756976127625,9.211075848725159e-07,0
0.3100000023841858,0.3085278272628784,-0.18627183139324188,9.076419473785791e-07,0
0.3199999928474426,0.31842008233070374,-0.19225406646728516,1.0959856808767654e-06,0
0.33000001311302185,0.32830750942230225,-0.1982341706752777,1.0253617119815317e-06,0
0.3400000035762787,0.3381899893283844,-0.20421212911605835,1.160504780273186e-06,0
0.3499999940395355,0.34806737303733826,-0.2101878523826599,1.4059593240745016e-06,0
0.36000001430511475,0.3579395115375519,-0.21616126596927643,1.5471154881652183e-06,0
0.3700000047683716,0.36780619621276855,-0.22213231027126312,1.7945547483577684e-06,0
0.3799999952316284,0.37766727805137634,-0.22810091078281403,1.940543143064133e-06,0
0.38999998569488525,0.38752254843711853,-0.23406696319580078,2.1805144001518784e-06,0
0.4000000059604645,0.3973717987537384,-0.24003039300441742,2.4442568928861874e-06,0
0.4099999964237213,0.40721485018730164,-0.2459910809993744,2.7162544711245573e-06,0
0.41999998688697815,0.41705143451690674,-0.2519489526748657,3.0453474835212546e-06,0
0.4300000071525574,0.4268812835216522,-0.2579038739204407,3.369622334048472e-06,0
0.4399999976158142,0.43670418858528137,-0.2638557553291321,3.841294443418519e-06,0
0.44999998807907104,0.44651979207992554,-0.2698044180870056,4.2134588227327185e-06,0
0.46000000834465027,0.4563278257846832,-0.2757497727870941,4.6444576184967445e-06,0
0.4699999988079071,0.4661279618740082,-0.28169164061546326,5.1764965007805586e-06,0
0.47999998927116394,0.47591981291770935,-0.2876298427581787,5.689222518867609e-06,0
0.49000000953674316,0.4857029616832733,-0.29356423020362854,6.302876215613651e-06,0
0.5,0.4954770505428314,-0.29949456453323364,6.931846655788831e-06,0
0.5099999904632568,0.5052415728569031,-0.3054206967353821,7.588255215296158e-06,0
0.5199999809265137,0.5149960517883301,-0.31134232878685,8.404325882338526e-06,0
0.5299999713897705,0.5247399210929871,-0.317259281873703,9.190693731397914e-06,0
0.5400000214576721,0.5344725847244263,-0.3231711983680725,1.0110554512721137e-05,0
0.550000011920929,0.5441934466362,-0.3290778398513794,1.1077818697913244e-05,0
0.5600000023841858,0.553901731967926,-0.3349788188934326,1.2098469255761302e-05,0
0.5699999928474426,0.5635966658592224,-0.3408738076686859,1.3255550101121116e-05,0
0.5799999833106995,0.573277473449707,-0.34676238894462585,1.4365518694603452e-05,0
0.5899999737739563,0.5829430818557739,-0.3526441156864166,1.574390955738636e-05,0
0.6000000238418579,0.5925925970077515,-0.35851848125457764,1.7130179571722692e-05,0
0.6100000143051147,0.6022248268127441,-0.3643849194049835,1.8660083554777884e-05,0
0.6200000047683716,0.6118384003639221,-0.3702428340911865,2.0377027453832852e-05,0
0.6299999952316284,0.6214320659637451,-0.37609153985977173,2.2081830479692144e-05,0
0.6399999856948853,0.6310041546821594,-0.38193029165267944,2.40103969986194e-05,0
0.6499999761581421,0.6405529975891113,-0.38775819540023804,2.619080788690553e-05,0
0.6600000262260437,0.6500765681266785,-0.3935743272304535,2.825038700393634e-05,0
0.6700000166893005,0.6595727801322937,-0.39937758445739746,3.061608083498868e-05,0
0.6800000071525574,0.6690391898155212,-0.40516674518585205,3.312809258204652e-05,0
0.6899999976158142,0.6784730553627014,-0.4109404981136322,3.5826841951802635e-05,0
0.699999988079071,0.6878713369369507,-0.41669729351997375,3.872330171361682e-05,0
0.7099999785423279,0.6972305774688721,-0.42243534326553345,4.1789701583638816e-05,0
0.7200000286102295,0.7065469622612,-0.42815276980400085,4.5106473066880426e-05,0
0.7300000190734863,0.715816080570221,-0.4338472783565521,4.850477375839546e-05,0
0.7400000095367432,0.7250330448150635,-0.4395163655281067,5.224463552622183e-05,0
0.75,0.7341923713684082,-0.4451572299003601,5.624066898235469e-05,0
0.7599999904632568,0.7432878017425537,-0.4507666230201721,6.0507707530632615e-05,0
0.7699999809265137,0.7523123025894165,-0.45634087920188904,6.520993377989726e-05,0
0.7799999713897705,0.761258065700531,-0.46187591552734375,7.039770252958988e-05,0
0.7900000214576721,0.7701161503791809,-0.4673670828342438,7.616260239728945e-05,0
0.800000011920929,0.778876781463623,-0.47280919551849365,8.264984103334427e-05,0
0.8100000023841858,0.7875289916992188,-0.47819647192955017,9.002400662438959e-05,0
0.8199999928474426,0.7960606813430786,-0.4835225045681,9.861561608204283e-05,0
0.8299999833106995,0.8044586777687073,-0.48878026008605957,0.00010857312571488364,0
0.8399999737739563,0.8127085566520691,-0.49396201968193054,0.00011997238601679783,0
0.8500000238418579,0.8207950592041016,-0.49905964732170105,0.00013307867942558005,0
0.8600000143051147,0.8287020325660706,-0.5040644407272339,0.00014774261347838546,0
0.8700000047683716,0.8364128470420837,-0.508967399597168,0.0001636533181113009,0
0.8799999952316284,0.8439106941223145,-0.5137594938278198,0.0001801006919208703,0
0.8899999856948853,0.8511791825294495,-0.5184318423271179,0.00019633149901210345,0
0.8999999761581421,0.8582026958465576,-0.5229759812355042,0.0002107496646317486,0
0.9100000262260437,0.8649671673774719,-0.5273844003677368,0.00022221870204930383,0
0.9200000166893005,0.871460497379303,-0.5316506624221802,0.00022916945408724132,0
0.9300000071525574,0.8776732087135315,-0.5357697010040283,0.0002312611537149678,0
0.9399999976158142,0.8835987448692322,-0.5397379994392395,0.0002358573403284936,4
0.949999988079071,0.8892338871955872,-0.5435551404953003,0.00021751471257402955,8
0.9599999785423279,0.8945780396461487,-0.54721999168396,0.00020697821884141376,10
0.9700000286102295,0.8996343612670898,-0.550734281539917,0.00019101201843341187,12
0.9800000190734863,0.9044084548950195,-0.5541034936904907,0.0001464946001874523,12
0.9900000095367432,0.9089081883430481,-0.5573312640190125,0.00011707805771266067,14
1.0,0.9131437540054321,-0.5604238510131836,0.00020310571130721655,16
1.0099999904632568,0.9171268939971924,-0.56340092420578,2.091741004051073e-05,16
1.0199999809265137,0.9215161204338074,-0.5667338967323303,1.4064959259485477e-06,18
1.0299999713897705,0.9249925017356873,-0.5694459080696106,4.908972073280893e-05,18
1.0399999618530273,0.9282569289207458,-0.5720570683479309,-3.41041866249725e-05,20
1.0499999523162842,0.9313228726387024,-0.5745728015899658,-7.90209656429397e-05,20
1.059999942779541,0.934203565120697,-0.5770021677017212,-7.485111876803785e-05,20
1.0700000524520874,0.9369111061096191,-0.579352080821991,-9.305817292215579e-05,21
1.0800000429153442,0.9394574761390686,-0.5816300511360168,-0.00010844079895377945,22
1.090000033378601,0.9418540000915527,-0.5838431715965271,-0.0001230431956287248,23
1.100000023841858,0.9441112279891968,-0.5859979391098022,-0.0001405548101729437,23
1.1100000143051147,0.9462389945983887,-0.5881009697914124,-0.0002471376424182381,23
1.1200000047683716,0.9482463598251343,-0.5901633501052856,-1.7786241983230866e-05,24
1.1299999952316284,0.9501497745513916,-0.5921684503555298,2.1002019479965384e-05,25
1.1399999856948853,0.9519534111022949,-0.5941634774208069,-0.00017019813020624497,25
1.149999976158142,0.9536480903625488,-0.5961093306541443,-0.0001671981427762148,25
1.159999966621399,0.9552530646324158,-0.5980269312858582,-0.0001873343110219139,30
1.1699999570846558,0.9567747116088867,-0.5999210476875305,-0.00017733808948605656,33
1.1799999475479126,0.9582185745239258,-0.6017945408821106,-0.0001879667712501032,35
1.190000057220459,0.9595900774002075,-0.6036512851715088,-0.00017534163589516538,36
1.2000000476837158,0.9608940482139587,-0.6054943799972534,-0.00018773833215846025,38
1.2100000381469727,0.9621350169181824,-0.6073262095451355,-0.00019201684904146532,39
1.2200000286102295,0.9633170962333679,-0.609150230884552,-0.00017470211349746023,41
1.2300000190734863,0.9644439816474915,-0.6109683513641357,-0.00018219140116570998,42
1.2400000095367432,0.965519368648529,-0.6127826571464539,-0.00031875837083816805,42
1.25,0.9665464758872986,-0.6145963072776794,0.00047536539665316013,44
1.2599999904632568,0.967568039894104,-0.6164851784706116,-0.00017585479145054705,45
1.2699999809265137,0.9685056805610657,-0.6183012127876282,-0.0001708876548605076,46
1.2799999713897705,0.9694033861160278,-0.6201212406158447,-0.00017598944782548642,48
1.2899999618530273,0.9702636003494263,-0.6219465732574463,-2.28473430752274e-06,51
1.2999999523162842,0.9710894823074341,-0.6237819790840149,-0.00016832930617738384,54
1.309999942779541,0.9718812108039856,-0.6256229877471924,-1.4395355378837849e-06,56
1.3200000524520874,0.9726415276527405,-0.627474308013916,8.061966866534931e-06,59
1.3300000429153442,0.9733740091323853,-0.6293390989303589,7.087780772963015e-06,60
1.340000033378601,0.9740779995918274,-0.6312149167060852,-1.1537999284882972e-06,61
1.350000023841858,0.9747544527053833,-0.6331006288528442,-1.2714494346255378e-06,61
1.3600000143051147,0.9754060506820679,-0.6350007653236389,1.896435833259602e-06,65
1.3700000047683716,0.9760339260101318,-0.6369147896766663,6.3667773247289e-05,68
1.3799999952316284,0.9767657518386841,-0.6392584443092346,-0.000155773106257584,70
1.3899999856948853,0.9773457050323486,-0.6412081718444824,-0.00016117493794354232,72
1.399999976158142,0.9779057502746582,-0.6431752443313599,-3.190965543353741e-05,76
1.409999966621399,0.9784470796585083,-0.6451619863510132,-0.0006216957042965987,78
1.4199999570846558,0.9789703488349915,-0.6471613049507141,8.41678410665736e-05,83
1.4299999475479126,0.9794765114784241,-0.64919114112854,4.847096022331243e-06,83
1.4306249618530273,0.9794813990592957,-0.649210512638092,6.079895285893144e-06,83
1.4315625429153442,0.9794907569885254,-0.6492490172386169,3.258516716186932e-05,83
1.4329687356948853,0.9795053601264954,-0.6493104696273804,8.50159817673557e-05,83
1.4350781440734863,0.9795215725898743,-0.6493831872940063,-2.2730846467311494e-06,83
1.4382421970367432,0.9795318841934204,-0.649437427520752,-2.4588989049334486e-06,84
1.4429882764816284,0.9795363545417786,-0.6494755148887634,-1.4125650977803161e-06,84
1.450107455253601,0.9795361161231995,-0.649505615234375,-2.1102015921314887e-06,84
1.460107445716858,0.9795300364494324,-0.6495274305343628,-2.2557246097676398e-06,84
1.4701074361801147,0.979519784450531,-0.6495351195335388,-2.4902798259063275e-06,84
1.4801074266433716,0.9795061945915222,-0.6495318412780762,-2.591986913103028e-06,84
1.4901074171066284,0.9794895052909851,-0.6495189666748047,-3.0192551321306382e-06,84
1.5001074075698853,0.9794701337814331,-0.6494974493980408,-3.458149194557336e-06,84
1.510107398033142,0.9794481992721558,-0.6494680047035217,-4.371953878035129e-06,84
1.520107388496399,0.9794239401817322,-0.6494312882423401,-5.868729715530208e-06,84
1.5301073789596558,0.9793974757194519,-0.649387776851654,-6.0333234159770655e-06,84
1.5401073694229126,0.9793689250946045,-0.6493382453918457,3.3692164947751735e-05,84
1.550107479095459,0.979338526725769,-0.6492863893508911,0.0003172060525002962,84
1.5601074695587158,0.9793201684951782,-0.6493233442306519,0.0002042820009364732,84
1.5701074600219727,0.9793195724487305,-0.6493709087371826,0.00010223115276630779,84
1.5801074504852295,0.9793152213096619,-0.6494025588035583,5.272374113474143e-05,84
1.5901074409484863,0.979306697845459,-0.6494195461273193,2.4144951794369263e-05,84
1.6001074314117432,0.9792943000793457,-0.6494234204292297,6.078959131627926e-06,84
1.610107421875,0.9792782664299011,-0.6494153141975403,9.291908327213605e-06,84
1.6201074123382568,0.9792589545249939,-0.6493961215019226,2.1358039305141574e-05,84
1.6301074028015137,0.9792366027832031,-0.6493663191795349,3.5067242038167024e-05,84
1.6401073932647705,0.9792115092277527,-0.6493262052536011,5.2050235410661116e-05,83
1.6501073837280273,0.9791838526725769,-0.6492754817008972,7.393687434387175e-05,83
1.6601073741912842,0.9791536927223206,-0.6492136120796204,0.00010357811669337025,83
1.670107364654541,0.9791212677955627,-0.6491394639015198,0.00014465235881289118,83
1.6801074743270874,0.979086697101593,-0.6490513682365417,7.589476120983818e-05,83
1.6901074647903442,0.9790502786636353,-0.6489450335502625,0.00010514802045236138,83
1.700107455253601,0.9790120720863342,-0.6488199830055237,0.00015609159640916914,84
1.710107445716858,0.9789726138114929,-0.6486702561378479,9.622145017829098e-05,84
1.7201074361801147,0.9789327383041382,-0.6484877467155457,0.0001362389587029611,84
1.7301074266433716,0.9788934588432312,-0.6482694149017334,0.00017617613957554568,84
1.7401074171066284,0.9788568615913391,-0.6480105519294739,0.00018481992918850665,84
1.7501074075698853,0.9788250923156738,-0.6477158665657043,0.00014696787889079133,84
1.760107398033142,0.9787997007369995,-0.6473992466926575,8.925856894848039e-05,84
1.770107388496399,0.9787807464599609,-0.6470770239830017,0.00020290841399628334,84
1.7801073789596558,0.9787670373916626,-0.6467605829238892,0.00011249514943756367,84
1.7901073694229126,0.9787579774856567,-0.6464544534683228,5.339075636356938e-05,84
1.800107479095459,0.9787521958351135,-0.6461608409881592,0.0003289489800977208,84
1.8101074695587158,0.9787487983703613,-0.6458799839019775,0.00020097108694017152,84
1.8201074600219727,0.9787477254867554,-0.6456119418144226,9.658841884174763e-05,84
1.8301074504852295,0.9787483811378479,-0.6453567743301392,-3.486292536081237e-05,84
1.8401074409484863,0.9787505865097046,-0.6451151967048645,-0.00010246733751273496,84
1.8501074314117432,0.9787542223930359,-0.6448887586593628,-0.00025594958248120747,84
1.860107421875,0.9787593483924866,-0.6446806192398071,-0.0005512616095302292,84
1.8701074123382568,0.978766143321991,-0.6444960832595825,0.00031831353987854527,84
1.8801074028015137,0.9787759184837341,-0.6443507075309753,-0.0001435581877444747,83
1.8901073932647705,0.9787876605987549,-0.6442523002624512,-0.00016432285343626063,83
1.9001073837280273,0.9788030385971069,-0.6442334055900574,0.00015148704841294602,83
1.9101073741912842,0.9788202047348022,-0.644301176071167,0.00018640695930116635,83
1.920107364654541,0.9788374304771423,-0.6444286704063416,-7.73115761489862e-05,83
1.9301074743270874,0.9788550138473511,-0.6446016430854797,0.00027549246078706346,83
1.9401074647903442,0.9788729548454285,-0.6448088884353638,0.00019100615736533655,83
1.950107455253601,0.9788907766342163,-0.6450358033180237,0.00011888263702530821,83
1.960107445716858,0.9789085388183594,-0.6452769041061401,6.746518346290031e-05,82
1.9701074361801147,0.9789263606071472,-0.6455277800559998,3.598159673856571e-05,82
1.9801074266433716,0.9789444208145142,-0.6457857489585876,-4.7323631463314086e-05,82
1.9901074171066284,0.978962779045105,-0.6460487842559814,-8.294705486378007e-05,82
2.000107526779175,0.9789815545082092,-0.6463154554367065,-0.00012687406024269876,82
2.0101075172424316,0.9790008664131165,-0.6465845108032227,-0.00018106479194557323,82
2.0201075077056885,0.9790209531784058,-0.6468546986579895,-0.0002482087184603188,82
2.0301074981689453,0.9790418744087219,-0.6471246480941772,-0.0003301660306078702,82
2.040107488632202,0.9790637493133545,-0.6473926901817322,-0.000427369814190115,82
2.050107479095459,0.9790867567062378,-0.6476569175720215,-0.0005388209401644417,82
2.060107469558716,0.9791109561920166,-0.6479148268699646,-0.0001811843459904594,82
2.0701074600219727,0.9791359305381775,-0.6481649279594421,-7.9822390659956e-05,82
2.0801074504852295,0.9791622757911682,-0.6484025120735168,-0.00012387486776788137,82
2.0901074409484863,0.9791898727416992,-0.6486236453056335,-8.218700645556964e-05,83
2.100107431411743,0.9792188405990601,-0.6488250494003296,-7.528868184181192e-05,83
2.110107421875,0.9792503118515015,-0.6489924192428589,-0.004860322676620399,84
2.120107412338257,0.9792344570159912,-0.6484847068786621,0.00021149052167857008,84
2.1301074028015137,0.9792208671569824,-0.6482577323913574,0.00011779877047501941,83
2.1401073932647705,0.9791997671127319,-0.6480309367179871,9.426060501027678e-05,83
2.1501073837280273,0.9791770577430725,-0.6477898955345154,0.00043130153562742635,83
2.160107374191284,0.9791531562805176,-0.647536039352417,0.0004002403559866252,83
2.170107364654541,0.9791290760040283,-0.6472700238227844,0.00036161583960847565,83
2.180107355117798,0.9791050553321838,-0.6469946503639221,0.000322514467484325,83
2.1901073455810547,0.9790814518928528,-0.6467122435569763,0.0002834597105447756,84
2.2001073360443115,0.9790584444999695,-0.6464250683784485,0.0002455660869031817,84
2.2101073265075684,0.9790361523628235,-0.6461349129676819,0.0002101755995909116,85
2.220107316970825,0.9790146946907043,-0.6458433270454407,0.00017835724776205097,85
2.230107307434082,0.9789939522743225,-0.645551323890686,0.0001504169471786554,85
2.240107536315918,0.978973925113678,-0.6452597975730896,0.00012616780594498778,85
2.250107526779175,0.978954553604126,-0.6449692249298096,0.00010569487835709879,85
2.2601075172424316,0.9789356589317322,-0.6446800231933594,8.848019484730685e-05,85
2.2701075077056885,0.9789172410964966,-0.6443924903869629,7.384217815342708e-05,85
2.2801074981689453,0.9788991808891296,-0.6441067457199097,6.164346393688902e-05,85
2.290107488632202,0.9788814187049866,-0.643822968006134,5.140344165965871e-05,85
2.300107479095459,0.9788638949394226,-0.6435412168502808,4.274907115586757e-05,85
2.310107469558716,0.9788464903831482,-0.643261730670929,3.5417356798461697e-05,85
2.3201074600219727,0.9788292050361633,-0.6429845690727234,2.923280698041708e-05,85
2.3301074504852295,0.9788119792938232,-0.6427099704742432,2.3968369532667566e-05,85
2.3401074409484863,0.9787947535514832,-0.6424379944801331,1.9256453185789724e-05,85
2.350107431411743,0.9787775278091431,-0.6421690583229065,1.5211995446406945e-05,85
2.360107421875,0.978760302066803,-0.6419034600257874,1.151469297155927e-05,85
2.370107412338257,0.9787430167198181,-0.6416415572166443,8.156826254435146e-06,85
2.3801074028015137,0.9787256717681885,-0.641383945941925,5.129678584125941e-06,85
2.3901073932647705,0.9787082672119141,-0.6411312818527222,-2.886726520046068e-06,85
2.4001073837280273,0.9786909222602844,-0.6408843398094177,-4.371820693904738e-06,85
2.410107374191284,0.97867351770401,-0.6406441330909729,-5.765449486716534e-06,85
2.420107364654541,0.9786562919616699,-0.6404116153717041,-7.146677035052562e-06,85
2.430107355117798,0.9786391854286194,-0.6401879191398621,-7.97531055241052e-06,85
2.4401073455810547,0.9786224365234375,-0.6399739980697632,-8.774724051363592e-06,85
2.4501073360443115,0.9786059856414795,-0.6397706270217896,-9.377102742291754e-06,85
2.4601073265075684,0.9785899519920349,-0.6395782828330994,-9.477475032326765e-06,85
2.470107316970825,0.9785743951797485,-0.6393967866897583,-9.467076893088233e-06,85
2.480107307434082,0.9785591959953308,-0.6392259001731873,-9.541806718971202e-06,85
2.490107536315918,0.9785443544387817,-0.6390650272369385,-1.0263144361033483e-05,85
2.500107526779175,0.9785295724868774,-0.638913631439209,-1.2782627209162456e-05,85
2.5101075172424316,0.9785147905349731,-0.6387717127799988,-1.6892942767299246e-05,85
2.5201075077056885,0.9784998297691345,-0.6386397480964661,-2.2776834384785616e-05,85
2.5301074981689453,0.978484570980072,-0.6385192275047302,-3.0257681032708206e-05,85
2.540107488632202,0.9784689545631409,-0.6384125351905823,-3.85979299153405e-05,85
2.550107479095459,0.9784530401229858,-0.6383229494094849,-4.5690031470257964e-05,85
2.560107469558716,0.978437066078186,-0.6382538080215454,-4.8007829661855794e-05,85
2.5701074600219727,0.978421151638031,-0.6382074952125549,-4.3860275184215425e-05,85
2.5801074504852295,0.9784057140350342,-0.6381845474243164,-3.484279403664914e-05,85
2.5901074409484863,0.9783907532691956,-0.6381831169128418,-2.462411100623285e-05,85
2.600107431411743,0.9783764481544495,-0.638200044631958,-1.563541781024469e-05,85
2.610107421875,0.9783626198768616,-0.6382315158843994,-8.432310039552249e-06,85
2.620107412338257,0.9783493280410767,-0.638274073600769,-3.6928653912582377e-06,86
2.6301074028015137,0.9783363938331604,-0.638324499130249,1.6188886888812704e-06,86
2.6401073932647705,0.978323757648468,-0.638380229473114,4.66734906012789e-06,86
2.6501073837280273,0.9783114194869995,-0.6384389996528625,7.568539615476766e-06,86
2.660107374191284,0.9782993197441101,-0.6384989619255066,1.0584432573068625e-05,86
2.670107364654541,0.9782875180244446,-0.6385584473609924,1.3817848071084882e-05,86
2.680107355117798,0.9782759547233582,-0.6386160254478455,1.8020559707565553e-05,86
2.6901073455810547,0.9782648086547852,-0.6386703252792358,2.3443649467935757e-05,86
2.7001073360443115,0.9782541394233704,-0.6387200355529785,3.086070967128762e-05,86
2.7101073265075684,0.9782440662384033,-0.6387639045715332,4.090365553111042e-05,86
2.720107316970825,0.9782348871231079,-0.6388006806373596,5.499891557292358e-05,86
2.730107307434082,0.9782267212867737,-0.6388288736343384,7.644004523399417e-05,86
2.740107536315918,0.9782198667526245,-0.6388468742370605,0.00011347304842956873,86
2.750107526779175,0.9782145023345947,-0.6388519406318665,0.00021764301749271908,86
2.7601075172424316,0.9782106280326843,-0.6388347148895264,-0.0002460170719018606,86
2.7701075077056885,0.9782085418701172,-0.6387895345687866,-4.0135348911007895e-05,86
2.7726073265075684,0.9782070517539978,-0.6387351155281067,-4.460289903818193e-05,86
2.7751073837280273,0.9782053232192993,-0.638671875,6.139001447991177e-05,86
2.778857469558716,0.9782030582427979,-0.6385822892189026,1.8325555856790743e-05,86
2.784482479095459,0.9781998991966248,-0.6384503245353699,-5.814489156819036e-06,86
2.792919874191284,0.9781955480575562,-0.6382552981376648,-4.146126968862518e-06,86
2.802919864654541,0.978191077709198,-0.6380279660224915,-4.309261782964313e-06,86
2.812919855117798,0.9781872630119324,-0.6378046870231628,-4.803401452591061e-06,86
2.8229198455810547,0.9781840443611145,-0.6375852227210999,-5.408010338214808e-06,86
2.8329198360443115,0.9781813621520996,-0.6373695731163025,-5.939011202826805e-06,86
2.8429198265075684,0.9781792163848877,-0.637157678604126,-6.483253002897982e-06,86
2.852919816970825,0.9781774878501892,-0.6369494795799255,-6.847571171419986e-06,86
2.862919807434082,0.9781762361526489,-0.6367449164390564,-7.23136105307276e-06,86
2.872920036315918,0.9781753420829773,-0.6365439891815186,-7.624081149515405e-06,86
2.882920026779175,0.9781748652458191,-0.6363465785980225,-8.20636080334225e-06,85
2.8929200172424316,0.9781746864318848,-0.6361528038978577,-8.222682254199754e-06,85
2.9029200077056885,0.9781748056411743,-0.6359626054763794,-8.691408368122211e-06,85
2.9129199981689453,0.9781752228736877,-0.6357759833335876,-8.979682888821117e-06,85
2.922919988632202,0.978175938129425,-0.6355929970741272,-9.365719336074108e-06,85
2.932919979095459,0.9781769514083862,-0.635413646697998,-9.693551874079276e-06,85
2.942919969558716,0.9781782031059265,-0.6352381110191345,-1.0240893288937514e-05,85
2.9529199600219727,0.9781798124313354,-0.6350665092468262,-1.080570660860758e-05,85
2.9629199504852295,0.9781816601753235,-0.6348990797996521,-1.1464239378256025e-05,85
2.9729199409484863,0.9781838059425354,-0.6347360014915466,-1.2309027397350292e-05,85
2.982919931411743,0.9781863689422607,-0.6345776915550232,-1.3228223508576775e-05,85
2.992919921875,0.9781893491744995,-0.63442462682724,-1.4528373128541716e-05,85
3.002919912338257,0.9781927466392517,-0.6342775225639343,-1.606897808414942e-05,84
3.0129199028015137,0.9781967401504517,-0.6341370940208435,-1.8184687576194847e-05,84
3.0229198932647705,0.9782013893127441,-0.6340046525001526,-2.1013807213421387e-05,84
3.0329198837280273,0.9782069325447083,-0.633881688117981,-2.494646867035044e-05,84
3.042919874191284,0.9782134294509888,-0.6337705254554749,-3.0217215396532993e-05,84
3.052919864654541,0.9782212376594543,-0.6336742043495178,-3.728257053126072e-05,84
3.062919855117798,0.9782305359840393,-0.6335968971252441,-4.621028375595415e-05,84
3.0729198455810547,0.9782416820526123,-0.6335439682006836,-5.5542654024520743e-05,84
3.0829198360443115,0.9782548546791077,-0.6335214972496033,-6.118574242464092e-05,84
3.0929198265075684,0.9782698750495911,-0.6335346102714539,-5.869379276646214e-05,83
3.102919816970825,0.9782864451408386,-0.6335848569869995,-4.785163770293366e-05,83
3.112919807434082,0.9783037900924683,-0.6336690187454224,-3.463244740942173e-05,83
3.122920036315918,0.9783212542533875,-0.6337809562683105,-2.300954355405338e-05,83
3.132920026779175,0.9783384203910828,-0.633914053440094,-1.4199156737504381e-05,83
3.1429200172424316,0.9783549308776855,-0.6340629458427429,-7.872786511597951e-06,83
3.1529200077056885,0.978370726108551,-0.6342236399650574,-3.2382732797486824e-06,83
3.1629199981689453,0.9783857464790344,-0.6343932747840881,7.358341349572584e-07,83
3.172919988632202,0.9783998727798462,-0.6345698833465576,3.525679233007395e-06,83
3.182919979095459,0.9784131050109863,-0.6347519755363464,6.0406930515455315e-06,83
3.192919969558716,0.9784255623817444,-0.6349384784698486,8.23720824882912e-06,83
3.2029199600219727,0.9784371256828308,-0.6351285576820374,1.0221304592050728e-05,83
3.2129199504852295,0.9784478545188904,-0.6353216767311096,1.2210171803417325e-05,83
3.2229199409484863,0.9784576892852783,-0.6355172395706177,1.430872436003483e-05,83
3.232919931411743,0.9784667491912842,-0.6357149481773376,1.604916405995027e-05,82
3.242919921875,0.9784749746322632,-0.6359144449234009,1.790645660548762e-05,82
3.252919912338257,0.9784823656082153,-0.636115550994873,1.9843875747938e-05,82
3.2629199028015137,0.9784889817237854,-0.636318027973175,2.180178853450343e-05,82
3.2729198932647705,0.9784948229789734,-0.6365216970443726,2.3661358000026667e-05,82
3.2829198837280273,0.9784998297691345,-0.6367264986038208,2.561761897368342e-05,82
3.292919874191284,0.9785040616989136,-0.6369323134422302,2.7567915708459623e-05,82
3.302919864654541,0.9785075187683105,-0.637139081954956,2.9589827136078384e-05,82
3.312919855117798,0.9785102605819702,-0.637346625328064,3.153825565505031e-05,82
3.3229198455810547,0.978512167930603,-0.6375550627708435,3.355890260081651e-05,82
3.3329198360443115,0.9785133600234985,-0.6377641558647156,3.5612242129445804e-05,82
3.3429198265075684,0.9785138368606567,-0.6379740238189697,3.7674253121622314e-05,82
3.352919816970825,0.9785135388374329,-0.6381844878196716,3.985689517094215e-05,82
3.362919807434082,0.9785124659538269,-0.6383956670761108,4.210562514117555e-05,82
3.372920036315918,0.9785106778144836,-0.6386073231697083,4.434545439835347e-05,82
3.382920026779175,0.9785081744194031,-0.6388195753097534,4.675186136182674e-05,82
3.3929200172424316,0.9785049557685852,-0.6390323042869568,4.930723855522956e-05,82
3.4029200077056885,0.9785009622573853,-0.6392455101013184,5.172069370473764e-05,82
3.4129199981689453,0.978496253490448,-0.6394590735435486,5.4511414646185585e-05,82
3.422919988632202,0.9784907698631287,-0.6396729946136475,5.725334625594769e-05,82
3.432919979095459,0.9784846305847168,-0.6398872137069702,6.017334709440547e-05,82
3.442919969558716,0.9784777164459229,-0.6401016116142273,6.32571188248221e-05,83
3.4529199600219727,0.9784701466560364,-0.6403162479400635,6.64713872424727e-05,83
3.4629199504852295,0.9784618020057678,-0.6405309438705444,6.991793839006277e-05,83
3.4729199409484863,0.9784528017044067,-0.6407456398010254,7.351407077749172e-05,82
3.482919931411743,0.9784431457519531,-0.6409603953361511,7.710289099804868e-05,82
3.492919921875,0.9784327745437622,-0.6411749720573425,8.099384086790451e-05,82
3.502919912338257,0.9784217476844788,-0.6413894295692444,8.474413567682859e-05,82
3.5129199028015137,0.9784100651741028,-0.6416037082672119,8.84540255583488e-05,82
3.5229198932647705,0.9783978462219238,-0.6418177485466003,9.201543963399672e-05,82
3.5329198837280273,0.9783849716186523,-0.6420315504074097,9.503736595206647e-05,82
3.542919874191284,0.9783716201782227,-0.6422450542449951,9.756118055292973e-05,83
3.552919864654541,0.97835773229599,-0.6424583792686462,9.908576612360775e-05,83
3.562919855117798,0.9783433675765991,-0.642671525478363,9.884000047577501e-05,83
3.5729198455810547,0.9783285856246948,-0.6428846120834351,9.55101380668566e-05,83
3.5829198360443115,0.9783134460449219,-0.6430978178977966,8.730349327379372e-05,83
3.5929198265075684,0.978298008441925,-0.6433113813400269,7.22024574884017e-05,83
3.602919816970825,0.9782823324203491,-0.6435256600379944,4.483464391569214e-05,83
3.612919807434082,0.9782664775848389,-0.643741250038147,-5.2510034720398835e-06,83
3.622920036315918,0.9782506227493286,-0.6439588069915771,-8.534648662816835e-05,83
3.632920026779175,0.9782347679138184,-0.6441794633865356,-0.0002295318176948058,83
3.6429200172424316,0.978219211101532,-0.6444048881530762,-0.00048576955111911957,83
3.6529200077056885,0.9782041311264038,-0.6446377635002136,-0.0009496545333718132,83
3.6629199981689453,0.9781901836395264,-0.64488285779953,-0.00018573317220216268,83
3.672919988632202,0.9781742691993713,-0.6451472640037537,-0.00015745618748042034,83
3.682919979095459,0.978160560131073,-0.645453155040741,-0.00021347727920328907,83
3.692919969558716,0.9781494736671448,-0.6458689570426941,-1.0624958349580993e-05,83
3.6933887004852295,0.9781469106674194,-0.6458821892738342,-2.06340268960048e-06,83
3.693740129470825,0.9781467318534851,-0.6458854079246521,4.8464841917450485e-06,83
3.6937484741210938,0.9781467318534851,-0.6458854079246521,-9.68435190351613e-06,83
3.6937568187713623,0.9781467318534851,-0.6458854079246521,-1.1948448307208537e-05,83
3.6937689781188965,0.9781467318534851,-0.6458854079246521,-1.6222391792553026e-05,83
3.6937875747680664,0.9781467318534851,-0.6458854079246521,-2.3693969524174463e-05,83
3.6938154697418213,0.9781467318534851,-0.6458854079246521,-2.6158594664593693e-05,83
3.693857192993164,0.9781467318534851,-0.6458854675292969,2.6295031631207166e-05,83
3.6939196586608887,0.9781467318534851,-0.6458854675292969,2.6295648552832063e-05,83
3.6940135955810547,0.9781467318534851,-0.6458854675292969,1.7515750982965983e-06,83
3.6941542625427246,0.9781467914581299,-0.6458853483200073,3.0900305958425633e-06,83
3.6942951679229736,0.9781467914581299,-0.6458853483200073,-3.0889212681017852e-06,83
3.6944358348846436,0.9781467914581299,-0.6458854079246521,2.6747047741082497e-06,83
3.6946470737457275,0.9781467914581299,-0.6458854079246521,8.460148137601209e-07,83
3.6949639320373535,0.9781467914581299,-0.6458854675292969,-1.4404197941075836e-06,83
3.695439100265503,0.9781467914581299,-0.6458855271339417,-2.306249541561556e-06,83
3.695617198944092,0.9781467914581299,-0.6458855867385864,4.942275353414516e-06,83
3.6956839561462402,0.9781468510627747,-0.6458855867385864,2.9802924927935237e-06,83
3.695784330368042,0.9781467914581299,-0.6458856463432312,-1.674207638302505e-06,83
3.695934534072876,0.9781467914581299,-0.6458855867385864,4.870984184890403e-07,83
3.696160078048706,0.9781467914581299,-0.6458855271339417,1.7572599517734488e-06,83
3.696498394012451,0.9781467914581299,-0.6458854675292969,-6.518996883642103e-06,83
3.6965301036834717,0.9781467914581299,-0.6458854675292969,1.392942459688129e-05,83
3.696577548980713,0.9781467914581299,-0.6458854079246521,1.3938636797661275e-05,83
3.6966490745544434,0.9781467914581299,-0.6458854079246521,6.617713097512024e-07,83
3.696755886077881,0.9781467914581299,-0.6458854079246521,4.455700899796966e-06,83
3.6969165802001953,0.9781467914581299,-0.6458854675292969,8.140061709127622e-07,83
3.697157382965088,0.9781467914581299,-0.6458854675292969,-1.356503787519614e-06,83
3.6975185871124268,0.9781467914581299,-0.6458855867385864,-2.230348570719798e-06,83
3.6976540088653564,0.9781467914581299,-0.6458855867385864,4.78676696502589e-06,83
3.697704792022705,0.9781467914581299,-0.6458855867385864,-2.9913919661339605e-06,83
3.6977810859680176,0.9781467914581299,-0.6458856463432312,1.7863447254740095e-06,83
3.6978952884674072,0.9781467914581299,-0.6458856463432312,5.790038244413154e-07,83
3.6980667114257812,0.9781467914581299,-0.6458855867385864,1.8285930423189711e-06,83
3.698323965072632,0.9781467914581299,-0.6458854675292969,6.273223434050124e-06,83
3.698348045349121,0.9781467914581299,-0.6458854675292969,1.5671643978976135e-05,83
3.6983842849731445,0.9781467914581299,-0.6458854675292969,1.567310420114154e-05,83
3.6984384059906006,0.9781467318534851,-0.6458854675292969,1.5668526295087304e-05,83
3.698519706726074,0.9781467318534851,-0.6458854675292969,2.679242836478579e-06,83
3.698641777038574,0.9781467914581299,-0.6458854079246521,2.6878450649636676e-06,83
3.698824882507324,0.9781467914581299,-0.6458854675292969,-7.549139127149829e-07,83
3.699099540710449,0.9781467914581299,-0.6458855271339417,2.254918342714518e-06,83
3.6995115280151367,0.9781467914581299,-0.6458856463432312,-5.651888152158335e-06,83
3.699550151824951,0.9781467914581299,-0.6458856463432312,-1.411830905340139e-05,83
3.699608087539673,0.9781467914581299,-0.6458856463432312,-1.4125420840116476e-05,83
3.699694871902466,0.9781467914581299,-0.6458856463432312,-1.4126841762163167e-05,83
3.6998252868652344,0.9781467914581299,-0.6458856463432312,-2.6647364399501328e-06,83
3.7000207901000977,0.9781467914581299,-0.645885705947876,-2.6592992141694083e-06,83
3.7003140449523926,0.9781467914581299,-0.6458856463432312,5.619666012535163e-07,83
3.700753927230835,0.9781467914581299,-0.6458855867385864,2.9899370019847993e-06,83
3.701413631439209,0.9781467914581299,-0.6458855271339417,8.115077662296244e-06,83
3.7014756202697754,0.9781467914581299,-0.6458855271339417,1.3692057336811558e-05,83
3.701568365097046,0.9781467914581299,-0.6458855271339417,1.5364539336815142e-05,83
3.701707363128662,0.9781467318534851,-0.6458855271339417,1.5359850607410408e-05,83
3.701916217803955,0.9781467318534851,-0.6458854675292969,5.267401093078661e-07,83
3.7022294998168945,0.9781467914581299,-0.6458854675292969,-2.064246999111674e-06,83
3.7026991844177246,0.9781467914581299,-0.6458855271339417,9.164986067844438e-07,83
3.7034037113189697,0.9781467914581299,-0.6458855867385864,-1.7389756408192625e-06,83
3.704460620880127,0.9781467914581299,-0.6458856463432312,-8.929532555157493e-06,83
3.704559803009033,0.9781467914581299,-0.6458856463432312,-1.1459204024788505e-05,83
3.7047083377838135,0.9781467914581299,-0.6458856463432312,-1.3838674661315054e-05,83
3.7049312591552734,0.9781467914581299,-0.6458856463432312,-1.383251251496631e-05,83
3.705265760421753,0.9781467914581299,-0.645885705947876,2.460460336806136e-06,83
3.7057673931121826,0.9781467914581299,-0.645885705947876,2.67353153304839e-06,83
3.706519603729248,0.9781467914581299,-0.6458856463432312,-6.61702017623611e-07,83
3.707648277282715,0.9781467914581299,-0.6458856463432312,1.2438217140697816e-06,83
3.709341287612915,0.9781467914581299,-0.6458855271339417,-1.7552191593495081e-06,83
3.711880683898926,0.9781467318534851,-0.6458854079246521,6.203266551096931e-06,83
3.712118625640869,0.9781467318534851,-0.6458854079246521,1.5493028200808112e-05,83
3.7124757766723633,0.9781467318534851,-0.6458854079246521,1.549710665216253e-05,83
3.7130115032196045,0.9781467318534851,-0.6458854079246521,1.5490493268544014e-05,83
3.7138149738311768,0.9781467318534851,-0.6458853483200073,2.8117367492086487e-06,83
3.715020179748535,0.9781467914581299,-0.6458853483200073,-1.9547604495073756e-06,83
3.7168281078338623,0.9781467914581299,-0.6458853483200073,-3.755367288249545e-07,83
3.7195398807525635,0.9781467914581299,-0.6458854079246521,-1.4634840113103564e-06,83
3.7236075401306152,0.9781467914581299,-0.6458854675292969,1.717829434255691e-06,83
3.7297089099884033,0.9781467914581299,-0.645885705947876,8.3821225587144e-06,83
3.730280876159668,0.9781467914581299,-0.645885705947876,8.38580326956162e-06,83
3.7311389446258545,0.9781467914581299,-0.645885705947876,8.379821053949854e-06,83
3.7324259281158447,0.9781467914581299,-0.645885705947876,-2.8100000690756133e-06,83
3.73435640335083,0.9781467914581299,-0.6458857655525208,-2.8339597974991193e-06,83
3.7372522354125977,0.9781467914581299,-0.645885705947876,1.9329604157292124e-06,83
3.741595983505249,0.9781467914581299,-0.645885705947876,1.0906628631346393e-06,83
3.7481114864349365,0.9781467914581299,-0.6458856463432312,1.8769774214888457e-06,83
3.757884979248047,0.9781467318534851,-0.6458854675292969,2.0032000520586735e-06,83
3.7603847980499268,0.9781467318534851,-0.6458854675292969,-4.297271544828618e-06,83
3.761322498321533,0.9781467318534851,-0.6458854675292969,1.8980126696988009e-06,83
3.762728691101074,0.9781467914581299,-0.6458854079246521,1.602761273034048e-06,83
3.7648379802703857,0.9781467914581299,-0.6458854079246521,3.240706973883789e-07,83
3.7680020332336426,0.9781467914581299,-0.6458854675292969,-1.3592581922239333e-06,83
3.7727482318878174,0.9781467914581299,-0.6458855271339417,-1.742163647122652e-06,83
3.77986741065979,0.9781467914581299,-0.6458857655525208,-6.932401532822041e-06,83
3.7804923057556152,0.9781467914581299,-0.6458857655525208,-9.316630539046855e-06,83
3.7814297676086426,0.9781467914581299,-0.6458857655525208,-1.0864002334187717e-05,83
3.7828361988067627,0.9781467914581299,-0.6458857655525208,-2.6816250882077952e-06,83
3.784945487976074,0.9781467914581299,-0.6458858251571655,-2.6798868537625253e-06,83
3.788109540939331,0.9781467914581299,-0.6458857655525208,1.1121102012623396e-06,83
3.7928555011749268,0.9781467914581299,-0.6458857655525208,9.267023983738909e-07,83
3.7999746799468994,0.9781467914581299,-0.645885705947876,-2.4482041141027366e-06,83
3.8099746704101562,0.9781467318534851,-0.6458855867385864,3.7503214649348138e-06,83
3.8124747276306152,0.9781467318534851,-0.6458855271339417,3.759338611075691e-06,83
3.8162248134613037,0.9781467318534851,-0.6458855271339417,3.01887780551624e-06,83
3.8176310062408447,0.9781467914581299,-0.6458854675292969,3.0182736736605875e-06,83
3.8197402954101562,0.9781467914581299,-0.6458855271339417,-2.5976074624622925e-06,83
3.822904348373413,0.9781467914581299,-0.6458855271339417,-7.180194501188453e-07,83
3.827650547027588,0.9781467914581299,-0.6458855867385864,-1.8825882079909206e-06,83
3.8347697257995605,0.9781467914581299,-0.645885705947876,-5.746690476371441e-06,83
3.8353946208953857,0.9781467914581299,-0.645885705947876,1.2817474669191142e-05,83
3.836332082748413,0.9781467914581299,-0.645885705947876,1.5467228465126936e-05,83
3.837738513946533,0.9781467914581299,-0.645885705947876,1.5471955990165043e-05,83
3.8398478031158447,0.9781467914581299,-0.645885705947876,-4.854308599533397e-07,83
3.8430118560791016,0.9781467914581299,-0.645885705947876,-2.0871597428140376e-06,83
3.8477580547332764,0.9781467914581299,-0.645885705947876,-8.78372475199285e-07,83
3.85487699508667,0.9781467914581299,-0.6458856463432312,-2.9880184229114093e-06,83
3.8648769855499268,0.9781467914581299,-0.6458855271339417,3.2122358746278223e-06,83
3.8673770427703857,0.9781467914581299,-0.6458855271339417,-2.557174769268755e-06,83
3.871127128601074,0.9781467914581299,-0.6458855271339417,-2.5576167237417735e-06,83
3.8767521381378174,0.9781467914581299,-0.6458855271339417,-4.6857252300469554e-07,83
3.8851895332336426,0.9781467914581299,-0.6458855867385864,-1.2941871432303742e-06,83
3.8951895236968994,0.9781467914581299,-0.6458856463432312,-1.901277641991328e-06,83
3.9051895141601562,0.9781467914581299,-0.6458857655525208,3.201190295953893e-06,83
3.9076895713806152,0.9781468510627747,-0.6458857655525208,2.9727016226388514e-06,83
3.9114396572113037,0.9781467914581299,-0.6458857655525208,nan,nan
#GNA2
0.0,0.0,0.0,-3.84436738443128e-07,0
0.029999999329447746,0.029988305643200874,-0.01808447390794754,-3.8296206710697334e-05,0
0.05999999865889549,0.059952426701784134,-0.036158084869384766,-4.356160451379765e-05,0
0.09000000357627869,0.08989126980304718,-0.05422038212418556,-4.956505325992566e-05,0
0.11999999731779099,0.11980362981557846,-0.07227086275815964,-5.662559944141776e-05,0
0.15000000596046448,0.14968815445899963,-0.09030897170305252,-6.49638344611958e-05,0
0.18000000715255737,0.17954330146312714,-0.10833405703306198,-7.466052306881465e-05,0
0.20999999344348907,0.20936737954616547,-0.1263454258441925,-8.633243798783496e-05,0
0.23999999463558197,0.23915839195251465,-0.14434222877025604,-0.0001004039196885742,0
0.27000001072883606,0.2689141035079956,-0.16232351958751678,-0.00011777154966807757,0
0.30000001192092896,0.2986319065093994,-0.1802881807088852,-0.00013904861745572816,0
0.33000001311302185,0.32830873131752014,-0.1982349157333374,-0.0001657730763042764,0
0.36000001430511475,0.3579409718513489,-0.21616216003894806,-0.0001996328250299939,0
0.38999998569488525,0.3875243067741394,-0.23406802117824554,-0.0002430457323328028,0
0.41999998688697815,0.41705355048179626,-0.2519502341747284,-0.00029961966120595207,0
0.44999998807907104,0.4465223550796509,-0.26980599761009216,-0.0003742299291218387,0
0.47999998927116394,0.47592291235923767,-0.28763172030448914,-0.0004739986460151613,0
0.5099999904632568,0.5052453875541687,-0.3054230213165283,-0.0006096768701979727,0
0.5400000214576721,0.5344772934913635,-0.3231740891933441,-0.0007965508347069772,0
0.5699999928474426,0.5636025667190552,-0.3408774137496948,-0.0010579752540991194,0
0.6000000238418579,0.5926000475883484,-0.35852304100990295,-0.0014286307013264832,0
0.6299999952316284,0.6214416027069092,-0.3760974109172821,-0.001959771123097198,0
0.6600000262260437,0.6500890254974365,-0.39358195662498474,-0.00272751209740818,0
0.6899999976158142,0.6784895062446594,-0.410950630903244,-0.0038372802061985567,0
0.7200000286102295,0.7065691351890564,-0.4281664490699768,-0.005422459969224747,0
0.75,0.7342227697372437,-0.44517603516578674,-0.0076068893282581485,0
0.7799999713897705,0.7613001465797424,-0.46190208196640015,-0.010384463273339861,0
0.8100000023841858,0.7875875234603882,-0.47823312878608704,-0.013346619028368423,0
0.8399999737739563,0.8127890229225159,-0.49401289224624634,-0.015341988419265817,0
0.8700000047683716,0.8365199565887451,-0.5090358853340149,-0.0146572005149892,0
0.8999999761581421,0.8583369255065918,-0.5230634212493896,3.517851837386843e-06,0
0.9300000071525574,0.8778307437896729,-0.5358744263648987,7.437565386680944e-06,8
0.9599999785423279,0.8947439193725586,-0.5473341941833496,0.00484593562396185,12
0.9900000095367432,0.9090674519538879,-0.5574465394020081,0.0035878060709819692,16
1.0199999809265137,0.9210154414176941,-0.5663479566574097,0.0028762484316757764,19
1.0499999523162842,0.9309160113334656,-0.5742346048355103,0.001788458072951471,21
1.0800000429153442,0.9391238689422607,-0.5813267230987549,0.0013368561151310132,23
1.1100000143051147,0.94596266746521,-0.587822437286377,-0.0019623021862571477,25
1.1399999856948853,0.9517033100128174,-0.5938807725906372,-0.002020519250606867,29
1.1699999570846558,0.9565629363059998,-0.5996511578559875,-0.0020499186054507845,36
1.2000000476837158,0.9607130885124207,-0.6052318215370178,-0.001981546000195067,40
1.2300000190734863,0.9642877578735352,-0.6107092499732971,-0.0019422009976892696,44
1.2599999904632568,0.9673922657966614,-0.6161510348320007,-0.0018884507615553048,47
1.2899999618530273,0.9701092839241028,-0.6216102838516235,0.00010859828495313195,56
1.3200000524520874,0.9725045561790466,-0.6271317005157471,0.00045326113964883064,61
1.350000023841858,0.9746352434158325,-0.6327584385871887,-0.0001556176678150223,67
1.3799999952316284,0.9765447974205017,-0.6385341882705688,-0.0015669811805310019,75
1.409999966621399,0.9782480597496033,-0.6444166898727417,-0.0027125884544147993,86
1.440000057220459,0.9797861576080322,-0.6504532098770142,-6.243789312065928e-05,90
1.4700000286102295,0.9811825156211853,-0.6566795706748962,-5.012369274481898e-05,96
1.5,0.9824594259262085,-0.6631089448928833,-9.676354841303692e-05,101
1.5299999713897705,0.9836271405220032,-0.6697319149971008,-0.00126292375034609,107
1.559999942779541,0.9846989512443542,-0.676547110080719,0.09588673017992733,118
1.590000033378601,0.9873158931732178,-0.6970013976097107,-0.0009337706408132362,124
1.6200000047683716,0.9883494973182678,-0.7069827318191528,-3.3913254526396486e-05,129
1.649999976158142,0.9890875220298767,-0.7149382829666138,-5.009210184425683e-05,131
1.6799999475479126,0.9897819757461548,-0.7231416702270508,-0.0010719714125571045,137
1.7100000381469727,0.9904337525367737,-0.7315533757209778,-0.0011348803403734564,139
1.7400000095367432,0.9910487532615662,-0.7401965856552124,-0.0004932253577862866,143
1.7699999809265137,0.991630494594574,-0.7490812540054321,0.00234555042430884,146
1.7999999523162842,0.9924247860908508,-0.7624053359031677,-0.0010286704051054585,150
1.8300000429153442,0.9929378628730774,-0.7718408703804016,-0.0006017375105784595,154
1.837499976158142,0.9945482015609741,-0.8064384460449219,-9.673017677869211e-05,154
1.8450000286102295,0.9946549534797668,-0.809029221534729,-8.336115581641934e-05,155
1.8524999618530273,0.9947605729103088,-0.8116337656974792,-0.00019507224243398014,157
1.8637499809265137,0.9949170351028442,-0.8155660033226013,-0.000431116747733995,158
1.8806250095367432,0.9951475262641907,-0.8215211629867554,8.233671678681276e-05,159
1.9059375524520874,0.9954840540885925,-0.8305858969688416,-0.00012156520068629106,162
1.935937523841858,0.9958717226982117,-0.8415954113006592,-0.0013363696828037064,164
1.9659374952316284,0.9962435960769653,-0.8527514934539795,-0.0011498618454766074,163
1.995937466621399,0.9966030120849609,-0.8641210794448853,-0.0010860584496299452,166
2.025937557220459,0.9969508051872253,-0.8756997585296631,-0.0010870971942722463,166
2.0559375286102295,0.9972879886627197,-0.8874852657318115,-0.0011028172059468488,166
2.0859375,0.9976151585578918,-0.8994746208190918,-0.0011155485142353427,167
2.1159374713897705,0.9979332089424133,-0.9116668701171875,-0.0011547272376901674,171
2.145937442779541,0.9982426762580872,-0.9240559935569763,-0.0002875817764902422,171
2.1759374141693115,0.9985440373420715,-0.936647891998291,-0.00020812586268448285,173
2.205937385559082,0.9988385438919067,-0.9494459629058838,-0.00111680224375732,174
2.2359375953674316,0.9991257190704346,-0.9624143838882446,-0.0011442284561553606,173
2.265937566757202,0.9994062781333923,-0.9755703210830688,-0.0011564943414441586,173
2.2959375381469727,0.999680757522583,-0.9889106750488281,-0.001226905357555097,174
2.325937509536743,0.9999495148658752,-1.002431869506836,0.002777587419984684,174
2.3559374809265137,1.0002140998840332,-1.016228199005127,0.0034556870252515637,175
2.385937452316284,1.0004820823669434,-1.0306123495101929,-0.001161410272914054,177
2.4159374237060547,1.0007362365722656,-1.0446693897247314,-0.0011940644117771626,177
2.445937395095825,1.0009855031967163,-1.0588971376419067,-0.0012088747680536471,177
2.475937604904175,1.0012305974960327,-1.0732922554016113,-0.0012978017660429941,177
2.5059375762939453,1.001471996307373,-1.0878528356552124,-0.0019026423456125485,177
2.535937547683716,1.0017095804214478,-1.1025745868682861,-0.001242599419185808,178
2.5659375190734863,1.0019439458847046,-1.1174559593200684,-0.0012472381358179518,177
2.595937490463257,1.002174973487854,-1.1324942111968994,-0.0012658732378554305,176
2.6259374618530273,1.0024030208587646,-1.1476867198944092,-0.0013099697956704404,177
2.655937433242798,1.002628207206726,-1.1630305051803589,-0.001356178475532488,177
2.6859374046325684,1.0028507709503174,-1.1785231828689575,-0.0016435150476468152,177
2.715937614440918,1.0030708312988281,-1.1941578388214111,-0.0016430032531502547,177
2.716054677963257,1.0030708312988281,-1.1941578388214111,-0.0016421899231886528,177
2.7162303924560547,1.0030708312988281,-1.1941578388214111,-0.0016411771773050532,177
2.716494083404541,1.0030708312988281,-1.1941579580307007,-0.0016394329871332047,177
2.7168896198272705,1.0030708312988281,-1.1941579580307007,-0.0016369920570014074,177
2.717482805252075,1.0030708312988281,-1.1941580772399902,-0.0016333238039578646,177
2.7183728218078613,1.0030708312988281,-1.1941581964492798,-0.0016311305727754188,177
2.7187066078186035,1.0030708312988281,-1.1941581964492798,-0.0016280686990626236,177
2.7192070484161377,1.0030708312988281,-1.1941583156585693,-0.0016262349122939668,177
2.7193946838378906,1.0030708312988281,-1.1941583156585693,-0.0016235894973988252,177
2.7196762561798096,1.0030708312988281,-1.1941584348678589,-0.0016195726968248891,177
2.7200987339019775,1.0030708312988281,-1.1941585540771484,-0.0016173029478636636,177
2.720257043838501,1.0030708312988281,-1.194158673286438,-0.0016140198491143565,177
2.7204947471618652,1.0030708312988281,-1.1941587924957275,-0.0016120118131652816,177
2.72058367729187,1.0030708312988281,-1.1941587924957275,-0.0016092836817733769,177
2.720717430114746,1.0030708312988281,-1.194158911705017,-0.0016076856095423864,177
2.7207674980163574,1.0030708312988281,-1.194158911705017,-0.0016052472988121735,177
2.7208425998687744,1.0030708312988281,-1.1941590309143066,-0.0016015797933164322,177
2.7209553718566895,1.0030708312988281,-1.1941591501235962,-0.0015995930211261111,177
2.7209978103637695,1.0030708312988281,-1.1941591501235962,-0.0015964940920980553,177
2.7210612297058105,1.0030708312988281,-1.1941592693328857,-0.0015948562211178796,177
2.7210848331451416,1.0030708312988281,-1.1941592693328857,-0.0015923089310376781,177
2.721120595932007,1.0030708312988281,-1.1941593885421753,-0.0015884817985352129,177
2.7211740016937256,1.0030708312988281,-1.1941595077514648,-0.0015863239664781759,177
2.721194267272949,1.0030708312988281,-1.1941596269607544,-0.001583098434139174,177
2.721224308013916,1.0030708312988281,-1.194159746170044,-0.001581292870184825,177
2.721235513687134,1.0030708312988281,-1.194159746170044,-0.0015785456578782942,177
2.72125244140625,1.0030708312988281,-1.1941598653793335,-0.0015770761798421518,177
2.7212588787078857,1.0030708312988281,-1.1941598653793335,-0.0015747184031624784,177
2.72126841545105,1.0030708312988281,-1.194159984588623,-0.0015711724119569226,177
2.721282720565796,1.0030708312988281,-1.1941601037979126,-0.0015692890816580984,177
2.721287965774536,1.0030708312988281,-1.1941601037979126,-0.001566410587372502,177
2.7212960720062256,1.0030708312988281,-1.1941602230072021,-0.0015647016874709152,177
2.721299171447754,1.0030708312988281,-1.1941602230072021,-0.001562322813413175,177
2.721303701400757,1.0030708312988281,-1.1941603422164917,-0.0015586296216270057,177
2.7213103771209717,1.0030708312988281,-1.1941604614257812,-0.001556524696809447,177
2.721312999725342,1.0030708312988281,-1.1941604614257812,-0.0015534811580550922,177
2.7213168144226074,1.0030708312988281,-1.1941605806350708,-0.001551603047005301,177
2.721318244934082,1.0030708312988281,-1.1941606998443604,-0.0015490766096490916,177
2.721320390701294,1.0030708312988281,-1.1941606998443604,-0.001545104166496003,177
2.7213234901428223,1.0030708312988281,-1.19416081905365,-0.0015429118893734994,177
2.7213246822357178,1.0030708312988281,-1.1941609382629395,-0.0015394886601143298,177
2.7213265895843506,1.0030708312988281,-1.194161057472229,-0.0015376401947833074,177
2.721327304840088,1.0030708312988281,-1.194161057472229,-0.0015349216513982356,177
2.7213282585144043,1.0030708312988281,-1.1941611766815186,-0.0015331804776792524,177
2.7213284969329834,1.0030708312988281,-1.1941611766815186,-0.0015309176919231504,177
2.7213292121887207,1.0030708312988281,-1.194161295890808,-0.001527256560962087,177
2.721329927444458,1.0030708312988281,-1.1941614151000977,-0.0015253694044190524,177
2.721330404281616,1.0030708312988281,-1.1941614151000977,-0.0015223933976926673,177
2.7213308811187744,1.0030708312988281,-1.1941615343093872,-0.0015207009859636855,177
2.7213311195373535,1.0030708312988281,-1.1941615343093872,-0.0015181140958588912,177
2.7213313579559326,1.0030708312988281,-1.1941616535186768,-0.0015142794986786612,177
2.7213315963745117,1.0030708312988281,-1.1941617727279663,-0.0015122061091119576,177
2.721331834793091,1.0030708312988281,-1.1941618919372559,-0.0015091188579390291,177
2.72133207321167,1.0030708312988281,-1.1941618919372559,-0.0015072419199100295,177
2.72133207321167,1.0030708312988281,-1.1941620111465454,-0.0015044989779653406,177
2.721332311630249,1.0030708312988281,-1.194162130355835,-0.0015030310843826555,177
2.721332311630249,1.0030708312988281,-1.194162130355835,-0.0015006104661665631,177
2.721332311630249,1.0030708312988281,-1.1941622495651245,-0.0014973093652201896,177
2.721332550048828,1.0030708312988281,-1.1941622495651245,-0.0014953568776263637,177
2.721332550048828,1.0030708312988281,-1.194162368774414,-0.0014924665493367684,177
2.721332550048828,1.0030708312988281,-1.1941624879837036,-0.0014908521259826557,177
2.721332550048828,1.0030708312988281,-1.1941624879837036,-0.0014884136318187302,177
2.7213327884674072,1.0030708312988281,-1.1941626071929932,-0.0014848141885295263,177
2.7213327884674072,1.0030708312988281,-1.1941627264022827,-0.00148272580105413,177
2.7213327884674072,1.0030708312988281,-1.1941627264022827,-0.0014797256044971618,177
2.7213327884674072,1.0030708312988281,-1.1941628456115723,-0.0014778424864516637,177
2.7213327884674072,1.0030708312988281,-1.1941628456115723,-0.0014752771922417196,177
2.7213327884674072,1.0030708312988281,-1.1941629648208618,-0.0014713915850848025,177
2.7213327884674072,1.0030708312988281,-1.1941630840301514,-0.001469226093661291,177
2.7213327884674072,1.0030708312988281,-1.194163203239441,-0.0014659388855875477,177
2.7213327884674072,1.0030708312988281,-1.194163203239441,-0.0014640443814641912,177
2.7213327884674072,1.0030708312988281,-1.1941633224487305,-0.0014613567471997158,177
2.7213327884674072,1.0030708312988281,-1.19416344165802,-0.0014598109018493233,177
2.7213327884674072,1.0030708312988281,-1.19416344165802,-0.0014574109868590313,177
2.7213327884674072,1.0030708312988281,-1.1941635608673096,-0.0014538686503442477,177
2.7213327884674072,1.0030708312988281,-1.1941636800765991,-0.0014518753407628537,177
2.7213327884674072,1.0030708312988281,-1.1941636800765991,-0.0014489390015341996,177
2.7213327884674072,1.0030708312988281,-1.1941637992858887,-0.0014472974584691656,177
2.7213327884674072,1.0030708312988281,-1.1941637992858887,-0.0014447582228171996,177
2.7213327884674072,1.0030708312988281,-1.1941639184951782,-0.001441147454215752,177
2.7213330268859863,1.0030708312988281,-1.1941640377044678,-0.0014388819964779032,177
2.7213330268859863,1.0030708312988281,-1.1941640377044678,-0.0014357546282894873,177
2.7213330268859863,1.0030708312988281,-1.1941641569137573,-0.0014339418037820906,177
2.7213330268859863,1.0030708312988281,-1.1941642761230469,-0.0014313415547348995,177
2.7213330268859863,1.0030708312988281,-1.1941642761230469,-0.001427264218932578,177
2.7213330268859863,1.0030708312988281,-1.1941643953323364,-0.00142498517027434,177
2.7213330268859863,1.0030708312988281,-1.194164514541626,-0.001421750074996453,177
2.7213330268859863,1.0030708312988281,-1.1941646337509155,-0.0014198322130027918,177
2.7213330268859863,1.0030708312988281,-1.1941646337509155,-0.001416895803231455,177
2.7213330268859863,1.0030708312988281,-1.194164752960205,-0.0014154051333434836,177
2.7213330268859863,1.0030708312988281,-1.194164752960205,-0.0014129315127320297,177
2.7213330268859863,1.0030708312988281,-1.1941648721694946,-0.0014092750249687924,177
2.7213330268859863,1.0030708312988281,-1.1941649913787842,-0.001407276188160722,177
2.7213330268859863,1.0030708312988281,-1.1941649913787842,-0.0014042073985933712,177
2.7213330268859863,1.0030708312988281,-1.1941651105880737,-0.001402494681258304,177
2.7213330268859863,1.0030708312988281,-1.1941652297973633,-0.001399897521935145,177
2.7213330268859863,1.0030708312988281,-1.1941652297973633,-0.0013961246870621835,177
2.7213330268859863,1.0030708312988281,-1.1941653490066528,-0.001393923708121747,177
2.7213330268859863,1.0030708312988281,-1.1941654682159424,-0.0013907122211094247,177
2.7213330268859863,1.0030708312988281,-1.194165587425232,-0.001388843036693288,177
2.7213330268859863,1.0030708312988281,-1.194165587425232,-0.0013860858507541707,177
2.7213330268859863,1.0030708312988281,-1.1941657066345215,-0.0013846523699498903,177
2.7213330268859863,1.0030708312988281,-1.1941657066345215,-0.0013823433762922832,177
2.7213330268859863,1.0030708312988281,-1.194165825843811,-0.0013786755725959665,177
2.7213330268859863,1.0030708312988281,-1.1941659450531006,-0.0013767395558375028,177
2.7213330268859863,1.0030708312988281,-1.1941659450531006,-0.00137387802504918,177
2.7213330268859863,1.0030708312988281,-1.1941660642623901,-0.0013722984560331497,177
2.7213330268859863,1.0030708312988281,-1.1941660642623901,-0.0013698174532237317,177
2.7213330268859863,1.0030708312988281,-1.1941661834716797,-0.0013660566027624554,177
2.7213330268859863,1.0030708312988281,-1.1941663026809692,-0.0013639105701486187,177
2.7213330268859863,1.0030708312988281,-1.1941664218902588,-0.0013608829287932167,177
2.7213330268859863,1.0030708312988281,-1.1941664218902588,-0.0013591239772949848,177
2.7213330268859863,1.0030708312988281,-1.1941665410995483,-0.0013564912730430478,177
2.7213330268859863,1.0030708312988281,-1.1941665410995483,-0.0013525909701002092,177
2.7213330268859863,1.0030708312988281,-1.194166660308838,-0.001350288998025917,177
2.7213330268859863,1.0030708312988281,-1.1941667795181274,-0.0013468865948880193,177
2.7213330268859863,1.0030708312988281,-1.194166898727417,-0.0013450390265461465,177
2.7213330268859863,1.0030708312988281,-1.194166898727417,-0.001342217173089466,177
2.7213330268859863,1.0030708312988281,-1.1941670179367065,-0.0013406451604964786,177
2.7213330268859863,1.0030708312988281,-1.1941670179367065,-0.0013383376202682484,177
2.7213330268859863,1.0030708312988281,-1.194167137145996,-0.0013347025424650383,177
2.7213330268859863,1.0030708312988281,-1.1941672563552856,-0.0013326210603850086,177
2.7213330268859863,1.0030708312988281,-1.1941673755645752,-0.001329710219295066,177
2.7213330268859863,1.0030708312988281,-1.1941673755645752,-0.0013280297709457045,177
2.7213330268859863,1.0030708312988281,-1.1941674947738647,-0.0013254201797963105,177
2.7213330268859863,1.0030708312988281,-1.1941674947738647,-0.0013216441076338015,177
2.7213330268859863,1.0030708312988281,-1.1941676139831543,-0.001319535450420517,177
2.7213330268859863,1.0030708312988281,-1.1941677331924438,-0.0013162352500444285,177
2.7213330268859863,1.0030708312988281,-1.1941678524017334,-0.001314545209595508,177
2.7213330268859863,1.0030708312988281,-1.1941678524017334,-0.0013118620908585399,177
2.7213330268859863,1.0030708312988281,-1.194167971611023,-0.0013102355178489233,177
2.7213330268859863,1.0030708312988281,-1.194167971611023,-0.001308044095196692,177
2.7213330268859863,1.0030708312988281,-1.1941680908203125,-0.00130455435123622,177
2.7213330268859863,1.0030708312988281,-1.194168210029602,-0.0013025350748989695,177
2.7213330268859863,1.0030708312988281,-1.194168210029602,-0.001299777846611505,177
2.7213330268859863,1.0030708312988281,-1.1941683292388916,-0.0012981351846406142,177
2.7213330268859863,1.0030708312988281,-1.1941683292388916,-0.0012955959076066392,177
2.7213330268859863,1.0030708312988281,-1.1941684484481812,-0.0012919961235979827,177
2.7213330268859863,1.0030708312988281,-1.1941685676574707,-0.001289953859952675,177
2.7213330268859863,1.0030708312988281,-1.1941685676574707,-0.0012868587654679686,177
2.7213330268859863,1.0030708312988281,-1.1941686868667603,-0.0012851533930415826,177
2.7213330268859863,1.0030708312988281,-1.1941688060760498,-0.0012824961238493415,177
2.7213330268859863,1.0030708312988281,-1.1941688060760498,-0.0012785156864083547,177
2.7213330268859863,1.0030708312988281,-1.1941689252853394,-0.001276318393593101,177
2.7213330268859863,1.0030708312988281,-1.194169044494629,-0.001273100125217752,177
2.7213330268859863,1.0030708312988281,-1.1941691637039185,-0.0012711926540305285,177
2.7213330268859863,1.0030708312988281,-1.1941691637039185,-0.0012685350781111993,177
2.7213330268859863,1.0030708312988281,-1.194169282913208,-0.0012668103680653076,177
2.7213330268859863,1.0030708312988281,-1.194169282913208,-0.0012645094988101846,177
2.7213330268859863,1.0030708312988281,-1.1941694021224976,-0.001260976382809531,177
2.7213330268859863,1.0030708312988281,-1.194169521331787,-0.0012589623464123179,177
2.7213330268859863,1.0030708312988281,-1.194169521331787,-0.0012560876287466272,177
2.7213330268859863,1.0030708312988281,-1.1941696405410767,-0.0012543148690724593,177
2.7213330268859863,1.0030708312988281,-1.1941697597503662,-0.0012519138364268656,177
2.7213330268859863,1.0030708312988281,-1.1941697597503662,-0.0012480260913321217,177
2.7213330268859863,1.0030708312988281,-1.1941698789596558,-0.0012459825026667204,177
2.7213330268859863,1.0030708312988281,-1.1941699981689453,-0.0012427029180344107,177
2.7213330268859863,1.0030708312988281,-1.1941701173782349,-0.0012409383185740808,177
2.7213330268859863,1.0030708312988281,-1.1941701173782349,-0.0012382911882014014,177
2.7213330268859863,1.0030708312988281,-1.1941702365875244,-0.0012342979257482511,177
2.7213330268859863,1.0030708312988281,-1.194170355796814,-0.0012319549608719171,177
2.7213330268859863,1.0030708312988281,-1.194170355796814,-0.0012286132727012955,177
2.7213330268859863,1.0030709505081177,-1.1941704750061035,-0.0012267265547052375,177
2.7213330268859863,1.0030709505081177,-1.194170594215393,-0.0012238634490699951,177
2.7213330268859863,1.0030709505081177,-1.194170594215393,-0.0012211729062983068,177
2.7213330268859863,1.0030709505081177,-1.1941707134246826,-0.0012172618184536077,177
2.7213330268859863,1.0030709505081177,-1.1941708326339722,-0.0012132917357234874,177
2.7213330268859863,1.0030709505081177,-1.1941709518432617,-7.177730254562903,177
2.7213330268859863,1.0030709505081177,-1.1941709518432617,nan,nan
#GNA3
0.0,0.0,0.0,-3.5694274913566915e-07,0
0.05000000074505806,0.04996732622385025,-0.0301348939538002,-0.00033352507157502487,0
0.10000000149011612,0.09986547380685806,-0.0602387934923172,-0.00042072780989599323,0
0.15000000596046448,0.14968882501125336,-0.09030937403440475,-0.0005376334757158929,0
0.20000000298023224,0.19943059980869293,-0.12034381926059723,-0.0006973775440286545,0
0.25,0.24908244609832764,-0.15033861994743347,-0.0009209547434920751,0
0.30000001192092896,0.2986339032649994,-0.1802893728017807,-0.0012416116533131571,0
0.3499999940395355,0.34807145595550537,-0.2101903110742569,-0.0017144066187029239,0
0.4000000059604645,0.3973773419857025,-0.24003373086452484,-0.0024327698366732875,0
0.44999998807907104,0.446527361869812,-0.2698090076446533,-0.003560690700339819,0
0.5,0.4954875409603119,-0.299500972032547,-0.005395757091861242,0
0.550000011920929,0.5442083477973938,-0.32908692955970764,-0.00849581774463104,0
0.6000000238418579,0.592614471912384,-0.3585318326950073,-0.013932442781708687,0
0.6499999761581421,0.640586256980896,-0.3877785801887512,-0.023772366565935954,0
0.699999988079071,0.687924325466156,-0.4167298674583435,1.4453906374001235e-06,0
0.75,0.7342814803123474,-0.44521206617355347,1.7264277403228334e-06,0
0.800000011920929,0.7790306210517883,-0.4729047417640686,-8.444628747383831e-07,0
0.8500000238418579,0.8210577368736267,-0.499225378036499,3.8373242432498955e-06,0
0.8999999761581421,0.8586050868034363,-0.5232369899749756,4.601337928988869e-05,5
0.949999988079071,0.889726459980011,-0.5438908338546753,0.00031099584157345816,14
1.0,0.9138201475143433,-0.5609225034713745,7.742095561980022e-05,20
1.0499999523162842,0.931326687335968,-0.574574887752533,-0.013965167751621266,22
1.100000023841858,0.9441295266151428,-0.5860137343406677,0.00830890705924503,25
1.149999976158142,0.9536517858505249,-0.5961105823516846,-0.007775150433587896,36
1.2000000476837158,0.9609001874923706,-0.6054998636245728,-0.007645517634728094,42
1.25,0.9665529131889343,-0.6146034598350525,0.0005813919156594238,51
1.2999999523162842,0.9711138010025024,-0.6238324642181396,-0.0060574986702022215,61
1.350000023841858,0.9747724533081055,-0.6331452131271362,-0.0001257474835369976,72
1.399999976158142,0.9778046607971191,-0.642806351184845,-0.0003230850074373848,76
1.412500023841858,0.9784825444221497,-0.6452888250350952,0.0006957704603678394,80
1.431249976158142,0.9794427156448364,-0.6490238904953003,-0.0006987819875234891,83
1.459375023841858,0.9792706966400146,-0.6484082341194153,-0.0008215261600525992,82
1.501562476158142,0.9784584641456604,-0.6461213827133179,-0.01933825997502936,84
1.5515625476837158,0.976710855960846,-0.6417637467384338,0.03839811597538301,86
1.6015625,0.9739131927490234,-0.6346745491027832,-2.721788723647478e-05,86
1.6046874523162842,0.9738165736198425,-0.634430468082428,2.074146362929241e-05,86
1.607812523841858,0.9737685322761536,-0.6343105435371399,4.6803985071619536e-05,86
1.610937476158142,0.9737250208854675,-0.6342000365257263,0.0002612118651086348,86
1.6140625476837158,0.9737057089805603,-0.6341455578804016,8.036287033519329e-05,86
1.6171875,0.9736973643302917,-0.6341187357902527,4.038735198719223e-05,86
1.6218750476837158,0.9736844897270203,-0.6340782642364502,2.1126649073721637e-05,86
1.62890625,0.9736598134040833,-0.6340047121047974,3.81128523940788e-06,86
1.6394531726837158,0.973607063293457,-0.633857250213623,-5.0792162369361904e-05,86
1.6552734375,0.97348952293396,-0.6335461139678955,-0.00030491709247826293,86
1.6790039539337158,0.9732208847999573,-0.6328751444816589,-0.0004219996317260666,84
1.714599609375,0.9727215766906738,-0.6317083835601807,0.00015307966231148384,82
1.7645995616912842,0.9720237851142883,-0.6301048994064331,1.9696074616604164e-05,83
1.814599633216858,0.9720034599304199,-0.630145788192749,0.0006331378673536392,82
1.864599585533142,0.9720128178596497,-0.6302230954170227,0.0004369010384834837,83
1.9145996570587158,0.9727372527122498,-0.6319951415061951,-0.0002447656169124457,86
1.964599609375,0.9734209775924683,-0.6335623860359192,0.00028999136867469133,86
2.014599561691284,0.9737269282341003,-0.6342050433158875,1.6388895630825573e-05,86
2.0177245140075684,0.9737229347229004,-0.6341931819915771,2.1534584902838105e-05,86
2.0208497047424316,0.9737176299095154,-0.6341785788536072,1.3591155095582508e-05,86
2.023974657058716,0.9737135767936707,-0.6341671347618103,8.243200596780298e-05,86
2.0286622047424316,0.9737088084220886,-0.6341530680656433,7.087933011007408e-05,86
2.035693407058716,0.9737032651901245,-0.6341359615325928,5.093683273571514e-05,86
2.0462403297424316,0.9736958742141724,-0.6341127157211304,3.3760619032818795e-05,86
2.062060594558716,0.9736842513084412,-0.6340767741203308,2.1102897278524324e-05,86
2.0857911109924316,0.9736630916595459,-0.6340139508247375,8.649940980376414e-06,86
2.121386766433716,0.973620593547821,-0.633894145488739,-1.5954327295730764e-05,86
2.17138671875,0.9735369682312012,-0.6336696743965149,-3.133167484747901e-05,86
2.221386671066284,0.9734240174293518,-0.6333785057067871,-3.828837429864507e-05,86
2.2713866233825684,0.9732836484909058,-0.6330285668373108,-3.268639022735442e-05,85
2.3213868141174316,0.9731245040893555,-0.6326432824134827,-1.9859723977333488e-05,85
2.371386766433716,0.9729560017585754,-0.6322460174560547,-1.0720191141899704e-05,84
2.42138671875,0.9727832674980164,-0.6318483352661133,-6.946513792627229e-06,84
2.471386671066284,0.9726090431213379,-0.631457507610321,-3.184899327379753e-05,84
2.5213866233825684,0.9724392890930176,-0.6310901641845703,-0.0004330182978264929,84
2.5713868141174316,0.972304105758667,-0.6308207511901855,-7.999645015388523e-05,84
2.621386766433716,0.9722369313240051,-0.630714476108551,2.6313563239455107e-06,84
2.67138671875,0.9721978306770325,-0.6306764483451843,3.24000336604513e-06,84
2.721386671066284,0.9721683859825134,-0.6306655406951904,0.00015298735689839305,84
2.7713866233825684,0.9721421599388123,-0.6306676268577576,7.358148309322132e-05,84
2.8213868141174316,0.9721165299415588,-0.6306769251823425,3.427057464477912e-05,84
2.871386766433716,0.9720901250839233,-0.6306905150413513,1.3651923381985398e-05,84
2.92138671875,0.9720622897148132,-0.630706787109375,-2.0662639144575223e-05,84
2.971386671066284,0.9720325469970703,-0.6307248473167419,-2.610627126387044e-05,84
3.0213866233825684,0.9720006585121155,-0.6307440400123596,-2.8564625438320945e-05,84
3.0713868141174316,0.9719665050506592,-0.6307640075683594,-2.9364082365646027e-05,84
3.121386766433716,0.9719299674034119,-0.6307845115661621,-2.9170977143166965e-05,84
3.17138671875,0.9718909859657288,-0.6308053731918335,-2.836371589864939e-05,84
3.221386671066284,0.9718495607376099,-0.6308263540267944,-2.7353842710908793e-05,84
3.2713866233825684,0.9718056321144104,-0.6308474540710449,-2.6012789419382898e-05,84
3.3213868141174316,0.9717592000961304,-0.6308685541152954,-2.4699876519207464e-05,84
3.371386766433716,0.9717103242874146,-0.6308895945549011,-2.3345556655840483e-05,84
3.42138671875,0.9716589450836182,-0.6309106349945068,-2.1759253115760657e-05,84
3.471386671066284,0.9716051816940308,-0.6309314966201782,-2.0468204354529007e-05,84
3.5213866233825684,0.9715489149093628,-0.6309522986412048,-1.9102672354165406e-05,84
3.5713868141174316,0.9714903235435486,-0.6309729218482971,-1.7787502599730942e-05,84
3.621386766433716,0.9714294075965881,-0.6309934854507446,-1.6672450840360398e-05,84
3.67138671875,0.9713661074638367,-0.6310138702392578,-1.5540476738351572e-05,84
3.721386671066284,0.9713006019592285,-0.6310341954231262,-1.4399009785392991e-05,84
3.7713866233825684,0.9712328314781189,-0.6310544013977051,-1.322373196899207e-05,84
3.8213868141174316,0.9711629152297974,-0.6310745477676392,-1.2240981618560909e-05,84
3.871386766433716,0.9710907936096191,-0.6310945749282837,-1.1399567597436544e-05,84
3.92138671875,0.9710166454315186,-0.631114661693573,-1.043715235482523e-05,84
3.971386671066284,0.9709404706954956,-0.6311346888542175,-9.550381946610287e-06,84
4.021386623382568,0.9708622694015503,-0.6311547756195068,-8.708385564659693e-06,84
4.071386814117432,0.9707821011543274,-0.6311748623847961,-7.893280496773514e-06,84
4.121386528015137,0.9707000851631165,-0.631195068359375,-7.152659748044243e-06,84
4.17138671875,0.9706162810325623,-0.6312154531478882,-6.434650174469425e-06,84
4.221386909484863,0.9705306887626648,-0.6312359571456909,-5.711017990961409e-06,84
4.271386623382568,0.9704433679580688,-0.631256639957428,-7.523219494487421e-06,83
4.321386814117432,0.9703543782234192,-0.6312776207923889,2.069357566369945e-05,83
4.371386528015137,0.9703438878059387,-0.6312273740768433,5.153134281954408e-06,84
4.42138671875,0.9703487753868103,-0.6312047243118286,3.7951506328681717e-06,84
4.471386909484863,0.9703507423400879,-0.6311808228492737,2.0540863943097065e-06,84
4.521386623382568,0.9703463315963745,-0.6311569809913635,1.0682255719984823e-06,84
4.571386814117432,0.9703322052955627,-0.631134569644928,-5.60019941531209e-07,84
4.621386528015137,0.9703059792518616,-0.6311150789260864,-7.461586051249469e-07,84
4.67138671875,0.9702675342559814,-0.6310994029045105,-6.558727250194352e-07,84
4.721386909484863,0.9702183604240417,-0.6310877799987793,-5.393496280703403e-07,84
4.771386623382568,0.9701606631278992,-0.6310799717903137,4.2560935753499507e-07,84
4.821386814117432,0.9700962901115417,-0.6310753226280212,4.6800613517916645e-07,84
4.871386528015137,0.9700267314910889,-0.6310734748840332,5.085376528768393e-07,84
4.92138671875,0.9699531197547913,-0.6310739517211914,5.738978643421433e-07,84
4.971386909484863,0.9698761701583862,-0.6310763359069824,2.7175171908311313e-05,84
5.021386623382568,0.9697964787483215,-0.6310805082321167,2.6936347353512247e-05,84
5.071386814117432,0.9697144031524658,-0.6310862302780151,2.6494035125779192e-05,84
5.121386528015137,0.9696303009986877,-0.6310932636260986,2.5909746568686387e-05,84
5.17138671875,0.9695444703102112,-0.631101667881012,2.5574298888386693e-05,84
5.221386909484863,0.9694570302963257,-0.631111204624176,2.4724493584926677e-05,84
5.271386623382568,0.9693682789802551,-0.6311218738555908,2.4076118506854982e-05,84
5.321386814117432,0.9692783951759338,-0.6311336755752563,2.311005613364614e-05,84
5.371386528015137,0.9691874980926514,-0.6311464905738831,2.1794462156776717e-05,84
5.42138671875,0.969095766544342,-0.631160318851471,5.85206066716637e-07,84
5.471386909484863,0.9690034985542297,-0.63117516040802,5.814324595121434e-07,84
5.521386623382568,0.9689107537269592,-0.6311909556388855,7.200353593361797e-07,84
5.571386814117432,0.968817949295044,-0.6312077045440674,7.850680958654266e-07,84
5.621386528015137,0.9687253832817078,-0.6312252879142761,8.953760470831185e-07,84
5.67138671875,0.9686335921287537,-0.6312436461448669,1.175501381567301e-06,84
5.721386909484863,0.9685434699058533,-0.6312626004219055,1.7547354218550026e-06,84
5.771386623382568,0.9684566259384155,-0.6312817931175232,-4.401338799198129e-06,84
5.821386814117432,0.9683769345283508,-0.6313003897666931,-1.899052733733697e-05,84
5.871386528015137,0.9683160781860352,-0.6313154697418213,-3.600639684009366e-05,83
5.92138671875,0.9683164954185486,-0.631316602230072,8.880151995072083e-06,84
5.971386909484863,0.9683866500854492,-0.6313005089759827,4.465813219667325e-06,84
6.021386623382568,0.9684764742851257,-0.6312794089317322,2.8388234341036878e-06,84
6.071386814117432,0.9685734510421753,-0.6312565207481384,1.943020663475181e-06,84
6.121386528015137,0.9686737060546875,-0.631232738494873,1.3983672033646144e-06,84
6.17138671875,0.9687755703926086,-0.6312084794044495,9.446488320463686e-07,84
6.221386909484863,0.9688782095909119,-0.6311839818954468,-7.556597552138555e-07,84
6.271386623382568,0.9689810872077942,-0.6311593055725098,-6.51411653507239e-07,84
6.321386814117432,0.9690837860107422,-0.6311346888542175,-6.647137524851132e-07,84
6.371386528015137,0.9691860675811768,-0.6311101317405701,-6.78520393648796e-07,84
6.42138671875,0.9692877531051636,-0.6310856938362122,4.3393437351824105e-05,84
6.471386909484863,0.9693886637687683,-0.6310613751411438,4.049245666237766e-05,84
6.521386623382568,0.9694887399673462,-0.6310372352600098,3.887457057771826e-05,84
6.571386814117432,0.9695878028869629,-0.6310133337974548,3.741559896752733e-05,84
6.621386528015137,0.9696858525276184,-0.6309896111488342,3.674672410625135e-05,84
6.67138671875,0.969782829284668,-0.6309661269187927,3.615657732325417e-05,84
6.721386909484863,0.9698785543441772,-0.6309427618980408,3.5704805441127974e-05,84
6.771386623382568,0.9699730277061462,-0.6309196352958679,3.5176095423139486e-05,84
6.821386814117432,0.9700661301612854,-0.6308966279029846,3.493428204137672e-05,84
6.871386528015137,0.9701578617095947,-0.6308737993240356,3.4881848876011645e-05,84
6.92138671875,0.9702481627464294,-0.6308510899543762,3.4889672463123134e-05,84
6.971386909484863,0.9703369736671448,-0.6308284997940063,3.5121204632559966e-05,84
7.021386623382568,0.9704241752624512,-0.630806028842926,3.531737252160383e-05,84
7.071386814117432,0.9705097675323486,-0.6307836174964905,3.551411748503597e-05,84
7.121386528015137,0.9705936908721924,-0.6307613253593445,3.5914064653752575e-05,84
7.17138671875,0.9706758856773376,-0.6307390928268433,3.637841450654378e-05,84
7.221386909484863,0.9707563519477844,-0.6307169198989868,3.6913404130700656e-05,84
7.271386623382568,0.9708349704742432,-0.6306947469711304,3.763594907013612e-05,84
7.321386814117432,0.9709117412567139,-0.6306726932525635,3.8393314866880246e-05,84
7.371386528015137,0.9709866642951965,-0.6306506395339966,3.938046114626559e-05,84
7.42138671875,0.9710595607757568,-0.6306285858154297,4.0442500619519706e-05,84
7.471386909484863,0.9711305499076843,-0.6306065917015076,4.1658581153569685e-05,84
7.521386623382568,0.9711995124816895,-0.6305846571922302,4.3097600041619444e-05,84
7.571386814117432,0.9712664484977722,-0.6305627822875977,4.465505355710775e-05,84
7.621386528015137,0.9713313579559326,-0.6305409669876099,4.651940042776914e-05,84
7.67138671875,0.9713941216468811,-0.6305192112922668,4.869088689929413e-05,84
7.721386909484863,0.9714547991752625,-0.6304976344108582,5.132744797720079e-05,84
7.771386623382568,0.9715133905410767,-0.6304762363433838,5.4243990234681405e-05,84
7.821386814117432,0.971569836139679,-0.6304550170898438,5.774534429292544e-05,84
7.871386528015137,0.9716241359710693,-0.6304341554641724,6.187571523241786e-05,84
7.92138671875,0.9716763496398926,-0.6304135918617249,6.671862053053701e-05,84
7.971386909484863,0.9717264771461487,-0.6303935050964355,7.234330973915348e-05,84
8.021387100219727,0.9717744588851929,-0.630374014377594,7.943487162265228e-05,84
8.071386337280273,0.9718204140663147,-0.6303552389144897,8.775067942679016e-05,84
8.121386528015137,0.9718644022941589,-0.6303374171257019,9.789278374228161e-05,84
8.17138671875,0.9719064235687256,-0.6303207278251648,-1.624218214146822e-06,84
8.221386909484863,0.971946656703949,-0.6303054094314575,-1.971312656223745e-06,84
8.271387100219727,0.9719850420951843,-0.6302918791770935,-2.5051396619346633e-06,84
8.321386337280273,0.972021758556366,-0.6302804946899414,-3.4321123507652374e-06,84
8.371386528015137,0.9720568060874939,-0.6302715539932251,-5.386912960148038e-06,84
8.42138671875,0.9720900058746338,-0.6302653551101685,-9.830073452121724e-06,84
8.471386909484863,0.9721205830574036,-0.6302615404129028,-2.5110243825565703e-05,84
8.521387100219727,0.972145676612854,-0.6302574276924133,-8.398642665952138e-05,83
8.571386337280273,0.9721541404724121,-0.6302420496940613,9.429686957673766e-05,83
8.621386528015137,0.9721210598945618,-0.6302026510238647,-1.8020229447301972e-05,83
8.67138671875,0.9720795750617981,-0.630179226398468,-5.4438554570879205e-06,83
8.721386909484863,0.972039520740509,-0.630171000957489,-1.7577204971530591e-06,83
8.771387100219727,0.9720005989074707,-0.6301730871200562,1.1558723826965434e-06,83
8.821386337280273,0.9719617962837219,-0.6301823258399963,1.2968361033927067e-06,83
8.871386528015137,0.9719223976135254,-0.6301965713500977,1.3152103406355309e-06,83
8.92138671875,0.9718818068504333,-0.6302143335342407,1.3176735365050263e-06,83
8.971386909484863,0.9718397259712219,-0.6302347183227539,4.6154924689290056e-05,83
9.021387100219727,0.9717957973480225,-0.6302570104598999,3.544131004673545e-05,82
9.071386337280273,0.9717499613761902,-0.6302807331085205,2.7513336590345716e-05,82
9.121386528015137,0.9717020392417908,-0.6303055286407471,-2.2591574918351398e-05,82
9.17138671875,0.9716519713401794,-0.6303310990333557,-2.2518579157804197e-05,82
9.221386909484863,0.9715996384620667,-0.6303573846817017,-2.3005046386970207e-05,82
9.271387100219727,0.9715450406074524,-0.630384087562561,-2.297162262721031e-05,82
9.321386337280273,0.9714882373809814,-0.6304111480712891,-2.2665085452899802e-05,82
9.371386528015137,0.9714291095733643,-0.630438506603241,-2.2131500486466393e-05,82
9.42138671875,0.9713677167892456,-0.630466103553772,-2.148723143591269e-05,82
9.471386909484863,0.9713041186332703,-0.6304938793182373,-2.0689268581008946e-05,82
9.521387100219727,0.9712382555007935,-0.630521833896637,-1.981363863023944e-05,82
9.571386337280273,0.97117018699646,-0.6305499076843262,-1.9004760474672366e-05,82
9.621386528015137,0.9710999727249146,-0.6305781602859497,-1.7951209315469896e-05,82
9.67138671875,0.971027672290802,-0.630606472492218,-1.6923237751598208e-05,82
9.721386909484863,0.9709532856941223,-0.6306349635124207,-1.600810946911224e-05,82
9.771387100219727,0.9708768129348755,-0.6306635737419128,-1.5068347579472174e-05,82
9.821386337280273,0.9707983732223511,-0.6306923627853394,-1.4146219200483756e-05,82
9.871386528015137,0.9707180261611938,-0.6307213306427002,-1.3260302580420102e-05,82
9.92138671875,0.970635712146759,-0.6307504773139954,-1.217111486084832e-05,82
9.971386909484863,0.970551609992981,-0.6307799220085144,-1.124875655023061e-05,82
10.021387100219727,0.9704657196998596,-0.6308096051216125,-1.0282116875259817e-05,82
10.071386337280273,0.9703781604766846,-0.6308395862579346,-9.44368935051898e-06,82
10.121386528015137,0.970288872718811,-0.6308698654174805,-8.59263627717155e-06,82
10.17138671875,0.9701979756355286,-0.6309005618095398,-7.601828940551059e-06,82
10.221386909484863,0.9701055288314819,-0.6309317350387573,7.138018077057495e-06,82
10.271387100219727,0.9700115919113159,-0.6309632658958435,7.925438296751963e-06,82
10.321386337280273,0.9699162840843201,-0.6309953927993774,8.755492615364346e-06,82
10.371386528015137,0.9698195457458496,-0.6310280561447144,9.337352480542904e-06,82
10.42138671875,0.9697215557098389,-0.631061315536499,9.990447040308936e-06,82
10.471386909484863,0.9696223735809326,-0.6310951709747314,1.0691542797758302e-05,82
10.521387100219727,0.9695219993591309,-0.631129801273346,1.1497181446884497e-05,82
10.571386337280273,0.9694204926490784,-0.6311652064323425,1.2236377642693697e-05,82
10.621386528015137,0.9693180322647095,-0.6312013864517212,1.292192575874651e-05,82
10.67138671875,0.9692146182060242,-0.6312384009361267,1.3649478603383614e-05,82
10.721386909484863,0.9691102504730225,-0.6312763690948486,1.4403376781046973e-05,82
10.771387100219727,0.9690051078796387,-0.6313153505325317,1.5000339885773428e-05,82
10.821386337280273,0.9688992500305176,-0.631355345249176,1.5832337510346406e-05,82
10.871386528015137,0.968792736530304,-0.631396472454071,1.642941089130545e-05,82
10.92138671875,0.9686855673789978,-0.631438672542572,1.7197627983023267e-05,82
10.971386909484863,0.9685778617858887,-0.6314821243286133,1.781293616431867e-05,82
11.021387100219727,0.9684697389602661,-0.6315268874168396,1.8467480231265654e-05,82
11.071386337280273,0.9683612585067749,-0.6315729022026062,1.911505080443021e-05,82
11.121386528015137,0.968252420425415,-0.6316203474998474,1.996040151652778e-05,82
11.17138671875,0.9681434035301208,-0.6316691637039185,2.0914625167733902e-05,82
11.221386909484863,0.9680341482162476,-0.6317195296287537,2.194933341570504e-05,82
11.271387100219727,0.9679248332977295,-0.6317713260650635,2.3116438967463182e-05,81
11.321386337280273,0.9678155183792114,-0.6318247318267822,2.4609341039649735e-05,81
11.371386528015137,0.9677062034606934,-0.6318797469139099,2.6261569644248084e-05,81
11.42138671875,0.9675970673561096,-0.6319363713264465,2.7908306833523966e-05,81
11.471386909484863,0.9674880504608154,-0.6319946050643921,3.111231092134403e-05,81
11.521387100219727,0.9673793315887451,-0.632054328918457,3.098967636105954e-05,81
11.521581649780273,0.9673793315887451,-0.632054328918457,3.0812449722361634e-05,81
11.521875381469727,0.9673793315887451,-0.632054328918457,3.0712418094935856e-05,81
11.522314071655273,0.9673793315887451,-0.632054328918457,3.124910836049821e-05,81
11.522974014282227,0.9673793315887451,-0.632054328918457,3.123690089523734e-05,81
11.523962020874023,0.9673793315887451,-0.632054328918457,3.128560177856343e-05,81
11.525445938110352,0.9673793315887451,-0.632054328918457,3.12660882855198e-05,81
11.527669906616211,0.9673793315887451,-0.6320543885231018,3.134882376798487e-05,81
11.531007766723633,0.9673793315887451,-0.6320543885231018,3.128265632312832e-05,81
11.536012649536133,0.9673793315887451,-0.6320543885231018,3.1272171099772095e-05,81
11.537890434265137,0.9673793315887451,-0.6320543885231018,-3.554083241397166e-05,81
11.540705680847168,0.9673793315887451,-0.6320543885231018,-3.9311027009603094e-05,81
11.544929504394531,0.9673793315887451,-0.6320543885231018,-4.635794867624554e-05,81
11.546513557434082,0.9673793315887451,-0.6320543885231018,-5.0615478635052114e-05,81
11.54888916015625,0.9673793315887451,-0.6320543885231018,-5.656539420328954e-05,81
11.549779891967773,0.9673793315887451,-0.6320543885231018,-6.261921843986329e-05,81
11.551115989685059,0.9673793315887451,-0.6320543885231018,-6.521961012850852e-05,81
11.553120613098145,0.9673793315887451,-0.6320543885231018,-7.033225870145543e-05,81
11.553872108459473,0.9673793315887451,-0.6320543885231018,-7.487747780032805e-05,81
11.555000305175781,0.9673793315887451,-0.6320543885231018,-8.123018636752022e-05,81
11.55542278289795,0.9673793315887451,-0.6320543885231018,-8.768938794645464e-05,81
11.55605697631836,0.9673793315887451,-0.6320543885231018,8.828231314339519e-05,81
11.557008743286133,0.9673793315887451,-0.6320543885231018,9.405879588086918e-05,81
11.557365417480469,0.9673793315887451,-0.6320543885231018,0.00010002737045056165,81
11.557900428771973,0.9673793315887451,-0.6320543885231018,0.0001048850776328436,81
11.558100700378418,0.9673793315887451,-0.6320543885231018,0.00011219770611603508,81
11.558402061462402,0.9673793315887451,-0.6320543885231018,0.00011631553758206792,81
11.558514595031738,0.9673793315887451,-0.6320543885231018,0.00012246120348891054,81
11.558684349060059,0.9673792719841003,-0.6320543885231018,0.00012629180652368177,81
11.558938026428223,0.9673792719841003,-0.6320543885231018,-0.00013284670454538627,81
11.559033393859863,0.9673792719841003,-0.6320543885231018,0.00013929513180244157,81
11.559176445007324,0.9673792719841003,-0.6320543885231018,0.00014368099381556476,81
11.559229850769043,0.9673792719841003,-0.6320543885231018,0.0001502583035630778,81
11.559309959411621,0.9673792719841003,-0.6320543885231018,0.0001543344271013325,81
11.559431076049805,0.9673792719841003,-0.6320543885231018,0.00015988517216669607,81
11.559475898742676,0.9673792719841003,-0.6320543885231018,0.000165633748885341,81
11.55954360961914,0.9673792719841003,-0.6320543885231018,0.00017032065206024072,81
11.559569358825684,0.9673792719841003,-0.6320543885231018,0.0001773617275802053,81
11.55960750579834,0.9673792719841003,-0.6320543885231018,0.0001794130109047387,81
11.559664726257324,0.9673792719841003,-0.6320543885231018,0.00018536163378257697,81
11.559685707092285,0.9673792719841003,-0.6320543885231018,0.00019149614134050807,81
11.559718132019043,0.9673792719841003,-0.6320543885231018,0.00019650675431392983,81
11.559730529785156,0.9673792719841003,-0.6320543885231018,0.0002040360346882153,81
11.559748649597168,0.9673792719841003,-0.6320543885231018,0.000208248322778104,81
11.559755325317383,0.9673792719841003,-0.6320543885231018,0.00021456329769620197,81
11.559764862060547,0.9673792719841003,-0.6320543885231018,0.00021848282215586323,81
11.55978012084961,0.9673792719841003,-0.6320543885231018,0.00022383893794852838,81
11.559785842895508,0.9673792719841003,-0.6320543885231018,0.0002318577499664798,81
11.559794425964355,0.9673792719841003,-0.6320543885231018,0.00023638865391006902,81
11.559798240661621,0.9673792719841003,-0.6320543885231018,0.0002431398353763825,81
11.559803009033203,0.9673792719841003,-0.6320544481277466,0.0002473147583330615,81
11.559809684753418,0.9673792123794556,-0.6320544481277466,0.00025303371973706135,81
11.559812545776367,0.9673792123794556,-0.6320544481277466,0.00025894449898089533,81
11.55981731414795,0.9673792123794556,-0.6320544481277466,0.00026375729230210254,81
11.559818267822266,0.9673792123794556,-0.6320544481277466,0.00027097509572371337,81
11.559821128845215,0.9673792123794556,-0.6320544481277466,0.0002750480023294699,81
11.559822082519531,0.9673792123794556,-0.6320544481277466,0.00028112754834097586,81
11.559823036193848,0.9673792123794556,-0.6320544481277466,0.00028490247003531977,81
11.55982494354248,0.9673792123794556,-0.6320544481277466,0.00029004339694438386,81
11.559825897216797,0.9673792123794556,-0.6320544481277466,0.00029777825224641674,81
11.559826850891113,0.9673792123794556,-0.6320544481277466,0.00030210913283212903,81
11.559826850891113,0.9673792123794556,-0.6320544481277466,0.0003086180493951929,81
11.55982780456543,0.9673792123794556,-0.6320544481277466,0.00031263824303806587,81
11.559828758239746,0.9673792123794556,-0.6320544481277466,0.00031814723335799044,81
11.559828758239746,0.9673792123794556,-0.6320544481277466,0.0003238376961718359,81
11.559829711914062,0.9673792123794556,-0.6320544481277466,0.00032846190855906343,81
11.559829711914062,0.9673792123794556,-0.6320544481277466,0.0003354216015907241,81
11.559829711914062,0.9673792123794556,-0.6320544481277466,0.00033746181497207317,81
11.559830665588379,0.9673792123794556,-0.6320544481277466,0.00034332734968955947,81
11.559830665588379,0.9673792123794556,-0.6320544481277466,0.00034940753415924064,81
11.559830665588379,0.9673792123794556,-0.6320544481277466,0.0003543612230458848,81
11.559830665588379,0.9673792123794556,-0.6320544481277466,0.00036178285384380615,81
11.559830665588379,0.9673792123794556,-0.6320544481277466,0.0003659488219724949,81
11.559830665588379,0.9673792123794556,-0.6320544481277466,0.00037222445336482224,81
11.559831619262695,0.9673792123794556,-0.6320544481277466,0.00037610672320198546,81
11.559831619262695,0.9673791527748108,-0.6320544481277466,0.0003813825132183979,81
11.559831619262695,0.9673791527748108,-0.6320544481277466,0.00038929973363366344,81
11.559831619262695,0.9673791527748108,-0.6320544481277466,0.0003937681532946158,81
11.559831619262695,0.9673791527748108,-0.6320544481277466,0.0004004555270284982,81
11.559831619262695,0.9673791527748108,-0.6320544481277466,0.00040458537931442606,81
11.559831619262695,0.9673791527748108,-0.6320544481277466,0.0004102276720345799,81
11.559831619262695,0.9673791527748108,-0.6320544481277466,0.00041608158887385116,81
11.559831619262695,0.9673791527748108,-0.6320544481277466,0.0004208286547182638,81
11.559831619262695,0.9673791527748108,-0.6320544481277466,0.00042797963760676794,81
11.559831619262695,0.9673791527748108,-0.6320544481277466,0.0004319891131885356,81
11.559831619262695,0.9673791527748108,-0.6320544481277466,0.00043801246173558184,81
11.559831619262695,0.9673791527748108,-0.6320544481277466,0.00044175150927827644,81
11.559831619262695,0.9673791527748108,-0.6320544481277466,0.00044683815762169843,81
11.559831619262695,0.9673791527748108,-0.6320544481277466,0.0004544639955312846,81
11.559831619262695,0.9673791527748108,-0.6320544481277466,0.00045874205846985205,81
11.559831619262695,0.9673791527748108,-0.6320544481277466,0.00046518942007622854,81
11.559831619262695,0.9673791527748108,-0.6320544481277466,0.00046916484514269996,81
11.559831619262695,0.9673791527748108,-0.6320545077323914,0.0004746014213239391,81
11.559831619262695,0.9673791527748108,-0.6320545077323914,0.0004802033666209127,81
11.559831619262695,0.9673791527748108,-0.6320545077323914,0.00048479683791669004,81
11.559831619262695,0.9673791527748108,-0.6320545077323914,0.0004916587765677605,81
11.559831619262695,0.9673791527748108,-0.6320545077323914,0.0004936802205293134,81
11.559831619262695,0.9673791527748108,-0.6320545077323914,0.0004994677759455612,81
11.559831619262695,0.967379093170166,-0.6320545077323914,0.0005054953835283982,81
11.559831619262695,0.967379093170166,-0.6320545077323914,0.0005103910898043296,81
11.559831619262695,0.967379093170166,-0.6320545077323914,0.0005177275897452205,81
11.559831619262695,0.967379093170166,-0.6320545077323914,0.000521849905119609,81
11.559831619262695,0.967379093170166,-0.6320545077323914,0.0005280383684009848,81
11.559831619262695,0.967379093170166,-0.6320545077323914,0.0005318820716340156,81
11.559831619262695,0.967379093170166,-0.6320545077323914,0.000537105261606996,81
11.559831619262695,0.967379093170166,-0.6320545077323914,0.0005449391639729129,81
11.559831619262695,0.967379093170166,-0.6320545077323914,0.0005493538042458113,81
11.559831619262695,0.967379093170166,-0.6320545077323914,0.0005559689175242966,81
11.559831619262695,0.967379093170166,-0.6320545077323914,0.000560056247564944,81
11.559831619262695,0.967379093170166,-0.6320545077323914,0.0005656363778072659,81
11.559831619262695,0.967379093170166,-0.6320545077323914,0.0005713945728729186,81
11.559831619262695,0.967379093170166,-0.6320545077323914,0.0005761156667034584,81
11.559831619262695,0.967379093170166,-0.6320545077323914,0.0005831669266811446,81
11.559831619262695,0.967379093170166,-0.6320545077323914,0.0005852376581785279,81
11.559831619262695,0.967379093170166,-0.6320545077323914,0.000591211822161597,81
11.559831619262695,0.967379093170166,-0.6320545077323914,0.0005968686231625497,81
11.559831619262695,0.967379093170166,-0.6320545077323914,0.0006018916865428992,81
11.559831619262695,0.967379093170166,-0.6320545077323914,0.000609421028357815,81
11.559831619262695,0.967379093170166,-0.6320545077323914,0.0006136707414725606,81
11.559831619262695,0.967379093170166,-0.6320545077323914,0.0006200195293928346,81
11.559831619262695,0.967379093170166,-0.6320545077323914,0.0006239605181690422,81
11.559831619262695,0.9673790335655212,-0.6320545077323914,0.0006293207304679527,81
11.559831619262695,0.9673790335655212,-0.6320545077323914,0.0006348660489834401,81
11.559831619262695,0.9673790335655212,-0.6320545077323914,0.0006393983928489888,81
11.559831619262695,0.9673790335655212,-0.6320545077323914,0.0006461806161723871,81
11.559831619262695,0.9673790335655212,-0.6320545077323914,0.0006503824588435236,81
11.559831619262695,0.9673790335655212,-0.6320545077323914,0.000656109491401935,81
11.559831619262695,0.9673790335655212,-0.6320545077323914,0.0006620412676312526,81
11.559831619262695,0.9673790335655212,-0.6320545077323914,0.0006668894171610873,81
11.559831619262695,0.9673790335655212,-0.6320545077323914,0.0006741301777992703,81
11.559831619262695,0.9673790335655212,-0.6320545077323914,0.0006782092910810888,81
11.559831619262695,0.9673790335655212,-0.6320545077323914,0.0006843251836414765,81
11.559831619262695,0.9673790335655212,-0.6320545077323914,0.0006881196079433494,81
11.559831619262695,0.9673790335655212,-0.6320545077323914,0.000693285949310507,81
11.559831619262695,0.9673790335655212,-0.6320545673370361,0.0007010234436819474,81
11.559831619262695,0.9673790335655212,-0.6320545673370361,0.0007053739433615647,81
11.559831619262695,0.9673790335655212,-0.6320545673370361,0.0007119178539625182,81
11.559831619262695,0.9673790335655212,-0.6320545673370361,0.0007159501021050119,81
11.559831619262695,0.9673790335655212,-0.6320545673370361,0.0007214617636748244,81
11.559831619262695,0.9673790335655212,-0.6320545673370361,0.0007271750610584604,81
11.559831619262695,0.9673790335655212,-0.6320545673370361,0.000731821068058025,81
11.559831619262695,0.9673790335655212,-0.6320545673370361,0.0007387954645423633,81
11.559831619262695,0.9673790335655212,-0.6320545673370361,0.0007408584632742077,81
11.559831619262695,0.9673790335655212,-0.6320545673370361,0.0007467297171501741,81
11.559831619262695,0.9673790335655212,-0.6320545673370361,0.0007528165740922077,81
11.559831619262695,0.9673789739608765,-0.6320545673370361,0.0007577910705407476,81
11.559831619262695,0.9673789739608765,-0.6320545673370361,0.0007652518127940766,81
11.559831619262695,0.9673789739608765,-0.6320545673370361,0.000769444605168701,81
11.559831619262695,0.9673789739608765,-0.6320545673370361,0.0007757147968163736,81
11.559831619262695,0.9673789739608765,-0.6320545673370361,0.0007796177801964177,81
11.559831619262695,0.9673789739608765,-0.6320545673370361,0.0007848995937678183,81
11.559831619262695,0.9673789739608765,-0.6320545673370361,0.0007928804349432994,81
11.559831619262695,0.9673789739608765,-0.6320545673370361,0.0007973439925166304,81
11.559831619262695,0.9673789739608765,-0.6320545673370361,0.000804073891202961,81
11.559831619262695,0.9673789739608765,-0.6320545673370361,0.0008082096340444878,81
11.559831619262695,0.9673789739608765,-0.6320545673370361,0.0008138906511732102,81
11.559831619262695,0.9673789739608765,-0.6320545673370361,0.0008197521569996979,81
11.559831619262695,0.9673789739608765,-0.6320545673370361,0.0008245255225887149,81
11.559831619262695,0.9673789739608765,-0.6320545673370361,0.0008317121647678505,81
11.559831619262695,0.9673789739608765,-0.6320545673370361,0.0008357171072219671,81
11.559831619262695,0.9673789739608765,-0.6320545673370361,0.0008417810092709033,81
11.559831619262695,0.9673789739608765,-0.6320545673370361,0.0008455062887691156,81
11.559831619262695,0.9673789739608765,-0.6320545673370361,0.0008506292783607705,81
11.559831619262695,0.9673789739608765,-0.6320545673370361,0.0008582678762536489,81
11.559831619262695,0.9673789739608765,-0.6320545673370361,0.0008625899944263438,81
11.559831619262695,0.9673789739608765,-0.6320545673370361,0.000869049905617203,81
11.559831619262695,0.9673789739608765,-0.6320545673370361,0.0008730545391131272,81
11.559831619262695,0.9673789739608765,-0.6320545673370361,0.0008784930816432279,81
11.559831619262695,0.9673789739608765,-0.6320545673370361,0.0008841229011693486,81
11.559831619262695,0.9673789143562317,-0.6320545673370361,0.0008887220429727449,81
11.559831619262695,0.9673789143562317,-0.6320545673370361,0.0008956275025582272,81
11.559831619262695,0.9673789143562317,-0.6320545673370361,0.0008999113837404593,81
11.559831619262695,0.9673789143562317,-0.6320545673370361,0.0009057019256033527,81
11.559831619262695,0.9673789143562317,-0.6320545673370361,0.0009117320921632199,81
11.559831619262695,0.9673789143562317,-0.6320545673370361,0.0009166514139167248,81
11.559831619262695,0.9673789143562317,-0.6320545673370361,0.0009240287176197626,81
11.559831619262695,0.9673789143562317,-0.6320546269416809,0.0009281628720714252,81
11.559831619262695,0.9673789143562317,-0.6320546269416809,0.0009343824613523566,81
11.559831619262695,0.9673789143562317,-0.6320546269416809,0.0009382082034505856,81
11.559831619262695,0.9673789143562317,-0.6320546269416809,0.0009434570882689286,81
11.559831619262695,0.9673789143562317,-0.6320546269416809,0.0009513365475299906,81
11.559831619262695,0.9673789143562317,-0.6320546269416809,0.0009580936559103748,81
11.559831619262695,0.9673789143562317,-0.6320546269416809,0.000962285538037122,81
11.559831619262695,0.9673789143562317,-0.6320546269416809,0.0009664918508462961,81
11.559831619262695,0.9673789143562317,-0.6320546269416809,-0.00011330103728823815,81
11.559831619262695,0.9673789143562317,-0.6320546269416809,nan,nan
