Intel Core i3-12100F
Windows 10 Enterprise, 19045
2023, 183150
DDR5, 4800 MHz
#MNA
0.0,0.0,0.0,-5.07469621879864e-11,0
0.0299999993294477,0.0299999993294477,-0.0373754724860191,1.08030917544966e-10,0
0.0599999986588955,0.0599999986588955,-0.0747509449720383,1.64448010764318e-10,0
0.0900000035762787,0.0900000035762787,-0.112126417458057,2.19984030991327e-10,0
0.119999997317791,0.119999997317791,-0.149501889944077,2.75122147286311e-10,0
0.150000005960464,0.150000005960464,-0.186877369880676,3.27531779475976e-10,0
0.180000007152557,0.180000007152557,-0.224252834916115,3.88922671845648e-10,0
0.209999993443489,0.209999993443489,-0.261628299951553,4.37694325228222e-10,0
0.239999994635582,0.239999994635582,-0.299003779888153,4.90217644255608e-10,0
0.270000010728836,0.270000010728836,-0.336379259824753,5.51381162949838e-10,0
0.300000011920929,0.300000011920929,-0.373754739761353,6.00039129494689e-10,0
0.330000013113022,0.330000013113022,-0.411130219697952,6.52335074846633e-10,0
0.360000014305115,0.360000014305115,-0.44850566983223,6.95536073180847e-10,0
0.389999985694885,0.389999985694885,-0.485881149768829,7.42829797673039e-10,0
0.419999986886978,0.419999986886978,-0.523256599903107,8.0126483226195e-10,0
0.449999988079071,0.449999988079071,-0.560632109642029,8.59245119499974e-10,0
0.479999989271164,0.479999989271164,-0.598007559776306,9.09267328097485e-10,0
0.509999990463257,0.509999990463257,-0.635383069515228,9.63154889177531e-10,0
0.540000021457672,0.540000021457672,-0.672758519649506,1.0145413398277e-09,0
0.569999992847443,0.569999992847443,-0.710133969783783,1.05728759081103e-09,0
0.600000023841858,0.600000023841858,-0.747509479522705,1.1118572729174e-09,0
0.629999995231628,0.629999995231628,-0.784884929656982,1.16096998681314e-09,0
0.660000026226044,0.660000026226044,-0.822260439395905,1.19734977488406e-09,0
0.689999997615814,0.689999997615814,-0.859635889530182,1.24009602586739e-09,0
0.720000028610229,0.720000028610229,-0.897011339664459,1.28829924506135e-09,0
0.75,0.75,-0.934386849403381,1.3437784218695e-09,0
0.779999971389771,0.779999971389771,-0.971762299537659,6.65899557716898e-11,0
0.810000002384186,0.809970498085022,-1.00912046432495,-9.20595084608067e-08,0
0.839999973773956,0.83989417552948,-1.04644978046417,-7.15767782821786e-08,0
0.870000004768372,0.86981737613678,-1.08377873897552,6.69388100504875e-10,0
0.899999976158142,0.899734497070312,-1.12110841274261,-4.67697964268154e-06,0
0.930000007152557,0.929206728935242,-1.15825700759888,0.0005631894855469,0
0.959999978542328,0.957803249359131,-1.19503247737885,2.63283300228068e-06,0
0.990000009536743,0.982321918010712,-1.22902619838715,-0.0315452822906082,0
0.997500002384186,0.986623823642731,-1.23604381084442,-0.0533195388925378,0
1.00874996185303,0.990476787090302,-1.24409902095795,-0.284154029802266,0
1.02562499046326,0.993758738040924,-1.25418388843536,0.00728539945157536,0
1.0509375333786,0.996022880077362,-1.26685762405396,-0.00447118280771974,0
1.08093750476837,0.997409701347351,-1.28125929832458,-0.0106519201408446,0
1.11093747615814,0.998201429843903,-1.29571640491486,0.0180171475190036,0
1.14093744754791,0.99857497215271,-1.30964803695679,-0.0143073370581988,0
1.17093753814697,0.998847961425781,-1.32403147220612,-0.0022198423566806,0
1.20093750953674,0.999059438705444,-1.33910810947418,-0.026791857016633,0
1.23093748092651,0.999221444129944,-1.35475611686707,0.226961208351895,0
1.26093745231628,0.999341487884521,-1.37071895599365,0.00161311122928964,0
1.29093754291534,0.999417781829834,-1.38685822486877,-0.000535714802026632,0
1.32093751430511,0.999484002590179,-1.4035816192627,-0.00423827219856321,0
1.35093748569489,0.999544739723206,-1.42040050029755,-0.000659616025131982,0
1.38093745708466,0.99959123134613,-1.43773758411407,0.00249221194508209,0
1.41093754768372,0.999631881713867,-1.45512139797211,-3.50167729266104e-05,0
1.44093751907349,0.999667227268219,-1.47321343421936,-1.42433050314139e-05,0
1.47093749046326,0.999700605869293,-1.49195086956024,-0.000186930415111419,0
1.50093746185303,0.999728918075562,-1.51110827922821,0.00167162383922914,0
1.50843751430511,0.999735891819,-1.51543831825256,-0.00166158418687701,0
1.51593744754791,0.99974262714386,-1.5197616815567,-0.00165514433319913,0
1.5234375,0.999749302864075,-1.52408480644226,-0.00164646482107855,0
1.53093755245209,0.999755859375,-1.52841079235077,0.00186652900219997,0
1.53843748569489,0.999761760234833,-1.53290557861328,0.00179724239796997,0
1.54593753814697,0.999767780303955,-1.53736996650696,0.00178583804290611,0
1.55343747138977,0.999773740768433,-1.54182052612305,0.00178835257293031,0
1.56093752384186,0.999779641628265,-1.54627788066864,0.00178656024854718,0
1.56843745708466,0.999785482883453,-1.55073702335358,2.23275231636677e-10,0
1.56890630722046,0.972887992858887,-1.51722681522369,-2.28432273097212e-10,0
1.56937503814697,0.972770750522614,-1.51708090305328,-2.56978244239647e-10,0
1.57007813453674,0.972594976425171,-1.51686191558838,-2.78750855731147e-10,0
1.5711327791214,0.972331345081329,-1.51653337478638,3.16774079189841e-10,0
1.57271480560303,0.9719358086586,-1.51604068279266,-2.95473562283988e-10,0
1.57508790493011,0.97134256362915,-1.51530146598816,2.94343046464141e-10,0
1.5786474943161,0.970452666282654,-1.51419281959534,-3.03160246906131e-10,0
1.58398675918579,0.969117820262909,-1.5125298500061,3.11123682372738e-10,0
1.59199583530426,0.967115581035614,-1.51003527641296,3.68633526481865e-10,0
1.60400938987732,0.964112162590027,-1.50629353523254,-3.23805954272061e-10,0
1.62202978134155,0.959607124328613,-1.50068092346191,3.1942140599206e-10,0
1.64906024932861,0.952849447727203,-1.49226188659668,3.54337642560765e-10,0
1.67906022071838,0.945349454879761,-1.48291802406311,4.1539571782323e-10,0
1.70906019210815,0.937849462032318,-1.47357416152954,4.25372209678088e-10,0
1.73906016349792,0.930349469184875,-1.46423029899597,-4.31881558293767e-10,0
1.76906025409698,0.922849476337433,-1.4548864364624,-4.89495138866758e-10,0
1.79906022548676,0.91534948348999,-1.44554257392883,-5.72981634361369e-10,0
1.82906019687653,0.907849490642548,-1.43619871139526,-6.69168886968663e-10,0
1.8590601682663,0.900349497795105,-1.42685484886169,-7.71156138945628e-10,0
1.88906025886536,0.892849504947662,-1.41751098632812,-8.41351321945183e-10,0
1.91906023025513,0.885349452495575,-1.40816712379456,-8.2120410471731e-10,0
1.9490602016449,0.877849459648132,-1.39882326126099,-9.38502331404578e-10,0
1.97906017303467,0.87034946680069,-1.38947939872742,-9.95873994380503e-10,0
2.00906014442444,0.862849473953247,-1.38013553619385,-1.11406983638318e-09,0
2.03906011581421,0.855349481105804,-1.37079167366028,-1.20937682090982e-09,0
2.06906032562256,0.847849488258362,-1.36144781112671,-1.27533350546827e-09,0
2.09906029701233,0.840349495410919,-1.35210394859314,-1.30938548892345e-09,0
2.1290602684021,0.832849502563477,-1.34276008605957,-1.33074290475932e-09,0
2.15906023979187,0.825349450111389,-1.33341610431671,-1.38142086658632e-09,0
2.18906021118164,0.817849457263947,-1.32407224178314,-1.60468921484025e-09,0
2.21906018257141,0.810349464416504,-1.31472837924957,-1.50551610067495e-09,0
2.24906015396118,0.802849471569061,-1.305384516716,-1.73229436351008e-09,0
2.27906012535095,0.795349478721619,-1.29604065418243,-1.71146519178933e-09,0
2.30906009674072,0.787849485874176,-1.28669679164886,-1.84132514791102e-09,0
2.33906030654907,0.780349493026733,-1.2773529291153,-1.88280763202542e-09,0
2.36906027793884,0.772849500179291,-1.26800906658173,-1.96150773401627e-09,0
2.39906024932861,0.765349447727203,-1.25866520404816,-1.95497990018723e-09,0
2.42906022071838,0.757849454879761,-1.24932134151459,-2.02163041862491e-09,0
2.45906019210815,0.750349462032318,-1.23997747898102,-2.12629946982901e-09,0
2.48906016349792,0.742849469184875,-1.23063361644745,-2.26119017954218e-09,0
2.5190601348877,0.735349476337433,-1.22128975391388,-2.24298912776533e-09,0
2.54906010627747,0.72784948348999,-1.21194589138031,-2.37951636172795e-09,0
2.57906031608582,0.720349490642548,-1.20260202884674,-2.45978731827634e-09,0
2.60906028747559,0.712849497795105,-1.19325816631317,-2.44141978855694e-09,0
2.63906025886536,0.705349504947662,-1.1839143037796,-2.54094062457355e-09,0
2.66906023025513,0.697849452495575,-1.17457044124603,-2.60591243028685e-09,0
2.6990602016449,0.690349459648132,-1.16522657871246,-2.77215150834564e-09,0
2.72906017303467,0.68284946680069,-1.15588271617889,-2.78578421442077e-09,0
2.75906014442444,0.675349473953247,-1.14653885364532,-2.86340562372089e-09,0
2.78906011581421,0.667849481105804,-1.13719487190247,-2.88222778976888e-09,0
2.81906032562256,0.660349488258362,-1.1278510093689,-3.05062214378538e-09,0
2.84906029701233,0.652849495410919,-1.11850714683533,-3.09300079992525e-09,0
2.8790602684021,0.645349502563477,-1.10916328430176,-3.12004833080692e-09,0
2.90906023979187,0.637849450111389,-1.09981942176819,-3.19848059149308e-09,0
2.93906021118164,0.630349457263947,-1.09047555923462,-3.27863686200303e-09,0
2.96906018257141,0.622849464416504,-1.08113169670105,-3.41134070991345e-09,0
2.99906015396118,0.615349471569061,-1.07178783416748,-3.34085425990338e-09,0
3.02906012535095,0.607849478721619,-1.06244397163391,-3.49853424008728e-09,0
3.05906009674072,0.600349485874176,-1.05310010910034,-3.54926577017523e-09,0
3.08906030654907,0.592849493026733,-1.04375624656677,-3.68348768153837e-09,0
3.11906027793884,0.585349500179291,-1.0344123840332,-3.66090979753153e-09,0
3.14906024932861,0.577849447727203,-1.02506852149963,-3.74186187590553e-09,0
3.17906022071838,0.570349454879761,-1.01572465896606,-3.80609821437616e-09,0
3.20906019210815,0.562849462032318,-1.0063807964325,-3.93093929629273e-09,0
3.23906016349792,0.555349469184875,-0.997036874294281,-3.96396343527172e-09,0
3.2690601348877,0.547849476337433,-0.987693011760712,-4.02398608878585e-09,0
3.29906010627747,0.54034948348999,-0.978349149227142,-4.18264994861417e-09,0
3.32906031608582,0.532849490642548,-0.969005286693573,-4.17019552223508e-09,0
3.35906028747559,0.525349497795105,-0.959661424160004,-4.24372043061894e-09,0
3.38906025886536,0.517849504947662,-0.950317561626434,-4.31544239232196e-09,0
3.41906023025513,0.510349452495575,-0.940973699092865,-4.40318315142463e-09,0
3.4490602016449,0.502849459648132,-0.931629836559296,-4.44297976187613e-09,0
3.47906017303467,0.49534946680069,-0.922285974025726,-4.4601987103654e-09,0
3.50906014442444,0.487849473953247,-0.912942111492157,-4.51864118344858e-09,0
3.53906011581421,0.480349481105804,-0.903598189353943,-4.55662957365988e-09,0
3.56906032562256,0.472849488258362,-0.894254326820374,-4.69004013403662e-09,0
3.59906029701233,0.465349465608597,-0.884910464286804,-4.7105075395848e-09,0
3.6290602684021,0.457849472761154,-0.875566601753235,-4.84213524831745e-09,0
3.65906023979187,0.450349479913712,-0.866222739219666,-4.97544533351046e-09,0
3.68906021118164,0.442849487066269,-0.856878876686096,-5.07452874165537e-09,0
3.71906018257141,0.435349464416504,-0.847535014152527,-5.01267166663766e-09,0
3.74906015396118,0.427849471569061,-0.838191151618958,-5.09280079219465e-09,0
3.77906012535095,0.420349478721619,-0.828847289085388,-5.13923686940032e-09,0
3.80906009674072,0.412849485874176,-0.819503426551819,-5.27251087234504e-09,0
3.83906030654907,0.405349463224411,-0.81015956401825,-5.32148919374364e-09,0
3.86906027793884,0.397849470376968,-0.800815641880035,-5.33453758944091e-09,0
3.89906024932861,0.390349477529526,-0.791471779346466,-5.47347683843569e-09,0
3.92906022071838,0.382849484682083,-0.782127916812897,-5.52703788292419e-09,0
3.95906019210815,0.375349462032318,-0.772784054279327,-5.57515422716648e-09,0
3.98906016349792,0.367849469184875,-0.763440191745758,-5.73271413673027e-09,0
4.0190601348877,0.360349476337433,-0.754096329212189,-5.73893593758257e-09,0
4.04906034469604,0.35284948348999,-0.744752466678619,-5.77699993398184e-09,0
4.07906007766724,0.345349460840225,-0.73540860414505,-5.90357995822188e-09,0
4.10906028747559,0.337849467992783,-0.726064741611481,-5.98046251409912e-09,0
4.13906002044678,0.33034947514534,-0.716720879077911,-5.93108606672388e-09,0
4.16906023025513,0.322849482297897,-0.707376956939697,-6.08205502627968e-09,0
4.19906044006348,0.315349489450455,-0.698033094406128,-6.1168006215695e-09,0
4.22906017303467,0.30784946680069,-0.688689231872559,-6.10696343494865e-09,0
4.25906038284302,0.300349473953247,-0.679345369338989,-6.16201495384772e-09,0
4.28906011581421,0.292849481105804,-0.67000150680542,-6.13101891477896e-09,0
4.31906032562256,0.285349488258362,-0.660657644271851,-6.29203189550509e-09,0
4.34906005859375,0.277849465608597,-0.651313781738281,-6.32268826183946e-09,0
4.3790602684021,0.270349472761154,-0.641969919204712,-6.46266751225255e-09,0
4.40906000137329,0.262849479913712,-0.632626056671143,-6.5436421836651e-09,0
4.43906021118164,0.255349487066269,-0.623282194137573,-6.58784632401321e-09,0
4.46906042098999,0.247849479317665,-0.613938271999359,-6.5863715037473e-09,0
4.49906015396118,0.240349471569061,-0.60459440946579,-6.51738180090788e-09,0
4.52906036376953,0.232849478721619,-0.59525054693222,-6.63216798146848e-09,0
4.55906009674072,0.225349470973015,-0.585906684398651,-6.74013711510213e-09,0
4.58906030654907,0.217849478125572,-0.576562821865082,-6.74804523370653e-09,0
4.61906003952026,0.210349470376968,-0.567218959331512,-6.769979521426e-09,0
4.64906024932861,0.202849477529526,-0.557875096797943,-6.91775903227665e-09,0
4.6790599822998,0.195349469780922,-0.548531234264374,-6.92803664437136e-09,0
4.70906019210815,0.187849476933479,-0.539187371730804,-6.90128842961713e-09,0
4.7390604019165,0.180349469184875,-0.529843509197235,-6.87191087367367e-09,0
4.7690601348877,0.172849476337433,-0.520499646663666,-6.97810031979884e-09,0
4.79906034469604,0.165349468588829,-0.511155724525452,-7.05908737019811e-09,0
4.82906007766724,0.157849475741386,-0.501811861991882,-7.23682813674742e-09,0
4.85906028747559,0.150349482893944,-0.492467999458313,-7.2816910279272e-09,0
4.88906002044678,0.14284947514534,-0.483124136924744,-7.33579708089849e-09,0
4.91906023025513,0.135349482297897,-0.473780274391174,-7.4538570871141e-09,0
4.94906044006348,0.127849474549294,-0.464436411857605,-7.39664929305661e-09,0
4.97906017303467,0.12034947425127,-0.455092549324036,-7.52070716814046e-09,0
5.00906038284302,0.112849473953247,-0.445748656988144,-7.57211515711731e-09,0
5.03906011581421,0.105349473655224,-0.436404794454575,-7.71628150264547e-09,0
5.06906032562256,0.0978494733572006,-0.427060931921005,-7.79480480161965e-09,0
5.09906005859375,0.0903494730591774,-0.417717069387436,-7.74331376796056e-09,0
5.1290602684021,0.0828494727611542,-0.408373206853867,-7.76298125781949e-09,0
5.15906000137329,0.075349472463131,-0.399029314517975,-7.76737263397109e-09,0
5.18906021118164,0.0678494721651077,-0.389685451984406,-7.7251691710245e-09,0
5.21906042098999,0.0603494755923748,-0.380341589450836,-7.70013242057388e-09,0
5.24906015396118,0.0528494752943516,-0.370997726917267,-7.71455088699469e-09,0
5.27906036376953,0.0453494749963284,-0.361653864383698,-7.66375696237276e-09,0
5.30906009674072,0.0378494746983051,-0.352309972047806,-7.6912964885878e-09,0
5.33906030654907,0.0303494762629271,-0.342966109514236,-7.57965390452142e-09,0
5.36906003952026,0.0228494759649038,-0.333622246980667,-7.58335794159848e-09,0
5.39906024932861,0.0153494756668806,-0.324278384447098,-7.60428553459036e-09,0
5.4290599822998,0.00784947536885738,-0.314934521913528,-7.61189855591482e-09,0
5.45906019210815,0.000349475565599278,-0.305590659379959,-7.58507057163627e-09,0
5.4890604019165,-0.00715052429586649,-0.296246767044067,-7.60228024976328e-09,0
5.5190601348877,-0.0146505245938897,-0.286902904510498,-7.54145523806926e-09,0
5.54906034469604,-0.0221505239605904,-0.277559041976929,-7.54383933099234e-09,0
5.57906007766724,-0.0296505242586136,-0.268215179443359,-7.4880133205113e-09,0
5.60906028747559,-0.0371505245566368,-0.25887131690979,-7.46462625045297e-09,0
5.63906002044678,-0.04465052485466,-0.24952743947506,-7.47734874018136e-09,0
5.66906023025513,-0.0521505251526833,-0.240183562040329,-7.45272354940596e-09,0
5.69906044006348,-0.0596505254507065,-0.23083969950676,-7.43517170054275e-09,0
5.72906017303467,-0.0671505257487297,-0.22149583697319,-7.37883876222867e-09,0
5.75906038284302,-0.0746505260467529,-0.21215195953846,-7.34926197676344e-09,0
5.78906011581421,-0.0821505263447762,-0.20280809700489,-7.39561101248398e-09,0
5.81906032562256,-0.0896505266427994,-0.19346421957016,-7.3881503137585e-09,0
5.84906005859375,-0.0971505269408226,-0.184120357036591,-7.33318306078701e-09,0
5.8790602684021,-0.104650527238846,-0.174776494503021,-7.28839022468009e-09,0
5.90906000137329,-0.112150527536869,-0.165432617068291,-7.36450922467213e-09,0
5.93906021118164,-0.119650527834892,-0.156088754534721,-7.27356397334233e-09,0
5.96906042098999,-0.127150520682335,-0.146744877099991,-7.2931246597463e-09,0
5.99906015396118,-0.134650528430939,-0.137401014566422,-7.33585436840656e-09,0
6.02906036376953,-0.142150521278381,-0.128057152032852,-7.29403271115814e-09,0
6.05906009674072,-0.149650529026985,-0.118713282048702,-7.27126803212741e-09,0
6.08906030654907,-0.157150521874428,-0.109369412064552,-7.26238880144336e-09,0
6.11906003952026,-0.164650529623032,-0.100025542080402,-7.25913118504451e-09,0
6.14906024932861,-0.172150522470474,-0.0906816720962524,-7.17404324834803e-09,0
6.1790599822998,-0.179650530219078,-0.0813378021121025,-7.28089533108545e-09,0
6.20906019210815,-0.187150523066521,-0.0719939395785332,-7.19274062532804e-09,0
6.2390604019165,-0.194650530815125,-0.0626500695943832,-7.25250748345729e-09,0
6.2690601348877,-0.202150523662567,-0.0533061996102333,-7.1844656890363e-09,0
6.29906034469604,-0.209650531411171,-0.0439623333513737,-7.13996073375966e-09,0
6.32906007766724,-0.217150524258614,-0.0346184633672237,-7.13531500551312e-09,0
6.35906028747559,-0.224650517106056,-0.025274595245719,-7.17722270504595e-09,0
6.38906002044678,-0.23215052485466,-0.0159307271242142,-7.11699976729818e-09,0
6.41906023025513,-0.239650517702103,-0.0065868585370481,-7.09979552926399e-09,0
6.44906044006348,-0.247150525450706,0.00275700981728733,-7.10438752271614e-09,0
6.47906017303467,-0.25465053319931,0.0121008781716228,-7.05441582926625e-09,0
6.50906038284302,-0.262150526046753,0.0214447472244501,-7.0796432050102e-09,0
6.53906011581421,-0.269650518894196,0.0307886153459549,-7.07616054640425e-09,0
6.56906032562256,-0.277150511741638,0.0401324816048145,-7.08446012964714e-09,0
6.59906005859375,-0.284650534391403,0.0494763515889645,-7.07552971768166e-09,0
6.6290602684021,-0.292150527238846,0.0588202215731144,-7.07853353709709e-09,0
6.65906000137329,-0.299650520086288,0.068164087831974,-7.06753888746192e-09,0
6.68906021118164,-0.307150512933731,0.077507957816124,-7.05515568188986e-09,0
6.71906042098999,-0.314650535583496,0.0868518278002739,-7.049670736059e-09,0
6.74906015396118,-0.322150528430939,0.0961956903338432,-7.03708102900436e-09,0
6.77906036376953,-0.329650521278381,0.105539560317993,-7.04110836302618e-09,0
6.80906009674072,-0.337150514125824,0.114883430302143,-7.03392533107916e-09,0
6.83906030654907,-0.344650536775589,0.124227300286293,-7.02019387066599e-09,0
6.86906003952026,-0.352150529623032,0.133571162819862,-7.00040125867218e-09,0
6.89906024932861,-0.359650522470474,0.142915040254593,-7.03952485192616e-09,0
6.9290599822998,-0.367150515317917,0.152258902788162,-7.0189092316042e-09,0
6.95906019210815,-0.374650537967682,0.161602765321732,-7.00018132349101e-09,0
6.9890604019165,-0.382150530815125,0.170946642756462,-7.00480717874541e-09,0
7.0190601348877,-0.389650523662567,0.180290505290031,-6.9629316756803e-09,0
7.04906034469604,-0.39715051651001,0.189634382724762,-6.96541990752308e-09,0
7.07906007766724,-0.404650539159775,0.198978245258331,-6.9051602213932e-09,0
7.10906028747559,-0.412150532007217,0.208322107791901,-6.93365276305258e-09,0
7.13906002044678,-0.41965052485466,0.217665985226631,-6.90337820241638e-09,0
7.16906023025513,-0.427150517702103,0.227009847760201,-6.89093759831394e-09,0
7.19906044006348,-0.434650510549545,0.236353725194931,-6.82185341549513e-09,0
7.22906017303467,-0.44215053319931,0.2456975877285,-6.83941447920944e-09,0
7.25906038284302,-0.449650526046753,0.25504145026207,-6.81608414154766e-09,0
7.28906011581421,-0.457150518894196,0.264385312795639,-6.87030099477681e-09,0
7.31906032562256,-0.464650511741638,0.273729205131531,-6.87277201816272e-09,0
7.34906005859375,-0.472150534391403,0.2830730676651,-6.82393253015334e-09,0
7.3790602684021,-0.479650527238846,0.292416930198669,-6.80821343745919e-09,0
7.40906000137329,-0.487150520086288,0.301760792732239,-6.77235834078971e-09,0
7.43906021118164,-0.494650512933731,0.311104655265808,-6.78960787592331e-09,0
7.46906042098999,-0.502150535583496,0.3204485476017,-6.73321443045438e-09,0
7.49906015396118,-0.509650528430939,0.329792410135269,-6.76336631144636e-09,0
7.52906036376953,-0.517150521278381,0.339136272668839,-6.7332963649136e-09,0
7.55906009674072,-0.524650514125824,0.348480135202408,-6.68811916959555e-09,0
7.58906030654907,-0.532150506973267,0.357823997735977,-6.6914799257134e-09,0
7.61906003952026,-0.539650499820709,0.367167860269547,-6.70141198089169e-09,0
7.64906024932861,-0.547150552272797,0.376511752605438,-6.64700450236921e-09,0
7.6790599822998,-0.554650545120239,0.385855615139008,-6.64964616703401e-09,0
7.70906019210815,-0.562150537967682,0.395199477672577,-6.62021693020876e-09,0
7.7390604019165,-0.569650530815125,0.404543340206146,-6.60537002872275e-09,0
7.7690601348877,-0.577150523662567,0.413887202739716,-6.57874310583395e-09,0
7.79906034469604,-0.58465051651001,0.423231095075607,-1.24327925732359e-09,0
7.82906007766724,-0.59213787317276,0.432567536830902,-8.8789875007933e-08,0
7.85906028747559,-0.599620282649994,0.441900759935379,-9.72095222095959e-08,0
7.88906002044678,-0.607102632522583,0.451233983039856,-1.05612343759276e-07,0
7.91906023025513,-0.614584982395172,0.460567146539688,-1.14126123662572e-07,0
7.94906044006348,-0.622067213058472,0.469900280237198,-1.22726760309888e-07,0
7.97906017303467,-0.629549443721771,0.479233384132385,-1.31387878354872e-07,0
8.00905990600586,-0.637031614780426,0.48856645822525,-1.40091742650839e-07,0
8.03906059265137,-0.644513726234436,0.49789947271347,-1.48812432598788e-07,0
8.06906032562256,-0.651995778083801,0.507232487201691,-1.5752902982058e-07,0
8.09906005859375,-0.659477770328522,0.516565501689911,-1.66219706443371e-07,0
8.12905979156494,-0.666959702968597,0.525898396968842,-1.74866272573126e-07,0
8.15906047821045,-0.674441635608673,0.535231351852417,-1.83451447810512e-07,0
8.18906021118164,-0.681923508644104,0.544564247131348,-1.91952494787984e-07,0
8.21905994415283,-0.68940532207489,0.553897082805634,-2.00354861590313e-07,0
8.24906063079834,-0.696887075901031,0.563229918479919,-2.08639448828762e-07,0
8.27906036376953,-0.704368829727173,0.572562754154205,-2.16795342566911e-07,0
8.30906009674072,-0.711850464344025,0.581895530223846,-2.24805717152776e-07,0
8.33905982971191,-0.719332158565521,0.591228246688843,-2.32654656429077e-07,0
8.36906051635742,-0.726813733577728,0.600560963153839,-2.40332610701444e-07,0
8.39906024932861,-0.734295308589935,0.609893679618835,-2.47825028054649e-07,0
8.4290599822998,-0.741776823997498,0.619226336479187,-2.5512554202578e-07,0
8.45906066894531,-0.749258279800415,0.628558993339539,-nan(ind),-nan(ind)
#GNA1
0.0,0.0,0.0,-7.11495196092926e-07,0
0.00999999977648258,0.00999870803207159,-0.00602932786568999,-6.19404074697627e-07,0
0.0199999995529652,0.0199948027729988,-0.0120574794709682,-6.19976855631421e-07,0
0.0299999993294477,0.0299882497638464,-0.0180844403803349,-6.99467939568876e-07,0
0.0399999991059303,0.0399790070950985,-0.0241101942956448,-6.92274667812853e-07,0
0.0500000007450581,0.0499670431017876,-0.0301347244530916,-7.60538558353119e-07,0
0.0599999986588955,0.0599523074924946,-0.0361580140888691,-6.67211061511352e-07,0
0.0700000002980232,0.0699347704648972,-0.0421800464391708,-7.00811341403096e-07,0
0.0799999982118607,0.0799143761396408,-0.0482008047401905,-7.47875375850526e-07,0
0.0900000035762787,0.0898910835385323,-0.0542202703654766,-7.33359584614846e-07,0
0.100000001490116,0.0998648554086685,-0.0602384246885777,-7.16857449845065e-07,0
0.109999999403954,0.109835632145405,-0.0662552416324615,-7.15976057108492e-07,0
0.119999997317791,0.119803369045258,-0.0722707062959671,-6.51567788167995e-07,0
0.129999995231628,0.129768013954163,-0.0782848000526428,-7.38027367219729e-07,0
0.140000000596046,0.139729514718056,-0.0842974856495857,-6.85378807929737e-07,0
0.150000005960464,0.149687796831131,-0.0903087630867958,-6.78215769767121e-07,0
0.159999996423721,0.159642830491066,-0.0963185876607895,-7.09828682943225e-07,0
0.170000001788139,0.169594541192055,-0.102326937019825,-6.17290467630482e-07,0
0.180000007152557,0.179542854428291,-0.108333796262741,-6.30943517876403e-07,0
0.189999997615814,0.189487725496292,-0.114339120686054,6.69432210997911e-07,0
0.200000002980232,0.19942906498909,-0.120342895388603,6.18182241396426e-07,0
0.209999993443489,0.20936681330204,-0.126345083117485,5.87479917157907e-07,0
0.219999998807907,0.219300895929337,-0.132345661520958,6.56016993616504e-07,0
0.230000004172325,0.229231223464012,-0.138344570994377,6.71728230372537e-07,0
0.239999994635582,0.2391577064991,-0.144341811537743,8.50659603202075e-07,0
0.25,0.249080285429955,-0.15033732354641,8.38272057990253e-07,0
0.259999990463257,0.258998841047287,-0.156331062316895,8.23288473839057e-07,0
0.270000010728836,0.268913269042969,-0.162323012948036,8.40513848743285e-07,0
0.280000001192093,0.278823524713516,-0.168313100934029,8.33123408483516e-07,0
0.28999999165535,0.288729429244995,-0.174301311373711,8.23112600301101e-07,0
0.300000011920929,0.298630893230438,-0.180287569761276,9.78098114501336e-07,0
0.310000002384186,0.308527827262878,-0.186271831393242,9.80207005341072e-07,0
0.319999992847443,0.318420082330704,-0.192254066467285,1.01589932910429e-06,0
0.330000013113022,0.328307509422302,-0.198234170675278,1.04572029613337e-06,0
0.340000003576279,0.338189989328384,-0.204212129116058,1.15544108325594e-06,0
0.349999994039536,0.348067373037338,-0.21018785238266,1.35401941747659e-06,0
0.360000014305115,0.357939511537552,-0.216161265969276,1.52586915191932e-06,0
0.370000004768372,0.367806196212769,-0.222132310271263,1.75387143031003e-06,0
0.379999995231628,0.377667278051376,-0.228100910782814,1.96014511288922e-06,0
0.389999985694885,0.387522548437119,-0.234066963195801,2.22716789721744e-06,0
0.400000005960464,0.397371798753738,-0.240030393004417,2.63711856973714e-06,0
0.409999996423721,0.407214850187302,-0.245991080999374,2.76374802865575e-06,0
0.419999986886978,0.417051434516907,-0.251948952674866,3.04868621014975e-06,0
0.430000007152557,0.426881283521652,-0.257903873920441,3.41530261493972e-06,0
0.439999997615814,0.436704188585281,-0.263855755329132,3.8064755187861e-06,0
0.449999988079071,0.446519792079926,-0.269804418087006,4.2083578364327e-06,0
0.46000000834465,0.456327825784683,-0.275749772787094,4.67947697302407e-06,0
0.469999998807907,0.466127961874008,-0.281691640615463,5.12563528332066e-06,0
0.479999989271164,0.475919812917709,-0.287629842758179,5.72985186408914e-06,0
0.490000009536743,0.485702961683273,-0.293564230203629,6.2916148522163e-06,0
0.5,0.495477050542831,-0.299494564533234,6.9085025700133e-06,0
0.509999990463257,0.505241572856903,-0.305420696735382,7.62151884714513e-06,0
0.519999980926514,0.51499605178833,-0.31134232878685,8.35485647598944e-06,0
0.529999971389771,0.524739921092987,-0.317259281873703,9.19809403399086e-06,0
0.540000021457672,0.534472584724426,-0.323171198368073,1.01075098370984e-05,0
0.550000011920929,0.5441934466362,-0.329077839851379,1.11031561687014e-05,0
0.560000002384186,0.553901731967926,-0.334978818893433,1.21030636250907e-05,0
0.569999992847443,0.563596665859222,-0.340873807668686,1.32009786852905e-05,0
0.579999983310699,0.573277473449707,-0.346762388944626,1.44402832802371e-05,0
0.589999973773956,0.582943081855774,-0.352644115686417,1.57026696285811e-05,0
0.600000023841858,0.592592597007751,-0.358518481254578,1.71393404286846e-05,0
0.610000014305115,0.602224826812744,-0.364384919404984,1.87148427528427e-05,0
0.620000004768372,0.611838400363922,-0.370242834091187,2.03165389791593e-05,0
0.629999995231628,0.621432065963745,-0.376091539859772,2.21271094460462e-05,0
0.639999985694885,0.631004154682159,-0.381930291652679,2.40397795323588e-05,0
0.649999976158142,0.640552997589111,-0.387758195400238,2.60549062431892e-05,0
0.660000026226044,0.650076568126678,-0.393574327230453,2.82968842952869e-05,0
0.670000016689301,0.659572780132294,-0.399377584457397,3.05647618574767e-05,0
0.680000007152557,0.669039189815521,-0.405166745185852,3.31222958607214e-05,0
0.689999997615814,0.678473055362701,-0.410940498113632,3.58434925260553e-05,0
0.699999988079071,0.687871336936951,-0.416697293519974,3.87332427180809e-05,0
0.709999978542328,0.697230577468872,-0.422435343265533,4.17672634966948e-05,0
0.720000028610229,0.7065469622612,-0.428152769804001,4.50209461746454e-05,0
0.730000019073486,0.715816080570221,-0.433847278356552,4.85768663907038e-05,0
0.740000009536743,0.725033044815063,-0.439516365528107,5.23023268215184e-05,0
0.75,0.734192371368408,-0.44515722990036,5.62593875201856e-05,0
0.759999990463257,0.743287801742554,-0.450766623020172,6.05739286356766e-05,0
0.769999980926514,0.752312302589417,-0.456340879201889,6.5229829715463e-05,0
0.779999971389771,0.761258065700531,-0.461875915527344,7.04437742342634e-05,0
0.790000021457672,0.770116150379181,-0.467367082834244,7.61612097903708e-05,0
0.800000011920929,0.778876781463623,-0.472809195518494,8.26414171797296e-05,0
0.810000002384186,0.787528991699219,-0.47819647192955,9.00571121178473e-05,0
0.819999992847443,0.796060681343079,-0.4835225045681,9.86174264880901e-05,0
0.829999983310699,0.804458677768707,-0.48878026008606,0.000108571039220351,0
0.839999973773956,0.812708556652069,-0.493962019681931,0.000119953770081338,0
0.850000023841858,0.820795059204102,-0.499059647321701,0.000133070219987985,0
0.860000014305115,0.828702032566071,-0.504064440727234,0.000147751932786377,0
0.870000004768372,0.836412847042084,-0.508967399597168,0.000163619086151812,0
0.879999995231628,0.843910694122314,-0.51375949382782,0.000180140796601336,0
0.889999985694885,0.851179182529449,-0.518431842327118,0.000196296252170214,0
0.899999976158142,0.858202695846558,-0.522975981235504,0.000210764548000952,0
0.910000026226044,0.864967167377472,-0.527384400367737,0.000222259815416237,0
0.920000016689301,0.871460497379303,-0.53165066242218,0.000229180488872771,0
0.930000007152557,0.877673208713531,-0.535769701004028,0.00023126004992946,0
0.939999997615814,0.883598744869232,-0.53973799943924,0.000235846659506933,4
0.949999988079071,0.889233887195587,-0.5435551404953,0.000217442430368919,8
0.959999978542328,0.894578039646149,-0.54721999168396,0.000207026846283043,10
0.970000028610229,0.89963436126709,-0.550734281539917,0.000191117707004196,12
0.980000019073486,0.90440845489502,-0.554103493690491,0.000146510153058443,12
0.990000009536743,0.908908188343048,-0.557331264019012,0.000117107117659998,14
1.0,0.913143754005432,-0.560423851013184,0.000203060308649583,16
1.00999999046326,0.917126893997192,-0.56340092420578,2.09556081358642e-05,16
1.01999998092651,0.921516120433807,-0.56673389673233,1.45777812576853e-06,18
1.02999997138977,0.924992501735687,-0.569445908069611,4.90937807171576e-05,18
1.03999996185303,0.928256928920746,-0.572057068347931,-3.40975450967562e-05,20
1.04999995231628,0.931322872638702,-0.574572801589966,-7.88869768371114e-05,20
1.05999994277954,0.934203565120697,-0.577002167701721,-7.48346869841043e-05,20
1.07000005245209,0.936911106109619,-0.579352080821991,-9.30152560840725e-05,21
1.08000004291534,0.939457476139069,-0.581630051136017,-0.000108406409765394,22
1.0900000333786,0.941854000091553,-0.583843171596527,-0.000123002113582515,23
1.10000002384186,0.944111227989197,-0.585997939109802,-0.000140491198351356,23
1.11000001430511,0.946238994598389,-0.588100969791412,-0.000247090728294097,23
1.12000000476837,0.948246359825134,-0.590163350105286,-1.77782140440286e-05,24
1.12999999523163,0.950149774551392,-0.59216845035553,2.09789919267678e-05,25
1.13999998569489,0.951953411102295,-0.594163477420807,-0.000170079269537382,25
1.14999997615814,0.953648090362549,-0.596109330654144,-0.000167190206354917,25
1.1599999666214,0.955253064632416,-0.598026931285858,-0.0001873517239801,30
1.16999995708466,0.956774711608887,-0.599921047687531,-0.000177235462672343,33
1.17999994754791,0.958218574523926,-0.601794540882111,-0.000187963029532057,35
1.19000005722046,0.959590077400208,-0.603651285171509,-0.000175475926710078,36
1.20000004768372,0.960894048213959,-0.605494379997253,-0.000187814128025821,38
1.21000003814697,0.962135016918182,-0.607326209545135,-0.000192161386337375,39
1.22000002861023,0.963317096233368,-0.609150230884552,-0.000174789706647971,41
1.23000001907349,0.964443981647491,-0.610968351364136,-0.00018220644375333,42
1.24000000953674,0.965519368648529,-0.612782657146454,-0.000318824598707579,42
1.25,0.966546475887299,-0.614596307277679,0.000475437602005968,44
1.25999999046326,0.967568039894104,-0.616485178470612,-0.000175891565447728,45
1.26999998092651,0.968505680561066,-0.618301212787628,-0.000170904350227374,46
1.27999997138977,0.969403386116028,-0.620121240615845,-0.000175973331636214,48
1.28999996185303,0.970263600349426,-0.621946573257446,-2.29516996341772e-06,51
1.29999995231628,0.971089482307434,-0.623781979084015,-0.000168394526383508,54
1.30999994277954,0.971881210803986,-0.625622987747192,-1.43192244195234e-06,56
1.32000005245209,0.97264152765274,-0.627474308013916,8.03576739372147e-06,59
1.33000004291534,0.973374009132385,-0.629339158535004,6.95081644153106e-06,60
1.3400000333786,0.974077999591827,-0.63121497631073,-1.16287083073985e-06,61
1.35000002384186,0.974754452705383,-0.633100628852844,-1.31188733121235e-06,61
1.36000001430511,0.975406050682068,-0.635000765323639,1.89074557965796e-06,65
1.37000000476837,0.976033926010132,-0.636914789676666,6.37007327100036e-05,68
1.37999999523163,0.976765751838684,-0.639258563518524,-0.000155752293267142,70
1.38999998569489,0.977345764636993,-0.641208231449127,-0.000161131388040303,72
1.39999997615814,0.977905809879303,-0.643175303936005,-3.19535659514258e-05,76
1.4099999666214,0.978447079658508,-0.645162105560303,-0.000621777913636379,78
1.41999995708466,0.978970348834991,-0.647161424160004,8.40303193285763e-05,83
1.42999994754791,0.979476571083069,-0.649191200733185,4.89141962134454e-06,83
1.43062496185303,0.97948145866394,-0.649210691452026,5.92219345207923e-06,83
1.43156254291534,0.97949081659317,-0.649249196052551,3.25571027701699e-05,83
1.43296873569489,0.979505360126495,-0.64931058883667,8.46473374735979e-05,83
1.43507814407349,0.979521632194519,-0.649383246898651,-2.31810139439403e-06,83
1.43824219703674,0.97953188419342,-0.649437427520752,-2.52525450150642e-06,84
1.44298827648163,0.979536354541779,-0.649475574493408,-1.38724766429732e-06,84
1.4501074552536,0.979536116123199,-0.649505615234375,-2.10693406188511e-06,84
1.46010744571686,0.979530036449432,-0.649527430534363,-2.1830882701579e-06,84
1.47010743618011,0.979519784450531,-0.649535119533539,-2.58284603660286e-06,84
1.48010742664337,0.979506134986877,-0.649531841278076,-2.68366460431935e-06,84
1.49010741710663,0.979489505290985,-0.649518966674805,-2.96726955184567e-06,84
1.50010740756989,0.979470133781433,-0.649497449398041,-3.57969065589714e-06,84
1.51010739803314,0.979448199272156,-0.649468004703522,-4.47791950364262e-06,84
1.5201073884964,0.979423940181732,-0.64943128824234,-5.88882221563836e-06,84
1.53010737895966,0.979397475719452,-0.649387717247009,-6.01512550701955e-06,84
1.54010736942291,0.97936886548996,-0.649338245391846,3.36095167199346e-05,84
1.55010747909546,0.979338526725769,-0.649286329746246,0.000317059079975479,84
1.56010746955872,0.979320168495178,-0.649323403835297,0.000203875492388761,84
1.57010746002197,0.97931957244873,-0.649370968341827,0.000102144764298373,84
1.58010745048523,0.979315221309662,-0.649402558803558,5.26820031723219e-05,84
1.59010744094849,0.979306697845459,-0.649419605731964,2.42237275074331e-05,84
1.60010743141174,0.979294240474701,-0.64942342042923,6.12416124567972e-06,84
1.610107421875,0.979278206825256,-0.64941531419754,9.36745726676236e-06,84
1.62010741233826,0.979258894920349,-0.649396061897278,2.13674729252489e-05,84
1.63010740280151,0.979236602783203,-0.64936625957489,3.51200772001903e-05,84
1.64010739326477,0.979211509227753,-0.649326145648956,5.209277492213e-05,83
1.65010738372803,0.979183793067932,-0.649275422096252,7.39261881790299e-05,83
1.66010737419128,0.979153633117676,-0.649213492870331,0.000103644069156417,83
1.67010736465454,0.979121208190918,-0.649139285087585,0.000144888354498107,83
1.68010747432709,0.979086637496948,-0.649051189422607,7.59018334974826e-05,83
1.69010746479034,0.97905021905899,-0.648944854736328,0.000105207951492048,83
1.7001074552536,0.979012012481689,-0.6488196849823,0.000156222993609845,84
1.71010744571686,0.978972554206848,-0.648669958114624,9.62275660185696e-05,84
1.72010743618011,0.978932678699493,-0.648487329483032,0.000136317218505155,84
1.73010742664337,0.978893399238586,-0.648268938064575,0.000176154544135443,84
1.74010741710663,0.978856801986694,-0.648010075092316,0.000184713607211506,84
1.75010740756989,0.978825032711029,-0.647715270519257,0.000146870781861708,84
1.76010739803314,0.978799641132355,-0.64739865064621,8.91379990548558e-05,84
1.7701073884964,0.978780686855316,-0.647076427936554,0.000202800529791602,84
1.78010737895966,0.978766977787018,-0.646759986877441,0.000112266669589189,84
1.79010736942291,0.978757917881012,-0.64645391702652,5.32282233507431e-05,84
1.80010747909546,0.978752136230469,-0.646160304546356,0.000328643182001542,84
1.81010746955872,0.978748798370361,-0.645879447460175,0.000200856710762309,84
1.82010746002197,0.978747725486755,-0.645611464977264,9.64121242645888e-05,84
1.83010745048523,0.978748440742493,-0.645356297492981,-3.49980115856852e-05,84
1.84010744094849,0.978750586509705,-0.645114779472351,-0.000102676482242714,84
1.85010743141174,0.978754222393036,-0.644888401031494,-0.000256424906240227,84
1.860107421875,0.978759348392487,-0.644680261611938,-0.000551995357852775,84
1.87010741233826,0.978766143321991,-0.644495725631714,0.000319050178234193,84
1.88010740280151,0.978775918483734,-0.644350469112396,-0.000144163139793818,83
1.89010739326477,0.978787660598755,-0.644252181053162,-0.000164231567623574,83
1.90010738372803,0.978803098201752,-0.644233465194702,0.000150707676652928,83
1.91010737419128,0.978820204734802,-0.644301354885101,0.000187347159737783,83
1.92010736465454,0.978837490081787,-0.644428968429565,-7.72904203927283e-05,83
1.93010747432709,0.978855073451996,-0.644602000713348,0.000275407646881831,83
1.94010746479034,0.978873014450073,-0.644809305667877,0.00019080123894355,83
1.9501074552536,0.978890776634216,-0.645036220550537,0.000118792214777841,83
1.96010744571686,0.978908538818359,-0.645277321338654,6.72746357395226e-05,82
1.97010743618011,0.978926420211792,-0.645528256893158,3.57984779384424e-05,82
1.98010742664337,0.978944420814514,-0.645786225795746,-4.75303371558766e-05,82
1.99010741710663,0.978962779045105,-0.64604926109314,-8.30068968298292e-05,82
2.00010752677917,0.978981554508209,-0.646315932273865,-0.000126838532708007,82
2.01010751724243,0.979000926017761,-0.646585047245026,-0.000181232900047235,82
2.02010750770569,0.979020953178406,-0.646855235099792,-0.00024847646687931,82
2.03010749816895,0.979041874408722,-0.647125124931335,-0.000330284893777844,82
2.0401074886322,0.979063808917999,-0.647393226623535,-0.000427619609979502,82
2.05010747909546,0.979086816310883,-0.64765739440918,-0.000538895332169886,82
2.06010746955872,0.979111015796661,-0.647915303707123,-0.000181365076741713,82
2.07010746002197,0.979135990142822,-0.6481654047966,-8.00345722495877e-05,82
2.08010745048523,0.979162335395813,-0.64840292930603,-0.000124047876738587,82
2.09010744094849,0.979189932346344,-0.648624062538147,-8.22191877318801e-05,83
2.10010743141174,0.979218900203705,-0.648825407028198,-7.52425285099889e-05,83
2.110107421875,0.979250371456146,-0.648992657661438,-0.00684289506301639,84
2.12010741233826,0.979222178459167,-0.648355424404144,0.000183395072781423,83
2.13010740280151,0.979207992553711,-0.64811897277832,0.000102257934599947,83
2.14010739326477,0.979185819625854,-0.647883236408234,8.3426989704094e-05,83
2.15010738372803,0.979162454605103,-0.647633731365204,0.000407172233451547,83
2.16010737419128,0.979138255119324,-0.647372424602509,0.00037621182013936,83
2.17010736465454,0.979114174842834,-0.647100329399109,0.000337456694239791,83
2.1801073551178,0.979090332984924,-0.646820306777954,0.00029820174171391,84
2.19010734558105,0.979067087173462,-0.646534740924835,0.000259708634303024,84
2.20010733604431,0.979044556617737,-0.64624547958374,0.000223311199249565,85
2.21010732650757,0.979022741317749,-0.645954310894012,0.000190117486795316,85
2.22010731697083,0.979001760482788,-0.645662367343903,0.000160506434724539,85
2.23010730743408,0.978981494903564,-0.645370543003082,0.00013495520545348,85
2.24010753631592,0.978961825370789,-0.645079553127289,0.000113099817269813,85
2.25010752677917,0.978942811489105,-0.644789814949036,9.46465092397375e-05,85
2.26010751724243,0.978924214839935,-0.644501626491547,7.90172903180064e-05,85
2.27010750770569,0.978906035423279,-0.644215166568756,6.59570384868857e-05,85
2.28010749816895,0.978888154029846,-0.643930613994598,5.51112336779624e-05,85
2.2901074886322,0.978870511054993,-0.643648087978363,4.58806225651642e-05,85
2.30010747909546,0.978853106498718,-0.643367767333984,3.81213988021045e-05,85
2.31010746955872,0.978835761547089,-0.643089711666107,3.15069033263171e-05,85
2.32010746002197,0.978818535804749,-0.642814099788666,2.58267638173493e-05,85
2.33010745048523,0.978801310062408,-0.642541110515594,2.09633760164252e-05,85
2.34010744094849,0.978784084320068,-0.642270982265472,1.66801222007962e-05,85
2.35010743141174,0.978766858577728,-0.642004013061523,1.29489478695177e-05,85
2.360107421875,0.978749573230743,-0.641740679740906,9.40154757245182e-06,85
2.37010741233826,0.978732287883759,-0.641481339931488,6.32627313734702e-06,85
2.38010740280151,0.978714883327484,-0.641226708889008,3.36153362923142e-06,85
2.39010739326477,0.97869747877121,-0.640977501869202,-3.82729308512353e-06,85
2.40010738372803,0.97868013381958,-0.640734612941742,-5.20704344353362e-06,85
2.41010737419128,0.978662848472595,-0.64049905538559,-6.61336383700473e-06,85
2.42010736465454,0.9786456823349,-0.640271842479706,-7.69163784752891e-06,85
2.4301073551178,0.978628754615784,-0.640054106712341,-8.48784071649789e-06,85
2.44010734558105,0.978612184524536,-0.639846682548523,-9.20087808253811e-06,85
2.45010733604431,0.978595972061157,-0.639650106430054,-9.43878808357113e-06,85
2.46010732650757,0.978580236434937,-0.639464557170868,-9.48488451513185e-06,85
2.47010731697083,0.978564918041229,-0.639289677143097,-9.39669484978367e-06,85
2.48010730743408,0.978549957275391,-0.639125049114227,-9.84843620699394e-06,85
2.49010753631592,0.978535175323486,-0.638970077037811,-1.17913887720533e-05,85
2.50010752677917,0.978520452976227,-0.63882452249527,-1.5274821521416e-05,85
2.51010751724243,0.978505551815033,-0.638688683509827,-2.03512754524127e-05,85
2.52010750770569,0.97849041223526,-0.638563573360443,-2.73187030188637e-05,85
2.53010749816895,0.978474915027618,-0.638451278209686,-3.55871860620027e-05,85
2.5401074886322,0.978459119796753,-0.638354778289795,-4.34253379353322e-05,85
2.55010747909546,0.978443145751953,-0.638277471065521,-4.79111810705035e-05,85
2.56010746955872,0.978427171707153,-0.638222336769104,-4.60980743923756e-05,85
2.57010746002197,0.978411555290222,-0.638190627098083,-3.87257891816262e-05,85
2.58010745048523,0.978396356105804,-0.638181328773499,-2.85514843199053e-05,85
2.59010744094849,0.978381812572479,-0.638191699981689,-1.87446513564282e-05,85
2.60010743141174,0.978367805480957,-0.638218104839325,-1.08228631461316e-05,85
2.610107421875,0.978354334831238,-0.638256847858429,-6.02482361955481e-06,86
2.62010741233826,0.978341281414032,-0.638304531574249,-1.84927455393336e-06,86
2.63010740280151,0.97832852602005,-0.638358592987061,3.57366462822029e-06,86
2.64010739326477,0.978316068649292,-0.638416409492493,6.49151144216376e-06,86
2.65010738372803,0.978303909301758,-0.638476133346558,9.42185380381488e-06,86
2.66010737419128,0.978291988372803,-0.638535976409912,1.24994879229234e-05,86
2.67010736465454,0.978280305862427,-0.638594448566437,1.63619427553385e-05,86
2.6801073551178,0.978268980979919,-0.638650119304657,2.11324681913538e-05,86
2.69010734558105,0.97825813293457,-0.638701736927032,2.76554177958133e-05,86
2.70010733604431,0.978247821331024,-0.638747990131378,3.6617925502469e-05,86
2.71010732650757,0.97823828458786,-0.638787627220154,4.90318947186097e-05,86
2.72010731697083,0.978229701519012,-0.638819217681885,6.72411100026693e-05,86
2.73010730743408,0.97822231054306,-0.638841331005096,9.63624972882826e-05,86
2.74010753631592,0.978216350078583,-0.638851821422577,0.000159393485887449,86
2.75010752677917,0.978211998939514,-0.638845443725586,0.000103800588419745,86
2.76010751724243,0.978208184242249,-0.63877546787262,0.00467144303593159,87
2.77010750770569,0.978255689144135,-0.640090465545654,-4.52661475947025e-06,87
2.78010749816895,0.978266537189484,-0.640343010425568,-6.94412921120602e-06,87
2.7901074886322,0.978278696537018,-0.640597760677338,-9.30520661768242e-06,87
2.80010747909546,0.978291392326355,-0.640852928161621,-1.18423699859704e-05,87
2.81010746955872,0.97830456495285,-0.641107857227325,-1.45831987765632e-05,87
2.82010746002197,0.978318095207214,-0.641361713409424,-1.74766342979638e-05,87
2.83010745048523,0.978331685066223,-0.641613841056824,-2.05160138193605e-05,87
2.84010744094849,0.978345215320587,-0.641863763332367,-2.37014374988576e-05,87
2.85010743141174,0.978358566761017,-0.64211094379425,-2.70410591269865e-05,87
2.860107421875,0.978371620178223,-0.64235520362854,-3.04886107187485e-05,87
2.87010741233826,0.97838419675827,-0.642596423625946,-3.40310413662337e-05,87
2.88010740280151,0.97839617729187,-0.642834603786469,-3.7938176433272e-05,87
2.89010739326477,0.978407621383667,-0.643069922924042,-4.22516679350338e-05,87
2.90010738372803,0.978418350219727,-0.64330267906189,-4.70145282065459e-05,87
2.91010737419128,0.978428423404694,-0.643533170223236,-5.26502895468184e-05,87
2.92010736465454,0.978437840938568,-0.64376175403595,-5.947135889528e-05,87
2.9301073551178,0.97844660282135,-0.643988907337189,-6.79765799986853e-05,87
2.94010734558105,0.97845470905304,-0.644215047359467,-7.89828418987781e-05,87
2.95010733604431,0.978462219238281,-0.644440650939941,-9.39082808599778e-05,87
2.96010732650757,0.978469133377075,-0.644666194915771,-0.000114677755107095,87
2.97010731697083,0.978475511074066,-0.644892275333405,-0.000145197781762363,87
2.98010730743408,0.978481471538544,-0.645119309425354,-0.000191952139800833,87
2.99010753631592,0.978486955165863,-0.645348072052002,-0.000268437372596964,87
3.00010752677917,0.978492140769958,-0.64557945728302,-0.000402790467660452,88
3.01010751724243,0.97849714756012,-0.645814657211304,-0.000660004942290016,88
3.02010750770569,0.97850227355957,-0.646056175231934,-0.000263810597857628,88
3.03010749816895,0.978507101535797,-0.646307528018951,-0.000316722681191095,88
3.0401074886322,0.978514552116394,-0.646585643291473,-0.000168713296829992,88
3.05010747909546,0.978538155555725,-0.646961569786072,-9.97734006773499e-05,87
3.06010746955872,0.97862696647644,-0.647341847419739,-6.51265784767929e-05,87
3.07010746002197,0.978723227977753,-0.647641837596893,-1.89451303640453e-05,87
3.08010745048523,0.978817224502563,-0.64792537689209,-5.75446915718203e-06,87
3.09010744094849,0.978908717632294,-0.648200035095215,-2.35942292192703e-06,87
3.10010743141174,0.978997707366943,-0.64846807718277,-1.29167835893895e-06,87
3.110107421875,0.979084134101868,-0.648730218410492,-7.71953125422442e-07,88
3.12010741233826,0.979167997837067,-0.648986637592316,-5.30435784185102e-07,88
3.13010740280151,0.979249358177185,-0.649237334728241,-3.88639875836816e-07,88
3.14010739326477,0.979328155517578,-0.649482309818268,-3.71435760371241e-07,88
3.15010738372803,0.979404389858246,-0.649721324443817,-4.34318337738659e-07,88
3.16010737419128,0.979478001594543,-0.649954199790955,-3.28151429584977e-07,88
3.17010736465454,0.979548990726471,-0.650180757045746,3.16711748382659e-07,88
3.1801073551178,0.979617297649384,-0.650400698184967,-3.94869857700542e-07,88
3.19010734558105,0.979682922363281,-0.65061366558075,-3.63523895430262e-07,88
3.20010733604431,0.979745805263519,-0.650819420814514,-3.20028448186349e-07,88
3.21010732650757,0.979805886745453,-0.651017427444458,3.33519210471422e-07,88
3.22010731697083,0.979863047599792,-0.651207387447357,3.07456048176391e-07,88
3.23010730743408,0.979917287826538,-0.651388764381409,-4.16861610119668e-07,88
3.24010753631592,0.979968547821045,-0.651561141014099,-3.65904327281896e-07,88
3.25010752677917,0.980016648769379,-0.65172404050827,-3.71257272036019e-07,87
3.26010751724243,0.980061531066895,-0.651876866817474,-3.14968929160386e-07,87
3.27010750770569,0.980103194713593,-0.652019083499908,-3.25032146974991e-07,87
3.28010749816895,0.980141460895538,-0.65215015411377,-3.85936004931864e-07,88
3.2901074886322,0.980176210403442,-0.652269601821899,-3.86780868666392e-07,88
3.30010747909546,0.980207443237305,-0.65237683057785,-4.632431682694e-07,88
3.31010746955872,0.980234980583191,-0.652471423149109,-4.64540732991736e-07,88
3.32010746002197,0.980258822441101,-0.652552902698517,-5.71504301660752e-07,88
3.33010745048523,0.980278849601746,-0.652620851993561,-7.29077328287531e-07,88
3.34010744094849,0.980295062065125,-0.652675032615662,-1.0125335165867e-06,88
3.35010743141174,0.980307459831238,-0.652715563774109,-1.77801109657594e-06,88
3.360107421875,0.98031622171402,-0.652743399143219,-0.000171219314268001,88
3.37010741233826,0.98032420873642,-0.652770280838013,0.000493985531193175,87
3.38010740280151,0.980312943458557,-0.652716517448425,-0.000729697258520901,88
3.39010739326477,0.980312287807465,-0.652710437774658,-0.000144500585918195,88
3.40010738372803,0.980304598808289,-0.652678251266479,-0.000196646391088962,88
3.41010737419128,0.980292618274689,-0.652629733085632,8.93359469955612e-07,88
3.42010736465454,0.980276465415955,-0.652566194534302,7.09606524651463e-07,88
3.4301073551178,0.98025643825531,-0.65248841047287,6.82350275837962e-07,88
3.44010734558105,0.980232536792755,-0.65239679813385,5.79821062274277e-07,88
3.45010733604431,0.980204939842224,-0.652291834354401,5.65550919873203e-07,88
3.46010732650757,0.980173587799072,-0.652174115180969,5.92363448959077e-07,87
3.47010731697083,0.980138719081879,-0.652044057846069,6.65129959998012e-07,87
3.48010730743408,0.980100393295288,-0.651902258396149,9.89670809303789e-07,87
3.49010753631592,0.980058670043945,-0.651749134063721,1.96808656482972e-06,88
3.50010752677917,0.98001366853714,-0.651585161685944,8.08956554010365e-06,88
3.51010751724243,0.979965507984161,-0.651410400867462,0.000109899106291778,88
3.52010750770569,0.979914665222168,-0.651223540306091,0.00292674849737296,88
3.53010749816895,0.979818999767303,-0.650717496871948,-3.4799810180175e-05,89
3.5401074886322,0.97980135679245,-0.65065211057663,-1.07911995428367e-06,89
3.55010747909546,0.979781746864319,-0.650582075119019,-5.04177251059446e-07,89
3.56010746955872,0.979759514331818,-0.650505721569061,-5.46855744687491e-07,89
3.57010746002197,0.979734480381012,-0.650422096252441,-6.28278996828158e-07,89
3.58010745048523,0.979706346988678,-0.650330424308777,-7.10883227839076e-07,89
3.59010744094849,0.979674994945526,-0.650229811668396,-7.37919719995261e-07,89
3.60010743141174,0.979640066623688,-0.650119364261627,-8.90019066446257e-07,89
3.610107421875,0.979601442813873,-0.649998009204865,-9.74060299085977e-07,89
3.62010741233826,0.979558765888214,-0.649864733219147,-1.12012475028678e-06,89
3.63010740280151,0.979511857032776,-0.649718642234802,-1.25957109275987e-06,89
3.64010739326477,0.979460477828979,-0.64955872297287,-1.56026572994961e-06,89
3.65010738372803,0.979404389858246,-0.649384140968323,-1.68847691384144e-06,89
3.66010737419128,0.97934353351593,-0.649194538593292,-1.88150085023153e-06,89
3.67010736465454,0.979277968406677,-0.648989677429199,-2.13074702060112e-06,89
3.6801073551178,0.979207873344421,-0.648770093917847,-2.29409221219612e-06,89
3.69010734558105,0.979133605957031,-0.648536741733551,-2.56366831763444e-06,88
3.70010733604431,0.979055643081665,-0.648291170597076,-2.86959891582228e-06,89
3.71010732650757,0.97897469997406,-0.6480353474617,-3.38520038667411e-06,89
3.72010731697083,0.978891313076019,-0.647771239280701,-4.04236817530546e-06,89
3.73010730743408,0.97880607843399,-0.647500991821289,-5.72740543702821e-06,89
3.74010753631592,0.978719592094421,-0.647226095199585,-1.03781608800091e-05,89
3.75010752677917,0.978632271289825,-0.646947741508484,-2.52151961603886e-05,88
3.76010751724243,0.978544354438782,-0.646665930747986,8.65657116264629e-05,88
3.77010750770569,0.978456139564514,-0.646377801895142,0.000148354755253877,88
3.78010749816895,0.978372275829315,-0.646003186702728,0.000217638162382627,88
3.78760743141174,0.978357672691345,-0.64563924074173,0.000159683506808506,88
3.79510736465454,0.97835373878479,-0.645367622375488,0.000180199495730449,88
3.80260753631592,0.978350758552551,-0.645126938819885,7.38212814894723e-05,88
3.81010746955872,0.978348195552826,-0.644900023937225,0.000471241946286227,88
3.82010746002197,0.978344440460205,-0.644607424736023,0.00028834817680945,88
3.83010745048523,0.978341162204742,-0.644323468208313,0.00018658505143776,88
3.84010744094849,0.978337645530701,-0.644044578075409,0.000126686556143341,88
3.85010743141174,0.978334009647369,-0.643769562244415,8.91164409608791e-05,88
3.860107421875,0.978330135345459,-0.643497586250305,6.44122507083011e-05,88
3.87010741233826,0.978326141834259,-0.64322829246521,4.75677454687684e-05,88
3.88010740280151,0.978321969509125,-0.642961263656616,3.54129971924522e-05,88
3.89010739326477,0.978317558765411,-0.642696440219879,2.67791764372305e-05,88
3.90010738372803,0.978313028812408,-0.642433643341064,2.02295855729062e-05,88
3.91010737419128,0.978308260440826,-0.642172753810883,1.53596208178897e-05,88
3.92010736465454,0.97830331325531,-0.641913712024689,1.18107204798434e-05,88
3.9301073551178,0.978298187255859,-0.641656458377838,9.1723381956399e-06,88
3.94010734558105,0.978292882442474,-0.641400992870331,7.04467618106719e-06,88
3.95010733604431,0.978287398815155,-0.641147315502167,5.27063309618825e-06,88
3.96010732650757,0.978281676769257,-0.640895366668701,3.81222309897566e-06,88
3.97010731697083,0.978275895118713,-0.640645205974579,2.7124842745252e-06,88
3.98010730743408,0.978269875049591,-0.64039671421051,-2.43011226075396e-06,88
3.99010753631592,0.978263735771179,-0.64015007019043,-3.30324002106863e-06,88
4.0001072883606,0.978257477283478,-0.639905214309692,-4.01817192141607e-06,88
4.01010751724243,0.978251099586487,-0.639662206172943,-4.58149736459745e-06,88
4.02010726928711,0.978244662284851,-0.639421045780182,-5.29130062432159e-06,88
4.03010749816895,0.978238105773926,-0.639181852340698,-5.90803267641604e-06,88
4.04010725021362,0.978231549263,-0.638944685459137,-6.33737732869122e-06,88
4.05010747909546,0.97822493314743,-0.638709545135498,-6.87017518430366e-06,88
4.06010723114014,0.978218376636505,-0.638476550579071,-7.33095015448271e-06,88
4.07010746002197,0.978211879730225,-0.638245820999146,-7.93757669725892e-06,88
4.08010721206665,0.978205442428589,-0.638017416000366,-8.43944110329176e-06,88
4.09010744094849,0.978199183940887,-0.637791514396667,-8.96179994924751e-06,88
4.10010719299316,0.978193044662476,-0.637568175792694,-9.70706446423719e-06,88
4.110107421875,0.978187084197998,-0.63734757900238,-1.02140435842557e-05,88
4.12010765075684,0.978181421756744,-0.637129843235016,-1.08364738480304e-05,88
4.13010740280151,0.97817599773407,-0.636915147304535,-1.1440358150594e-05,88
4.14010763168335,0.978170931339264,-0.636703670024872,-1.2111868500142e-05,88
4.15010738372803,0.978166222572327,-0.636495530605316,-1.29340161834079e-05,88
4.16010761260986,0.978161871433258,-0.636290907859802,-1.3627634984914e-05,88
4.17010736465454,0.978157877922058,-0.63608992099762,-1.43067511544359e-05,88
4.18010759353638,0.978154361248016,-0.635892808437347,-1.49513928704437e-05,88
4.19010734558105,0.978151261806488,-0.63569962978363,-1.56674275899604e-05,87
4.20010757446289,0.978148579597473,-0.635510444641113,-1.63491733928822e-05,87
4.21010732650757,0.978146374225616,-0.635325312614441,-1.67780801234585e-05,87
4.2201075553894,0.978144466876984,-0.635144352912903,-1.74595760995544e-05,87
4.23010730743408,0.978142976760864,-0.634967386722565,-1.78025817945127e-05,87
4.24010753631592,0.978141784667969,-0.634794473648071,-1.791249735561e-05,87
4.2501072883606,0.978140890598297,-0.634625434875488,-1.80909954679009e-05,87
4.26010751724243,0.978140115737915,-0.634460151195526,-1.82226818310482e-05,87
4.27010726928711,0.978139579296112,-0.634298264980316,-1.79779506197519e-05,87
4.28010749816895,0.978139042854309,-0.634139657020569,-1.76963624198834e-05,87
4.29010725021362,0.978138506412506,-0.633983969688416,-1.73950904809317e-05,87
4.30010747909546,0.978137910366058,-0.633830964565277,-1.71475971910695e-05,87
4.31010723114014,0.978137135505676,-0.633680284023285,-1.67255129213117e-05,87
4.32010746002197,0.97813618183136,-0.63353157043457,-1.60912854312301e-05,87
4.33010721206665,0.978134989738464,-0.633384704589844,-1.5637561659787e-05,87
4.34010744094849,0.978133499622345,-0.633239328861237,-1.52937650454987e-05,87
4.35010719299316,0.978131651878357,-0.633095324039459,-1.48549017353616e-05,87
4.360107421875,0.9781294465065,-0.632952570915222,-1.45454529842937e-05,87
4.37010765075684,0.97812694311142,-0.632811069488525,-1.43949730500026e-05,87
4.38010740280151,0.97812408208847,-0.632670819759369,-1.40679302376157e-05,87
4.39010763168335,0.978120923042297,-0.632532000541687,-1.42260439588426e-05,87
4.40010738372803,0.9781174659729,-0.632394671440125,-1.433997164213e-05,87
4.41010761260986,0.978113830089569,-0.632259249687195,-1.45805445868064e-05,87
4.42010736465454,0.978109955787659,-0.632125854492188,-1.48091139635653e-05,87
4.43010759353638,0.978105962276459,-0.631994843482971,-1.5183648031325e-05,87
4.44010734558105,0.978101968765259,-0.631866693496704,-1.56375893993754e-05,87
4.45010757446289,0.978097915649414,-0.631741642951965,-1.62065022095703e-05,87
4.46010732650757,0.978093922138214,-0.631620168685913,-1.69407499015506e-05,87
4.4701075553894,0.978090047836304,-0.631502687931061,-1.77786303083849e-05,87
4.48010730743408,0.978086352348328,-0.631389677524567,-1.87133210260981e-05,87
4.49010753631592,0.978082895278931,-0.631281673908234,-1.98481391748828e-05,87
4.5001072883606,0.978079676628113,-0.631179213523865,-2.10010963996865e-05,87
4.51010751724243,0.978076815605164,-0.631082773208618,-2.2373371393769e-05,87
4.52010726928711,0.978074371814728,-0.630993008613586,-2.3801319798622e-05,87
4.53010749816895,0.978072285652161,-0.630910336971283,-2.53926239111024e-05,87
4.54010725021362,0.978070557117462,-0.6308354139328,-2.67365037984746e-05,87
4.55010747909546,0.978069245815277,-0.630768537521362,-2.82800653508275e-05,87
4.56010723114014,0.978068351745605,-0.630710184574127,-2.96899627301173e-05,87
4.57010746002197,0.978067755699158,-0.630660474300385,-3.08153825017143e-05,87
4.58010721206665,0.978067457675934,-0.630619466304779,-3.23117691891639e-05,87
4.59010744094849,0.978067338466644,-0.630586922168732,-3.35700415234896e-05,87
4.60010719299316,0.978067278862,-0.630562424659729,-3.45704433470928e-05,87
4.610107421875,0.97806715965271,-0.630545198917389,-3.49569231161695e-05,87
4.62010765075684,0.978066802024841,-0.630533754825592,-3.17043247832771e-05,87
4.63010740280151,0.97806578874588,-0.630524635314941,-2.49196341997049e-05,87
4.64010763168335,0.978062868118286,-0.630506932735443,3.76016722611894e-05,87
4.65010738372803,0.978052139282227,-0.630429148674011,4.17950280393597e-05,87
4.66010761260986,0.978032827377319,-0.630276024341583,-8.74484663881958e-06,87
4.67010736465454,0.978012084960938,-0.630112648010254,-5.41644823215393e-06,87
4.68010759353638,0.977990567684174,-0.62994784116745,-4.8045459379864e-06,87
4.69010734558105,0.977968394756317,-0.629782915115356,-4.37954025755971e-06,87
4.70010757446289,0.977945506572723,-0.629618167877197,-4.59500364513588e-06,87
4.71010732650757,0.977922022342682,-0.629453837871552,-4.32726909593839e-06,87
4.7201075553894,0.977897822856903,-0.629289925098419,-4.24160532475071e-06,87
4.73010730743408,0.977872967720032,-0.629126489162445,-4.19197249357239e-06,88
4.74010753631592,0.977847456932068,-0.628963649272919,-4.19932075601537e-06,88
4.7501072883606,0.977821290493011,-0.62880140542984,-4.1984531549133e-06,88
4.76010751724243,0.977794468402863,-0.628639876842499,-4.28974260557879e-06,89
4.77010726928711,0.977766990661621,-0.628479063510895,-4.33276983358155e-06,89
4.78010749816895,0.977738857269287,-0.628319084644318,-4.34921372516328e-06,89
4.79010725021362,0.977710008621216,-0.628159999847412,-4.40118122924105e-06,89
4.80010747909546,0.977680563926697,-0.628001868724823,-4.55325687198638e-06,89
4.81010723114014,0.97765040397644,-0.627844870090485,-4.60451605022172e-06,89
4.82010746002197,0.977619647979736,-0.627689182758331,-4.78454251151561e-06,89
4.83010721206665,0.97758823633194,-0.627534985542297,-5.04609738527506e-06,89
4.84010744094849,0.977556228637695,-0.627382457256317,-5.38859831067384e-06,89
4.85010719299316,0.977523565292358,-0.627232015132904,-5.7566550140109e-06,89
4.860107421875,0.977490365505219,-0.627084016799927,-6.33482540024488e-06,89
4.87010765075684,0.977456629276276,-0.626939117908478,-7.15612020485423e-06,89
4.88010740280151,0.977422535419464,-0.626798033714294,-8.12565201613324e-06,89
4.89010763168335,0.977388143539429,-0.626661896705627,-9.85136250619689e-06,89
4.90010738372803,0.977353632450104,-0.626532196998596,-1.21848885328291e-05,89
4.91010761260986,0.977319419384003,-0.626411080360413,-1.5370850690033e-05,89
4.92010736465454,0.977286100387573,-0.626301765441895,-1.99093577748499e-05,89
4.93010759353638,0.977254390716553,-0.626208245754242,-2.56538057783473e-05,89
4.94010734558105,0.977225542068481,-0.62613570690155,-nan(ind),-nan(ind)
#GNA2
0.0,0.0,0.0,-3.33578583422423e-07,0
0.0299999993294477,0.0299883056432009,-0.0180844739079475,-3.83835870252369e-05,0
0.0599999986588955,0.0599524267017841,-0.0361580848693848,-4.36942439847599e-05,0
0.0900000035762787,0.0898912698030472,-0.0542203821241856,-4.96126804065966e-05,0
0.119999997317791,0.119803629815578,-0.0722708627581596,-5.66699283623961e-05,0
0.150000005960464,0.149688154459,-0.0903089717030525,-6.48748438152325e-05,0
0.180000007152557,0.179543301463127,-0.108334057033062,-7.46958635033934e-05,0
0.209999993443489,0.209367379546165,-0.126345425844193,-8.6275468405006e-05,0
0.239999994635582,0.239158391952515,-0.144342228770256,-0.000100495556864644,0
0.270000010728836,0.268914103507996,-0.162323519587517,-0.000117730706193697,0
0.300000011920929,0.298631906509399,-0.180288180708885,-0.000139082399357449,0
0.330000013113022,0.32830873131752,-0.198234915733337,-0.000165767386533844,0
0.360000014305115,0.357940971851349,-0.216162160038948,-0.000199684555781232,0
0.389999985694885,0.387524306774139,-0.234068021178246,-0.000243060008358498,0
0.419999986886978,0.417053550481796,-0.251950234174728,-0.000299592380741842,0
0.449999988079071,0.446522355079651,-0.269805997610092,-0.000374201616949676,0
0.479999989271164,0.475922912359238,-0.287631720304489,-0.000473988767055289,0
0.509999990463257,0.505245387554169,-0.305423021316528,-0.000609625623781085,0
0.540000021457672,0.534477293491364,-0.323174089193344,-0.000796611456820528,0
0.569999992847443,0.563602566719055,-0.340877413749695,-0.00105798199982132,0
0.600000023841858,0.592600047588348,-0.358523041009903,-0.00142854355027566,0
0.629999995231628,0.621441602706909,-0.376097410917282,-0.00195977650338364,0
0.660000026226044,0.650089025497437,-0.393581956624985,-0.00272742299688389,0
0.689999997615814,0.678489506244659,-0.410950630903244,-0.00383732701959616,0
0.720000028610229,0.706569135189056,-0.428166449069977,-0.00542242709184393,0
0.75,0.734222769737244,-0.445176035165787,-0.00760694121134975,0
0.779999971389771,0.761300146579742,-0.4619020819664,-0.0103845132714468,0
0.810000002384186,0.787587523460388,-0.478233128786087,-0.0133466610365076,0
0.839999973773956,0.812789022922516,-0.494012892246246,-0.0153419574591567,0
0.870000004768372,0.836519956588745,-0.509035885334015,-0.0146572068144906,0
0.899999976158142,0.858336925506592,-0.52306342124939,3.50526255488148e-06,0
0.930000007152557,0.877830743789673,-0.535874426364899,7.54121037971345e-06,8
0.959999978542328,0.894743919372559,-0.54733419418335,0.00484590686892261,12
0.990000009536743,0.909067451953888,-0.557446539402008,0.00358783995898193,16
1.01999998092651,0.921015441417694,-0.56634795665741,0.00287627032912496,19
1.04999995231628,0.930916011333466,-0.57423460483551,0.00178839713157686,21
1.08000004291534,0.939123868942261,-0.581326723098755,0.00133683069725521,23
1.11000001430511,0.94596266746521,-0.587822437286377,-0.00196228757636163,25
1.13999998569489,0.951703310012817,-0.593880772590637,-0.00202050790068142,29
1.16999995708466,0.956562936306,-0.599651157855988,-0.00204978634042163,36
1.20000004768372,0.960713088512421,-0.605231821537018,-0.00198135885818829,40
1.23000001907349,0.964287757873535,-0.610709249973297,-0.00194216047810869,44
1.25999999046326,0.967392265796661,-0.616151034832001,-0.00188846415562693,47
1.28999996185303,0.970109283924103,-0.621610283851624,0.000108606464493732,56
1.32000005245209,0.972504556179047,-0.627131700515747,0.000453256713745631,61
1.35000002384186,0.974635243415833,-0.632758438587189,-0.000155533420468146,67
1.37999999523163,0.976544797420502,-0.638534188270569,-0.00156698487995754,75
1.4099999666214,0.978248059749603,-0.644416689872742,-0.00271256096607431,86
1.44000005722046,0.979786157608032,-0.650453209877014,-6.2446629385704e-05,90
1.47000002861023,0.981182515621185,-0.656679570674896,-5.00371576208636e-05,96
1.5,0.982459425926208,-0.663108944892883,-9.67216382150582e-05,101
1.52999997138977,0.983627140522003,-0.669731914997101,-0.00126283803757588,107
1.55999994277954,0.984698951244354,-0.676547110080719,0.0956784202451217,118
1.5900000333786,0.987315952777863,-0.697001695632935,-0.000856924474419429,124
1.62000000476837,0.98834502696991,-0.706937074661255,-3.31190444171625e-05,129
1.64999997615814,0.989083349704742,-0.714890718460083,-4.87162433842059e-05,131
1.67999994754791,0.989777863025665,-0.723090410232544,-0.00107211155903997,137
1.71000003814697,0.990429818630219,-0.731500685214996,-0.00113564508671971,139
1.74000000953674,0.99104505777359,-0.740142464637756,-0.000407649964984103,143
1.76999998092651,0.991627037525177,-0.749024868011475,-0.000225517831722755,146
1.79999995231628,0.992276668548584,-0.759799718856812,-0.00104804539267889,148
1.83000004291534,0.99279659986496,-0.769172370433807,-0.00104396974319343,152
1.86000001430511,0.993291974067688,-0.778773605823517,-0.00106345803658314,152
1.88999998569489,0.993764936923981,-0.788601100444794,-0.00108754801607347,153
1.91999995708466,0.994217395782471,-0.798654019832611,-0.00114575176007747,154
1.95000004768372,0.994651079177856,-0.808931171894073,-0.00120008206147304,157
1.98000001907349,0.995067536830902,-0.819429039955139,0.000242785912632826,159
2.00999999046326,0.995468199253082,-0.830148756504059,0.000673070733412828,162
2.03999996185303,0.99586296081543,-0.841342329978943,-0.00132403296328221,164
2.0699999332428,0.996235251426697,-0.852493464946747,-0.00115777856814248,163
2.09999990463257,0.996594905853271,-0.863858282566071,-0.00108619004464572,166
2.13000011444092,0.99694299697876,-0.875432252883911,-0.0010866656757571,166
2.16000008583069,0.997280359268188,-0.887212991714478,-0.00110140743771581,166
2.19000005722046,0.997607827186584,-0.89919775724411,-0.00112075674223888,167
2.22000002861023,0.99792605638504,-0.911385178565979,-0.00115010954760919,171
2.25,0.998235702514648,-0.92376983165741,-0.000297356517251046,171
2.27999997138977,0.998537182807922,-0.936355233192444,-0.000219953694738706,173
2.30999994277954,0.998831689357758,-0.949140667915344,-0.00111862275986141,174
2.33999991416931,0.999118983745575,-0.962104618549347,-0.00114428768677044,173
2.36999988555908,0.999399721622467,-0.975256145000458,-0.00115599502214536,173
2.40000009536743,0.999674320220947,-0.988592147827148,-0.00122202921761527,174
2.4300000667572,0.999943256378174,-1.00210905075073,0.00459145093276447,174
2.46000003814697,1.00020813941956,-1.01592791080475,0.0103174785883482,175
2.49000000953674,1.0004825592041,-1.03066444396973,-0.00119234157199344,177
2.51999998092651,1.00073719024658,-1.04472231864929,-0.00119403630225179,177
2.54999995231628,1.00098645687103,-1.05895066261292,-0.00120913860405381,177
2.57999992370605,1.00123155117035,-1.07334637641907,-0.00129961756260855,177
2.60999989509583,1.0014728307724,-1.08790755271912,-0.00192070956313728,177
2.64000010490417,1.00171053409576,-1.10262989997864,-0.00124212129236412,178
2.67000007629395,1.00194478034973,-1.11751186847687,-0.00124732463632427,177
2.70000004768372,1.00217580795288,-1.13255071640015,-0.00126554642957899,176
2.73000001907349,1.00240385532379,-1.1477438211441,-0.00131084742292842,177
2.75999999046326,1.00262916088104,-1.16308808326721,-0.00135507974005122,177
2.78999996185303,1.00285160541534,-1.17858147621155,-0.00165493253712157,177
2.8199999332428,1.00307166576385,-1.19421637058258,-0.00165438325319656,177
2.82011723518372,1.00307166576385,-1.19421637058258,-0.00165375417304858,177
2.82029294967651,1.00307166576385,-1.19421648979187,-0.00165254614779542,177
2.820556640625,1.00307166576385,-1.19421648979187,-0.00165093849159348,177
2.82095217704773,1.00307166576385,-1.19421648979187,-0.00164841331053367,177
2.82154536247253,1.00307166576385,-1.19421660900116,-0.00164476505835864,177
2.82243537902832,1.00307166576385,-1.19421672821045,-0.00164263774831852,177
2.82276892662048,1.00307166576385,-1.19421672821045,-0.0016394879775703,177
2.8232696056366,1.00307166576385,-1.19421684741974,-0.00163783009674034,177
2.82345724105835,1.00307166576385,-1.19421696662903,-0.00163517551783343,177
2.82373881340027,1.00307166576385,-1.19421696662903,-0.00163108633012143,177
2.82416129112244,1.00307166576385,-1.19421708583832,-0.00162894295289107,177
2.82431960105896,1.00307166576385,-1.19421720504761,-0.00162554052525365,177
2.82455706596375,1.00307166576385,-1.1942173242569,-0.00162364221131384,177
2.82464623451233,1.00307166576385,-1.1942173242569,-0.00162073185958889,177
2.82477998733521,1.00307166576385,-1.19421744346619,-0.00161926901677134,177
2.82483005523682,1.00307166576385,-1.19421744346619,-0.00161682401642338,177
2.82490515708923,1.00307166576385,-1.19421756267548,-0.00161308784942094,177
2.82501792907715,1.00307166576385,-1.19421768188477,-0.00161120107134138,177
2.82506012916565,1.00307166576385,-1.19421768188477,-0.00160808146273439,177
2.82512354850769,1.00307166576385,-1.19421780109406,-0.0016062855910377,177
2.8251473903656,1.00307166576385,-1.19421792030334,-0.00160378142959416,177
2.82518315315247,1.00307166576385,-1.19421792030334,-0.00160002432886586,177
2.82523655891418,1.00307166576385,-1.19421803951263,-0.00159794328044427,177
2.82525658607483,1.00307166576385,-1.19421815872192,-0.00159461372390979,177
2.82528686523438,1.00307166576385,-1.19421827793121,-0.0015928783760728,177
2.82529807090759,1.00307166576385,-1.19421827793121,-0.00159006848548415,177
2.82531499862671,1.00307166576385,-1.1942183971405,-0.00158853861159969,177
2.82532143592834,1.00307166576385,-1.1942183971405,-0.00158623403353886,177
2.82533097267151,1.00307166576385,-1.19421851634979,-0.00158276558926218,177
2.82534503936768,1.00307166576385,-1.19421863555908,-0.00158084382320567,177
2.825350522995,1.00307166576385,-1.19421863555908,-0.00157795966009644,177
2.82535862922668,1.00307166576385,-1.19421875476837,-0.0015762119376177,177
2.82536149024963,1.00307166576385,-1.19421875476837,-0.00157387876168968,177
2.82536602020264,1.00307166576385,-1.19421887397766,-0.00157006926571057,177
2.82537293434143,1.00307166576385,-1.19421899318695,-0.00156803014806428,177
2.82537531852722,1.00307166576385,-1.19421899318695,-0.00156491605571318,177
2.82537913322449,1.00307166576385,-1.19421911239624,-0.00156321576315577,177
2.82538056373596,1.00307166576385,-1.19421923160553,-0.00156053445982707,177
2.82538270950317,1.00307166576385,-1.19421923160553,-0.00155661862800116,177
2.82538604736328,1.00307166576385,-1.19421935081482,-0.00155435916371971,177
2.82538723945618,1.00307166576385,-1.19421947002411,-0.00155106680546169,177
2.82538914680481,1.00307166576385,-1.1942195892334,-0.0015491972936843,177
2.82538962364197,1.00307166576385,-1.1942195892334,-0.00154647679499931,177
2.82539081573486,1.00307166576385,-1.19421970844269,-0.00154487395957403,177
2.82539105415344,1.00307166576385,-1.19421970844269,-0.00154244259010738,177
2.82539176940918,1.00307166576385,-1.19421982765198,-0.00153899416636705,177
2.82539248466492,1.00307166576385,-1.19421994686127,-0.00153676350049636,177
2.82539296150208,1.00307166576385,-1.19421994686127,-0.00153384566920067,177
2.82539343833923,1.00307166576385,-1.19422006607056,-0.00153229281244194,177
2.82539343833923,1.00307166576385,-1.19422018527985,-0.00152962965717052,177
2.82539391517639,1.00307166576385,-1.19422018527985,-0.00152577652039554,177
2.82539415359497,1.00307166576385,-1.19422030448914,-0.00152377783024349,177
2.82539439201355,1.00307166576385,-1.19422042369843,-0.00152053214628722,177
2.82539463043213,1.00307166576385,-1.19422054290771,-0.00151874576044975,177
2.82539463043213,1.00307166576385,-1.19422054290771,-0.00151612016372837,177
2.82539486885071,1.00307166576385,-1.194220662117,-0.00151452901656057,177
2.82539486885071,1.00307166576385,-1.194220662117,-0.00151221639737287,177
2.82539486885071,1.00307166576385,-1.19422078132629,-0.00150887996193205,177
2.82539510726929,1.00307166576385,-1.19422090053558,-0.00150687335383282,177
2.82539510726929,1.00307166576385,-1.19422090053558,-0.00150410229127829,177
2.82539510726929,1.00307166576385,-1.19422101974487,-0.00150233827798729,177
2.82539510726929,1.00307166576385,-1.19422101974487,-0.00150006873360553,177
2.82539510726929,1.00307166576385,-1.19422113895416,-0.00149628798885715,177
2.82539534568787,1.00307166576385,-1.19422125816345,-0.00149424001813259,177
2.82539534568787,1.00307166576385,-1.19422125816345,-0.00149125461609856,177
2.82539534568787,1.00307166576385,-1.19422137737274,-0.00148952864668672,177
2.82539534568787,1.00307166576385,-1.19422149658203,-0.00148684546576305,177
2.82539534568787,1.00307166576385,-1.19422149658203,-0.0014829940661798,177
2.82539534568787,1.00307166576385,-1.19422161579132,-0.00148066417824566,177
2.82539534568787,1.00307166576385,-1.19422173500061,-0.00147748921352786,177
2.82539534568787,1.00307166576385,-1.1942218542099,-0.00147572216769731,177
2.82539534568787,1.00307166576385,-1.1942218542099,-0.00147276854511347,177
2.82539534568787,1.00307166576385,-1.19422197341919,-0.00147119802852558,177
2.82539534568787,1.00307166576385,-1.19422197341919,-0.0014689325520294,177
2.82539534568787,1.00307166576385,-1.19422209262848,-0.00146542750172785,177
2.82539534568787,1.00307166576385,-1.19422221183777,-0.00146351770871433,177
2.82539534568787,1.00307166576385,-1.19422221183777,-0.00146051112363921,177
2.82539534568787,1.00307166576385,-1.19422233104706,-0.00145892490928645,177
2.82539534568787,1.00307166576385,-1.19422233104706,-0.0014564007197464,177
2.82539534568787,1.00307166576385,-1.19422245025635,-0.00145260713804873,177
2.82539534568787,1.00307166576385,-1.19422256946564,-0.00145052871965845,177
2.82539534568787,1.00307166576385,-1.19422268867493,-0.0014473236193453,177
2.82539534568787,1.00307166576385,-1.19422268867493,-0.00144554796196417,177
2.82539534568787,1.00307166576385,-1.19422280788422,-0.00144292547537361,177
2.82539534568787,1.00307166576385,-1.19422280788422,-0.00143887492862405,177
2.82539534568787,1.00307166576385,-1.19422292709351,-0.00143667532017844,177
2.82539534568787,1.00307166576385,-1.1942230463028,-0.00143332524993411,177
2.82539534568787,1.00307166576385,-1.19422316551208,-0.00143134085544716,177
2.82539534568787,1.00307166576385,-1.19422316551208,-0.00142839715306309,177
2.82539534568787,1.00307166576385,-1.19422328472137,-0.00142684079116862,177
2.82539534568787,1.00307166576385,-1.19422340393066,-0.00142444866935421,177
2.82539534568787,1.00307166576385,-1.19422340393066,-0.00142090830786401,177
2.82539534568787,1.00307166576385,-1.19422352313995,-0.00141877914438737,177
2.82539534568787,1.00307166576385,-1.19422364234924,-0.00141581626354537,177
2.82539534568787,1.00307166576385,-1.19422364234924,-0.00141402163393423,177
2.82539534568787,1.00307166576385,-1.19422376155853,-0.00141136371735229,177
2.82539534568787,1.00307166576385,-1.19422376155853,-0.00140761148441015,177
2.82539534568787,1.00307166576385,-1.19422388076782,-0.00140552345482092,177
2.82539534568787,1.00307166576385,-1.19422399997711,-0.00140231029325832,177
2.82539534568787,1.00307166576385,-1.1942241191864,-0.0014004156791998,177
2.82539534568787,1.00307166576385,-1.1942241191864,-0.00139758828083814,177
2.82539534568787,1.00307166576385,-1.19422423839569,-0.00139601790965571,177
2.82539534568787,1.00307166576385,-1.19422423839569,-0.001393763961687,177
2.82539534568787,1.00307166576385,-1.19422435760498,-0.00139024593005388,177
2.82539534568787,1.00307166576385,-1.19422447681427,-0.0013884185182178,177
2.82539534568787,1.00307166576385,-1.19422447681427,-0.00138534208485908,177
2.82539534568787,1.00307166576385,-1.19422459602356,-0.00138377629639308,177
2.82539534568787,1.00307166576385,-1.19422471523285,-0.00138135862800937,177
2.82539534568787,1.00307166576385,-1.19422471523285,-0.00137756628163288,177
2.82539534568787,1.00307166576385,-1.19422483444214,-0.00137546173152714,177
2.82539534568787,1.00307166576385,-1.19422495365143,-0.00137246032835492,177
2.82539534568787,1.00307166576385,-1.19422495365143,-0.00137062574452784,177
2.82539534568787,1.00307166576385,-1.19422507286072,-0.00136803566215349,177
2.82539534568787,1.00307166576385,-1.19422519207001,-0.00136409338858812,177
2.82539534568787,1.00307166576385,-1.1942253112793,-0.00136173610997048,177
2.82539534568787,1.00307166576385,-1.1942253112793,-0.00135853595890012,177
2.82539534568787,1.00307166576385,-1.19422543048859,-0.00135665149832676,177
2.82539534568787,1.00307166576385,-1.19422554969788,-0.00135386008662408,177
2.82539534568787,1.00307166576385,-1.19422554969788,-0.00135226888954776,177
2.82539534568787,1.00307166576385,-1.19422566890717,-0.00134989213563586,177
2.82539534568787,1.00307166576385,-1.19422566890717,-0.00134622592270262,177
2.82539534568787,1.00307166576385,-1.19422578811646,-0.00134427930754555,177
2.82539534568787,1.00307166576385,-1.19422590732574,-0.00134116281549268,177
2.82539534568787,1.00307166576385,-1.19422590732574,-0.00133952147012906,177
2.82539534568787,1.00307166576385,-1.19422602653503,-0.00133703699918897,177
2.82539534568787,1.00307166576385,-1.19422614574432,-0.00133323456333301,177
2.82539534568787,1.00307166576385,-1.19422626495361,-0.00133111008722153,177
2.82539534568787,1.00307166576385,-1.19422626495361,-0.0013278620990036,177
2.82539534568787,1.00307166576385,-1.1942263841629,-0.00132602416334748,177
2.82539534568787,1.00307166576385,-1.1942263841629,-0.00132332454029438,177
2.82539534568787,1.00307166576385,-1.19422650337219,-0.00132180590975395,177
2.82539534568787,1.00307166576385,-1.19422650337219,-0.00131947822075063,177
2.82539534568787,1.00307166576385,-1.19422662258148,-0.00131600643345564,177
2.82539534568787,1.00307166576385,-1.19422674179077,-0.00131416647008109,177
2.82539534568787,1.00307166576385,-1.19422674179077,-0.00131123889855189,177
2.82539534568787,1.00307166576385,-1.19422686100006,-0.00130955718429959,177
2.82539534568787,1.00307166576385,-1.19422698020935,-0.00130720053141431,177
2.82539534568787,1.00307166576385,-1.19422698020935,-0.00130350137590085,177
2.82539534568787,1.00307166576385,-1.19422709941864,-0.00130150214641844,177
2.82539534568787,1.00307166576385,-1.19422721862793,-0.0012983848068302,177
2.82539534568787,1.00307166576385,-1.19422721862793,-0.001296582490113,177
2.82539534568787,1.00307166576385,-1.19422733783722,-0.00129398909803058,177
2.82539534568787,1.00307166576385,-1.19422745704651,-0.00129006273692767,177
2.82539534568787,1.00307166576385,-1.1942275762558,-0.00128780820500651,177
2.82539534568787,1.00307166576385,-1.1942275762558,-0.00128461969597993,177
2.82539534568787,1.00307166576385,-1.19422769546509,-0.00128271137771208,177
2.82539534568787,1.00307166576385,-1.19422769546509,-0.00127997272250013,177
2.82539534568787,1.00307166576385,-1.19422781467438,-0.00127829495698961,177
2.82539534568787,1.00307166576385,-1.19422793388367,-0.00127605732831171,177
2.82539534568787,1.00307166576385,-1.19422793388367,-0.00127254582213254,177
2.82539534568787,1.00307166576385,-1.19422805309296,-0.00127058366689425,177
2.82539534568787,1.00307166576385,-1.19422817230225,-0.00126744054568917,177
2.82539534568787,1.00307166576385,-1.19422817230225,-0.00126586322289768,177
2.82539534568787,1.00307166576385,-1.19422829151154,-0.00126328614254589,177
2.82539534568787,1.00307166576385,-1.19422829151154,-0.00125956091829948,177
2.82539534568787,1.00307166576385,-1.19422841072083,-0.00125744419517559,177
2.82539534568787,1.00307166576385,-1.19422852993011,-0.00125428426599683,177
2.82539534568787,1.00307166576385,-1.1942286491394,-0.00125246466637918,177
2.82539534568787,1.00307166576385,-1.1942286491394,-0.0012498174095299,177
2.82539534568787,1.00307166576385,-1.19422876834869,-0.00124582873866075,177
2.82539534568787,1.00307166576385,-1.19422888755798,-0.00124349402079815,177
2.82539534568787,1.00307166576385,-1.19422888755798,-0.00124020258562041,177
2.82539534568787,1.00307166576385,-1.19422900676727,-0.00123824987821308,177
2.82539534568787,1.00307166576385,-1.19422912597656,-0.00123535592001645,177
2.82539534568787,1.00307166576385,-1.19422924518585,-0.00123261651953044,177
2.82539534568787,1.00307166576385,-1.19422924518585,-0.00122872977817678,177
2.82539534568787,1.00307166576385,-1.19422936439514,-0.00122471180611683,177
2.82539534568787,1.00307166576385,-1.19422948360443,-7.87248145113131,177
2.82539534568787,1.00307166576385,-1.19422948360443,-nan(ind),-nan(ind)
#GNA3
0.0,0.0,0.0,3.58797464627969e-07,0
0.0500000007450581,0.0499673262238503,-0.0301348939538002,-0.000333578076407548,0
0.100000001490116,0.0998654738068581,-0.0602387934923172,-0.000420730428182026,0
0.150000005960464,0.149688825011253,-0.0903093740344048,-0.000537658685743736,0
0.200000002980232,0.199430599808693,-0.120343819260597,-0.000697437097926468,0
0.25,0.249082446098328,-0.150338619947433,-0.000920972797018749,0
0.300000011920929,0.298633903264999,-0.180289372801781,-0.00124167969673294,0
0.349999994039536,0.348071455955505,-0.210190311074257,-0.00171435870191772,0
0.400000005960464,0.397377341985703,-0.240033730864525,-0.00243273329903104,0
0.449999988079071,0.446527361869812,-0.269809007644653,-0.00356067381977709,0
0.5,0.495487540960312,-0.299500972032547,-0.00539575060645348,0
0.550000011920929,0.544208347797394,-0.329086929559708,-0.00849591640371727,0
0.600000023841858,0.592614471912384,-0.358531832695007,-0.0139324151354003,0
0.649999976158142,0.640586256980896,-0.387778580188751,-0.0237724200307525,0
0.699999988079071,0.687924325466156,-0.416729867458344,1.44016587455553e-06,0
0.75,0.734281480312347,-0.445212066173553,1.7218818584297e-06,0
0.800000011920929,0.779030621051788,-0.472904741764069,8.06245679996209e-07,0
0.850000023841858,0.821057736873627,-0.499225378036499,3.82344023819314e-06,0
0.899999976158142,0.858605086803436,-0.523236989974976,4.59104365404528e-05,5
0.949999988079071,0.889726459980011,-0.543890833854675,0.000311072162276105,14
1.0,0.913820147514343,-0.56092244386673,7.72665773638437e-05,20
1.04999995231628,0.931326627731323,-0.574574887752533,-0.0139654519500709,22
1.10000002384186,0.944129526615143,-0.586013734340668,0.00830891558985059,25
1.14999997615814,0.953651785850525,-0.596110582351685,-0.00777528107482794,36
1.20000004768372,0.960900127887726,-0.605499804019928,-0.00764554855908273,42
1.25,0.966552913188934,-0.614603459835052,0.000580982403050712,51
1.29999995231628,0.971113741397858,-0.623832404613495,-0.00605762793634312,61
1.35000002384186,0.974772393703461,-0.633145153522491,-0.000125712940700851,72
1.39999997615814,0.977804601192474,-0.6428062915802,-0.000323165569113826,76
1.41250002384186,0.978482484817505,-0.64528876543045,0.000695480030628914,80
1.43124997615814,0.979442715644836,-0.6490238904953,-0.000698161181901469,83
1.45937502384186,0.979270756244659,-0.648408353328705,-0.000821045817417598,82
1.50156247615814,0.978458523750305,-0.646121621131897,-0.0193223129349462,84
1.55156254768372,0.97671103477478,-0.641764104366302,0.0383943918732257,86
1.6015625,0.973913371562958,-0.634675025939941,-2.68302300696632e-05,86
1.60468745231628,0.973816990852356,-0.634431421756744,2.02595817881956e-05,86
1.60781252384186,0.973768949508667,-0.634311556816101,4.60101326780205e-05,86
1.61093747615814,0.973725318908691,-0.634200751781464,0.000266808653520911,86
1.61406254768372,0.973705768585205,-0.634145796298981,8.09843189131243e-05,86
1.6171875,0.973697423934937,-0.634118914604187,4.04138056637748e-05,86
1.62187504768372,0.973684549331665,-0.634078502655029,2.12396558936234e-05,86
1.62890625,0.973659873008728,-0.634004950523376,3.84637769457186e-06,86
1.63945317268372,0.973607182502747,-0.633857607841492,-5.05828476775605e-05,86
1.6552734375,0.973489701747894,-0.633546590805054,-0.000304872118931598,86
1.67900395393372,0.973221123218536,-0.632875800132751,-0.000422760711330739,84
1.714599609375,0.972721874713898,-0.631708979606628,0.000150563794363734,82
1.76459956169128,0.972023785114288,-0.630104899406433,3.76757058120347e-05,83
1.81459963321686,0.972006559371948,-0.630154967308044,0.000389237951409882,82
1.86459958553314,0.972008287906647,-0.630217909812927,0.000805148498386643,83
1.91459965705872,0.972671449184418,-0.631847083568573,-0.00271793033812173,86
1.964599609375,0.973366796970367,-0.63343870639801,-0.00110156471180289,86
2.01459956169128,0.973667621612549,-0.634067535400391,-0.0031257296215017,86
2.06459951400757,0.973464548587799,-0.633480250835419,-0.00752320076315982,84
2.11459970474243,0.972690522670746,-0.631636440753937,0.00101605403574467,82
2.16459965705872,0.972023546695709,-0.630105555057526,4.47202857571938e-05,83
2.214599609375,0.972015023231506,-0.630180716514587,-0.000336978764778451,82
2.26459956169128,0.971982717514038,-0.630179405212402,2.92759494868733e-05,82
2.277099609375,0.971899509429932,-0.630022466182709,0.00019777571094437,82
2.29584956169128,0.971654415130615,-0.629499495029449,-0.000189196665928648,83
2.323974609375,0.97155100107193,-0.629225254058838,-0.000365990176590003,80
2.36616206169128,0.969941675662994,-0.625986099243164,-2.86470537957939e-05,80
2.40834951400757,0.969132006168365,-0.6244797706604,-9.14824024107475e-05,80
2.45053720474243,0.968316256999969,-0.623051881790161,-0.000663226752692481,80
2.50053715705872,0.96737402677536,-0.621530711650848,-0.000698203825891142,79
2.550537109375,0.966548442840576,-0.620344161987305,-6.0245287897942e-05,80
2.60053706169128,0.965791344642639,-0.61937016248703,1.35267142127304e-05,79
2.65053701400757,0.964983701705933,-0.618397235870361,-0.000280698448477779,79
2.70053720474243,0.964071452617645,-0.617343962192535,-0.000435464287022569,78
2.75053715705872,0.963004112243652,-0.616145014762878,-0.000389659224993011,78
2.800537109375,0.961854994297028,-0.614835798740387,-4.09765111726301e-05,78
2.85053706169128,0.9606072306633,-0.61345911026001,-8.94782129989835e-06,78
2.90053701400757,0.959278047084808,-0.612023413181305,-5.90174079206918e-06,78
2.95053720474243,0.957884311676025,-0.610547661781311,-4.89741819365008e-06,78
3.00053715705872,0.956438601016998,-0.609047174453735,-4.23352281586631e-06,78
3.050537109375,0.954949200153351,-0.607532203197479,-3.90088928270416e-06,78
3.10053706169128,0.953421473503113,-0.606009781360626,-3.49122996112783e-06,78
3.15053701400757,0.951859772205353,-0.604484379291534,-2.5535528607179e-06,78
3.20053720474243,0.950267434120178,-0.602958977222443,-2.05054669777383e-06,77
3.25053715705872,0.94864684343338,-0.601435244083405,-2.00428684138387e-06,77
3.300537109375,0.946999490261078,-0.599914312362671,-2.256243476495e-06,76
3.35053706169128,0.945325314998627,-0.598397254943848,-2.69530437435606e-06,76
3.40053701400757,0.94362199306488,-0.596884250640869,-2.86326491050204e-06,76
3.45053720474243,0.94188392162323,-0.59537410736084,-2.153261220883e-06,76
3.50053715705872,0.94010317325592,-0.593865096569061,-1.31205438833604e-05,76
3.550537109375,0.938275337219238,-0.592361748218536,5.38916893901842e-05,75
3.60053706169128,0.936416208744049,-0.59088796377182,0.000174772679201851,75
3.65053701400757,0.934689044952393,-0.589618921279907,0.000605016206009168,74
3.70053720474243,0.93444412946701,-0.589728832244873,0.00018763396644772,74
3.75053715705872,0.93580573797226,-0.591008543968201,8.30177146440292e-05,74
3.800537109375,0.937564551830292,-0.592555463314056,1.45114506722166e-05,74
3.85053706169128,0.939436495304108,-0.594187200069427,5.05117213833728e-06,73
3.90053701400757,0.941295444965363,-0.59583055973053,1.00561470617322e-06,73
3.95053720474243,0.943097412586212,-0.597461402416229,-5.09413348481758e-06,75
4.00053691864014,0.944841802120209,-0.599082469940186,-5.22211195175259e-06,76
4.050537109375,0.946540296077728,-0.600702524185181,-5.03573369314836e-06,76
4.10053730010986,0.948202252388,-0.60232675075531,-5.16153670560016e-06,75
4.15053701400757,0.94982922077179,-0.603952169418335,-4.90745628667355e-06,75
4.20053720474243,0.951414585113525,-0.605568528175354,-4.17729086166219e-06,76
4.25053691864014,0.952945113182068,-0.607159078121185,-2.69830962906781e-06,77
4.300537109375,0.954402446746826,-0.608701884746552,-8.02008628397743e-07,78
4.35053730010986,0.955765604972839,-0.610171914100647,2.03705280910071e-06,78
4.40053701400757,0.957014977931976,-0.61154443025589,2.06738596375544e-05,76
4.45053720474243,0.958143949508667,-0.612806737422943,-4.89875645826032e-06,76
4.50053691864014,0.959189534187317,-0.613992869853973,-0.000120197774663211,76
4.550537109375,0.960293650627136,-0.615253984928131,-0.0002440892899358,76
4.60053730010986,0.961630046367645,-0.616787850856781,-2.532330449867e-05,76
4.65053701400757,0.963039517402649,-0.618430376052856,-5.53831011984585e-06,76
4.70053720474243,0.964380860328674,-0.620028614997864,-6.91816762810049e-06,76
4.75053691864014,0.96560400724411,-0.62151825428009,-9.13649955691653e-06,76
4.800537109375,0.966663181781769,-0.622824132442474,-2.40562473550199e-05,76
4.85053730010986,0.967481672763824,-0.623809576034546,-4.4149787868264e-05,75
4.90053701400757,0.967913806438446,-0.624216437339783,0.000194566140862662,73
4.95053720474243,0.967779219150543,-0.623748660087585,4.45598604414954e-05,73
5.00053691864014,0.967164993286133,-0.62258780002594,-3.04015713368244e-05,71
5.050537109375,0.966321289539337,-0.621151030063629,-1.3797019789763e-05,69
5.10053730010986,0.965365171432495,-0.619616806507111,-6.43757158513836e-06,69
5.15053701400757,0.964335143566132,-0.618041038513184,-4.03357790901282e-06,69
5.20053720474243,0.963244080543518,-0.61644321680069,-3.93976705481691e-06,69
5.25053691864014,0.962098181247711,-0.614836156368256,-7.07565237689778e-06,69
5.300537109375,0.960905432701111,-0.613236963748932,-1.55962530357101e-05,68
5.35053730010986,0.959683179855347,-0.611674606800079,-3.0318306130539e-05,68
5.40053701400757,0.958464026451111,-0.610192894935608,-4.91246248657262e-05,68
5.45053720474243,0.957295954227448,-0.608844459056854,-5.44891142908455e-05,68
5.50053691864014,0.956229507923126,-0.607673585414886,-4.91496304562133e-05,68
5.550537109375,0.955296218395233,-0.606694638729095,-3.52809906871698e-05,68
5.60053730010986,0.954489052295685,-0.605882048606873,-1.8968152232901e-05,68
5.65053701400757,0.953759729862213,-0.605173587799072,-2.12544676969628e-05,67
5.70053720474243,0.953036189079285,-0.604489207267761,-8.60318031641327e-05,68
5.75053691864014,0.952238023281097,-0.603741765022278,-0.000238023607607829,69
5.800537109375,0.951283097267151,-0.602842271327972,-7.92020894095913e-05,70
5.85053730010986,0.950174152851105,-0.601812124252319,7.3877224053831e-05,70
5.90053701400757,0.948993146419525,-0.600764036178589,6.44265681444267e-05,71
5.95053720474243,0.947860836982727,-0.599799633026123,5.08426091982983e-05,71
6.00053691864014,0.946989238262177,-0.59906667470932,1.34870911097096e-05,72
6.050537109375,0.946572482585907,-0.598690807819366,8.86429290858359e-06,74
6.10053730010986,0.946576297283173,-0.598631083965302,1.14212953121751e-05,74
6.15053701400757,0.946813583374023,-0.598741471767426,1.0349023341405e-05,72
6.20053720474243,0.947116613388062,-0.598893105983734,1.25383863291972e-05,71
6.25053691864014,0.947361588478088,-0.5989870429039,1.82707441354069e-05,70
6.300537109375,0.947455167770386,-0.598944544792175,2.32435813813936e-05,70
6.35053730010986,0.94733464717865,-0.598710358142853,2.10273245784265e-05,70
6.40053701400757,0.946977913379669,-0.598265409469604,1.27045020690275e-05,70
6.45053720474243,0.946404039859772,-0.597628653049469,7.55098085392092e-06,69
6.50053691864014,0.945655286312103,-0.596839487552643,-2.68774283540552e-06,69
6.550537109375,0.944776296615601,-0.595937192440033,-3.94537044030585e-05,68
6.60053730010986,0.943800568580627,-0.594951927661896,-5.04721515426354e-06,67
6.65053701400757,0.94275289773941,-0.593895733356476,-3.47335645756175e-06,66
6.70053720474243,0.941642642021179,-0.592777192592621,-3.20709415291276e-06,66
6.75053691864014,0.940471351146698,-0.591596603393555,-4.08677891527987e-06,65
6.800537109375,0.939235150814056,-0.590351939201355,-1.20640700060903e-05,65
6.85053730010986,0.93792051076889,-0.589032590389252,-2.33889629157602e-05,65
6.90053701400757,0.936493754386902,-0.587613642215729,-2.49824930733666e-05,64
6.95053720474243,0.934915482997894,-0.586084544658661,-4.46225745349693e-05,63
7.00053691864014,0.933234453201294,-0.584532201290131,-2.89296631876823e-05,63
7.050537109375,0.931549191474915,-0.583064258098602,-1.88343600484586e-05,63
7.10053730010986,0.929847776889801,-0.58166491985321,-9.76997586121797e-06,64
7.15053701400757,0.928062975406647,-0.580270648002625,3.16901007408887e-05,64
7.20053720474243,0.926143944263458,-0.578849136829376,0.000336842521875269,66
7.25053691864014,0.923379480838776,-0.576822340488434,-2.49846692668143e-06,66
7.300537109375,0.921157479286194,-0.575253367424011,-3.83551719096431e-06,66
7.35053730010986,0.918867588043213,-0.573656857013702,-3.90837772101804e-06,66
7.40053701400757,0.916542410850525,-0.572051763534546,-2.76512059826928e-06,66
7.45053720474243,0.914200246334076,-0.570449113845825,-1.56213968693919e-06,65
7.50053691864014,0.911846995353699,-0.568852961063385,-8.52042489896121e-07,65
7.550537109375,0.909480929374695,-0.567262709140778,-5.13921520450822e-07,65
7.60053730010986,0.907097578048706,-0.565676093101501,4.74450644105673e-07,65
7.65053701400757,0.90469217300415,-0.564090549945831,7.33714614398195e-07,65
7.70053720474243,0.902261197566986,-0.5625039935112,5.55320639250567e-07,65
7.75053691864014,0.899802684783936,-0.560915291309357,5.72241162899445e-07,65
7.800537109375,0.89731639623642,-0.559323966503143,5.58498072678049e-07,65
7.85053730010986,0.894803643226624,-0.557730495929718,5.70147903999896e-07,65
7.90053701400757,0.892267048358917,-0.556135892868042,6.47896968075656e-07,65
7.95053720474243,0.889710366725922,-0.554541766643524,5.71294606288575e-07,65
8.00053691864014,0.887138545513153,-0.552950382232666,5.92407388921856e-07,65
8.050537109375,0.88455718755722,-0.551364243030548,8.62025956394064e-07,66
8.10053730010986,0.881972968578339,-0.549786448478699,7.71747295402747e-07,66
8.15053749084473,0.879393577575684,-0.54822051525116,8.03906360147266e-07,66
8.20053672790527,0.876828014850616,-0.54667067527771,9.43124703667308e-07,66
8.25053691864014,0.874287784099579,-0.545142471790314,1.05427371011046e-06,66
8.300537109375,0.871789872646332,-0.543644487857819,-6.23378787167894e-06,66
8.35053730010986,0.869368135929108,-0.542199194431305,0.00238526885027568,68
8.40053749084473,0.867009043693542,-0.540765166282654,-0.00306563872800325,69
8.45053672790527,0.870931804180145,-0.543015956878662,0.000579902928564024,69
8.50053691864014,0.873075067996979,-0.544283449649811,9.54343590819917e-07,69
8.550537109375,0.875236213207245,-0.54556941986084,6.91523382556625e-07,69
8.60053730010986,0.877392113208771,-0.54686027765274,5.4072182820164e-07,69
8.65053749084473,0.879525661468506,-0.54814612865448,4.79989239465795e-07,69
8.70053672790527,0.881621718406677,-0.549418210983276,5.4295429663398e-07,69
8.75053691864014,0.883665323257446,-0.550668001174927,3.9581050259585e-07,69
8.800537109375,0.885641038417816,-0.551886856555939,5.43952637599432e-07,69
8.85053730010986,0.887531876564026,-0.553065478801727,5.12517885908892e-07,69
8.90053749084473,0.889318704605103,-0.554193556308746,5.82888787903357e-07,69
8.95053672790527,0.8909792304039,-0.555259048938751,6.36084280358773e-07,69
9.00053691864014,0.89248663187027,-0.556247413158417,6.61851117911283e-07,69
9.050537109375,0.893807768821716,-0.557140648365021,7.64362368954608e-07,69
9.10053730010986,0.894900143146515,-0.55791562795639,1.12549219011271e-06,69
9.15053749084473,0.895708322525024,-0.558541595935822,1.81326680603888e-06,69
9.20053672790527,0.896158635616302,-0.558977007865906,3.27551146028782e-06,68
9.25053691864014,0.896155774593353,-0.559166431427002,5.7373375170755e-06,68
9.300537109375,0.895589172840118,-0.559041619300842,8.69697123562219e-06,68
9.35053730010986,0.894371211528778,-0.558539986610413,8.02622463424996e-06,68
9.40053749084473,0.892516613006592,-0.557649075984955,7.84464577918698e-06,68
9.45053672790527,0.890185236930847,-0.556438863277435,8.78332969023177e-06,68
9.50053691864014,0.887594640254974,-0.555023908615112,6.49985736345116e-06,68
9.550537109375,0.884910345077515,-0.553502440452576,3.9650109329159e-06,68
9.60053730010986,0.882221519947052,-0.551936268806458,2.44670485471943e-06,68
9.65053749084473,0.879566252231598,-0.550359189510345,1.80511136704808e-06,68
9.70053672790527,0.876958072185516,-0.548789203166962,1.56447765675694e-06,68
9.75053691864014,0.874401152133942,-0.547236621379852,1.7015384514707e-06,68
9.800537109375,0.871898114681244,-0.545708477497101,1.8616820511852e-06,68
9.85053730010986,0.869453191757202,-0.544211089611053,2.16427025634403e-06,68
9.90053749084473,0.867073476314545,-0.542751252651215,2.43982765368855e-06,68
9.95053672790527,0.864769697189331,-0.541337013244629,2.844796597401e-06,68
10.0005369186401,0.862555861473083,-0.539977729320526,3.22739651892334e-06,68
10.050537109375,0.860448896884918,-0.538683831691742,3.75792944851128e-06,67
10.1005373001099,0.858467757701874,-0.537466764450073,4.2114843950003e-06,66
10.1505374908447,0.85663241147995,-0.536338090896606,4.74432528108082e-06,66
10.2005367279053,0.854962289333344,-0.535309016704559,5.27333207855918e-06,66
10.2505369186401,0.853474915027618,-0.534389436244965,5.73376684087634e-06,65
10.300537109375,0.85218471288681,-0.533587455749512,5.85507660844087e-06,65
10.3505373001099,0.851102232933044,-0.532908737659454,5.74254625007597e-06,65
10.4005374908447,0.850233852863312,-0.5323566198349,6.35185881492362e-06,65
10.4505367279053,0.849582433700562,-0.531933009624481,9.58109927751138e-06,65
10.5005369186401,0.849148035049438,-0.531639277935028,9.7064243504974e-06,65
10.550537109375,0.848929107189178,-0.531474173069,3.23211342667662e-06,66
10.6005373001099,0.848923683166504,-0.531435251235962,3.39547370487026e-06,68
10.6505374908447,0.849130213260651,-0.531522274017334,-3.48026003393898e-06,69
10.7005367279053,0.849548280239105,-0.531735897064209,-6.56985451996661e-06,69
10.7505369186401,0.85017865896225,-0.532077670097351,-7.53673504050312e-06,69
10.800537109375,0.851023077964783,-0.532549798488617,-9.39288844392649e-06,69
10.8505373001099,0.852083384990692,-0.533155024051666,-1.08692111666642e-05,69
10.9005374908447,0.853360652923584,-0.533895909786224,-1.19813520313983e-05,69
10.9505367279053,0.854853510856628,-0.534774363040924,-1.26936611195561e-05,69
11.0005369186401,0.856556057929993,-0.535790383815765,-1.26770546557964e-05,69
11.050537109375,0.858455657958984,-0.536941111087799,-1.22460587022033e-05,69
11.1005373001099,0.860529839992523,-0.538219928741455,-1.16496868258764e-05,69
11.1505374908447,0.862740576267242,-0.539614737033844,-1.15589848519448e-05,69
11.2005367279053,0.865019202232361,-0.54110449552536,-3.54162777966849e-05,69
11.2505369186401,0.867197453975677,-0.5426384806633,0.00188483669489869,71
11.300537109375,0.868375837802887,-0.543881237506866,-0.000180620976607315,71
11.3505373001099,0.866645157337189,-0.543547213077545,-2.2945270359287e-05,71
11.4005374908447,0.864517867565155,-0.54277116060257,-1.06023292687496e-05,72
11.4505367279053,0.862410604953766,-0.541943073272705,-8.91423496796051e-06,72
11.5005369186401,0.860426962375641,-0.541147291660309,-9.34007783826019e-06,72
11.550537109375,0.858612775802612,-0.540419638156891,-1.00469520702973e-05,73
11.6005373001099,0.856993317604065,-0.539779245853424,-2.10972947911614e-05,73
11.6505374908447,0.855583012104034,-0.539240837097168,4.88056070935272e-05,73
11.6630373001099,0.855264902114868,-0.539126098155975,-1.28632939322415e-05,73
11.6817874908447,0.854816973209381,-0.538982391357422,-0.129842070763061,72
11.7099123001099,0.853818714618683,-0.539140284061432,-3.53761831206612e-06,72
11.7520999908447,0.85326611995697,-0.53897887468338,3.71317291865125e-05,73
11.8020992279053,0.852852821350098,-0.538474678993225,-0.0028912945342654,74
11.8520994186401,0.85300874710083,-0.538254201412201,-0.0121418298133449,72
11.902099609375,0.852220416069031,-0.538079023361206,-9.20069323910866e-05,72
11.9520998001099,0.851822137832642,-0.538010656833649,-1.65120566180121e-05,70
12.0020999908447,0.851631999015808,-0.538040041923523,0.00102471433751816,69
12.0520992279053,0.851646721363068,-0.538165926933289,3.17020861118067e-06,69
12.1020994186401,0.851864755153656,-0.538387715816498,4.23495663426365e-06,69
12.152099609375,0.852284848690033,-0.538704097270966,5.16793795668491e-06,70
12.2020998001099,0.852905213832855,-0.539113640785217,5.74137231978966e-06,70
12.2520999908447,0.853722929954529,-0.539614498615265,5.97192183704465e-06,70
12.3020992279053,0.854732811450958,-0.540203809738159,5.8136195661973e-06,70
12.3520994186401,0.855927288532257,-0.540877461433411,5.63604316994315e-06,70
12.402099609375,0.857296049594879,-0.541630327701569,5.39425724355169e-06,70
12.4520998001099,0.858826398849487,-0.542456090450287,6.45370562324388e-06,70
12.5020999908447,0.86050409078598,-0.543347477912903,2.02701329499178e-05,70
12.5520992279053,0.862313449382782,-0.544294714927673,-0.000609352928734097,70
12.6020994186401,0.864215314388275,-0.545263886451721,-0.000145095613504509,70
12.652099609375,0.866292417049408,-0.546367287635803,-7.06400552985542e-05,70
12.7020998001099,0.868417978286743,-0.547480940818787,5.18061636967104e-06,69
12.7520999908447,0.870627701282501,-0.548624396324158,2.39294325865558e-06,69
12.8020992279053,0.872913956642151,-0.549807369709015,2.00918930204352e-06,69
12.8520994186401,0.875271737575531,-0.551031529903412,1.75154923454102e-06,69
12.902099609375,0.877697944641113,-0.552299499511719,1.60781871727522e-06,69
12.9520998001099,0.880190670490265,-0.55361545085907,1.60465896215101e-06,69
13.0020999908447,0.882748246192932,-0.554984629154205,1.83502618256171e-06,69
13.0520992279053,0.885367870330811,-0.556412518024445,2.83845474768896e-06,68
13.1020994186401,0.888044595718384,-0.557902634143829,2.86261928295062e-06,68
13.152099609375,0.890771090984344,-0.559454798698425,2.43750253048347e-06,68
13.2020998001099,0.893540978431702,-0.561065018177032,1.07158911077931e-06,68
13.2520999908447,0.896352648735046,-0.5627281665802,-1.31732002728313e-06,68
13.3020992279053,0.899208843708038,-0.564440310001373,-3.24680917174192e-06,68
13.3520994186401,0.902109086513519,-0.566197752952576,-3.81136766236523e-06,67
13.402099609375,0.905040860176086,-0.567994296550751,-2.98322152048058e-06,67
13.4520998001099,0.907978296279907,-0.569819927215576,-1.81334689841606e-06,68
13.5020999908447,0.910886228084564,-0.571659862995148,8.05581657914445e-06,67
13.5520992279053,0.913725733757019,-0.57349818944931,-1.48376085462587e-06,67
13.6020994186401,0.916449725627899,-0.575300276279449,-1.16579474251921e-06,67
13.652099609375,0.919004857540131,-0.577030658721924,-3.26172516906809e-06,67
13.7020998001099,0.92131769657135,-0.578630268573761,-9.61887923267568e-06,66
13.7520999908447,0.923271536827087,-0.580004870891571,-2.33203086850153e-05,65
13.8020992279053,0.924658715724945,-0.58099240064621,-2.1586244770333e-05,63
13.8520994186401,0.925156891345978,-0.581353962421417,-1.10497662149101e-05,63
13.902099609375,0.924585223197937,-0.580971121788025,-3.60248052402312e-05,63
13.9520998001099,0.923217177391052,-0.580059051513672,-2.69098302965176e-05,62
14.0020999908447,0.921404480934143,-0.578877985477448,-1.45504283750597e-05,62
14.0520992279053,0.919339239597321,-0.577565133571625,-7.7614648148483e-06,62
14.1020994186401,0.917107999324799,-0.576179504394531,-4.33903761631882e-06,62
14.152099609375,0.91474837064743,-0.574745059013367,-2.55313938168911e-06,62
14.2020998001099,0.912276268005371,-0.57327139377594,-1.69859117704618e-06,62
14.2520999908447,0.909699559211731,-0.571762979030609,-1.1070435448346e-06,62
14.3020992279053,0.907024502754211,-0.570223391056061,-8.0040257444125e-07,62
14.3520994186401,0.904260277748108,-0.568657398223877,-9.972337693398e-07,63
14.402099609375,0.901421308517456,-0.567071914672852,-1.57302577008522e-06,63
14.4520998001099,0.898528695106506,-0.565476477146149,-2.10058345828656e-06,63
14.5020999908447,0.895609259605408,-0.563883543014526,-2.22631842916599e-06,63
14.5520992279053,0.892691195011139,-0.562306582927704,-1.85635332172751e-06,63
14.6020994186401,0.889796674251556,-0.560756742954254,-1.06653646980703e-06,63
14.652099609375,0.88693779706955,-0.559240221977234,-5.07878933575512e-07,63
14.7020998001099,0.884117126464844,-0.557758510112762,6.58936450292913e-07,63
14.7520999908447,0.881331980228424,-0.556309878826141,8.53226675090468e-07,63
14.8020992279053,0.878578782081604,-0.554891467094421,-1.09467380227102e-06,63
14.8520994186401,0.875855803489685,-0.553500831127167,1.40230110012851e-06,63
14.902099609375,0.873164534568787,-0.552136659622192,-1.79337455108453e-06,63
14.9520998001099,0.870510220527649,-0.550799250602722,-2.26525294344526e-06,63
15.0020999908447,0.867902040481567,-0.549490749835968,2.83078834240058e-06,63
15.0520992279053,0.865353405475616,-0.548215270042419,4.74953725415617e-06,62
15.1020994186401,0.862882018089294,-0.546979129314423,4.15063880110367e-06,62
15.152099609375,0.860510647296906,-0.545791149139404,4.94359795766286e-06,62
15.2020998001099,0.858266890048981,-0.544662415981293,6.04057817099601e-06,62
15.2520999908447,0.856183052062988,-0.543606579303741,7.25697060488528e-06,62
15.3020992279053,0.854295313358307,-0.542639255523682,8.00143584456237e-06,62
15.3520994186401,0.85264128446579,-0.541777074337006,8.45991542064439e-06,62
15.402099609375,0.851256012916565,-0.541035950183868,8.31529206379855e-06,62
15.4520998001099,0.850167572498322,-0.540428996086121,7.44918406780926e-06,62
15.5020999908447,0.849392533302307,-0.539964556694031,6.06365500743777e-06,62
15.5520992279053,0.84893411397934,-0.539645135402679,4.10486944701915e-06,62
15.6020994186401,0.848783195018768,-0.539467751979828,4.05988470930652e-06,63
15.652099609375,0.848921775817871,-0.539425492286682,4.1635027855591e-05,65
15.7020998001099,0.849327087402344,-0.539509534835815,5.16566706210142e-06,66
15.7520999908447,0.849974870681763,-0.539714097976685,-1.54393899265415e-05,66
15.7645998001099,0.850164473056793,-0.53978431224823,0.000124951538055029,66
15.7833499908447,0.850395143032074,-0.539892256259918,0.000981132415972752,66
15.8114748001099,0.850524485111237,-0.539990365505219,2.92832905870455e-05,65
15.8536624908447,0.850705683231354,-0.540140390396118,7.23026096238755e-06,65
15.9036617279053,0.851014792919159,-0.540362179279327,5.04007903145975e-06,65
15.9536619186401,0.851459681987762,-0.540643870830536,5.9137880725757e-06,65
16.003662109375,0.852063655853271,-0.540994942188263,7.819456186553e-06,65
16.0536613464355,0.852847814559937,-0.541424691677094,9.79384276433848e-06,65
16.1036624908447,0.853830695152283,-0.541941523551941,1.10174621568149e-05,65
16.1536617279053,0.855025410652161,-0.542551755905151,1.1022181070075e-05,65
16.2036628723145,0.856437206268311,-0.543258607387543,9.92094419416389e-06,65
16.253662109375,0.858062207698822,-0.544061064720154,8.23506525193807e-06,65
16.3036613464355,0.8598872423172,-0.544954359531403,6.49071603220364e-06,65
16.3536624908447,0.86189192533493,-0.5459303855896,5.38240578862315e-06,65
16.4036617279053,0.864051640033722,-0.546979308128357,4.48240825789981e-06,65
16.4536628723145,0.866341054439545,-0.548091173171997,3.78623469998729e-06,65
16.503662109375,0.868736624717712,-0.549256861209869,3.32338886721573e-06,64
16.5536613464355,0.871218025684357,-0.550469219684601,2.86200616983479e-06,64
16.6036624908447,0.873768210411072,-0.551723062992096,-2.70896583742797e-06,64
16.6536617279053,0.876371741294861,-0.55301421880722,-3.32287635274042e-06,64
16.7036628723145,0.8790123462677,-0.554338455200195,3.29824831624137e-06,64
16.753662109375,0.881673693656921,-0.555690407752991,2.62919337501444e-06,64
16.8036613464355,0.884348452091217,-0.557067275047302,1.02076107744153e-06,64
16.8536624908447,0.887047946453094,-0.558472990989685,-1.90985281278699e-06,64
16.9036617279053,0.889798581600189,-0.559917807579041,-3.86621422876487e-06,64
16.9536628723145,0.892622053623199,-0.561409533023834,-4.69435724426148e-06,64
17.003662109375,0.895512402057648,-0.56294322013855,-4.14823966821132e-06,64
17.0536613464355,0.898430466651917,-0.564499199390411,-5.04988202010281e-06,64
17.1036624908447,0.901319265365601,-0.566050350666046,-1.31899482198605e-05,64
17.1536617279053,0.904106378555298,-0.567561030387878,-4.29024530035349e-05,64
17.2036628723145,0.906633079051971,-0.568944692611694,9.46339095548865e-05,64
17.253662109375,0.908314287662506,-0.569868445396423,9.76081021235586e-05,63
17.3036613464355,0.9083651304245,-0.569868385791779,-0.000125554333919808,63
17.3536624908447,0.90747481584549,-0.569308400154114,-0.00010928705103197,63
17.4036617279053,0.906085550785065,-0.568418860435486,-0.000124865420104925,63
17.4536628723145,0.904330730438232,-0.567255139350891,-0.000278683910494237,63
17.503662109375,0.902148842811584,-0.565771818161011,0.00112985619892925,63
17.5536613464355,0.899093508720398,-0.563829004764557,0.000212931979376663,63
17.6036624908447,0.896587252616882,-0.562446296215057,3.62222390890565e-05,63
17.6536617279053,0.894241631031036,-0.561247527599335,5.86518279988013e-06,63
17.7036628723145,0.891825973987579,-0.560045838356018,-1.61581056090654e-06,63
17.753662109375,0.889301300048828,-0.558799147605896,-2.16202079172945e-06,63
17.8036613464355,0.886679708957672,-0.557503819465637,-2.52967328151499e-06,63
17.8536624908447,0.883985102176666,-0.556165635585785,-3.40575786594854e-06,63
17.9036617279053,0.881247103214264,-0.554795563220978,-3.53886423454242e-06,63
17.9536628723145,0.878498792648315,-0.553408741950989,-2.30013665714068e-06,63
18.003662109375,0.87576562166214,-0.552018940448761,-1.9106820090542e-06,62
18.0536613464355,0.873056948184967,-0.550633132457733,-2.55759812262113e-06,62
18.1036624908447,0.870371520519257,-0.549252092838287,-3.55053609268907e-06,62
18.1536617279053,0.867706775665283,-0.54787403345108,4.99942592568914e-06,62
18.2036628723145,0.865064680576324,-0.546496391296387,-7.06802797090234e-06,61
18.253662109375,0.862454831600189,-0.545113325119019,-0.000679089021048185,61
18.3036613464355,0.859924793243408,-0.543693363666534,-7.29416897229385e-05,62
18.316162109375,0.85951966047287,-0.543397963047028,3.75330293991283e-05,63
18.3349113464355,0.859779477119446,-0.543394267559052,2.40340335153633e-05,63
18.363037109375,0.860591650009155,-0.543663680553436,1.82750841304369e-06,63
18.4052238464355,0.861959457397461,-0.544156670570374,-3.52598494259837e-05,63
18.4552249908447,0.863460123538971,-0.544640839099884,-0.000613166035009272,62
18.5052242279053,0.8641676902771,-0.544586598873138,-0.00141368134586628,62
18.5552253723145,0.862304210662842,-0.543043196201324,-0.000114567921571052,62
18.605224609375,0.859723508358002,-0.541358768939972,2.79275250250066e-05,62
18.6552238464355,0.857219219207764,-0.539827227592468,3.03596373214532e-05,62
18.7052249908447,0.854959785938263,-0.53850132226944,4.32092490427749e-05,62
18.7552242279053,0.853052914142609,-0.537422835826874,6.05394871513454e-05,62
18.8052253723145,0.851610243320465,-0.536642611026764,7.40346533802949e-05,62
18.855224609375,0.850751340389252,-0.53621906042099,6.02622052383595e-05,64
18.9052238464355,0.850559413433075,-0.536193013191223,-1.14958132257925e-05,64
18.9552249908447,0.851015329360962,-0.53655332326889,-5.82398417918739e-05,64
19.0052242279053,0.852003753185272,-0.537243962287903,-9.77408744802233e-05,64
19.0552253723145,0.853377401828766,-0.538204431533813,0.000229218219146787,65
19.105224609375,0.854942679405212,-0.53937566280365,-0.00050640056406337,65
19.1552238464355,0.8561070561409,-0.540521919727325,0.000338891055207569,66
19.2052249908447,0.85598236322403,-0.540961027145386,6.4779731701492e-05,66
19.2552242279053,0.855529367923737,-0.541137218475342,0.000490114364538385,65
19.3052253723145,0.858181715011597,-0.5429847240448,4.51768341918068e-05,65
19.355224609375,0.860056459903717,-0.544030010700226,3.64393074505642e-05,65
19.4052238464355,0.861941337585449,-0.54505068063736,1.95160562270758e-05,65
19.4552249908447,0.863763749599457,-0.546018362045288,-1.13069039571201e-05,65
19.5052242279053,0.865450978279114,-0.546899020671844,-1.56122408725423e-05,65
19.5552253723145,0.866925835609436,-0.547654092311859,-2.72901377229573e-05,65
19.605224609375,0.868111491203308,-0.548243582248688,-4.52571241567057e-05,65
19.6552238464355,0.868949055671692,-0.548635423183441,-5.73598475739345e-05,66
19.7052249908447,0.869427084922791,-0.548821985721588,-5.54791138256405e-05,66
19.7552242279053,0.869599997997284,-0.548829972743988,-4.94172851404073e-05,67
19.8052253723145,0.869575500488281,-0.548713684082031,8.41313453747716e-05,66
19.855224609375,0.869490146636963,-0.548540949821472,-0.00064434000375968,65
19.9052238464355,0.869537115097046,-0.548403859138489,0.00383473847324467,65
19.9552249908447,0.870463669300079,-0.548671364784241,0.000145338634297332,65
20.0052242279053,0.872839868068695,-0.549736678600311,-2.02843677925557e-05,65
20.0552253723145,0.875447511672974,-0.550974011421204,-2.95200777600257e-06,65
20.105224609375,0.878140091896057,-0.552280843257904,-2.31227454605687e-06,65
20.1552238464355,0.880913197994232,-0.553650915622711,-1.89995353139238e-06,65
20.2052249908447,0.883769273757935,-0.555085122585297,-2.25517334229153e-06,65
20.2552242279053,0.88671463727951,-0.556586861610413,-3.12102747557219e-06,65
20.3052253723145,0.889755487442017,-0.55815988779068,-4.12853154330151e-06,65
20.355224609375,0.89289128780365,-0.559805870056152,-4.40608050666924e-06,65
20.4052238464355,0.89610767364502,-0.561522305011749,-3.96334701235901e-06,64
20.4552249908447,0.899374425411224,-0.563301205635071,-3.07063027094046e-06,64
20.5052242279053,0.902648150920868,-0.565128207206726,-4.05403460490561e-06,63
20.5552253723145,0.90587455034256,-0.566978871822357,-3.60441481461748e-06,63
20.605224609375,0.908994019031525,-0.568818032741547,-2.4825043283272e-06,63
20.6552238464355,0.911953985691071,-0.57060706615448,-2.2169496673996e-06,63
20.7052249908447,0.914723098278046,-0.572315394878387,-3.23804897561786e-06,63
20.7552242279053,0.917297601699829,-0.573928952217102,-5.08042677438425e-06,63
20.8052253723145,0.919696867465973,-0.575451195240021,-6.9536176283691e-06,63
20.855224609375,0.921949446201324,-0.576896786689758,-8.27908263545396e-06,63
20.9052238464355,0.924077391624451,-0.578280806541443,-9.53065432440781e-06,63
20.9552249908447,0.926083207130432,-0.579607665538788,-1.25661392189613e-05,64
21.0052242279053,0.927940547466278,-0.58086085319519,-3.72273450466309e-05,64
21.0552253723145,0.929579854011536,-0.581985533237457,-0.000302180946107455,64
21.105224609375,0.930780589580536,-0.582797348499298,-0.000597918783341811,62
21.1552238464355,0.930632352828979,-0.582583427429199,-5.90787114447267e-05,62
21.2052249908447,0.929227948188782,-0.581485152244568,-2.26095746143073e-05,62
21.2552242279053,0.927416324615479,-0.580152094364166,-1.88386467812052e-05,60
21.3052253723145,0.925470054149628,-0.578783512115479,-2.13920133660395e-05,60
21.355224609375,0.923529803752899,-0.577472627162933,-1.96896587567608e-05,60
21.4052238464355,0.921665906906128,-0.576255142688751,-2.11546265518336e-05,60
21.4552249908447,0.919880926609039,-0.575115919113159,0.000124223174566396,60
21.5052242279053,0.917675852775574,-0.573692202568054,-2.11465925303855e-06,59
21.5552253723145,0.91701465845108,-0.57325279712677,-8.55557283330199e-06,59
21.605224609375,0.916014194488525,-0.572614550590515,-7.96900536670364e-06,59
21.6552238464355,0.914718389511108,-0.571801006793976,-6.7309148903405e-06,60
21.7052249908447,0.913168370723724,-0.570824980735779,-6.2322922644853e-06,60
21.7552242279053,0.911381185054779,-0.569675028324127,8.07656130064061e-06,61
21.8052253723145,0.909372627735138,-0.568326771259308,1.43668137866371e-05,61
21.855224609375,0.907254338264465,-0.566809594631195,9.67487687830726e-05,62
21.9052238464355,0.905269742012024,-0.565292954444885,-0.00335871190699777,62
21.9552249908447,0.903266489505768,-0.563797116279602,3.24595063716515e-05,62
22.0052242279053,0.901720702648163,-0.562675297260284,-2.84794385265741e-05,62
22.0552253723145,0.900343358516693,-0.56161904335022,-9.97035226646403e-06,60
22.105224609375,0.899040460586548,-0.560613930225372,-2.49232692794976e-06,60
22.1552238464355,0.897671520709991,-0.5596022605896,-7.70919427850458e-07,60
22.2052249908447,0.896147727966309,-0.558537364006042,9.07366825231293e-07,60
22.2552242279053,0.894432902336121,-0.557397663593292,9.60964030127798e-07,60
22.3052253723145,0.892523407936096,-0.55617880821228,8.85961071617203e-07,60
22.355224609375,0.890432715415955,-0.554885685443878,-8.48654522656034e-07,60
22.4052238464355,0.888181567192078,-0.55352771282196,-1.06070439187533e-06,60
22.4552249908447,0.885793209075928,-0.552115559577942,1.30387148544742e-06,60
22.5052242279053,0.883290886878967,-0.550660312175751,-1.66344170793309e-06,60
22.5552253723145,0.880697190761566,-0.549172818660736,-2.02369070478881e-06,60
22.605224609375,0.878033876419067,-0.547663569450378,-2.50219592601297e-06,60
22.6552238464355,0.875322580337524,-0.546143293380737,3.06467631361329e-06,60
22.7052249908447,0.87258505821228,-0.544622778892517,-3.79550848350618e-06,60
22.7552242279053,0.869843780994415,-0.54311329126358,-4.6157289830262e-06,60
22.8052253723145,0.86712259054184,-0.541626751422882,6.7473463332135e-06,60
22.855224609375,0.864446699619293,-0.540176033973694,9.47771218307025e-06,60
22.9052238464355,0.861843049526215,-0.538774430751801,1.22656535950227e-05,60
22.9552249908447,0.859340131282806,-0.537436306476593,1.96912042156328e-05,60
23.0052242279053,0.85696804523468,-0.536176443099976,3.578325208764e-05,60
23.0552253723145,0.854758322238922,-0.5350102186203,5.4219895901042e-05,60
23.105224609375,0.852744877338409,-0.533953845500946,6.32357532595051e-05,60
23.1552238464355,0.850965738296509,-0.533025622367859,-8.84606417912437e-05,60
23.2052249908447,0.849467158317566,-0.532247602939606,-0.000121741647035378,60
23.2552242279053,0.848308444023132,-0.531648457050323,-0.000106015715800822,59
23.3052253723145,0.84756463766098,-0.531264781951904,-3.38018469392409e-05,58
23.355224609375,0.847314834594727,-0.531135439872742,1.71383358633648e-05,58
23.4052238464355,0.847608923912048,-0.531285285949707,8.27103892788728e-05,58
23.4552249908447,0.848433494567871,-0.531707942485809,0.000106101065512121,58
23.5052242279053,0.849715411663055,-0.532367706298828,7.36063186650426e-05,58
23.5552253723145,0.851358473300934,-0.533217370510101,4.08368780426827e-05,58
23.605224609375,0.853274941444397,-0.534213781356812,2.1962918481222e-05,58
23.6552238464355,0.855395674705505,-0.535322904586792,1.2408477232384e-05,58
23.7052249908447,0.85766875743866,-0.536519229412079,8.26493662486882e-06,58
23.7552242279053,0.860054850578308,-0.537783145904541,6.36354105409964e-06,58
23.8052253723145,0.862522959709167,-0.539099454879761,4.97352188233435e-06,58
23.855224609375,0.865047872066498,-0.540455639362335,3.87321271944074e-06,58
23.9052238464355,0.86760801076889,-0.541840851306915,-3.05794310406782e-06,58
23.9552249908447,0.870183825492859,-0.543245494365692,2.38281938891305e-06,58
24.0052242279053,0.872757077217102,-0.54466038942337,1.8424005787665e-06,58
24.0552253723145,0.875309526920319,-0.546076536178589,-nan(ind),-nan(ind)
