Intel Xeon Platinum 8370C
Windows 11 Enterprise, 26100
2024, 190762
DDR4, 3200 Mhz
#MNA
0.0,0.0,0.0,3.71187525161076e-11,0
0.0299999993294477,0.0299999993294477,-0.0373754724860191,-6.29540863883449e-11,0
0.0599999986588955,0.0599999986588955,-0.0747509449720383,-8.98694452189375e-11,0
0.0900000035762787,0.0900000035762787,-0.112126417458057,-1.24373400467448e-10,0
0.119999997317791,0.119999997317791,-0.149501889944077,-1.46087586472277e-10,0
0.150000005960464,0.150000005960464,-0.186877369880676,-1.72462932823692e-10,0
0.180000007152557,0.180000007152557,-0.224252834916115,-2.05545802600682e-10,0
0.209999993443489,0.209999993443489,-0.261628299951553,-2.33285391004756e-10,0
0.239999994635582,0.239999994635582,-0.299003779888153,-2.64435584540479e-10,0
0.270000010728836,0.270000010728836,-0.336379259824753,-2.83080225926824e-10,0
0.300000011920929,0.300000011920929,-0.373754739761353,-3.15367287839763e-10,0
0.330000013113022,0.330000013113022,-0.411130219697952,-3.43106876243837e-10,0
0.360000014305115,0.360000014305115,-0.44850566983223,-3.73120201402344e-10,0
0.389999985694885,0.389999985694885,-0.485881149768829,-4.1154635255225e-10,0
0.419999986886978,0.419999986886978,-0.523256599903107,-4.32009983342141e-10,0
0.449999988079071,0.449999988079071,-0.560632109642029,-4.67252903035842e-10,0
0.479999989271164,0.479999989271164,-0.598007559776306,-4.96584107168019e-10,0
0.509999990463257,0.509999990463257,-0.635383069515228,-5.28416421730071e-10,0
0.540000021457672,0.540000021457672,-0.672758519649506,-5.62977220397443e-10,0
0.569999992847443,0.569999992847443,-0.710133969783783,-5.94354787608609e-10,0
0.600000023841858,0.600000023841858,-0.747509479522705,-6.22549123363569e-10,0
0.629999995231628,0.629999995231628,-0.784884929656982,-6.39374775346369e-10,0
0.660000026226044,0.660000026226044,-0.822260439395905,-6.69842847855762e-10,0
0.689999997615814,0.689999997615814,-0.859635889530182,-7.00765667716041e-10,0
0.720000028610229,0.720000028610229,-0.897011339664459,-7.35326466383412e-10,0
0.75,0.75,-0.934386849403381,-7.73525243857875e-10,0
0.779999971389771,0.779999971389771,-0.971762299537659,-7.85488341037421e-11,0
0.810000002384186,0.809970498085022,-1.00912046432495,-9.20595084608067e-08,0
0.839999973773956,0.83989417552948,-1.04644978046417,-7.15758687874768e-08,0
0.870000004768372,0.86981737613678,-1.08377873897552,-6.71661837259308e-10,0
0.899999976158142,0.899734497070312,-1.12110841274261,-4.67697782369214e-06,0
0.930000007152557,0.929206728935242,-1.15825700759888,0.000563189479635184,0
0.959999978542328,0.957803249359131,-1.19503247737885,2.63283436652273e-06,0
0.990000009536743,0.982321918010712,-1.22902619838715,-0.0315452822910629,0
0.997500002384186,0.986623823642731,-1.23604381084442,-0.0533195388898093,0
1.00874996185303,0.990476787090302,-1.24409902095795,-0.284154029797264,0
1.02562499046326,0.993758738040924,-1.25418388843536,0.00728539945112061,0
1.0509375333786,0.996022880077362,-1.26685762405396,-0.00447118280771974,0
1.08093750476837,0.997409701347351,-1.28125929832458,-0.0106519201412993,0
1.11093747615814,0.998201429843903,-1.29571640491486,0.0180171475158204,0
1.14093744754791,0.99857497215271,-1.30964803695679,-0.0143073370586535,0
1.17093753814697,0.998847961425781,-1.32403147220612,-0.00221984235895434,0
1.20093750953674,0.999059438705444,-1.33910810947418,-0.0267918570157235,0
1.23093748092651,0.999221444129944,-1.35475611686707,0.226961208347802,0
1.26093745231628,0.999341487884521,-1.37071895599365,0.0016131112288349,0
1.29093754291534,0.999417781829834,-1.38685822486877,-0.000535714802026632,0
1.32093751430511,0.999484002590179,-1.4035816192627,-0.00423827219856321,0
1.35093748569489,0.999544739723206,-1.42040050029755,-0.000659616022858245,0
1.38093745708466,0.99959123134613,-1.43773758411407,0.00249221194280835,0
1.41093754768372,0.999631881713867,-1.45512139797211,-3.50167715623684e-05,0
1.44093751907349,0.999667227268219,-1.47321343421936,-1.42433045766666e-05,0
1.47093749046326,0.999700605869293,-1.49195086956024,-0.000186930417839903,0
1.50093746185303,0.999728918075562,-1.51110827922821,0.00167162383877439,0
1.50843751430511,0.999735891819,-1.51543831825256,-0.00166158418414852,0
1.51593744754791,0.99974262714386,-1.5197616815567,-0.00165514433638236,0
1.5234375,0.999749302864075,-1.52408480644226,-0.0016464648215333,0
1.53093755245209,0.999755859375,-1.52841079235077,0.00186652900129047,0
1.53843748569489,0.999761760234833,-1.53290557861328,0.00179724239978896,0
1.54593753814697,0.999767780303955,-1.53736996650696,0.00178583804154187,0
1.55343747138977,0.999773740768433,-1.54182052612305,0.0017883525738398,0
1.56093752384186,0.999779641628265,-1.54627788066864,0.00178656024627344,0
1.56843745708466,0.999785482883453,-1.55073702335358,-2.29627539205524e-10,0
1.56890630722046,0.972887992858887,-1.51722681522369,2.43007863831579e-10,0
1.56937503814697,0.972770750522614,-1.51708090305328,-2.56387550079396e-10,0
1.57007813453674,0.972594976425171,-1.51686191558838,-2.75505118718655e-10,0
1.5711327791214,0.972331345081329,-1.51653337478638,-2.96284718981354e-10,0
1.57271480560303,0.9719358086586,-1.51604068279266,2.8055935352711e-10,0
1.57508790493011,0.97134256362915,-1.51530146598816,-2.67130595421605e-10,0
1.5786474943161,0.970452666282654,-1.51419281959534,2.8597224588367e-10,0
1.58398675918579,0.969117820262909,-1.5125298500061,3.18610415828147e-10,0
1.59199583530426,0.967115581035614,-1.51003527641296,3.53043289047505e-10,0
1.60400938987732,0.964112162590027,-1.50629353523254,-3.03926384059849e-10,0
1.62202978134155,0.959607124328613,-1.50068092346191,-3.39347910882637e-10,0
1.64906024932861,0.952849447727203,-1.49226188659668,3.29488963890512e-10,0
1.67906022071838,0.945349454879761,-1.48291802406311,4.3501935387269e-10,0
1.70906019210815,0.937849462032318,-1.47357416152954,4.17200052282851e-10,0
1.73906016349792,0.930349469184875,-1.46423029899597,4.43873215960622e-10,0
1.76906025409698,0.922849476337433,-1.4548864364624,-4.95786633969431e-10,0
1.79906022548676,0.91534948348999,-1.44554257392883,5.20903459255706e-10,0
1.82906019687653,0.907849490642548,-1.43619871139526,6.01044436443487e-10,0
1.8590601682663,0.900349497795105,-1.42685484886169,6.93497589215886e-10,0
1.88906025886536,0.892849504947662,-1.41751098632812,7.08499467427792e-10,0
1.91906023025513,0.885349452495575,-1.40816712379456,7.68204728995858e-10,0
1.9490602016449,0.877849459648132,-1.39882326126099,8.50962147969092e-10,0
1.97906017303467,0.87034946680069,-1.38947939872742,8.86212464523695e-10,0
2.00906014442444,0.862849473953247,-1.38013553619385,9.93334664523005e-10,0
2.03906011581421,0.855349481105804,-1.37079167366028,1.04095351782796e-09,0
2.06906032562256,0.847849488258362,-1.36144781112671,1.10223158378275e-09,0
2.09906029701233,0.840349495410919,-1.35210394859314,1.13661630107842e-09,0
2.1290602684021,0.832849502563477,-1.34276008605957,1.21117882390109e-09,0
2.15906023979187,0.825349450111389,-1.33341610431671,1.27808222338821e-09,0
2.18906021118164,0.817849457263947,-1.32407224178314,1.30012686727632e-09,0
2.21906018257141,0.810349464416504,-1.31472837924957,1.4686668270425e-09,0
2.24906015396118,0.802849471569061,-1.305384516716,1.52020845911593e-09,0
2.27906012535095,0.795349478721619,-1.29604065418243,1.56913498861044e-09,0
2.30906009674072,0.787849485874176,-1.28669679164886,1.65112912231535e-09,0
2.33906030654907,0.780349493026733,-1.2773529291153,1.73048536611375e-09,0
2.36906027793884,0.772849500179291,-1.26800906658173,1.75517006484327e-09,0
2.39906024932861,0.765349447727203,-1.25866520404816,1.80113868264442e-09,0
2.42906022071838,0.757849454879761,-1.24932134151459,1.8435830084762e-09,0
2.45906019210815,0.750349462032318,-1.23997747898102,1.92910454277495e-09,0
2.48906016349792,0.742849469184875,-1.23063361644745,1.84735104991063e-09,0
2.5190601348877,0.735349476337433,-1.22128975391388,1.94259358599069e-09,0
2.54906010627747,0.72784948348999,-1.21194589138031,2.04447692109255e-09,0
2.57906031608582,0.720349490642548,-1.20260202884674,2.02222216749703e-09,0
2.60906028747559,0.712849497795105,-1.19325816631317,2.13499767864889e-09,0
2.63906025886536,0.705349504947662,-1.1839143037796,2.07885997305368e-09,0
2.66906023025513,0.697849452495575,-1.17457044124603,2.21630780394833e-09,0
2.6990602016449,0.690349459648132,-1.16522657871246,2.20514906335012e-09,0
2.72906017303467,0.68284946680069,-1.15588271617889,2.23258611597998e-09,0
2.75906014442444,0.675349473953247,-1.14653885364532,2.23610041594213e-09,0
2.78906011581421,0.667849481105804,-1.13719487190247,2.28186336492797e-09,0
2.81906032562256,0.660349488258362,-1.1278510093689,2.42050735010935e-09,0
2.84906029701233,0.652849495410919,-1.11850714683533,2.42667463901114e-09,0
2.8790602684021,0.645349502563477,-1.10916328430176,2.44816078520671e-09,0
2.90906023979187,0.637849450111389,-1.09981942176819,2.48437126426637e-09,0
2.93906021118164,0.630349457263947,-1.09047555923462,2.55220766742781e-09,0
2.96906018257141,0.622849464416504,-1.08113169670105,2.60115023964502e-09,0
2.99906015396118,0.615349471569061,-1.07178783416748,2.72437072901255e-09,0
3.02906012535095,0.607849478721619,-1.06244397163391,2.74819700329942e-09,0
3.05906009674072,0.600349485874176,-1.05310010910034,2.81437639859661e-09,0
3.08906030654907,0.592849493026733,-1.04375624656677,2.79430512062362e-09,0
3.11906027793884,0.585349500179291,-1.0344123840332,2.84683232543159e-09,0
3.14906024932861,0.577849447727203,-1.02506852149963,2.927028591726e-09,0
3.17906022071838,0.570349454879761,-1.01572465896606,2.90477095155062e-09,0
3.20906019210815,0.562849462032318,-1.0063807964325,3.03254407696407e-09,0
3.23906016349792,0.555349469184875,-0.997036874294281,3.13852063782427e-09,0
3.2690601348877,0.547849476337433,-0.987693011760712,3.16819845358474e-09,0
3.29906010627747,0.54034948348999,-0.978349149227142,3.14380438348749e-09,0
3.32906031608582,0.532849490642548,-0.969005286693573,3.29238794560816e-09,0
3.35906028747559,0.525349497795105,-0.959661424160004,3.25198329376164e-09,0
3.38906025886536,0.517849504947662,-0.950317561626434,3.35293984243812e-09,0
3.41906023025513,0.510349452495575,-0.940973699092865,3.48179765574663e-09,0
3.4490602016449,0.502849459648132,-0.931629836559296,3.48300821517711e-09,0
3.47906017303467,0.49534946680069,-0.922285974025726,3.48854176102087e-09,0
3.50906014442444,0.487849473953247,-0.912942111492157,3.60240801078326e-09,0
3.53906011581421,0.480349481105804,-0.903598189353943,3.68022343155694e-09,0
3.56906032562256,0.472849488258362,-0.894254326820374,3.67926400457463e-09,0
3.59906029701233,0.465349465608597,-0.884910464286804,3.73714550971904e-09,0
3.6290602684021,0.457849472761154,-0.875566601753235,3.78531009315175e-09,0
3.65906023979187,0.450349479913712,-0.866222739219666,3.87527943068733e-09,0
3.68906021118164,0.442849487066269,-0.856878876686096,3.8426275494885e-09,0
3.71906018257141,0.435349464416504,-0.847535014152527,3.86754825387747e-09,0
3.74906015396118,0.427849471569061,-0.838191151618958,3.88786935978658e-09,0
3.77906012535095,0.420349478721619,-0.828847289085388,3.83017467742164e-09,0
3.80906009674072,0.412849485874176,-0.819503426551819,3.84902040795332e-09,0
3.83906030654907,0.405349463224411,-0.81015956401825,3.86942744512453e-09,0
3.86906027793884,0.397849470376968,-0.800815641880035,3.87584808692054e-09,0
3.89906024932861,0.390349477529526,-0.791471779346466,3.88973989129404e-09,0
3.92906022071838,0.382849484682083,-0.782127916812897,-3.95621091442422e-09,0
3.95906019210815,0.375349462032318,-0.772784054279327,-3.97662169859814e-09,0
3.98906016349792,0.367849469184875,-0.763440191745758,-3.97562294196518e-09,0
4.0190601348877,0.360349476337433,-0.754096329212189,-4.10334055622741e-09,0
4.04906034469604,0.35284948348999,-0.744752466678619,-4.07787692502382e-09,0
4.07906007766724,0.345349460840225,-0.73540860414505,-4.14644185653401e-09,0
4.10906028747559,0.337849467992783,-0.726064741611481,-4.16273682191104e-09,0
4.13906002044678,0.33034947514534,-0.716720879077911,-4.19645829197179e-09,0
4.16906023025513,0.322849482297897,-0.707376956939697,-4.31753321983308e-09,0
4.19906044006348,0.315349489450455,-0.698033094406128,-4.35588232150508e-09,0
4.22906017303467,0.30784946680069,-0.688689231872559,-4.49169768046431e-09,0
4.25906038284302,0.300349473953247,-0.679345369338989,-4.47947656745384e-09,0
4.28906011581421,0.292849481105804,-0.67000150680542,-4.58482696252815e-09,0
4.31906032562256,0.285349488258362,-0.660657644271851,-4.58881177500814e-09,0
4.34906005859375,0.277849465608597,-0.651313781738281,-4.65879446132078e-09,0
4.3790602684021,0.270349472761154,-0.641969919204712,-4.55420212652768e-09,0
4.40906000137329,0.262849479913712,-0.632626056671143,-4.62227922604086e-09,0
4.43906021118164,0.255349487066269,-0.623282194137573,-4.74527306337791e-09,0
4.46906042098999,0.247849479317665,-0.613938271999359,-4.67375738111286e-09,0
4.49906015396118,0.240349471569061,-0.60459440946579,-4.84336304396038e-09,0
4.52906036376953,0.232849478721619,-0.59525054693222,-4.83837636622297e-09,0
4.55906009674072,0.225349470973015,-0.585906684398651,-4.91279994463412e-09,0
4.58906030654907,0.217849478125572,-0.576562821865082,-4.91018337100968e-09,0
4.61906003952026,0.210349470376968,-0.567218959331512,-4.97803931409635e-09,0
4.64906024932861,0.202849477529526,-0.557875096797943,-5.00118613189215e-09,0
4.6790599822998,0.195349469780922,-0.548531234264374,-4.97005858690613e-09,0
4.70906019210815,0.187849476933479,-0.539187371730804,-5.0138075913253e-09,0
4.7390604019165,0.180349469184875,-0.529843509197235,-5.02436714455712e-09,0
4.7690601348877,0.172849476337433,-0.520499646663666,-5.04111241639293e-09,0
4.79906034469604,0.165349468588829,-0.511155724525452,-5.12225728499516e-09,0
4.82906007766724,0.157849475741386,-0.501811861991882,-5.11898123889409e-09,0
4.85906028747559,0.150349482893944,-0.492467999458313,-5.1398783007528e-09,0
4.88906002044678,0.14284947514534,-0.483124136924744,-5.12593922863402e-09,0
4.91906023025513,0.135349482297897,-0.473780274391174,-5.22897813937107e-09,0
4.94906044006348,0.127849474549294,-0.464436411857605,-5.18881160260776e-09,0
4.97906017303467,0.12034947425127,-0.455092549324036,-5.16245179937869e-09,0
5.00906038284302,0.112849473953247,-0.445748656988144,-5.1728488159597e-09,0
5.03906011581421,0.105349473655224,-0.436404794454575,-5.18762588441746e-09,0
5.06906032562256,0.0978494733572006,-0.427060931921005,-5.14975129206618e-09,0
5.09906005859375,0.0903494730591774,-0.417717069387436,-5.19561060841056e-09,0
5.1290602684021,0.0828494727611542,-0.408373206853867,-5.20607734699752e-09,0
5.15906000137329,0.075349472463131,-0.399029314517975,-5.16257303573298e-09,0
5.18906021118164,0.0678494721651077,-0.389685451984406,-5.15985654203632e-09,0
5.21906042098999,0.0603494755923748,-0.380341589450836,-5.18250820036315e-09,0
5.24906015396118,0.0528494752943516,-0.370997726917267,-5.1627813135724e-09,0
5.27906036376953,0.0453494749963284,-0.361653864383698,-5.17182163761731e-09,0
5.30906009674072,0.0378494746983051,-0.352309972047806,-5.16081399837276e-09,0
5.33906030654907,0.0303494762629271,-0.342966109514236,-5.15891462882223e-09,0
5.36906003952026,0.0228494759649038,-0.333622246980667,-5.19681542243688e-09,0
5.39906024932861,0.0153494756668806,-0.324278384447098,-5.18491871659421e-09,0
5.4290599822998,0.00784947536885738,-0.314934521913528,-5.16583620324695e-09,0
5.45906019210815,0.000349475565599278,-0.305590659379959,-5.20456522323798e-09,0
5.4890604019165,-0.00715052429586649,-0.296246767044067,-5.26175547577168e-09,0
5.5190601348877,-0.0146505245938897,-0.286902904510498,-5.25885335278531e-09,0
5.54906034469604,-0.0221505239605904,-0.277559041976929,-5.27246601933484e-09,0
5.57906007766724,-0.0296505242586136,-0.268215179443359,-5.2388759996802e-09,0
5.60906028747559,-0.0371505245566368,-0.25887131690979,-5.29247357050622e-09,0
5.63906002044678,-0.04465052485466,-0.24952743947506,-5.35673949642046e-09,0
5.66906023025513,-0.0521505251526833,-0.240183562040329,-5.283041115689e-09,0
5.69906044006348,-0.0596505254507065,-0.23083969950676,-5.36331512535071e-09,0
5.72906017303467,-0.0671505257487297,-0.22149583697319,-5.37642064202259e-09,0
5.75906038284302,-0.0746505260467529,-0.21215195953846,-5.35927169309502e-09,0
5.78906011581421,-0.0821505263447762,-0.20280809700489,-5.34401944918272e-09,0
5.81906032562256,-0.0896505266427994,-0.19346421957016,-5.30815924548733e-09,0
5.84906005859375,-0.0971505269408226,-0.184120357036591,-5.33208099895432e-09,0
5.8790602684021,-0.104650527238846,-0.174776494503021,-5.3911275443852e-09,0
5.90906000137329,-0.112150527536869,-0.165432617068291,-5.38203925870562e-09,0
5.93906021118164,-0.119650527834892,-0.156088754534721,-5.42335731879007e-09,0
5.96906042098999,-0.127150520682335,-0.146744877099991,-5.42867573116723e-09,0
5.99906015396118,-0.134650528430939,-0.137401014566422,-5.39712052827213e-09,0
6.02906036376953,-0.142150521278381,-0.128057152032852,-5.42740119513496e-09,0
6.05906009674072,-0.149650529026985,-0.118713282048702,-5.45103961968607e-09,0
6.08906030654907,-0.157150521874428,-0.109369412064552,-5.48059508886922e-09,0
6.11906003952026,-0.164650529623032,-0.100025542080402,-5.46813527790846e-09,0
6.14906024932861,-0.172150522470474,-0.0906816720962524,-5.46067147055851e-09,0
6.1790599822998,-0.179650530219078,-0.0813378021121025,-5.47324008337569e-09,0
6.20906019210815,-0.187150523066521,-0.0719939395785332,-5.52310774892817e-09,0
6.2390604019165,-0.194650530815125,-0.0626500695943832,-5.53878454212509e-09,0
6.2690601348877,-0.202150523662567,-0.0533061996102333,-5.53916423839951e-09,0
6.29906034469604,-0.209650531411171,-0.0439623333513737,-5.52769252593066e-09,0
6.32906007766724,-0.217150524258614,-0.0346184633672237,-5.53437962125258e-09,0
6.35906028747559,-0.224650517106056,-0.025274595245719,-5.55823564951652e-09,0
6.38906002044678,-0.23215052485466,-0.0159307271242142,-5.55652723832623e-09,0
6.41906023025513,-0.239650517702103,-0.0065868585370481,-5.57719204152818e-09,0
6.44906044006348,-0.247150525450706,0.00275700981728733,-5.55809132052332e-09,0
6.47906017303467,-0.25465053319931,0.0121008781716228,-5.61687141242828e-09,0
6.50906038284302,-0.262150526046753,0.0214447472244501,-5.66548674640899e-09,0
6.53906011581421,-0.269650518894196,0.0307886153459549,-5.62674618009851e-09,0
6.56906032562256,-0.277150511741638,0.0401324816048145,-5.62776447665669e-09,0
6.59906005859375,-0.284650534391403,0.0494763515889645,-5.59497292940137e-09,0
6.6290602684021,-0.292150527238846,0.0588202215731144,-5.60210944300366e-09,0
6.65906000137329,-0.299650520086288,0.068164087831974,-5.57447954463441e-09,0
6.68906021118164,-0.307150512933731,0.077507957816124,-5.59827162405213e-09,0
6.71906042098999,-0.314650535583496,0.0868518278002739,-5.6183240282337e-09,0
6.74906015396118,-0.322150528430939,0.0961956903338432,-5.64641089439988e-09,0
6.77906036376953,-0.329650521278381,0.105539560317993,-5.58400836681017e-09,0
6.80906009674072,-0.337150514125824,0.114883430302143,-5.57297630265907e-09,0
6.83906030654907,-0.344650536775589,0.124227300286293,-5.56337864665579e-09,0
6.86906003952026,-0.352150529623032,0.133571162819862,-5.58714008391803e-09,0
6.89906024932861,-0.359650522470474,0.142915040254593,-5.59962698432059e-09,0
6.9290599822998,-0.367150515317917,0.152258902788162,-5.54757173532039e-09,0
6.95906019210815,-0.374650537967682,0.161602765321732,-5.58959278862403e-09,0
6.9890604019165,-0.382150530815125,0.170946642756462,-5.56086421354962e-09,0
7.0190601348877,-0.389650523662567,0.180290505290031,-5.62102764334327e-09,0
7.04906034469604,-0.39715051651001,0.189634382724762,-5.60517499081925e-09,0
7.07906007766724,-0.404650539159775,0.198978245258331,-5.59309620840054e-09,0
7.10906028747559,-0.412150532007217,0.208322107791901,-5.56637402837623e-09,0
7.13906002044678,-0.41965052485466,0.217665985226631,-5.51123058301073e-09,0
7.16906023025513,-0.427150517702103,0.227009847760201,-5.59034152303184e-09,0
7.19906044006348,-0.434650510549545,0.236353725194931,-5.56618928726493e-09,0
7.22906017303467,-0.44215053319931,0.2456975877285,-5.58330714994781e-09,0
7.25906038284302,-0.449650526046753,0.25504145026207,-5.54239054650907e-09,0
7.28906011581421,-0.457150518894196,0.264385312795639,-5.58162405184248e-09,0
7.31906032562256,-0.464650511741638,0.273729205131531,-5.50689271960891e-09,0
7.34906005859375,-0.472150534391403,0.2830730676651,-5.55452661643585e-09,0
7.3790602684021,-0.479650527238846,0.292416930198669,-5.55970114390902e-09,0
7.40906000137329,-0.487150520086288,0.301760792732239,-5.48636069908071e-09,0
7.43906021118164,-0.494650512933731,0.311104655265808,-5.45265432805309e-09,0
7.46906042098999,-0.502150535583496,0.3204485476017,-5.42991518415192e-09,0
7.49906015396118,-0.509650528430939,0.329792410135269,-5.45771872140222e-09,0
7.52906036376953,-0.517150521278381,0.339136272668839,-5.45997824730193e-09,0
7.55906009674072,-0.524650514125824,0.348480135202408,-5.44310641004131e-09,0
7.58906030654907,-0.532150506973267,0.357823997735977,-5.41641043128038e-09,0
7.61906003952026,-0.539650499820709,0.367167860269547,-5.40298117357452e-09,0
7.64906024932861,-0.547150552272797,0.376511752605438,-5.38240474412532e-09,0
7.6790599822998,-0.554650545120239,0.385855615139008,-5.3296904667377e-09,0
7.70906019210815,-0.562150537967682,0.395199477672577,-5.3331348226493e-09,0
7.7390604019165,-0.569650530815125,0.404543340206146,-5.32916910600534e-09,0
7.7690601348877,-0.577150523662567,0.413887202739716,-5.3172062308704e-09,0
7.79906034469604,-0.58465051651001,0.423231095075607,-1.24373400467448e-09,0
7.82906007766724,-0.59213787317276,0.432567536830902,-8.87894202605821e-08,0
7.85906028747559,-0.599620282649994,0.441900759935379,-9.72095222095959e-08,0
7.88906002044678,-0.607102632522583,0.451233983039856,-1.05612343759276e-07,0
7.91906023025513,-0.614584982395172,0.460567146539688,-1.14125214167871e-07,0
7.94906044006348,-0.622067213058472,0.469900280237198,-1.22726305562537e-07,0
7.97906017303467,-0.629549443721771,0.479233384132385,-1.31389242596924e-07,0
8.00905990600586,-0.637031614780426,0.48856645822525,-1.40090833156137e-07,0
8.03906059265137,-0.644513726234436,0.49789947271347,-1.48811977851437e-07,0
8.06906032562256,-0.651995778083801,0.507232487201691,-1.5752902982058e-07,0
8.09906005859375,-0.659477770328522,0.516565501689911,-1.66220615938073e-07,0
8.12905979156494,-0.666959702968597,0.525898396968842,-1.74867636815179e-07,0
8.15906047821045,-0.674441635608673,0.535231351852417,-1.83449628821108e-07,0
8.18906021118164,-0.681923508644104,0.544564247131348,-1.91951130545931e-07,0
8.21905994415283,-0.68940532207489,0.553897082805634,-2.0035349734826e-07,0
8.24906063079834,-0.696887075901031,0.563229918479919,-2.08640813070815e-07,0
8.27906036376953,-0.704368829727173,0.572562754154205,-2.16797161556315e-07,0
8.30906009674072,-0.711850464344025,0.581895530223846,-2.24805717152776e-07,0
8.33905982971191,-0.719332158565521,0.591228246688843,-2.32654656429077e-07,0
8.36906051635742,-0.726813733577728,0.600560963153839,-2.40332155954093e-07,0
8.39906024932861,-0.734295308589935,0.609893679618835,-2.47825482802e-07,0
8.4290599822998,-0.741776823997498,0.619226336479187,-2.5512554202578e-07,0
8.45906066894531,-0.749258279800415,0.628558993339539,nan,nan
#GNA1
0.0,0.0,0.0,-7.11039258582957e-07,0
0.00999999977648258,0.00999870803207159,-0.00602932786568999,-6.13260269233251e-07,0
0.0199999995529652,0.0199948027729988,-0.0120574794709682,-6.66327677478762e-07,0
0.0299999993294477,0.0299882497638464,-0.0180844403803349,-7.44675517694304e-07,0
0.0399999991059303,0.0399790070950985,-0.0241101942956448,-7.40994781978088e-07,0
0.0500000007450581,0.0499670431017876,-0.0301347244530916,-7.09783304131406e-07,0
0.0599999986588955,0.0599523074924946,-0.0361580140888691,-6.83138726031984e-07,0
0.0700000002980232,0.0699347704648972,-0.0421800464391708,-7.1284156888396e-07,0
0.0799999982118607,0.0799143761396408,-0.0482008047401905,-7.96123273971716e-07,0
0.0900000035762787,0.0898910835385323,-0.0542202703654766,-7.17037380582042e-07,0
0.100000001490116,0.0998648554086685,-0.0602384246885777,-7.49968258162426e-07,0
0.109999999403954,0.109835632145405,-0.0662552416324615,-7.16756012764108e-07,0
0.119999997317791,0.119803369045258,-0.0722707062959671,-7.34800714496942e-07,0
0.129999995231628,0.129768013954163,-0.0782848000526428,-7.53738106595847e-07,0
0.140000000596046,0.139729514718056,-0.0842974856495857,-6.68122517311076e-07,0
0.150000005960464,0.149687796831131,-0.0903087630867958,-6.86887730694252e-07,0
0.159999996423721,0.159642830491066,-0.0963185876607895,-6.94869953576926e-07,0
0.170000001788139,0.169594541192055,-0.102326937019825,-6.44999104792987e-07,0
0.180000007152557,0.179542854428291,-0.108333796262741,-6.1600569267739e-07,0
0.189999997615814,0.189487725496292,-0.114339120686054,6.70156907744968e-07,0
0.200000002980232,0.19942906498909,-0.120342895388603,5.89025319186476e-07,0
0.209999993443489,0.20936681330204,-0.126345083117485,7.09408880084084e-07,0
0.219999998807907,0.219300895929337,-0.132345661520958,6.64176866393973e-07,0
0.230000004172325,0.229231223464012,-0.138344570994377,7.36875165330275e-07,0
0.239999994635582,0.2391577064991,-0.144341811537743,7.95070263848174e-07,0
0.25,0.249080285429955,-0.15033732354641,7.611203614033e-07,0
0.259999990463257,0.258998841047287,-0.156331062316895,7.16258512056811e-07,0
0.270000010728836,0.268913269042969,-0.162323012948036,7.58737655814912e-07,0
0.280000001192093,0.278823524713516,-0.168313100934029,8.29535224511346e-07,0
0.28999999165535,0.288729429244995,-0.174301311373711,8.2178735283378e-07,0
0.300000011920929,0.298630893230438,-0.180287569761276,9.21107584872516e-07,0
0.310000002384186,0.308527827262878,-0.186271831393242,9.07641947378579e-07,0
0.319999992847443,0.318420082330704,-0.192254066467285,1.09598568087677e-06,0
0.330000013113022,0.328307509422302,-0.198234170675278,1.02536171198153e-06,0
0.340000003576279,0.338189989328384,-0.204212129116058,1.16050478027319e-06,0
0.349999994039536,0.348067373037338,-0.21018785238266,1.4059593240745e-06,0
0.360000014305115,0.357939511537552,-0.216161265969276,1.54711548816522e-06,0
0.370000004768372,0.367806196212769,-0.222132310271263,1.79455474835777e-06,0
0.379999995231628,0.377667278051376,-0.228100910782814,1.94054314306413e-06,0
0.389999985694885,0.387522548437119,-0.234066963195801,2.18051440015188e-06,0
0.400000005960464,0.397371798753738,-0.240030393004417,2.44425689288619e-06,0
0.409999996423721,0.407214850187302,-0.245991080999374,2.71625447112456e-06,0
0.419999986886978,0.417051434516907,-0.251948952674866,3.04534748352125e-06,0
0.430000007152557,0.426881283521652,-0.257903873920441,3.36962233404847e-06,0
0.439999997615814,0.436704188585281,-0.263855755329132,3.84129444341852e-06,0
0.449999988079071,0.446519792079926,-0.269804418087006,4.21345882273272e-06,0
0.46000000834465,0.456327825784683,-0.275749772787094,4.64445761849674e-06,0
0.469999998807907,0.466127961874008,-0.281691640615463,5.17649650078056e-06,0
0.479999989271164,0.475919812917709,-0.287629842758179,5.68922251886761e-06,0
0.490000009536743,0.485702961683273,-0.293564230203629,6.30287621561365e-06,0
0.5,0.495477050542831,-0.299494564533234,6.93184665578883e-06,0
0.509999990463257,0.505241572856903,-0.305420696735382,7.58825521529616e-06,0
0.519999980926514,0.51499605178833,-0.31134232878685,8.40432588233853e-06,0
0.529999971389771,0.524739921092987,-0.317259281873703,9.19069373139791e-06,0
0.540000021457672,0.534472584724426,-0.323171198368073,1.01105545127211e-05,0
0.550000011920929,0.5441934466362,-0.329077839851379,1.10778186979132e-05,0
0.560000002384186,0.553901731967926,-0.334978818893433,1.20984692557613e-05,0
0.569999992847443,0.563596665859222,-0.340873807668686,1.32555501011211e-05,0
0.579999983310699,0.573277473449707,-0.346762388944626,1.43655186946035e-05,0
0.589999973773956,0.582943081855774,-0.352644115686417,1.57439095573864e-05,0
0.600000023841858,0.592592597007751,-0.358518481254578,1.71301795717227e-05,0
0.610000014305115,0.602224826812744,-0.364384919404984,1.86600835547779e-05,0
0.620000004768372,0.611838400363922,-0.370242834091187,2.03770274538329e-05,0
0.629999995231628,0.621432065963745,-0.376091539859772,2.20818304796921e-05,0
0.639999985694885,0.631004154682159,-0.381930291652679,2.40103969986194e-05,0
0.649999976158142,0.640552997589111,-0.387758195400238,2.61908078869055e-05,0
0.660000026226044,0.650076568126678,-0.393574327230453,2.82503870039363e-05,0
0.670000016689301,0.659572780132294,-0.399377584457397,3.06160808349887e-05,0
0.680000007152557,0.669039189815521,-0.405166745185852,3.31280925820465e-05,0
0.689999997615814,0.678473055362701,-0.410940498113632,3.58268419518026e-05,0
0.699999988079071,0.687871336936951,-0.416697293519974,3.87233017136168e-05,0
0.709999978542328,0.697230577468872,-0.422435343265533,4.17897015836388e-05,0
0.720000028610229,0.7065469622612,-0.428152769804001,4.51064730668804e-05,0
0.730000019073486,0.715816080570221,-0.433847278356552,4.85047737583955e-05,0
0.740000009536743,0.725033044815063,-0.439516365528107,5.22446355262218e-05,0
0.75,0.734192371368408,-0.44515722990036,5.62406689823547e-05,0
0.759999990463257,0.743287801742554,-0.450766623020172,6.05077075306326e-05,0
0.769999980926514,0.752312302589417,-0.456340879201889,6.52099337798973e-05,0
0.779999971389771,0.761258065700531,-0.461875915527344,7.03977025295899e-05,0
0.790000021457672,0.770116150379181,-0.467367082834244,7.61626023972894e-05,0
0.800000011920929,0.778876781463623,-0.472809195518494,8.26498410333443e-05,0
0.810000002384186,0.787528991699219,-0.47819647192955,9.00240066243896e-05,0
0.819999992847443,0.796060681343079,-0.4835225045681,9.86156160820428e-05,0
0.829999983310699,0.804458677768707,-0.48878026008606,0.000108573125714884,0
0.839999973773956,0.812708556652069,-0.493962019681931,0.000119972386016798,0
0.850000023841858,0.820795059204102,-0.499059647321701,0.00013307867942558,0
0.860000014305115,0.828702032566071,-0.504064440727234,0.000147742613478385,0
0.870000004768372,0.836412847042084,-0.508967399597168,0.000163653318111301,0
0.879999995231628,0.843910694122314,-0.51375949382782,0.00018010069192087,0
0.889999985694885,0.851179182529449,-0.518431842327118,0.000196331499012103,0
0.899999976158142,0.858202695846558,-0.522975981235504,0.000210749664631749,0
0.910000026226044,0.864967167377472,-0.527384400367737,0.000222218702049304,0
0.920000016689301,0.871460497379303,-0.53165066242218,0.000229169454087241,0
0.930000007152557,0.877673208713531,-0.535769701004028,0.000231261153714968,0
0.939999997615814,0.883598744869232,-0.53973799943924,0.000235857340328494,4
0.949999988079071,0.889233887195587,-0.5435551404953,0.00021751471257403,8
0.959999978542328,0.894578039646149,-0.54721999168396,0.000206978218841414,10
0.970000028610229,0.89963436126709,-0.550734281539917,0.000191012018433412,12
0.980000019073486,0.90440845489502,-0.554103493690491,0.000146494600187452,12
0.990000009536743,0.908908188343048,-0.557331264019012,0.000117078057712661,14
1.0,0.913143754005432,-0.560423851013184,0.000203105711307217,16
1.00999999046326,0.917126893997192,-0.56340092420578,2.09174100405107e-05,16
1.01999998092651,0.921516120433807,-0.56673389673233,1.40649592594855e-06,18
1.02999997138977,0.924992501735687,-0.569445908069611,4.90897207328089e-05,18
1.03999996185303,0.928256928920746,-0.572057068347931,-3.41041866249725e-05,20
1.04999995231628,0.931322872638702,-0.574572801589966,-7.90209656429397e-05,20
1.05999994277954,0.934203565120697,-0.577002167701721,-7.48511187680378e-05,20
1.07000005245209,0.936911106109619,-0.579352080821991,-9.30581729221558e-05,21
1.08000004291534,0.939457476139069,-0.581630051136017,-0.000108440798953779,22
1.0900000333786,0.941854000091553,-0.583843171596527,-0.000123043195628725,23
1.10000002384186,0.944111227989197,-0.585997939109802,-0.000140554810172944,23
1.11000001430511,0.946238994598389,-0.588100969791412,-0.000247137642418238,23
1.12000000476837,0.948246359825134,-0.590163350105286,-1.77862419832309e-05,24
1.12999999523163,0.950149774551392,-0.59216845035553,2.10020194799654e-05,25
1.13999998569489,0.951953411102295,-0.594163477420807,-0.000170198130206245,25
1.14999997615814,0.953648090362549,-0.596109330654144,-0.000167198142776215,25
1.1599999666214,0.955253064632416,-0.598026931285858,-0.000187334311021914,30
1.16999995708466,0.956774711608887,-0.599921047687531,-0.000177338089486057,33
1.17999994754791,0.958218574523926,-0.601794540882111,-0.000187966771250103,35
1.19000005722046,0.959590077400208,-0.603651285171509,-0.000175341635895165,36
1.20000004768372,0.960894048213959,-0.605494379997253,-0.00018773833215846,38
1.21000003814697,0.962135016918182,-0.607326209545135,-0.000192016849041465,39
1.22000002861023,0.963317096233368,-0.609150230884552,-0.00017470211349746,41
1.23000001907349,0.964443981647491,-0.610968351364136,-0.00018219140116571,42
1.24000000953674,0.965519368648529,-0.612782657146454,-0.000318758370838168,42
1.25,0.966546475887299,-0.614596307277679,0.00047536539665316,44
1.25999999046326,0.967568039894104,-0.616485178470612,-0.000175854791450547,45
1.26999998092651,0.968505680561066,-0.618301212787628,-0.000170887654860508,46
1.27999997138977,0.969403386116028,-0.620121240615845,-0.000175989447825486,48
1.28999996185303,0.970263600349426,-0.621946573257446,-2.28473430752274e-06,51
1.29999995231628,0.971089482307434,-0.623781979084015,-0.000168329306177384,54
1.30999994277954,0.971881210803986,-0.625622987747192,-1.43953553788378e-06,56
1.32000005245209,0.97264152765274,-0.627474308013916,8.06196686653493e-06,59
1.33000004291534,0.973374009132385,-0.629339098930359,7.08778077296301e-06,60
1.3400000333786,0.974077999591827,-0.631214916706085,-1.1537999284883e-06,61
1.35000002384186,0.974754452705383,-0.633100628852844,-1.27144943462554e-06,61
1.36000001430511,0.975406050682068,-0.635000765323639,1.8964358332596e-06,65
1.37000000476837,0.976033926010132,-0.636914789676666,6.3667773247289e-05,68
1.37999999523163,0.976765751838684,-0.639258444309235,-0.000155773106257584,70
1.38999998569489,0.977345705032349,-0.641208171844482,-0.000161174937943542,72
1.39999997615814,0.977905750274658,-0.64317524433136,-3.19096554335374e-05,76
1.4099999666214,0.978447079658508,-0.645161986351013,-0.000621695704296599,78
1.41999995708466,0.978970348834991,-0.647161304950714,8.41678410665736e-05,83
1.42999994754791,0.979476511478424,-0.64919114112854,4.84709602233124e-06,83
1.43062496185303,0.979481399059296,-0.649210512638092,6.07989528589314e-06,83
1.43156254291534,0.979490756988525,-0.649249017238617,3.25851671618693e-05,83
1.43296873569489,0.979505360126495,-0.64931046962738,8.50159817673557e-05,83
1.43507814407349,0.979521572589874,-0.649383187294006,-2.27308464673115e-06,83
1.43824219703674,0.97953188419342,-0.649437427520752,-2.45889890493345e-06,84
1.44298827648163,0.979536354541779,-0.649475514888763,-1.41256509778032e-06,84
1.4501074552536,0.979536116123199,-0.649505615234375,-2.11020159213149e-06,84
1.46010744571686,0.979530036449432,-0.649527430534363,-2.25572460976764e-06,84
1.47010743618011,0.979519784450531,-0.649535119533539,-2.49027982590633e-06,84
1.48010742664337,0.979506194591522,-0.649531841278076,-2.59198691310303e-06,84
1.49010741710663,0.979489505290985,-0.649518966674805,-3.01925513213064e-06,84
1.50010740756989,0.979470133781433,-0.649497449398041,-3.45814919455734e-06,84
1.51010739803314,0.979448199272156,-0.649468004703522,-4.37195387803513e-06,84
1.5201073884964,0.979423940181732,-0.64943128824234,-5.86872971553021e-06,84
1.53010737895966,0.979397475719452,-0.649387776851654,-6.03332341597707e-06,84
1.54010736942291,0.979368925094604,-0.649338245391846,3.36921649477517e-05,84
1.55010747909546,0.979338526725769,-0.649286389350891,0.000317206052500296,84
1.56010746955872,0.979320168495178,-0.649323344230652,0.000204282000936473,84
1.57010746002197,0.97931957244873,-0.649370908737183,0.000102231152766308,84
1.58010745048523,0.979315221309662,-0.649402558803558,5.27237411347414e-05,84
1.59010744094849,0.979306697845459,-0.649419546127319,2.41449517943693e-05,84
1.60010743141174,0.979294300079346,-0.64942342042923,6.07895913162793e-06,84
1.610107421875,0.979278266429901,-0.64941531419754,9.2919083272136e-06,84
1.62010741233826,0.979258954524994,-0.649396121501923,2.13580393051416e-05,84
1.63010740280151,0.979236602783203,-0.649366319179535,3.5067242038167e-05,84
1.64010739326477,0.979211509227753,-0.649326205253601,5.20502354106611e-05,83
1.65010738372803,0.979183852672577,-0.649275481700897,7.39368743438718e-05,83
1.66010737419128,0.979153692722321,-0.64921361207962,0.00010357811669337,83
1.67010736465454,0.979121267795563,-0.64913946390152,0.000144652358812891,83
1.68010747432709,0.979086697101593,-0.649051368236542,7.58947612098382e-05,83
1.69010746479034,0.979050278663635,-0.648945033550262,0.000105148020452361,83
1.7001074552536,0.979012072086334,-0.648819983005524,0.000156091596409169,84
1.71010744571686,0.978972613811493,-0.648670256137848,9.6221450178291e-05,84
1.72010743618011,0.978932738304138,-0.648487746715546,0.000136238958702961,84
1.73010742664337,0.978893458843231,-0.648269414901733,0.000176176139575546,84
1.74010741710663,0.978856861591339,-0.648010551929474,0.000184819929188507,84
1.75010740756989,0.978825092315674,-0.647715866565704,0.000146967878890791,84
1.76010739803314,0.978799700737,-0.647399246692657,8.92585689484804e-05,84
1.7701073884964,0.978780746459961,-0.647077023983002,0.000202908413996283,84
1.78010737895966,0.978767037391663,-0.646760582923889,0.000112495149437564,84
1.79010736942291,0.978757977485657,-0.646454453468323,5.33907563635694e-05,84
1.80010747909546,0.978752195835114,-0.646160840988159,0.000328948980097721,84
1.81010746955872,0.978748798370361,-0.645879983901978,0.000200971086940172,84
1.82010746002197,0.978747725486755,-0.645611941814423,9.65884188417476e-05,84
1.83010745048523,0.978748381137848,-0.645356774330139,-3.48629253608124e-05,84
1.84010744094849,0.978750586509705,-0.645115196704865,-0.000102467337512735,84
1.85010743141174,0.978754222393036,-0.644888758659363,-0.000255949582481207,84
1.860107421875,0.978759348392487,-0.644680619239807,-0.000551261609530229,84
1.87010741233826,0.978766143321991,-0.644496083259583,0.000318313539878545,84
1.88010740280151,0.978775918483734,-0.644350707530975,-0.000143558187744475,83
1.89010739326477,0.978787660598755,-0.644252300262451,-0.000164322853436261,83
1.90010738372803,0.978803038597107,-0.644233405590057,0.000151487048412946,83
1.91010737419128,0.978820204734802,-0.644301176071167,0.000186406959301166,83
1.92010736465454,0.978837430477142,-0.644428670406342,-7.73115761489862e-05,83
1.93010747432709,0.978855013847351,-0.64460164308548,0.000275492460787063,83
1.94010746479034,0.978872954845428,-0.644808888435364,0.000191006157365337,83
1.9501074552536,0.978890776634216,-0.645035803318024,0.000118882637025308,83
1.96010744571686,0.978908538818359,-0.64527690410614,6.74651834629003e-05,82
1.97010743618011,0.978926360607147,-0.645527780056,3.59815967385657e-05,82
1.98010742664337,0.978944420814514,-0.645785748958588,-4.73236314633141e-05,82
1.99010741710663,0.978962779045105,-0.646048784255981,-8.29470548637801e-05,82
2.00010752677917,0.978981554508209,-0.646315455436707,-0.000126874060242699,82
2.01010751724243,0.979000866413116,-0.646584510803223,-0.000181064791945573,82
2.02010750770569,0.979020953178406,-0.64685469865799,-0.000248208718460319,82
2.03010749816895,0.979041874408722,-0.647124648094177,-0.00033016603060787,82
2.0401074886322,0.979063749313354,-0.647392690181732,-0.000427369814190115,82
2.05010747909546,0.979086756706238,-0.647656917572021,-0.000538820940164442,82
2.06010746955872,0.979110956192017,-0.647914826869965,-0.000181184345990459,82
2.07010746002197,0.979135930538177,-0.648164927959442,-7.9822390659956e-05,82
2.08010745048523,0.979162275791168,-0.648402512073517,-0.000123874867767881,82
2.09010744094849,0.979189872741699,-0.648623645305634,-8.21870064555696e-05,83
2.10010743141174,0.97921884059906,-0.64882504940033,-7.52886818418119e-05,83
2.110107421875,0.979250311851501,-0.648992419242859,-0.0048603226766204,84
2.12010741233826,0.979234457015991,-0.648484706878662,0.00021149052167857,84
2.13010740280151,0.979220867156982,-0.648257732391357,0.000117798770475019,83
2.14010739326477,0.979199767112732,-0.648030936717987,9.42606050102768e-05,83
2.15010738372803,0.979177057743073,-0.647789895534515,0.000431301535627426,83
2.16010737419128,0.979153156280518,-0.647536039352417,0.000400240355986625,83
2.17010736465454,0.979129076004028,-0.647270023822784,0.000361615839608476,83
2.1801073551178,0.979105055332184,-0.646994650363922,0.000322514467484325,83
2.19010734558105,0.979081451892853,-0.646712243556976,0.000283459710544776,84
2.20010733604431,0.979058444499969,-0.646425068378448,0.000245566086903182,84
2.21010732650757,0.979036152362823,-0.646134912967682,0.000210175599590912,85
2.22010731697083,0.979014694690704,-0.645843327045441,0.000178357247762051,85
2.23010730743408,0.978993952274323,-0.645551323890686,0.000150416947178655,85
2.24010753631592,0.978973925113678,-0.64525979757309,0.000126167805944988,85
2.25010752677917,0.978954553604126,-0.64496922492981,0.000105694878357099,85
2.26010751724243,0.978935658931732,-0.644680023193359,8.84801948473068e-05,85
2.27010750770569,0.978917241096497,-0.644392490386963,7.38421781534271e-05,85
2.28010749816895,0.97889918088913,-0.64410674571991,6.1643463936889e-05,85
2.2901074886322,0.978881418704987,-0.643822968006134,5.14034416596587e-05,85
2.30010747909546,0.978863894939423,-0.643541216850281,4.27490711558676e-05,85
2.31010746955872,0.978846490383148,-0.643261730670929,3.54173567984617e-05,85
2.32010746002197,0.978829205036163,-0.642984569072723,2.92328069804171e-05,85
2.33010745048523,0.978811979293823,-0.642709970474243,2.39683695326676e-05,85
2.34010744094849,0.978794753551483,-0.642437994480133,1.92564531857897e-05,85
2.35010743141174,0.978777527809143,-0.642169058322906,1.52119954464069e-05,85
2.360107421875,0.978760302066803,-0.641903460025787,1.15146929715593e-05,85
2.37010741233826,0.978743016719818,-0.641641557216644,8.15682625443515e-06,85
2.38010740280151,0.978725671768188,-0.641383945941925,5.12967858412594e-06,85
2.39010739326477,0.978708267211914,-0.641131281852722,-2.88672652004607e-06,85
2.40010738372803,0.978690922260284,-0.640884339809418,-4.37182069390474e-06,85
2.41010737419128,0.97867351770401,-0.640644133090973,-5.76544948671653e-06,85
2.42010736465454,0.97865629196167,-0.640411615371704,-7.14667703505256e-06,85
2.4301073551178,0.978639185428619,-0.640187919139862,-7.97531055241052e-06,85
2.44010734558105,0.978622436523438,-0.639973998069763,-8.77472405136359e-06,85
2.45010733604431,0.978605985641479,-0.63977062702179,-9.37710274229175e-06,85
2.46010732650757,0.978589951992035,-0.639578282833099,-9.47747503232677e-06,85
2.47010731697083,0.978574395179749,-0.639396786689758,-9.46707689308823e-06,85
2.48010730743408,0.978559195995331,-0.639225900173187,-9.5418067189712e-06,85
2.49010753631592,0.978544354438782,-0.639065027236938,-1.02631443610335e-05,85
2.50010752677917,0.978529572486877,-0.638913631439209,-1.27826272091625e-05,85
2.51010751724243,0.978514790534973,-0.638771712779999,-1.68929427672992e-05,85
2.52010750770569,0.978499829769135,-0.638639748096466,-2.27768343847856e-05,85
2.53010749816895,0.978484570980072,-0.63851922750473,-3.02576810327082e-05,85
2.5401074886322,0.978468954563141,-0.638412535190582,-3.85979299153405e-05,85
2.55010747909546,0.978453040122986,-0.638322949409485,-4.5690031470258e-05,85
2.56010746955872,0.978437066078186,-0.638253808021545,-4.80078296618558e-05,85
2.57010746002197,0.978421151638031,-0.638207495212555,-4.38602751842154e-05,85
2.58010745048523,0.978405714035034,-0.638184547424316,-3.48427940366491e-05,85
2.59010744094849,0.978390753269196,-0.638183116912842,-2.46241110062329e-05,85
2.60010743141174,0.978376448154449,-0.638200044631958,-1.56354178102447e-05,85
2.610107421875,0.978362619876862,-0.638231515884399,-8.43231003955225e-06,85
2.62010741233826,0.978349328041077,-0.638274073600769,-3.69286539125824e-06,86
2.63010740280151,0.97833639383316,-0.638324499130249,1.61888868888127e-06,86
2.64010739326477,0.978323757648468,-0.638380229473114,4.66734906012789e-06,86
2.65010738372803,0.978311419487,-0.638438999652863,7.56853961547677e-06,86
2.66010737419128,0.97829931974411,-0.638498961925507,1.05844325730686e-05,86
2.67010736465454,0.978287518024445,-0.638558447360992,1.38178480710849e-05,86
2.6801073551178,0.978275954723358,-0.638616025447845,1.80205597075656e-05,86
2.69010734558105,0.978264808654785,-0.638670325279236,2.34436494679358e-05,86
2.70010733604431,0.97825413942337,-0.638720035552979,3.08607096712876e-05,86
2.71010732650757,0.978244066238403,-0.638763904571533,4.09036555311104e-05,86
2.72010731697083,0.978234887123108,-0.63880068063736,5.49989155729236e-05,86
2.73010730743408,0.978226721286774,-0.638828873634338,7.64400452339942e-05,86
2.74010753631592,0.978219866752625,-0.638846874237061,0.000113473048429569,86
2.75010752677917,0.978214502334595,-0.638851940631866,0.000217643017492719,86
2.76010751724243,0.978210628032684,-0.638834714889526,-0.000246017071901861,86
2.77010750770569,0.978208541870117,-0.638789534568787,-4.01353489110079e-05,86
2.77260732650757,0.978207051753998,-0.638735115528107,-4.46028990381819e-05,86
2.77510738372803,0.978205323219299,-0.638671875,6.13900144799118e-05,86
2.77885746955872,0.978203058242798,-0.638582289218903,1.83255558567907e-05,86
2.78448247909546,0.978199899196625,-0.63845032453537,-5.81448915681904e-06,86
2.79291987419128,0.978195548057556,-0.638255298137665,-4.14612696886252e-06,86
2.80291986465454,0.978191077709198,-0.638027966022491,-4.30926178296431e-06,86
2.8129198551178,0.978187263011932,-0.637804687023163,-4.80340145259106e-06,86
2.82291984558105,0.978184044361115,-0.6375852227211,-5.40801033821481e-06,86
2.83291983604431,0.9781813621521,-0.637369573116302,-5.9390112028268e-06,86
2.84291982650757,0.978179216384888,-0.637157678604126,-6.48325300289798e-06,86
2.85291981697083,0.978177487850189,-0.636949479579926,-6.84757117141999e-06,86
2.86291980743408,0.978176236152649,-0.636744916439056,-7.23136105307276e-06,86
2.87292003631592,0.978175342082977,-0.636543989181519,-7.6240811495154e-06,86
2.88292002677917,0.978174865245819,-0.636346578598022,-8.20636080334225e-06,85
2.89292001724243,0.978174686431885,-0.636152803897858,-8.22268225419975e-06,85
2.90292000770569,0.978174805641174,-0.635962605476379,-8.69140836812221e-06,85
2.91291999816895,0.978175222873688,-0.635775983333588,-8.97968288882112e-06,85
2.9229199886322,0.978175938129425,-0.635592997074127,-9.36571933607411e-06,85
2.93291997909546,0.978176951408386,-0.635413646697998,-9.69355187407928e-06,85
2.94291996955872,0.978178203105927,-0.635238111019135,-1.02408932889375e-05,85
2.95291996002197,0.978179812431335,-0.635066509246826,-1.08057066086076e-05,85
2.96291995048523,0.978181660175323,-0.634899079799652,-1.1464239378256e-05,85
2.97291994094849,0.978183805942535,-0.634736001491547,-1.23090273973503e-05,85
2.98291993141174,0.978186368942261,-0.634577691555023,-1.32282235085768e-05,85
2.992919921875,0.9781893491745,-0.63442462682724,-1.45283731285417e-05,85
3.00291991233826,0.978192746639252,-0.634277522563934,-1.60689780841494e-05,84
3.01291990280151,0.978196740150452,-0.634137094020844,-1.81846875761948e-05,84
3.02291989326477,0.978201389312744,-0.634004652500153,-2.10138072134214e-05,84
3.03291988372803,0.978206932544708,-0.633881688117981,-2.49464686703504e-05,84
3.04291987419128,0.978213429450989,-0.633770525455475,-3.0217215396533e-05,84
3.05291986465454,0.978221237659454,-0.633674204349518,-3.72825705312607e-05,84
3.0629198551178,0.978230535984039,-0.633596897125244,-4.62102837559542e-05,84
3.07291984558105,0.978241682052612,-0.633543968200684,-5.55426540245207e-05,84
3.08291983604431,0.978254854679108,-0.633521497249603,-6.11857424246409e-05,84
3.09291982650757,0.978269875049591,-0.633534610271454,-5.86937927664621e-05,83
3.10291981697083,0.978286445140839,-0.633584856987,-4.78516377029337e-05,83
3.11291980743408,0.978303790092468,-0.633669018745422,-3.46324474094217e-05,83
3.12292003631592,0.978321254253387,-0.633780956268311,-2.30095435540534e-05,83
3.13292002677917,0.978338420391083,-0.633914053440094,-1.41991567375044e-05,83
3.14292001724243,0.978354930877686,-0.634062945842743,-7.87278651159795e-06,83
3.15292000770569,0.978370726108551,-0.634223639965057,-3.23827327974868e-06,83
3.16291999816895,0.978385746479034,-0.634393274784088,7.35834134957258e-07,83
3.1729199886322,0.978399872779846,-0.634569883346558,3.52567923300739e-06,83
3.18291997909546,0.978413105010986,-0.634751975536346,6.04069305154553e-06,83
3.19291996955872,0.978425562381744,-0.634938478469849,8.23720824882912e-06,83
3.20291996002197,0.978437125682831,-0.635128557682037,1.02213045920507e-05,83
3.21291995048523,0.97844785451889,-0.63532167673111,1.22101718034173e-05,83
3.22291994094849,0.978457689285278,-0.635517239570618,1.43087243600348e-05,83
3.23291993141174,0.978466749191284,-0.635714948177338,1.60491640599503e-05,82
3.242919921875,0.978474974632263,-0.635914444923401,1.79064566054876e-05,82
3.25291991233826,0.978482365608215,-0.636115550994873,1.9843875747938e-05,82
3.26291990280151,0.978488981723785,-0.636318027973175,2.18017885345034e-05,82
3.27291989326477,0.978494822978973,-0.636521697044373,2.36613580000267e-05,82
3.28291988372803,0.978499829769135,-0.636726498603821,2.56176189736834e-05,82
3.29291987419128,0.978504061698914,-0.63693231344223,2.75679157084596e-05,82
3.30291986465454,0.978507518768311,-0.637139081954956,2.95898271360784e-05,82
3.3129198551178,0.97851026058197,-0.637346625328064,3.15382556550503e-05,82
3.32291984558105,0.978512167930603,-0.637555062770844,3.35589026008165e-05,82
3.33291983604431,0.978513360023499,-0.637764155864716,3.56122421294458e-05,82
3.34291982650757,0.978513836860657,-0.63797402381897,3.76742531216223e-05,82
3.35291981697083,0.978513538837433,-0.638184487819672,3.98568951709422e-05,82
3.36291980743408,0.978512465953827,-0.638395667076111,4.21056251411756e-05,82
3.37292003631592,0.978510677814484,-0.638607323169708,4.43454543983535e-05,82
3.38292002677917,0.978508174419403,-0.638819575309753,4.67518613618267e-05,82
3.39292001724243,0.978504955768585,-0.639032304286957,4.93072385552296e-05,82
3.40292000770569,0.978500962257385,-0.639245510101318,5.17206937047376e-05,82
3.41291999816895,0.978496253490448,-0.639459073543549,5.45114146461856e-05,82
3.4229199886322,0.978490769863129,-0.639672994613647,5.72533462559477e-05,82
3.43291997909546,0.978484630584717,-0.63988721370697,6.01733470944055e-05,82
3.44291996955872,0.978477716445923,-0.640101611614227,6.32571188248221e-05,83
3.45291996002197,0.978470146656036,-0.640316247940063,6.64713872424727e-05,83
3.46291995048523,0.978461802005768,-0.640530943870544,6.99179383900628e-05,83
3.47291994094849,0.978452801704407,-0.640745639801025,7.35140707774917e-05,82
3.48291993141174,0.978443145751953,-0.640960395336151,7.71028909980487e-05,82
3.492919921875,0.978432774543762,-0.641174972057343,8.09938408679045e-05,82
3.50291991233826,0.978421747684479,-0.641389429569244,8.47441356768286e-05,82
3.51291990280151,0.978410065174103,-0.641603708267212,8.84540255583488e-05,82
3.52291989326477,0.978397846221924,-0.6418177485466,9.20154396339967e-05,82
3.53291988372803,0.978384971618652,-0.64203155040741,9.50373659520665e-05,82
3.54291987419128,0.978371620178223,-0.642245054244995,9.75611805529297e-05,83
3.55291986465454,0.97835773229599,-0.642458379268646,9.90857661236078e-05,83
3.5629198551178,0.978343367576599,-0.642671525478363,9.8840000475775e-05,83
3.57291984558105,0.978328585624695,-0.642884612083435,9.55101380668566e-05,83
3.58291983604431,0.978313446044922,-0.643097817897797,8.73034932737937e-05,83
3.59291982650757,0.978298008441925,-0.643311381340027,7.22024574884017e-05,83
3.60291981697083,0.978282332420349,-0.643525660037994,4.48346439156921e-05,83
3.61291980743408,0.978266477584839,-0.643741250038147,-5.25100347203988e-06,83
3.62292003631592,0.978250622749329,-0.643958806991577,-8.53464866281683e-05,83
3.63292002677917,0.978234767913818,-0.644179463386536,-0.000229531817694806,83
3.64292001724243,0.978219211101532,-0.644404888153076,-0.00048576955111912,83
3.65292000770569,0.978204131126404,-0.644637763500214,-0.000949654533371813,83
3.66291999816895,0.978190183639526,-0.64488285779953,-0.000185733172202163,83
3.6729199886322,0.978174269199371,-0.645147264003754,-0.00015745618748042,83
3.68291997909546,0.978160560131073,-0.645453155040741,-0.000213477279203289,83
3.69291996955872,0.978149473667145,-0.645868957042694,-1.0624958349581e-05,83
3.69338870048523,0.978146910667419,-0.645882189273834,-2.06340268960048e-06,83
3.69374012947083,0.978146731853485,-0.645885407924652,4.84648419174505e-06,83
3.69374847412109,0.978146731853485,-0.645885407924652,-9.68435190351613e-06,83
3.69375681877136,0.978146731853485,-0.645885407924652,-1.19484483072085e-05,83
3.6937689781189,0.978146731853485,-0.645885407924652,-1.6222391792553e-05,83
3.69378757476807,0.978146731853485,-0.645885407924652,-2.36939695241745e-05,83
3.69381546974182,0.978146731853485,-0.645885407924652,-2.61585946645937e-05,83
3.69385719299316,0.978146731853485,-0.645885467529297,2.62950316312072e-05,83
3.69391965866089,0.978146731853485,-0.645885467529297,2.62956485528321e-05,83
3.69401359558105,0.978146731853485,-0.645885467529297,1.7515750982966e-06,83
3.69415426254272,0.97814679145813,-0.645885348320007,3.09003059584256e-06,83
3.69429516792297,0.97814679145813,-0.645885348320007,-3.08892126810179e-06,83
3.69443583488464,0.97814679145813,-0.645885407924652,2.67470477410825e-06,83
3.69464707374573,0.97814679145813,-0.645885407924652,8.46014813760121e-07,83
3.69496393203735,0.97814679145813,-0.645885467529297,-1.44041979410758e-06,83
3.6954391002655,0.97814679145813,-0.645885527133942,-2.30624954156156e-06,83
3.69561719894409,0.97814679145813,-0.645885586738586,4.94227535341452e-06,83
3.69568395614624,0.978146851062775,-0.645885586738586,2.98029249279352e-06,83
3.69578433036804,0.97814679145813,-0.645885646343231,-1.67420763830251e-06,83
3.69593453407288,0.97814679145813,-0.645885586738586,4.8709841848904e-07,83
3.69616007804871,0.97814679145813,-0.645885527133942,1.75725995177345e-06,83
3.69649839401245,0.97814679145813,-0.645885467529297,-6.5189968836421e-06,83
3.69653010368347,0.97814679145813,-0.645885467529297,1.39294245968813e-05,83
3.69657754898071,0.97814679145813,-0.645885407924652,1.39386367976613e-05,83
3.69664907455444,0.97814679145813,-0.645885407924652,6.61771309751202e-07,83
3.69675588607788,0.97814679145813,-0.645885407924652,4.45570089979697e-06,83
3.6969165802002,0.97814679145813,-0.645885467529297,8.14006170912762e-07,83
3.69715738296509,0.97814679145813,-0.645885467529297,-1.35650378751961e-06,83
3.69751858711243,0.97814679145813,-0.645885586738586,-2.2303485707198e-06,83
3.69765400886536,0.97814679145813,-0.645885586738586,4.78676696502589e-06,83
3.69770479202271,0.97814679145813,-0.645885586738586,-2.99139196613396e-06,83
3.69778108596802,0.97814679145813,-0.645885646343231,1.78634472547401e-06,83
3.69789528846741,0.97814679145813,-0.645885646343231,5.79003824441315e-07,83
3.69806671142578,0.97814679145813,-0.645885586738586,1.82859304231897e-06,83
3.69832396507263,0.97814679145813,-0.645885467529297,6.27322343405012e-06,83
3.69834804534912,0.97814679145813,-0.645885467529297,1.56716439789761e-05,83
3.69838428497314,0.97814679145813,-0.645885467529297,1.56731042011415e-05,83
3.6984384059906,0.978146731853485,-0.645885467529297,1.56685262950873e-05,83
3.69851970672607,0.978146731853485,-0.645885467529297,2.67924283647858e-06,83
3.69864177703857,0.97814679145813,-0.645885407924652,2.68784506496367e-06,83
3.69882488250732,0.97814679145813,-0.645885467529297,-7.54913912714983e-07,83
3.69909954071045,0.97814679145813,-0.645885527133942,2.25491834271452e-06,83
3.69951152801514,0.97814679145813,-0.645885646343231,-5.65188815215834e-06,83
3.69955015182495,0.97814679145813,-0.645885646343231,-1.41183090534014e-05,83
3.69960808753967,0.97814679145813,-0.645885646343231,-1.41254208401165e-05,83
3.69969487190247,0.97814679145813,-0.645885646343231,-1.41268417621632e-05,83
3.69982528686523,0.97814679145813,-0.645885646343231,-2.66473643995013e-06,83
3.7000207901001,0.97814679145813,-0.645885705947876,-2.65929921416941e-06,83
3.70031404495239,0.97814679145813,-0.645885646343231,5.61966601253516e-07,83
3.70075392723083,0.97814679145813,-0.645885586738586,2.9899370019848e-06,83
3.70141363143921,0.97814679145813,-0.645885527133942,8.11507766229624e-06,83
3.70147562026978,0.97814679145813,-0.645885527133942,1.36920573368116e-05,83
3.70156836509705,0.97814679145813,-0.645885527133942,1.53645393368151e-05,83
3.70170736312866,0.978146731853485,-0.645885527133942,1.53598506074104e-05,83
3.70191621780396,0.978146731853485,-0.645885467529297,5.26740109307866e-07,83
3.70222949981689,0.97814679145813,-0.645885467529297,-2.06424699911167e-06,83
3.70269918441772,0.97814679145813,-0.645885527133942,9.16498606784444e-07,83
3.70340371131897,0.97814679145813,-0.645885586738586,-1.73897564081926e-06,83
3.70446062088013,0.97814679145813,-0.645885646343231,-8.92953255515749e-06,83
3.70455980300903,0.97814679145813,-0.645885646343231,-1.14592040247885e-05,83
3.70470833778381,0.97814679145813,-0.645885646343231,-1.38386746613151e-05,83
3.70493125915527,0.97814679145813,-0.645885646343231,-1.38325125149663e-05,83
3.70526576042175,0.97814679145813,-0.645885705947876,2.46046033680614e-06,83
3.70576739311218,0.97814679145813,-0.645885705947876,2.67353153304839e-06,83
3.70651960372925,0.97814679145813,-0.645885646343231,-6.61702017623611e-07,83
3.70764827728271,0.97814679145813,-0.645885646343231,1.24382171406978e-06,83
3.70934128761292,0.97814679145813,-0.645885527133942,-1.75521915934951e-06,83
3.71188068389893,0.978146731853485,-0.645885407924652,6.20326655109693e-06,83
3.71211862564087,0.978146731853485,-0.645885407924652,1.54930282008081e-05,83
3.71247577667236,0.978146731853485,-0.645885407924652,1.54971066521625e-05,83
3.7130115032196,0.978146731853485,-0.645885407924652,1.5490493268544e-05,83
3.71381497383118,0.978146731853485,-0.645885348320007,2.81173674920865e-06,83
3.71502017974854,0.97814679145813,-0.645885348320007,-1.95476044950738e-06,83
3.71682810783386,0.97814679145813,-0.645885348320007,-3.75536728824954e-07,83
3.71953988075256,0.97814679145813,-0.645885407924652,-1.46348401131036e-06,83
3.72360754013062,0.97814679145813,-0.645885467529297,1.71782943425569e-06,83
3.7297089099884,0.97814679145813,-0.645885705947876,8.3821225587144e-06,83
3.73028087615967,0.97814679145813,-0.645885705947876,8.38580326956162e-06,83
3.73113894462585,0.97814679145813,-0.645885705947876,8.37982105394985e-06,83
3.73242592811584,0.97814679145813,-0.645885705947876,-2.81000006907561e-06,83
3.73435640335083,0.97814679145813,-0.645885765552521,-2.83395979749912e-06,83
3.7372522354126,0.97814679145813,-0.645885705947876,1.93296041572921e-06,83
3.74159598350525,0.97814679145813,-0.645885705947876,1.09066286313464e-06,83
3.74811148643494,0.97814679145813,-0.645885646343231,1.87697742148885e-06,83
3.75788497924805,0.978146731853485,-0.645885467529297,2.00320005205867e-06,83
3.76038479804993,0.978146731853485,-0.645885467529297,-4.29727154482862e-06,83
3.76132249832153,0.978146731853485,-0.645885467529297,1.8980126696988e-06,83
3.76272869110107,0.97814679145813,-0.645885407924652,1.60276127303405e-06,83
3.76483798027039,0.97814679145813,-0.645885407924652,3.24070697388379e-07,83
3.76800203323364,0.97814679145813,-0.645885467529297,-1.35925819222393e-06,83
3.77274823188782,0.97814679145813,-0.645885527133942,-1.74216364712265e-06,83
3.77986741065979,0.97814679145813,-0.645885765552521,-6.93240153282204e-06,83
3.78049230575562,0.97814679145813,-0.645885765552521,-9.31663053904686e-06,83
3.78142976760864,0.97814679145813,-0.645885765552521,-1.08640023341877e-05,83
3.78283619880676,0.97814679145813,-0.645885765552521,-2.6816250882078e-06,83
3.78494548797607,0.97814679145813,-0.645885825157166,-2.67988685376253e-06,83
3.78810954093933,0.97814679145813,-0.645885765552521,1.11211020126234e-06,83
3.79285550117493,0.97814679145813,-0.645885765552521,9.26702398373891e-07,83
3.7999746799469,0.97814679145813,-0.645885705947876,-2.44820411410274e-06,83
3.80997467041016,0.978146731853485,-0.645885586738586,3.75032146493481e-06,83
3.81247472763062,0.978146731853485,-0.645885527133942,3.75933861107569e-06,83
3.8162248134613,0.978146731853485,-0.645885527133942,3.01887780551624e-06,83
3.81763100624084,0.97814679145813,-0.645885467529297,3.01827367366059e-06,83
3.81974029541016,0.97814679145813,-0.645885527133942,-2.59760746246229e-06,83
3.82290434837341,0.97814679145813,-0.645885527133942,-7.18019450118845e-07,83
3.82765054702759,0.97814679145813,-0.645885586738586,-1.88258820799092e-06,83
3.83476972579956,0.97814679145813,-0.645885705947876,-5.74669047637144e-06,83
3.83539462089539,0.97814679145813,-0.645885705947876,1.28174746691911e-05,83
3.83633208274841,0.97814679145813,-0.645885705947876,1.54672284651269e-05,83
3.83773851394653,0.97814679145813,-0.645885705947876,1.5471955990165e-05,83
3.83984780311584,0.97814679145813,-0.645885705947876,-4.8543085995334e-07,83
3.8430118560791,0.97814679145813,-0.645885705947876,-2.08715974281404e-06,83
3.84775805473328,0.97814679145813,-0.645885705947876,-8.78372475199285e-07,83
3.85487699508667,0.97814679145813,-0.645885646343231,-2.98801842291141e-06,83
3.86487698554993,0.97814679145813,-0.645885527133942,3.21223587462782e-06,83
3.86737704277039,0.97814679145813,-0.645885527133942,-2.55717476926876e-06,83
3.87112712860107,0.97814679145813,-0.645885527133942,-2.55761672374177e-06,83
3.87675213813782,0.97814679145813,-0.645885527133942,-4.68572523004696e-07,83
3.88518953323364,0.97814679145813,-0.645885586738586,-1.29418714323037e-06,83
3.8951895236969,0.97814679145813,-0.645885646343231,-1.90127764199133e-06,83
3.90518951416016,0.97814679145813,-0.645885765552521,3.20119029595389e-06,83
3.90768957138062,0.978146851062775,-0.645885765552521,2.97270162263885e-06,83
3.9114396572113,0.97814679145813,-0.645885765552521,nan,nan
#GNA2
0.0,0.0,0.0,-3.84436738443128e-07,0
0.0299999993294477,0.0299883056432009,-0.0180844739079475,-3.82962067106973e-05,0
0.0599999986588955,0.0599524267017841,-0.0361580848693848,-4.35616045137976e-05,0
0.0900000035762787,0.0898912698030472,-0.0542203821241856,-4.95650532599257e-05,0
0.119999997317791,0.119803629815578,-0.0722708627581596,-5.66255994414178e-05,0
0.150000005960464,0.149688154459,-0.0903089717030525,-6.49638344611958e-05,0
0.180000007152557,0.179543301463127,-0.108334057033062,-7.46605230688147e-05,0
0.209999993443489,0.209367379546165,-0.126345425844193,-8.6332437987835e-05,0
0.239999994635582,0.239158391952515,-0.144342228770256,-0.000100403919688574,0
0.270000010728836,0.268914103507996,-0.162323519587517,-0.000117771549668078,0
0.300000011920929,0.298631906509399,-0.180288180708885,-0.000139048617455728,0
0.330000013113022,0.32830873131752,-0.198234915733337,-0.000165773076304276,0
0.360000014305115,0.357940971851349,-0.216162160038948,-0.000199632825029994,0
0.389999985694885,0.387524306774139,-0.234068021178246,-0.000243045732332803,0
0.419999986886978,0.417053550481796,-0.251950234174728,-0.000299619661205952,0
0.449999988079071,0.446522355079651,-0.269805997610092,-0.000374229929121839,0
0.479999989271164,0.475922912359238,-0.287631720304489,-0.000473998646015161,0
0.509999990463257,0.505245387554169,-0.305423021316528,-0.000609676870197973,0
0.540000021457672,0.534477293491364,-0.323174089193344,-0.000796550834706977,0
0.569999992847443,0.563602566719055,-0.340877413749695,-0.00105797525409912,0
0.600000023841858,0.592600047588348,-0.358523041009903,-0.00142863070132648,0
0.629999995231628,0.621441602706909,-0.376097410917282,-0.0019597711230972,0
0.660000026226044,0.650089025497437,-0.393581956624985,-0.00272751209740818,0
0.689999997615814,0.678489506244659,-0.410950630903244,-0.00383728020619856,0
0.720000028610229,0.706569135189056,-0.428166449069977,-0.00542245996922475,0
0.75,0.734222769737244,-0.445176035165787,-0.00760688932825815,0
0.779999971389771,0.761300146579742,-0.4619020819664,-0.0103844632733399,0
0.810000002384186,0.787587523460388,-0.478233128786087,-0.0133466190283684,0
0.839999973773956,0.812789022922516,-0.494012892246246,-0.0153419884192658,0
0.870000004768372,0.836519956588745,-0.509035885334015,-0.0146572005149892,0
0.899999976158142,0.858336925506592,-0.52306342124939,3.51785183738684e-06,0
0.930000007152557,0.877830743789673,-0.535874426364899,7.43756538668094e-06,8
0.959999978542328,0.894743919372559,-0.54733419418335,0.00484593562396185,12
0.990000009536743,0.909067451953888,-0.557446539402008,0.00358780607098197,16
1.01999998092651,0.921015441417694,-0.56634795665741,0.00287624843167578,19
1.04999995231628,0.930916011333466,-0.57423460483551,0.00178845807295147,21
1.08000004291534,0.939123868942261,-0.581326723098755,0.00133685611513101,23
1.11000001430511,0.94596266746521,-0.587822437286377,-0.00196230218625715,25
1.13999998569489,0.951703310012817,-0.593880772590637,-0.00202051925060687,29
1.16999995708466,0.956562936306,-0.599651157855988,-0.00204991860545078,36
1.20000004768372,0.960713088512421,-0.605231821537018,-0.00198154600019507,40
1.23000001907349,0.964287757873535,-0.610709249973297,-0.00194220099768927,44
1.25999999046326,0.967392265796661,-0.616151034832001,-0.0018884507615553,47
1.28999996185303,0.970109283924103,-0.621610283851624,0.000108598284953132,56
1.32000005245209,0.972504556179047,-0.627131700515747,0.000453261139648831,61
1.35000002384186,0.974635243415833,-0.632758438587189,-0.000155617667815022,67
1.37999999523163,0.976544797420502,-0.638534188270569,-0.001566981180531,75
1.4099999666214,0.978248059749603,-0.644416689872742,-0.0027125884544148,86
1.44000005722046,0.979786157608032,-0.650453209877014,-6.24378931206593e-05,90
1.47000002861023,0.981182515621185,-0.656679570674896,-5.0123692744819e-05,96
1.5,0.982459425926208,-0.663108944892883,-9.67635484130369e-05,101
1.52999997138977,0.983627140522003,-0.669731914997101,-0.00126292375034609,107
1.55999994277954,0.984698951244354,-0.676547110080719,0.0958867301799273,118
1.5900000333786,0.987315893173218,-0.697001397609711,-0.000933770640813236,124
1.62000000476837,0.988349497318268,-0.706982731819153,-3.39132545263965e-05,129
1.64999997615814,0.989087522029877,-0.714938282966614,-5.00921018442568e-05,131
1.67999994754791,0.989781975746155,-0.723141670227051,-0.0010719714125571,137
1.71000003814697,0.990433752536774,-0.731553375720978,-0.00113488034037346,139
1.74000000953674,0.991048753261566,-0.740196585655212,-0.000493225357786287,143
1.76999998092651,0.991630494594574,-0.749081254005432,0.00234555042430884,146
1.79999995231628,0.992424786090851,-0.762405335903168,-0.00102867040510546,150
1.83000004291534,0.992937862873077,-0.771840870380402,-0.000601737510578459,154
1.83749997615814,0.994548201560974,-0.806438446044922,-9.67301767786921e-05,154
1.84500002861023,0.994654953479767,-0.809029221534729,-8.33611558164193e-05,155
1.85249996185303,0.994760572910309,-0.811633765697479,-0.00019507224243398,157
1.86374998092651,0.994917035102844,-0.815566003322601,-0.000431116747733995,158
1.88062500953674,0.995147526264191,-0.821521162986755,8.23367167868128e-05,159
1.90593755245209,0.995484054088593,-0.830585896968842,-0.000121565200686291,162
1.93593752384186,0.995871722698212,-0.841595411300659,-0.00133636968280371,164
1.96593749523163,0.996243596076965,-0.852751493453979,-0.00114986184547661,163
1.9959374666214,0.996603012084961,-0.864121079444885,-0.00108605844962995,166
2.02593755722046,0.996950805187225,-0.875699758529663,-0.00108709719427225,166
2.05593752861023,0.99728798866272,-0.887485265731812,-0.00110281720594685,166
2.0859375,0.997615158557892,-0.899474620819092,-0.00111554851423534,167
2.11593747138977,0.997933208942413,-0.911666870117188,-0.00115472723769017,171
2.14593744277954,0.998242676258087,-0.924055993556976,-0.000287581776490242,171
2.17593741416931,0.998544037342072,-0.936647891998291,-0.000208125862684483,173
2.20593738555908,0.998838543891907,-0.949445962905884,-0.00111680224375732,174
2.23593759536743,0.999125719070435,-0.962414383888245,-0.00114422845615536,173
2.2659375667572,0.999406278133392,-0.975570321083069,-0.00115649434144416,173
2.29593753814697,0.999680757522583,-0.988910675048828,-0.0012269053575551,174
2.32593750953674,0.999949514865875,-1.00243186950684,0.00277758741998468,174
2.35593748092651,1.00021409988403,-1.01622819900513,0.00345568702525156,175
2.38593745231628,1.00048208236694,-1.03061234951019,-0.00116141027291405,177
2.41593742370605,1.00073623657227,-1.04466938972473,-0.00119406441177716,177
2.44593739509583,1.00098550319672,-1.05889713764191,-0.00120887476805365,177
2.47593760490417,1.00123059749603,-1.07329225540161,-0.00129780176604299,177
2.50593757629395,1.00147199630737,-1.08785283565521,-0.00190264234561255,177
2.53593754768372,1.00170958042145,-1.10257458686829,-0.00124259941918581,178
2.56593751907349,1.0019439458847,-1.11745595932007,-0.00124723813581795,177
2.59593749046326,1.00217497348785,-1.1324942111969,-0.00126587323785543,176
2.62593746185303,1.00240302085876,-1.14768671989441,-0.00130996979567044,177
2.6559374332428,1.00262820720673,-1.16303050518036,-0.00135617847553249,177
2.68593740463257,1.00285077095032,-1.17852318286896,-0.00164351504764682,177
2.71593761444092,1.00307083129883,-1.19415783882141,-0.00164300325315025,177
2.71605467796326,1.00307083129883,-1.19415783882141,-0.00164218992318865,177
2.71623039245605,1.00307083129883,-1.19415783882141,-0.00164117717730505,177
2.71649408340454,1.00307083129883,-1.1941579580307,-0.0016394329871332,177
2.71688961982727,1.00307083129883,-1.1941579580307,-0.00163699205700141,177
2.71748280525208,1.00307083129883,-1.19415807723999,-0.00163332380395786,177
2.71837282180786,1.00307083129883,-1.19415819644928,-0.00163113057277542,177
2.7187066078186,1.00307083129883,-1.19415819644928,-0.00162806869906262,177
2.71920704841614,1.00307083129883,-1.19415831565857,-0.00162623491229397,177
2.71939468383789,1.00307083129883,-1.19415831565857,-0.00162358949739883,177
2.71967625617981,1.00307083129883,-1.19415843486786,-0.00161957269682489,177
2.72009873390198,1.00307083129883,-1.19415855407715,-0.00161730294786366,177
2.7202570438385,1.00307083129883,-1.19415867328644,-0.00161401984911436,177
2.72049474716187,1.00307083129883,-1.19415879249573,-0.00161201181316528,177
2.72058367729187,1.00307083129883,-1.19415879249573,-0.00160928368177338,177
2.72071743011475,1.00307083129883,-1.19415891170502,-0.00160768560954239,177
2.72076749801636,1.00307083129883,-1.19415891170502,-0.00160524729881217,177
2.72084259986877,1.00307083129883,-1.19415903091431,-0.00160157979331643,177
2.72095537185669,1.00307083129883,-1.1941591501236,-0.00159959302112611,177
2.72099781036377,1.00307083129883,-1.1941591501236,-0.00159649409209806,177
2.72106122970581,1.00307083129883,-1.19415926933289,-0.00159485622111788,177
2.72108483314514,1.00307083129883,-1.19415926933289,-0.00159230893103768,177
2.72112059593201,1.00307083129883,-1.19415938854218,-0.00158848179853521,177
2.72117400169373,1.00307083129883,-1.19415950775146,-0.00158632396647818,177
2.72119426727295,1.00307083129883,-1.19415962696075,-0.00158309843413917,177
2.72122430801392,1.00307083129883,-1.19415974617004,-0.00158129287018483,177
2.72123551368713,1.00307083129883,-1.19415974617004,-0.00157854565787829,177
2.72125244140625,1.00307083129883,-1.19415986537933,-0.00157707617984215,177
2.72125887870789,1.00307083129883,-1.19415986537933,-0.00157471840316248,177
2.72126841545105,1.00307083129883,-1.19415998458862,-0.00157117241195692,177
2.7212827205658,1.00307083129883,-1.19416010379791,-0.0015692890816581,177
2.72128796577454,1.00307083129883,-1.19416010379791,-0.0015664105873725,177
2.72129607200623,1.00307083129883,-1.1941602230072,-0.00156470168747092,177
2.72129917144775,1.00307083129883,-1.1941602230072,-0.00156232281341318,177
2.72130370140076,1.00307083129883,-1.19416034221649,-0.00155862962162701,177
2.72131037712097,1.00307083129883,-1.19416046142578,-0.00155652469680945,177
2.72131299972534,1.00307083129883,-1.19416046142578,-0.00155348115805509,177
2.72131681442261,1.00307083129883,-1.19416058063507,-0.0015516030470053,177
2.72131824493408,1.00307083129883,-1.19416069984436,-0.00154907660964909,177
2.72132039070129,1.00307083129883,-1.19416069984436,-0.001545104166496,177
2.72132349014282,1.00307083129883,-1.19416081905365,-0.0015429118893735,177
2.72132468223572,1.00307083129883,-1.19416093826294,-0.00153948866011433,177
2.72132658958435,1.00307083129883,-1.19416105747223,-0.00153764019478331,177
2.72132730484009,1.00307083129883,-1.19416105747223,-0.00153492165139824,177
2.7213282585144,1.00307083129883,-1.19416117668152,-0.00153318047767925,177
2.72132849693298,1.00307083129883,-1.19416117668152,-0.00153091769192315,177
2.72132921218872,1.00307083129883,-1.19416129589081,-0.00152725656096209,177
2.72132992744446,1.00307083129883,-1.1941614151001,-0.00152536940441905,177
2.72133040428162,1.00307083129883,-1.1941614151001,-0.00152239339769267,177
2.72133088111877,1.00307083129883,-1.19416153430939,-0.00152070098596369,177
2.72133111953735,1.00307083129883,-1.19416153430939,-0.00151811409585889,177
2.72133135795593,1.00307083129883,-1.19416165351868,-0.00151427949867866,177
2.72133159637451,1.00307083129883,-1.19416177272797,-0.00151220610911196,177
2.72133183479309,1.00307083129883,-1.19416189193726,-0.00150911885793903,177
2.72133207321167,1.00307083129883,-1.19416189193726,-0.00150724191991003,177
2.72133207321167,1.00307083129883,-1.19416201114655,-0.00150449897796534,177
2.72133231163025,1.00307083129883,-1.19416213035583,-0.00150303108438266,177
2.72133231163025,1.00307083129883,-1.19416213035583,-0.00150061046616656,177
2.72133231163025,1.00307083129883,-1.19416224956512,-0.00149730936522019,177
2.72133255004883,1.00307083129883,-1.19416224956512,-0.00149535687762636,177
2.72133255004883,1.00307083129883,-1.19416236877441,-0.00149246654933677,177
2.72133255004883,1.00307083129883,-1.1941624879837,-0.00149085212598266,177
2.72133255004883,1.00307083129883,-1.1941624879837,-0.00148841363181873,177
2.72133278846741,1.00307083129883,-1.19416260719299,-0.00148481418852953,177
2.72133278846741,1.00307083129883,-1.19416272640228,-0.00148272580105413,177
2.72133278846741,1.00307083129883,-1.19416272640228,-0.00147972560449716,177
2.72133278846741,1.00307083129883,-1.19416284561157,-0.00147784248645166,177
2.72133278846741,1.00307083129883,-1.19416284561157,-0.00147527719224172,177
2.72133278846741,1.00307083129883,-1.19416296482086,-0.0014713915850848,177
2.72133278846741,1.00307083129883,-1.19416308403015,-0.00146922609366129,177
2.72133278846741,1.00307083129883,-1.19416320323944,-0.00146593888558755,177
2.72133278846741,1.00307083129883,-1.19416320323944,-0.00146404438146419,177
2.72133278846741,1.00307083129883,-1.19416332244873,-0.00146135674719972,177
2.72133278846741,1.00307083129883,-1.19416344165802,-0.00145981090184932,177
2.72133278846741,1.00307083129883,-1.19416344165802,-0.00145741098685903,177
2.72133278846741,1.00307083129883,-1.19416356086731,-0.00145386865034425,177
2.72133278846741,1.00307083129883,-1.1941636800766,-0.00145187534076285,177
2.72133278846741,1.00307083129883,-1.1941636800766,-0.0014489390015342,177
2.72133278846741,1.00307083129883,-1.19416379928589,-0.00144729745846917,177
2.72133278846741,1.00307083129883,-1.19416379928589,-0.0014447582228172,177
2.72133278846741,1.00307083129883,-1.19416391849518,-0.00144114745421575,177
2.72133302688599,1.00307083129883,-1.19416403770447,-0.0014388819964779,177
2.72133302688599,1.00307083129883,-1.19416403770447,-0.00143575462828949,177
2.72133302688599,1.00307083129883,-1.19416415691376,-0.00143394180378209,177
2.72133302688599,1.00307083129883,-1.19416427612305,-0.0014313415547349,177
2.72133302688599,1.00307083129883,-1.19416427612305,-0.00142726421893258,177
2.72133302688599,1.00307083129883,-1.19416439533234,-0.00142498517027434,177
2.72133302688599,1.00307083129883,-1.19416451454163,-0.00142175007499645,177
2.72133302688599,1.00307083129883,-1.19416463375092,-0.00141983221300279,177
2.72133302688599,1.00307083129883,-1.19416463375092,-0.00141689580323145,177
2.72133302688599,1.00307083129883,-1.19416475296021,-0.00141540513334348,177
2.72133302688599,1.00307083129883,-1.19416475296021,-0.00141293151273203,177
2.72133302688599,1.00307083129883,-1.19416487216949,-0.00140927502496879,177
2.72133302688599,1.00307083129883,-1.19416499137878,-0.00140727618816072,177
2.72133302688599,1.00307083129883,-1.19416499137878,-0.00140420739859337,177
2.72133302688599,1.00307083129883,-1.19416511058807,-0.0014024946812583,177
2.72133302688599,1.00307083129883,-1.19416522979736,-0.00139989752193515,177
2.72133302688599,1.00307083129883,-1.19416522979736,-0.00139612468706218,177
2.72133302688599,1.00307083129883,-1.19416534900665,-0.00139392370812175,177
2.72133302688599,1.00307083129883,-1.19416546821594,-0.00139071222110942,177
2.72133302688599,1.00307083129883,-1.19416558742523,-0.00138884303669329,177
2.72133302688599,1.00307083129883,-1.19416558742523,-0.00138608585075417,177
2.72133302688599,1.00307083129883,-1.19416570663452,-0.00138465236994989,177
2.72133302688599,1.00307083129883,-1.19416570663452,-0.00138234337629228,177
2.72133302688599,1.00307083129883,-1.19416582584381,-0.00137867557259597,177
2.72133302688599,1.00307083129883,-1.1941659450531,-0.0013767395558375,177
2.72133302688599,1.00307083129883,-1.1941659450531,-0.00137387802504918,177
2.72133302688599,1.00307083129883,-1.19416606426239,-0.00137229845603315,177
2.72133302688599,1.00307083129883,-1.19416606426239,-0.00136981745322373,177
2.72133302688599,1.00307083129883,-1.19416618347168,-0.00136605660276246,177
2.72133302688599,1.00307083129883,-1.19416630268097,-0.00136391057014862,177
2.72133302688599,1.00307083129883,-1.19416642189026,-0.00136088292879322,177
2.72133302688599,1.00307083129883,-1.19416642189026,-0.00135912397729498,177
2.72133302688599,1.00307083129883,-1.19416654109955,-0.00135649127304305,177
2.72133302688599,1.00307083129883,-1.19416654109955,-0.00135259097010021,177
2.72133302688599,1.00307083129883,-1.19416666030884,-0.00135028899802592,177
2.72133302688599,1.00307083129883,-1.19416677951813,-0.00134688659488802,177
2.72133302688599,1.00307083129883,-1.19416689872742,-0.00134503902654615,177
2.72133302688599,1.00307083129883,-1.19416689872742,-0.00134221717308947,177
2.72133302688599,1.00307083129883,-1.19416701793671,-0.00134064516049648,177
2.72133302688599,1.00307083129883,-1.19416701793671,-0.00133833762026825,177
2.72133302688599,1.00307083129883,-1.194167137146,-0.00133470254246504,177
2.72133302688599,1.00307083129883,-1.19416725635529,-0.00133262106038501,177
2.72133302688599,1.00307083129883,-1.19416737556458,-0.00132971021929507,177
2.72133302688599,1.00307083129883,-1.19416737556458,-0.0013280297709457,177
2.72133302688599,1.00307083129883,-1.19416749477386,-0.00132542017979631,177
2.72133302688599,1.00307083129883,-1.19416749477386,-0.0013216441076338,177
2.72133302688599,1.00307083129883,-1.19416761398315,-0.00131953545042052,177
2.72133302688599,1.00307083129883,-1.19416773319244,-0.00131623525004443,177
2.72133302688599,1.00307083129883,-1.19416785240173,-0.00131454520959551,177
2.72133302688599,1.00307083129883,-1.19416785240173,-0.00131186209085854,177
2.72133302688599,1.00307083129883,-1.19416797161102,-0.00131023551784892,177
2.72133302688599,1.00307083129883,-1.19416797161102,-0.00130804409519669,177
2.72133302688599,1.00307083129883,-1.19416809082031,-0.00130455435123622,177
2.72133302688599,1.00307083129883,-1.1941682100296,-0.00130253507489897,177
2.72133302688599,1.00307083129883,-1.1941682100296,-0.00129977784661151,177
2.72133302688599,1.00307083129883,-1.19416832923889,-0.00129813518464061,177
2.72133302688599,1.00307083129883,-1.19416832923889,-0.00129559590760664,177
2.72133302688599,1.00307083129883,-1.19416844844818,-0.00129199612359798,177
2.72133302688599,1.00307083129883,-1.19416856765747,-0.00128995385995267,177
2.72133302688599,1.00307083129883,-1.19416856765747,-0.00128685876546797,177
2.72133302688599,1.00307083129883,-1.19416868686676,-0.00128515339304158,177
2.72133302688599,1.00307083129883,-1.19416880607605,-0.00128249612384934,177
2.72133302688599,1.00307083129883,-1.19416880607605,-0.00127851568640835,177
2.72133302688599,1.00307083129883,-1.19416892528534,-0.0012763183935931,177
2.72133302688599,1.00307083129883,-1.19416904449463,-0.00127310012521775,177
2.72133302688599,1.00307083129883,-1.19416916370392,-0.00127119265403053,177
2.72133302688599,1.00307083129883,-1.19416916370392,-0.0012685350781112,177
2.72133302688599,1.00307083129883,-1.19416928291321,-0.00126681036806531,177
2.72133302688599,1.00307083129883,-1.19416928291321,-0.00126450949881018,177
2.72133302688599,1.00307083129883,-1.1941694021225,-0.00126097638280953,177
2.72133302688599,1.00307083129883,-1.19416952133179,-0.00125896234641232,177
2.72133302688599,1.00307083129883,-1.19416952133179,-0.00125608762874663,177
2.72133302688599,1.00307083129883,-1.19416964054108,-0.00125431486907246,177
2.72133302688599,1.00307083129883,-1.19416975975037,-0.00125191383642687,177
2.72133302688599,1.00307083129883,-1.19416975975037,-0.00124802609133212,177
2.72133302688599,1.00307083129883,-1.19416987895966,-0.00124598250266672,177
2.72133302688599,1.00307083129883,-1.19416999816895,-0.00124270291803441,177
2.72133302688599,1.00307083129883,-1.19417011737823,-0.00124093831857408,177
2.72133302688599,1.00307083129883,-1.19417011737823,-0.0012382911882014,177
2.72133302688599,1.00307083129883,-1.19417023658752,-0.00123429792574825,177
2.72133302688599,1.00307083129883,-1.19417035579681,-0.00123195496087192,177
2.72133302688599,1.00307083129883,-1.19417035579681,-0.0012286132727013,177
2.72133302688599,1.00307095050812,-1.1941704750061,-0.00122672655470524,177
2.72133302688599,1.00307095050812,-1.19417059421539,-0.00122386344907,177
2.72133302688599,1.00307095050812,-1.19417059421539,-0.00122117290629831,177
2.72133302688599,1.00307095050812,-1.19417071342468,-0.00121726181845361,177
2.72133302688599,1.00307095050812,-1.19417083263397,-0.00121329173572349,177
2.72133302688599,1.00307095050812,-1.19417095184326,-7.1777302545629,177
2.72133302688599,1.00307095050812,-1.19417095184326,nan,nan
#GNA3
0.0,0.0,0.0,-3.56942749135669e-07,0
0.0500000007450581,0.0499673262238503,-0.0301348939538002,-0.000333525071575025,0
0.100000001490116,0.0998654738068581,-0.0602387934923172,-0.000420727809895993,0
0.150000005960464,0.149688825011253,-0.0903093740344048,-0.000537633475715893,0
0.200000002980232,0.199430599808693,-0.120343819260597,-0.000697377544028654,0
0.25,0.249082446098328,-0.150338619947433,-0.000920954743492075,0
0.300000011920929,0.298633903264999,-0.180289372801781,-0.00124161165331316,0
0.349999994039536,0.348071455955505,-0.210190311074257,-0.00171440661870292,0
0.400000005960464,0.397377341985703,-0.240033730864525,-0.00243276983667329,0
0.449999988079071,0.446527361869812,-0.269809007644653,-0.00356069070033982,0
0.5,0.495487540960312,-0.299500972032547,-0.00539575709186124,0
0.550000011920929,0.544208347797394,-0.329086929559708,-0.00849581774463104,0
0.600000023841858,0.592614471912384,-0.358531832695007,-0.0139324427817087,0
0.649999976158142,0.640586256980896,-0.387778580188751,-0.023772366565936,0
0.699999988079071,0.687924325466156,-0.416729867458344,1.44539063740012e-06,0
0.75,0.734281480312347,-0.445212066173553,1.72642774032283e-06,0
0.800000011920929,0.779030621051788,-0.472904741764069,-8.44462874738383e-07,0
0.850000023841858,0.821057736873627,-0.499225378036499,3.8373242432499e-06,0
0.899999976158142,0.858605086803436,-0.523236989974976,4.60133792898887e-05,5
0.949999988079071,0.889726459980011,-0.543890833854675,0.000310995841573458,14
1.0,0.913820147514343,-0.560922503471375,7.74209556198002e-05,20
1.04999995231628,0.931326687335968,-0.574574887752533,-0.0139651677516213,22
1.10000002384186,0.944129526615143,-0.586013734340668,0.00830890705924503,25
1.14999997615814,0.953651785850525,-0.596110582351685,-0.0077751504335879,36
1.20000004768372,0.960900187492371,-0.605499863624573,-0.00764551763472809,42
1.25,0.966552913188934,-0.614603459835052,0.000581391915659424,51
1.29999995231628,0.971113801002502,-0.62383246421814,-0.00605749867020222,61
1.35000002384186,0.974772453308105,-0.633145213127136,-0.000125747483536998,72
1.39999997615814,0.977804660797119,-0.642806351184845,-0.000323085007437385,76
1.41250002384186,0.97848254442215,-0.645288825035095,0.000695770460367839,80
1.43124997615814,0.979442715644836,-0.6490238904953,-0.000698781987523489,83
1.45937502384186,0.979270696640015,-0.648408234119415,-0.000821526160052599,82
1.50156247615814,0.97845846414566,-0.646121382713318,-0.0193382599750294,84
1.55156254768372,0.976710855960846,-0.641763746738434,0.038398115975383,86
1.6015625,0.973913192749023,-0.634674549102783,-2.72178872364748e-05,86
1.60468745231628,0.973816573619843,-0.634430468082428,2.07414636292924e-05,86
1.60781252384186,0.973768532276154,-0.63431054353714,4.68039850716195e-05,86
1.61093747615814,0.973725020885468,-0.634200036525726,0.000261211865108635,86
1.61406254768372,0.97370570898056,-0.634145557880402,8.03628703351933e-05,86
1.6171875,0.973697364330292,-0.634118735790253,4.03873519871922e-05,86
1.62187504768372,0.97368448972702,-0.63407826423645,2.11266490737216e-05,86
1.62890625,0.973659813404083,-0.634004712104797,3.81128523940788e-06,86
1.63945317268372,0.973607063293457,-0.633857250213623,-5.07921623693619e-05,86
1.6552734375,0.97348952293396,-0.633546113967896,-0.000304917092478263,86
1.67900395393372,0.973220884799957,-0.632875144481659,-0.000421999631726067,84
1.714599609375,0.972721576690674,-0.631708383560181,0.000153079662311484,82
1.76459956169128,0.972023785114288,-0.630104899406433,1.96960746166042e-05,83
1.81459963321686,0.97200345993042,-0.630145788192749,0.000633137867353639,82
1.86459958553314,0.97201281785965,-0.630223095417023,0.000436901038483484,83
1.91459965705872,0.97273725271225,-0.631995141506195,-0.000244765616912446,86
1.964599609375,0.973420977592468,-0.633562386035919,0.000289991368674691,86
2.01459956169128,0.9737269282341,-0.634205043315887,1.63888956308256e-05,86
2.01772451400757,0.9737229347229,-0.634193181991577,2.15345849028381e-05,86
2.02084970474243,0.973717629909515,-0.634178578853607,1.35911550955825e-05,86
2.02397465705872,0.973713576793671,-0.63416713476181,8.2432005967803e-05,86
2.02866220474243,0.973708808422089,-0.634153068065643,7.08793301100741e-05,86
2.03569340705872,0.973703265190125,-0.634135961532593,5.09368327357151e-05,86
2.04624032974243,0.973695874214172,-0.63411271572113,3.37606190328188e-05,86
2.06206059455872,0.973684251308441,-0.634076774120331,2.11028972785243e-05,86
2.08579111099243,0.973663091659546,-0.634013950824738,8.64994098037641e-06,86
2.12138676643372,0.973620593547821,-0.633894145488739,-1.59543272957308e-05,86
2.17138671875,0.973536968231201,-0.633669674396515,-3.1331674847479e-05,86
2.22138667106628,0.973424017429352,-0.633378505706787,-3.82883742986451e-05,86
2.27138662338257,0.973283648490906,-0.633028566837311,-3.26863902273544e-05,85
2.32138681411743,0.973124504089355,-0.632643282413483,-1.98597239773335e-05,85
2.37138676643372,0.972956001758575,-0.632246017456055,-1.07201911418997e-05,84
2.42138671875,0.972783267498016,-0.631848335266113,-6.94651379262723e-06,84
2.47138667106628,0.972609043121338,-0.631457507610321,-3.18489932737975e-05,84
2.52138662338257,0.972439289093018,-0.63109016418457,-0.000433018297826493,84
2.57138681411743,0.972304105758667,-0.630820751190186,-7.99964501538852e-05,84
2.62138676643372,0.972236931324005,-0.630714476108551,2.63135632394551e-06,84
2.67138671875,0.972197830677032,-0.630676448345184,3.24000336604513e-06,84
2.72138667106628,0.972168385982513,-0.63066554069519,0.000152987356898393,84
2.77138662338257,0.972142159938812,-0.630667626857758,7.35814830932213e-05,84
2.82138681411743,0.972116529941559,-0.630676925182343,3.42705746447791e-05,84
2.87138676643372,0.972090125083923,-0.630690515041351,1.36519233819854e-05,84
2.92138671875,0.972062289714813,-0.630706787109375,-2.06626391445752e-05,84
2.97138667106628,0.97203254699707,-0.630724847316742,-2.61062712638704e-05,84
3.02138662338257,0.972000658512115,-0.63074404001236,-2.85646254383209e-05,84
3.07138681411743,0.971966505050659,-0.630764007568359,-2.9364082365646e-05,84
3.12138676643372,0.971929967403412,-0.630784511566162,-2.9170977143167e-05,84
3.17138671875,0.971890985965729,-0.630805373191833,-2.83637158986494e-05,84
3.22138667106628,0.97184956073761,-0.630826354026794,-2.73538427109088e-05,84
3.27138662338257,0.97180563211441,-0.630847454071045,-2.60127894193829e-05,84
3.32138681411743,0.97175920009613,-0.630868554115295,-2.46998765192075e-05,84
3.37138676643372,0.971710324287415,-0.630889594554901,-2.33455566558405e-05,84
3.42138671875,0.971658945083618,-0.630910634994507,-2.17592531157607e-05,84
3.47138667106628,0.971605181694031,-0.630931496620178,-2.0468204354529e-05,84
3.52138662338257,0.971548914909363,-0.630952298641205,-1.91026723541654e-05,84
3.57138681411743,0.971490323543549,-0.630972921848297,-1.77875025997309e-05,84
3.62138676643372,0.971429407596588,-0.630993485450745,-1.66724508403604e-05,84
3.67138671875,0.971366107463837,-0.631013870239258,-1.55404767383516e-05,84
3.72138667106628,0.971300601959229,-0.631034195423126,-1.4399009785393e-05,84
3.77138662338257,0.971232831478119,-0.631054401397705,-1.32237319689921e-05,84
3.82138681411743,0.971162915229797,-0.631074547767639,-1.22409816185609e-05,84
3.87138676643372,0.971090793609619,-0.631094574928284,-1.13995675974365e-05,84
3.92138671875,0.971016645431519,-0.631114661693573,-1.04371523548252e-05,84
3.97138667106628,0.970940470695496,-0.631134688854218,-9.55038194661029e-06,84
4.02138662338257,0.97086226940155,-0.631154775619507,-8.70838556465969e-06,84
4.07138681411743,0.970782101154327,-0.631174862384796,-7.89328049677351e-06,84
4.12138652801514,0.970700085163116,-0.631195068359375,-7.15265974804424e-06,84
4.17138671875,0.970616281032562,-0.631215453147888,-6.43465017446943e-06,84
4.22138690948486,0.970530688762665,-0.631235957145691,-5.71101799096141e-06,84
4.27138662338257,0.970443367958069,-0.631256639957428,-7.52321949448742e-06,83
4.32138681411743,0.970354378223419,-0.631277620792389,2.06935756636994e-05,83
4.37138652801514,0.970343887805939,-0.631227374076843,5.15313428195441e-06,84
4.42138671875,0.97034877538681,-0.631204724311829,3.79515063286817e-06,84
4.47138690948486,0.970350742340088,-0.631180822849274,2.05408639430971e-06,84
4.52138662338257,0.970346331596375,-0.631156980991364,1.06822557199848e-06,84
4.57138681411743,0.970332205295563,-0.631134569644928,-5.60019941531209e-07,84
4.62138652801514,0.970305979251862,-0.631115078926086,-7.46158605124947e-07,84
4.67138671875,0.970267534255981,-0.63109940290451,-6.55872725019435e-07,84
4.72138690948486,0.970218360424042,-0.631087779998779,-5.3934962807034e-07,84
4.77138662338257,0.970160663127899,-0.631079971790314,4.25609357534995e-07,84
4.82138681411743,0.970096290111542,-0.631075322628021,4.68006135179166e-07,84
4.87138652801514,0.970026731491089,-0.631073474884033,5.08537652876839e-07,84
4.92138671875,0.969953119754791,-0.631073951721191,5.73897864342143e-07,84
4.97138690948486,0.969876170158386,-0.631076335906982,2.71751719083113e-05,84
5.02138662338257,0.969796478748322,-0.631080508232117,2.69363473535122e-05,84
5.07138681411743,0.969714403152466,-0.631086230278015,2.64940351257792e-05,84
5.12138652801514,0.969630300998688,-0.631093263626099,2.59097465686864e-05,84
5.17138671875,0.969544470310211,-0.631101667881012,2.55742988883867e-05,84
5.22138690948486,0.969457030296326,-0.631111204624176,2.47244935849267e-05,84
5.27138662338257,0.969368278980255,-0.631121873855591,2.4076118506855e-05,84
5.32138681411743,0.969278395175934,-0.631133675575256,2.31100561336461e-05,84
5.37138652801514,0.969187498092651,-0.631146490573883,2.17944621567767e-05,84
5.42138671875,0.969095766544342,-0.631160318851471,5.85206066716637e-07,84
5.47138690948486,0.96900349855423,-0.63117516040802,5.81432459512143e-07,84
5.52138662338257,0.968910753726959,-0.631190955638885,7.2003535933618e-07,84
5.57138681411743,0.968817949295044,-0.631207704544067,7.85068095865427e-07,84
5.62138652801514,0.968725383281708,-0.631225287914276,8.95376047083118e-07,84
5.67138671875,0.968633592128754,-0.631243646144867,1.1755013815673e-06,84
5.72138690948486,0.968543469905853,-0.631262600421906,1.754735421855e-06,84
5.77138662338257,0.968456625938416,-0.631281793117523,-4.40133879919813e-06,84
5.82138681411743,0.968376934528351,-0.631300389766693,-1.8990527337337e-05,84
5.87138652801514,0.968316078186035,-0.631315469741821,-3.60063968400937e-05,83
5.92138671875,0.968316495418549,-0.631316602230072,8.88015199507208e-06,84
5.97138690948486,0.968386650085449,-0.631300508975983,4.46581321966733e-06,84
6.02138662338257,0.968476474285126,-0.631279408931732,2.83882343410369e-06,84
6.07138681411743,0.968573451042175,-0.631256520748138,1.94302066347518e-06,84
6.12138652801514,0.968673706054688,-0.631232738494873,1.39836720336461e-06,84
6.17138671875,0.968775570392609,-0.631208479404449,9.44648832046369e-07,84
6.22138690948486,0.968878209590912,-0.631183981895447,-7.55659755213856e-07,84
6.27138662338257,0.968981087207794,-0.63115930557251,-6.51411653507239e-07,84
6.32138681411743,0.969083786010742,-0.631134688854218,-6.64713752485113e-07,84
6.37138652801514,0.969186067581177,-0.63111013174057,-6.78520393648796e-07,84
6.42138671875,0.969287753105164,-0.631085693836212,4.33934373518241e-05,84
6.47138690948486,0.969388663768768,-0.631061375141144,4.04924566623777e-05,84
6.52138662338257,0.969488739967346,-0.63103723526001,3.88745705777183e-05,84
6.57138681411743,0.969587802886963,-0.631013333797455,3.74155989675273e-05,84
6.62138652801514,0.969685852527618,-0.630989611148834,3.67467241062513e-05,84
6.67138671875,0.969782829284668,-0.630966126918793,3.61565773232542e-05,84
6.72138690948486,0.969878554344177,-0.630942761898041,3.5704805441128e-05,84
6.77138662338257,0.969973027706146,-0.630919635295868,3.51760954231395e-05,84
6.82138681411743,0.970066130161285,-0.630896627902985,3.49342820413767e-05,84
6.87138652801514,0.970157861709595,-0.630873799324036,3.48818488760116e-05,84
6.92138671875,0.970248162746429,-0.630851089954376,3.48896724631231e-05,84
6.97138690948486,0.970336973667145,-0.630828499794006,3.512120463256e-05,84
7.02138662338257,0.970424175262451,-0.630806028842926,3.53173725216038e-05,84
7.07138681411743,0.970509767532349,-0.63078361749649,3.5514117485036e-05,84
7.12138652801514,0.970593690872192,-0.630761325359344,3.59140646537526e-05,84
7.17138671875,0.970675885677338,-0.630739092826843,3.63784145065438e-05,84
7.22138690948486,0.970756351947784,-0.630716919898987,3.69134041307007e-05,84
7.27138662338257,0.970834970474243,-0.63069474697113,3.76359490701361e-05,84
7.32138681411743,0.970911741256714,-0.630672693252563,3.83933148668802e-05,84
7.37138652801514,0.970986664295197,-0.630650639533997,3.93804611462656e-05,84
7.42138671875,0.971059560775757,-0.63062858581543,4.04425006195197e-05,84
7.47138690948486,0.971130549907684,-0.630606591701508,4.16585811535697e-05,84
7.52138662338257,0.971199512481689,-0.63058465719223,4.30976000416194e-05,84
7.57138681411743,0.971266448497772,-0.630562782287598,4.46550535571077e-05,84
7.62138652801514,0.971331357955933,-0.63054096698761,4.65194004277691e-05,84
7.67138671875,0.971394121646881,-0.630519211292267,4.86908868992941e-05,84
7.72138690948486,0.971454799175262,-0.630497634410858,5.13274479772008e-05,84
7.77138662338257,0.971513390541077,-0.630476236343384,5.42439902346814e-05,84
7.82138681411743,0.971569836139679,-0.630455017089844,5.77453442929254e-05,84
7.87138652801514,0.971624135971069,-0.630434155464172,6.18757152324179e-05,84
7.92138671875,0.971676349639893,-0.630413591861725,6.6718620530537e-05,84
7.97138690948486,0.971726477146149,-0.630393505096436,7.23433097391535e-05,84
8.02138710021973,0.971774458885193,-0.630374014377594,7.94348716226523e-05,84
8.07138633728027,0.971820414066315,-0.63035523891449,8.77506794267902e-05,84
8.12138652801514,0.971864402294159,-0.630337417125702,9.78927837422816e-05,84
8.17138671875,0.971906423568726,-0.630320727825165,-1.62421821414682e-06,84
8.22138690948486,0.971946656703949,-0.630305409431458,-1.97131265622374e-06,84
8.27138710021973,0.971985042095184,-0.630291879177094,-2.50513966193466e-06,84
8.32138633728027,0.972021758556366,-0.630280494689941,-3.43211235076524e-06,84
8.37138652801514,0.972056806087494,-0.630271553993225,-5.38691296014804e-06,84
8.42138671875,0.972090005874634,-0.630265355110168,-9.83007345212172e-06,84
8.47138690948486,0.972120583057404,-0.630261540412903,-2.51102438255657e-05,84
8.52138710021973,0.972145676612854,-0.630257427692413,-8.39864266595214e-05,83
8.57138633728027,0.972154140472412,-0.630242049694061,9.42968695767377e-05,83
8.62138652801514,0.972121059894562,-0.630202651023865,-1.8020229447302e-05,83
8.67138671875,0.972079575061798,-0.630179226398468,-5.44385545708792e-06,83
8.72138690948486,0.972039520740509,-0.630171000957489,-1.75772049715306e-06,83
8.77138710021973,0.972000598907471,-0.630173087120056,1.15587238269654e-06,83
8.82138633728027,0.971961796283722,-0.630182325839996,1.29683610339271e-06,83
8.87138652801514,0.971922397613525,-0.630196571350098,1.31521034063553e-06,83
8.92138671875,0.971881806850433,-0.630214333534241,1.31767353650503e-06,83
8.97138690948486,0.971839725971222,-0.630234718322754,4.61549246892901e-05,83
9.02138710021973,0.971795797348022,-0.6302570104599,3.54413100467355e-05,82
9.07138633728027,0.97174996137619,-0.630280733108521,2.75133365903457e-05,82
9.12138652801514,0.971702039241791,-0.630305528640747,-2.25915749183514e-05,82
9.17138671875,0.971651971340179,-0.630331099033356,-2.25185791578042e-05,82
9.22138690948486,0.971599638462067,-0.630357384681702,-2.30050463869702e-05,82
9.27138710021973,0.971545040607452,-0.630384087562561,-2.29716226272103e-05,82
9.32138633728027,0.971488237380981,-0.630411148071289,-2.26650854528998e-05,82
9.37138652801514,0.971429109573364,-0.630438506603241,-2.21315004864664e-05,82
9.42138671875,0.971367716789246,-0.630466103553772,-2.14872314359127e-05,82
9.47138690948486,0.97130411863327,-0.630493879318237,-2.06892685810089e-05,82
9.52138710021973,0.971238255500793,-0.630521833896637,-1.98136386302394e-05,82
9.57138633728027,0.97117018699646,-0.630549907684326,-1.90047604746724e-05,82
9.62138652801514,0.971099972724915,-0.63057816028595,-1.79512093154699e-05,82
9.67138671875,0.971027672290802,-0.630606472492218,-1.69232377515982e-05,82
9.72138690948486,0.970953285694122,-0.630634963512421,-1.60081094691122e-05,82
9.77138710021973,0.970876812934875,-0.630663573741913,-1.50683475794722e-05,82
9.82138633728027,0.970798373222351,-0.630692362785339,-1.41462192004838e-05,82
9.87138652801514,0.970718026161194,-0.6307213306427,-1.32603025804201e-05,82
9.92138671875,0.970635712146759,-0.630750477313995,-1.21711148608483e-05,82
9.97138690948486,0.970551609992981,-0.630779922008514,-1.12487565502306e-05,82
10.0213871002197,0.97046571969986,-0.630809605121613,-1.02821168752598e-05,82
10.0713863372803,0.970378160476685,-0.630839586257935,-9.44368935051898e-06,82
10.1213865280151,0.970288872718811,-0.63086986541748,-8.59263627717155e-06,82
10.17138671875,0.970197975635529,-0.63090056180954,-7.60182894055106e-06,82
10.2213869094849,0.970105528831482,-0.630931735038757,7.1380180770575e-06,82
10.2713871002197,0.970011591911316,-0.630963265895844,7.92543829675196e-06,82
10.3213863372803,0.96991628408432,-0.630995392799377,8.75549261536435e-06,82
10.3713865280151,0.96981954574585,-0.631028056144714,9.3373524805429e-06,82
10.42138671875,0.969721555709839,-0.631061315536499,9.99044704030894e-06,82
10.4713869094849,0.969622373580933,-0.631095170974731,1.06915427977583e-05,82
10.5213871002197,0.969521999359131,-0.631129801273346,1.14971814468845e-05,82
10.5713863372803,0.969420492649078,-0.631165206432343,1.22363776426937e-05,82
10.6213865280151,0.969318032264709,-0.631201386451721,1.29219257587465e-05,82
10.67138671875,0.969214618206024,-0.631238400936127,1.36494786033836e-05,82
10.7213869094849,0.969110250473022,-0.631276369094849,1.4403376781047e-05,82
10.7713871002197,0.969005107879639,-0.631315350532532,1.50003398857734e-05,82
10.8213863372803,0.968899250030518,-0.631355345249176,1.58323375103464e-05,82
10.8713865280151,0.968792736530304,-0.631396472454071,1.64294108913055e-05,82
10.92138671875,0.968685567378998,-0.631438672542572,1.71976279830233e-05,82
10.9713869094849,0.968577861785889,-0.631482124328613,1.78129361643187e-05,82
11.0213871002197,0.968469738960266,-0.63152688741684,1.84674802312657e-05,82
11.0713863372803,0.968361258506775,-0.631572902202606,1.91150508044302e-05,82
11.1213865280151,0.968252420425415,-0.631620347499847,1.99604015165278e-05,82
11.17138671875,0.968143403530121,-0.631669163703918,2.09146251677339e-05,82
11.2213869094849,0.968034148216248,-0.631719529628754,2.1949333415705e-05,82
11.2713871002197,0.967924833297729,-0.631771326065063,2.31164389674632e-05,81
11.3213863372803,0.967815518379211,-0.631824731826782,2.46093410396497e-05,81
11.3713865280151,0.967706203460693,-0.63187974691391,2.62615696442481e-05,81
11.42138671875,0.96759706735611,-0.631936371326447,2.7908306833524e-05,81
11.4713869094849,0.967488050460815,-0.631994605064392,3.1112310921344e-05,81
11.5213871002197,0.967379331588745,-0.632054328918457,3.09896763610595e-05,81
11.5215816497803,0.967379331588745,-0.632054328918457,3.08124497223616e-05,81
11.5218753814697,0.967379331588745,-0.632054328918457,3.07124180949359e-05,81
11.5223140716553,0.967379331588745,-0.632054328918457,3.12491083604982e-05,81
11.5229740142822,0.967379331588745,-0.632054328918457,3.12369008952373e-05,81
11.523962020874,0.967379331588745,-0.632054328918457,3.12856017785634e-05,81
11.5254459381104,0.967379331588745,-0.632054328918457,3.12660882855198e-05,81
11.5276699066162,0.967379331588745,-0.632054388523102,3.13488237679849e-05,81
11.5310077667236,0.967379331588745,-0.632054388523102,3.12826563231283e-05,81
11.5360126495361,0.967379331588745,-0.632054388523102,3.12721710997721e-05,81
11.5378904342651,0.967379331588745,-0.632054388523102,-3.55408324139717e-05,81
11.5407056808472,0.967379331588745,-0.632054388523102,-3.93110270096031e-05,81
11.5449295043945,0.967379331588745,-0.632054388523102,-4.63579486762455e-05,81
11.5465135574341,0.967379331588745,-0.632054388523102,-5.06154786350521e-05,81
11.5488891601562,0.967379331588745,-0.632054388523102,-5.65653942032895e-05,81
11.5497798919678,0.967379331588745,-0.632054388523102,-6.26192184398633e-05,81
11.5511159896851,0.967379331588745,-0.632054388523102,-6.52196101285085e-05,81
11.5531206130981,0.967379331588745,-0.632054388523102,-7.03322587014554e-05,81
11.5538721084595,0.967379331588745,-0.632054388523102,-7.48774778003281e-05,81
11.5550003051758,0.967379331588745,-0.632054388523102,-8.12301863675202e-05,81
11.5554227828979,0.967379331588745,-0.632054388523102,-8.76893879464546e-05,81
11.5560569763184,0.967379331588745,-0.632054388523102,8.82823131433952e-05,81
11.5570087432861,0.967379331588745,-0.632054388523102,9.40587958808692e-05,81
11.5573654174805,0.967379331588745,-0.632054388523102,0.000100027370450562,81
11.557900428772,0.967379331588745,-0.632054388523102,0.000104885077632844,81
11.5581007003784,0.967379331588745,-0.632054388523102,0.000112197706116035,81
11.5584020614624,0.967379331588745,-0.632054388523102,0.000116315537582068,81
11.5585145950317,0.967379331588745,-0.632054388523102,0.000122461203488911,81
11.5586843490601,0.9673792719841,-0.632054388523102,0.000126291806523682,81
11.5589380264282,0.9673792719841,-0.632054388523102,-0.000132846704545386,81
11.5590333938599,0.9673792719841,-0.632054388523102,0.000139295131802442,81
11.5591764450073,0.9673792719841,-0.632054388523102,0.000143680993815565,81
11.559229850769,0.9673792719841,-0.632054388523102,0.000150258303563078,81
11.5593099594116,0.9673792719841,-0.632054388523102,0.000154334427101332,81
11.5594310760498,0.9673792719841,-0.632054388523102,0.000159885172166696,81
11.5594758987427,0.9673792719841,-0.632054388523102,0.000165633748885341,81
11.5595436096191,0.9673792719841,-0.632054388523102,0.000170320652060241,81
11.5595693588257,0.9673792719841,-0.632054388523102,0.000177361727580205,81
11.5596075057983,0.9673792719841,-0.632054388523102,0.000179413010904739,81
11.5596647262573,0.9673792719841,-0.632054388523102,0.000185361633782577,81
11.5596857070923,0.9673792719841,-0.632054388523102,0.000191496141340508,81
11.559718132019,0.9673792719841,-0.632054388523102,0.00019650675431393,81
11.5597305297852,0.9673792719841,-0.632054388523102,0.000204036034688215,81
11.5597486495972,0.9673792719841,-0.632054388523102,0.000208248322778104,81
11.5597553253174,0.9673792719841,-0.632054388523102,0.000214563297696202,81
11.5597648620605,0.9673792719841,-0.632054388523102,0.000218482822155863,81
11.5597801208496,0.9673792719841,-0.632054388523102,0.000223838937948528,81
11.5597858428955,0.9673792719841,-0.632054388523102,0.00023185774996648,81
11.5597944259644,0.9673792719841,-0.632054388523102,0.000236388653910069,81
11.5597982406616,0.9673792719841,-0.632054388523102,0.000243139835376383,81
11.5598030090332,0.9673792719841,-0.632054448127747,0.000247314758333061,81
11.5598096847534,0.967379212379456,-0.632054448127747,0.000253033719737061,81
11.5598125457764,0.967379212379456,-0.632054448127747,0.000258944498980895,81
11.5598173141479,0.967379212379456,-0.632054448127747,0.000263757292302103,81
11.5598182678223,0.967379212379456,-0.632054448127747,0.000270975095723713,81
11.5598211288452,0.967379212379456,-0.632054448127747,0.00027504800232947,81
11.5598220825195,0.967379212379456,-0.632054448127747,0.000281127548340976,81
11.5598230361938,0.967379212379456,-0.632054448127747,0.00028490247003532,81
11.5598249435425,0.967379212379456,-0.632054448127747,0.000290043396944384,81
11.5598258972168,0.967379212379456,-0.632054448127747,0.000297778252246417,81
11.5598268508911,0.967379212379456,-0.632054448127747,0.000302109132832129,81
11.5598268508911,0.967379212379456,-0.632054448127747,0.000308618049395193,81
11.5598278045654,0.967379212379456,-0.632054448127747,0.000312638243038066,81
11.5598287582397,0.967379212379456,-0.632054448127747,0.00031814723335799,81
11.5598287582397,0.967379212379456,-0.632054448127747,0.000323837696171836,81
11.5598297119141,0.967379212379456,-0.632054448127747,0.000328461908559063,81
11.5598297119141,0.967379212379456,-0.632054448127747,0.000335421601590724,81
11.5598297119141,0.967379212379456,-0.632054448127747,0.000337461814972073,81
11.5598306655884,0.967379212379456,-0.632054448127747,0.000343327349689559,81
11.5598306655884,0.967379212379456,-0.632054448127747,0.000349407534159241,81
11.5598306655884,0.967379212379456,-0.632054448127747,0.000354361223045885,81
11.5598306655884,0.967379212379456,-0.632054448127747,0.000361782853843806,81
11.5598306655884,0.967379212379456,-0.632054448127747,0.000365948821972495,81
11.5598306655884,0.967379212379456,-0.632054448127747,0.000372224453364822,81
11.5598316192627,0.967379212379456,-0.632054448127747,0.000376106723201985,81
11.5598316192627,0.967379152774811,-0.632054448127747,0.000381382513218398,81
11.5598316192627,0.967379152774811,-0.632054448127747,0.000389299733633663,81
11.5598316192627,0.967379152774811,-0.632054448127747,0.000393768153294616,81
11.5598316192627,0.967379152774811,-0.632054448127747,0.000400455527028498,81
11.5598316192627,0.967379152774811,-0.632054448127747,0.000404585379314426,81
11.5598316192627,0.967379152774811,-0.632054448127747,0.00041022767203458,81
11.5598316192627,0.967379152774811,-0.632054448127747,0.000416081588873851,81
11.5598316192627,0.967379152774811,-0.632054448127747,0.000420828654718264,81
11.5598316192627,0.967379152774811,-0.632054448127747,0.000427979637606768,81
11.5598316192627,0.967379152774811,-0.632054448127747,0.000431989113188536,81
11.5598316192627,0.967379152774811,-0.632054448127747,0.000438012461735582,81
11.5598316192627,0.967379152774811,-0.632054448127747,0.000441751509278276,81
11.5598316192627,0.967379152774811,-0.632054448127747,0.000446838157621698,81
11.5598316192627,0.967379152774811,-0.632054448127747,0.000454463995531285,81
11.5598316192627,0.967379152774811,-0.632054448127747,0.000458742058469852,81
11.5598316192627,0.967379152774811,-0.632054448127747,0.000465189420076229,81
11.5598316192627,0.967379152774811,-0.632054448127747,0.0004691648451427,81
11.5598316192627,0.967379152774811,-0.632054507732391,0.000474601421323939,81
11.5598316192627,0.967379152774811,-0.632054507732391,0.000480203366620913,81
11.5598316192627,0.967379152774811,-0.632054507732391,0.00048479683791669,81
11.5598316192627,0.967379152774811,-0.632054507732391,0.00049165877656776,81
11.5598316192627,0.967379152774811,-0.632054507732391,0.000493680220529313,81
11.5598316192627,0.967379152774811,-0.632054507732391,0.000499467775945561,81
11.5598316192627,0.967379093170166,-0.632054507732391,0.000505495383528398,81
11.5598316192627,0.967379093170166,-0.632054507732391,0.00051039108980433,81
11.5598316192627,0.967379093170166,-0.632054507732391,0.00051772758974522,81
11.5598316192627,0.967379093170166,-0.632054507732391,0.000521849905119609,81
11.5598316192627,0.967379093170166,-0.632054507732391,0.000528038368400985,81
11.5598316192627,0.967379093170166,-0.632054507732391,0.000531882071634016,81
11.5598316192627,0.967379093170166,-0.632054507732391,0.000537105261606996,81
11.5598316192627,0.967379093170166,-0.632054507732391,0.000544939163972913,81
11.5598316192627,0.967379093170166,-0.632054507732391,0.000549353804245811,81
11.5598316192627,0.967379093170166,-0.632054507732391,0.000555968917524297,81
11.5598316192627,0.967379093170166,-0.632054507732391,0.000560056247564944,81
11.5598316192627,0.967379093170166,-0.632054507732391,0.000565636377807266,81
11.5598316192627,0.967379093170166,-0.632054507732391,0.000571394572872919,81
11.5598316192627,0.967379093170166,-0.632054507732391,0.000576115666703458,81
11.5598316192627,0.967379093170166,-0.632054507732391,0.000583166926681145,81
11.5598316192627,0.967379093170166,-0.632054507732391,0.000585237658178528,81
11.5598316192627,0.967379093170166,-0.632054507732391,0.000591211822161597,81
11.5598316192627,0.967379093170166,-0.632054507732391,0.00059686862316255,81
11.5598316192627,0.967379093170166,-0.632054507732391,0.000601891686542899,81
11.5598316192627,0.967379093170166,-0.632054507732391,0.000609421028357815,81
11.5598316192627,0.967379093170166,-0.632054507732391,0.000613670741472561,81
11.5598316192627,0.967379093170166,-0.632054507732391,0.000620019529392835,81
11.5598316192627,0.967379093170166,-0.632054507732391,0.000623960518169042,81
11.5598316192627,0.967379033565521,-0.632054507732391,0.000629320730467953,81
11.5598316192627,0.967379033565521,-0.632054507732391,0.00063486604898344,81
11.5598316192627,0.967379033565521,-0.632054507732391,0.000639398392848989,81
11.5598316192627,0.967379033565521,-0.632054507732391,0.000646180616172387,81
11.5598316192627,0.967379033565521,-0.632054507732391,0.000650382458843524,81
11.5598316192627,0.967379033565521,-0.632054507732391,0.000656109491401935,81
11.5598316192627,0.967379033565521,-0.632054507732391,0.000662041267631253,81
11.5598316192627,0.967379033565521,-0.632054507732391,0.000666889417161087,81
11.5598316192627,0.967379033565521,-0.632054507732391,0.00067413017779927,81
11.5598316192627,0.967379033565521,-0.632054507732391,0.000678209291081089,81
11.5598316192627,0.967379033565521,-0.632054507732391,0.000684325183641477,81
11.5598316192627,0.967379033565521,-0.632054507732391,0.000688119607943349,81
11.5598316192627,0.967379033565521,-0.632054507732391,0.000693285949310507,81
11.5598316192627,0.967379033565521,-0.632054567337036,0.000701023443681947,81
11.5598316192627,0.967379033565521,-0.632054567337036,0.000705373943361565,81
11.5598316192627,0.967379033565521,-0.632054567337036,0.000711917853962518,81
11.5598316192627,0.967379033565521,-0.632054567337036,0.000715950102105012,81
11.5598316192627,0.967379033565521,-0.632054567337036,0.000721461763674824,81
11.5598316192627,0.967379033565521,-0.632054567337036,0.00072717506105846,81
11.5598316192627,0.967379033565521,-0.632054567337036,0.000731821068058025,81
11.5598316192627,0.967379033565521,-0.632054567337036,0.000738795464542363,81
11.5598316192627,0.967379033565521,-0.632054567337036,0.000740858463274208,81
11.5598316192627,0.967379033565521,-0.632054567337036,0.000746729717150174,81
11.5598316192627,0.967379033565521,-0.632054567337036,0.000752816574092208,81
11.5598316192627,0.967378973960876,-0.632054567337036,0.000757791070540748,81
11.5598316192627,0.967378973960876,-0.632054567337036,0.000765251812794077,81
11.5598316192627,0.967378973960876,-0.632054567337036,0.000769444605168701,81
11.5598316192627,0.967378973960876,-0.632054567337036,0.000775714796816374,81
11.5598316192627,0.967378973960876,-0.632054567337036,0.000779617780196418,81
11.5598316192627,0.967378973960876,-0.632054567337036,0.000784899593767818,81
11.5598316192627,0.967378973960876,-0.632054567337036,0.000792880434943299,81
11.5598316192627,0.967378973960876,-0.632054567337036,0.00079734399251663,81
11.5598316192627,0.967378973960876,-0.632054567337036,0.000804073891202961,81
11.5598316192627,0.967378973960876,-0.632054567337036,0.000808209634044488,81
11.5598316192627,0.967378973960876,-0.632054567337036,0.00081389065117321,81
11.5598316192627,0.967378973960876,-0.632054567337036,0.000819752156999698,81
11.5598316192627,0.967378973960876,-0.632054567337036,0.000824525522588715,81
11.5598316192627,0.967378973960876,-0.632054567337036,0.00083171216476785,81
11.5598316192627,0.967378973960876,-0.632054567337036,0.000835717107221967,81
11.5598316192627,0.967378973960876,-0.632054567337036,0.000841781009270903,81
11.5598316192627,0.967378973960876,-0.632054567337036,0.000845506288769116,81
11.5598316192627,0.967378973960876,-0.632054567337036,0.000850629278360771,81
11.5598316192627,0.967378973960876,-0.632054567337036,0.000858267876253649,81
11.5598316192627,0.967378973960876,-0.632054567337036,0.000862589994426344,81
11.5598316192627,0.967378973960876,-0.632054567337036,0.000869049905617203,81
11.5598316192627,0.967378973960876,-0.632054567337036,0.000873054539113127,81
11.5598316192627,0.967378973960876,-0.632054567337036,0.000878493081643228,81
11.5598316192627,0.967378973960876,-0.632054567337036,0.000884122901169349,81
11.5598316192627,0.967378914356232,-0.632054567337036,0.000888722042972745,81
11.5598316192627,0.967378914356232,-0.632054567337036,0.000895627502558227,81
11.5598316192627,0.967378914356232,-0.632054567337036,0.000899911383740459,81
11.5598316192627,0.967378914356232,-0.632054567337036,0.000905701925603353,81
11.5598316192627,0.967378914356232,-0.632054567337036,0.00091173209216322,81
11.5598316192627,0.967378914356232,-0.632054567337036,0.000916651413916725,81
11.5598316192627,0.967378914356232,-0.632054567337036,0.000924028717619763,81
11.5598316192627,0.967378914356232,-0.632054626941681,0.000928162872071425,81
11.5598316192627,0.967378914356232,-0.632054626941681,0.000934382461352357,81
11.5598316192627,0.967378914356232,-0.632054626941681,0.000938208203450586,81
11.5598316192627,0.967378914356232,-0.632054626941681,0.000943457088268929,81
11.5598316192627,0.967378914356232,-0.632054626941681,0.000951336547529991,81
11.5598316192627,0.967378914356232,-0.632054626941681,0.000958093655910375,81
11.5598316192627,0.967378914356232,-0.632054626941681,0.000962285538037122,81
11.5598316192627,0.967378914356232,-0.632054626941681,0.000966491850846296,81
11.5598316192627,0.967378914356232,-0.632054626941681,-0.000113301037288238,81
11.5598316192627,0.967378914356232,-0.632054626941681,nan,nan
