Intel Core i5-5300U
Windows 10 Pro, 19045
2017, 126836
DDR3, 1600 MHz
#MNA
0.0,0.0,0.0,3.58824081558851e-11,0
0.0299999993294477,0.0299999993294477,-0.0373754724860191,7.74775799072813e-11,0
0.0599999986588955,0.0599999986588955,-0.0747509449720383,1.18234311230481e-10,0
0.0900000035762787,0.0900000035762787,-0.112126417458057,1.47508671943797e-10,0
0.119999997317791,0.119999997317791,-0.149501889944077,1.81330506165978e-10,0
0.150000005960464,0.150000005960464,-0.186877369880676,2.18619788938668e-10,0
0.180000007152557,0.180000007152557,-0.224252834916115,2.51020537689328e-10,0
0.209999993443489,0.209999993443489,-0.261628299951553,2.83762346953154e-10,0
0.239999994635582,0.239999994635582,-0.299003779888153,3.1377567211166e-10,0
0.270000010728836,0.270000010728836,-0.336379259824753,3.45835360349156e-10,0
0.300000011920929,0.300000011920929,-0.373754739761353,3.74711817130446e-10,0
0.330000013113022,0.330000013113022,-0.411130219697952,4.1154635255225e-10,0
0.360000014305115,0.360000014305115,-0.44850566983223,4.57930582342669e-10,0
0.389999985694885,0.389999985694885,-0.485881149768829,4.91809259983711e-10,0
0.419999986886978,0.419999986886978,-0.523256599903107,5.26370058651082e-10,0
0.449999988079071,0.449999988079071,-0.560632109642029,5.68888935958967e-10,0
0.479999989271164,0.479999989271164,-0.598007559776306,6.03222360950895e-10,0
0.509999990463257,0.509999990463257,-0.635383069515228,6.38465280644596e-10,0
0.540000021457672,0.540000021457672,-0.672758519649506,6.72116584610194e-10,0
0.569999992847443,0.569999992847443,-0.710133969783783,7.10315362084657e-10,0
0.600000023841858,0.600000023841858,-0.747509479522705,7.41692929295823e-10,0
0.629999995231628,0.629999995231628,-0.784884929656982,7.72161001805216e-10,0
0.660000026226044,0.660000026226044,-0.822260439395905,8.1536200013943e-10,0
0.689999997615814,0.689999997615814,-0.859635889530182,8.51287040859461e-10,0
0.720000028610229,0.720000028610229,-0.897011339664459,8.84483597474173e-10,0
0.75,0.75,-0.934386849403381,9.14951669983566e-10,0
0.779999971389771,0.779999971389771,-0.971762299537659,4.85362861013527e-11,0
0.810000002384186,0.809970498085022,-1.00912046432495,-9.20613274502102e-08,0
0.839999973773956,0.83989417552948,-1.04644978046417,-7.15754140401259e-08,0
0.870000004768372,0.86981737613678,-1.08377873897552,6.65750121697783e-10,0
0.899999976158142,0.899734497070313,-1.12110841274261,-4.6769810069236e-06,0
0.930000007152557,0.929206728935242,-1.15825700759888,0.000563189477816195,0
0.959999978542328,0.957803249359131,-1.19503247737885,2.63283891399624e-06,0
0.990000009536743,0.982321918010712,-1.22902619838715,-0.0315452822919724,0
0.997500002384186,0.986623823642731,-1.23604381084442,-0.0533195388893546,0
1.00874996185303,0.990476787090302,-1.24409902095795,-0.284154029804995,0
1.02562499046326,0.993758738040924,-1.25418388843536,0.00728539944793738,0
1.0509375333786,0.996022880077362,-1.26685762405396,-0.00447118280681025,0
1.08093750476837,0.997409701347351,-1.28125929832459,-0.0106519201399351,0
1.11093747615814,0.998201429843903,-1.29571640491486,0.0180171475171846,0
1.14093744754791,0.99857497215271,-1.30964803695679,-0.014307337057744,0
1.17093753814697,0.998847961425781,-1.32403147220612,-0.00221984235577111,0
1.20093750953674,0.999059438705444,-1.33910810947418,-0.0267918570157235,0
1.23093748092651,0.999221444129944,-1.35475611686707,0.226961208351895,0
1.26093745231628,0.999341487884521,-1.37071895599365,0.0016131112288349,0
1.29093754291534,0.999417781829834,-1.38685822486877,-0.000535714801571885,0
1.32093751430511,0.999484002590179,-1.4035816192627,-0.00423827219492523,0
1.35093748569489,0.999544739723206,-1.42040050029755,-0.000659616022858245,0
1.38093745708466,0.99959123134613,-1.43773758411407,0.0024922119441726,0
1.41093754768372,0.999631881713867,-1.45512139797211,-3.50167761098419e-05,0
1.44093751907349,0.999667227268219,-1.47321343421936,-1.42433050314139e-05,0
1.47093749046326,0.999700605869293,-1.49195086956024,-0.000186930416930409,0
1.50093746185303,0.999728918075562,-1.51110827922821,0.00167162384104813,0
1.50843751430511,0.999735891819,-1.51543831825256,-0.00166158418596751,0
1.51593744754791,0.99974262714386,-1.5197616815567,-0.00165514433638236,0
1.5234375,0.999749302864075,-1.52408480644226,-0.00164646482198805,0
1.53093755245209,0.999755859375,-1.52841079235077,0.00186652900219997,0
1.53843748569489,0.999761760234833,-1.53290557861328,0.00179724239706047,0
1.54593753814697,0.999767780303955,-1.53736996650696,0.00178583804154187,0
1.55343747138977,0.999773740768433,-1.54182052612305,0.00178835257111132,0
1.56093752384186,0.999779641628265,-1.54627788066864,0.00178656024900192,0
1.56843745708466,0.999785482883453,-1.55073702335358,3.44130057783332e-10,0
1.56890630722046,0.972887992858887,-1.51722681522369,3.44130057783332e-10,0
1.56937503814697,0.972770750522614,-1.51708090305328,3.43788997270167e-10,0
1.57007813453674,0.972594976425171,-1.51686191558838,3.41856321028899e-10,0
1.5711327791214,0.972331345081329,-1.51653337478638,3.43561623594724e-10,0
1.57271480560303,0.9719358086586,-1.51604068279266,3.41742634191178e-10,0
1.57508790493011,0.97134256362915,-1.51530146598816,3.42765815730672e-10,0
1.5786474943161,0.970452666282654,-1.51419281959534,3.42993189406116e-10,0
1.58398675918579,0.969117820262909,-1.5125298500061,3.45494299835991e-10,0
1.59199583530426,0.967115581035614,-1.51003527641296,3.45039552485105e-10,0
1.60400938987732,0.964112162590027,-1.50629353523254,3.4822278394131e-10,0
1.62202978134155,0.959607124328613,-1.50068092346191,3.53907125827391e-10,0
1.64906024932861,0.952849447727203,-1.49226188659668,3.57204044121318e-10,0
1.67906022071838,0.945349454879761,-1.48291802406311,3.60046215064358e-10,0
1.70906019210815,0.937849462032318,-1.47357416152954,3.64252628060058e-10,0
1.73906016349792,0.930349469184875,-1.46423029899597,-4.07378221434218e-10,0
1.76906025409698,0.922849476337433,-1.4548864364624,-4.78725073471686e-10,0
1.79906022548676,0.91534948348999,-1.44554257392883,-5.73101635592543e-10,0
1.82906019687653,0.907849490642548,-1.43619871139526,-5.91207388600523e-10,0
1.8590601682663,0.900349497795105,-1.42685484886169,-6.08086775377714e-10,0
1.88906025886536,0.892849504947662,-1.41751098632813,-6.37001285053174e-10,0
1.91906023025513,0.885349452495575,-1.40816712379456,-6.35608260468601e-10,0
1.9490602016449,0.877849459648132,-1.39882326126099,7.83103804025131e-10,0
1.97906017303467,0.87034946680069,-1.38947939872742,-7.83478559807094e-10,0
2.00906014442444,0.862849473953247,-1.38013553619385,8.533627138263e-10,0
2.03906011581421,0.855349481105804,-1.37079167366028,8.78112915714269e-10,0
2.06906032562256,0.847849488258362,-1.36144781112671,9.47280032193021e-10,0
2.09906029701233,0.840349495410919,-1.35210394859314,-9.97680271730417e-10,0
2.1290602684021,0.832849502563477,-1.34276008605957,1.06348596595751e-09,0
2.15906023979187,0.825349450111389,-1.33341610431671,1.17699650026282e-09,0
2.18906021118164,0.817849457263947,-1.32407224178314,1.22582322070741e-09,0
2.21906018257141,0.810349464416504,-1.31472837924957,1.27110055814228e-09,0
2.24906015396118,0.802849471569061,-1.305384516716,1.31317423601729e-09,0
2.27906012535095,0.795349478721619,-1.29604065418243,1.39002476196026e-09,0
2.30906009674072,0.787849485874176,-1.28669679164886,1.45321332745141e-09,0
2.33906030654907,0.780349493026733,-1.2773529291153,1.48027123891836e-09,0
2.36906027793884,0.772849500179291,-1.26800906658173,1.53885926224007e-09,0
2.39906024932861,0.765349447727203,-1.25866520404816,1.60867053011771e-09,0
2.42906022071838,0.757849454879761,-1.24932134151459,1.62267266290428e-09,0
2.45906019210815,0.750349462032318,-1.23997747898102,1.68617253493153e-09,0
2.48906016349792,0.742849469184875,-1.23063361644745,1.73575287476524e-09,0
2.5190601348877,0.735349476337433,-1.22128975391388,1.84677917403064e-09,0
2.54906010627747,0.72784948348999,-1.21194589138031,1.9414780894067e-09,0
2.57906031608582,0.720349490642548,-1.20260202884674,1.95106508726894e-09,0
2.60906028747559,0.712849497795105,-1.19325816631317,2.02136263283137e-09,0
2.63906025886536,0.705349504947662,-1.1839143037796,2.0691541813278e-09,0
2.66906023025513,0.697849452495575,-1.17457044124603,2.15548290327661e-09,0
2.6990602016449,0.690349459648132,-1.16522657871246,2.16757056747952e-09,0
2.72906017303467,0.68284946680069,-1.15588271617889,2.261368869938e-09,0
2.75906014442444,0.675349473953247,-1.14653885364532,2.29776686566652e-09,0
2.78906011581421,0.667849481105804,-1.13719487190247,2.33178498731945e-09,0
2.81906032562256,0.660349488258362,-1.1278510093689,2.40278863472554e-09,0
2.84906029701233,0.652849495410919,-1.11850714683533,2.48005260772288e-09,0
2.8790602684021,0.645349502563477,-1.10916328430176,2.53093013213856e-09,0
2.90906023979187,0.637849450111389,-1.09981942176819,2.58721355450575e-09,0
2.93906021118164,0.630349457263947,-1.09047555923462,2.67746536053437e-09,0
2.96906018257141,0.622849464416504,-1.08113169670105,2.71104338978034e-09,0
2.99906015396118,0.615349471569061,-1.07178783416748,2.75285483297694e-09,0
3.02906012535095,0.607849478721619,-1.06244397163391,2.82623835445861e-09,0
3.05906009674072,0.600349485874176,-1.05310010910034,2.8935946971842e-09,0
3.08906030654907,0.592849493026733,-1.04375624656677,2.95873103794975e-09,0
3.11906027793884,0.585349500179291,-1.0344123840332,3.0312072851757e-09,0
3.14906024932861,0.577849447727203,-1.02506852149963,3.09482750537882e-09,0
3.17906022071838,0.570349454879761,-1.01572465896606,3.13354542313959e-09,0
3.20906019210815,0.562849462032318,-1.0063807964325,3.17306625419178e-09,0
3.23906016349792,0.555349469184875,-0.997036874294281,3.22810311814692e-09,0
3.2690601348877,0.547849476337433,-0.987693011760712,3.33393490592471e-09,0
3.29906010627747,0.54034948348999,-0.978349149227142,3.39021788420268e-09,0
3.32906031608582,0.532849490642548,-0.969005286693573,3.41666162029242e-09,0
3.35906028747559,0.525349497795105,-0.959661424160004,3.50696449658017e-09,0
3.38906025886536,0.517849504947662,-0.950317561626434,3.53847617873271e-09,0
3.41906023025513,0.510349452495575,-0.940973699092865,3.57082452495661e-09,0
3.4490602016449,0.502849459648132,-0.931629836559296,3.619542887634e-09,0
3.47906017303467,0.49534946680069,-0.922285974025726,3.68787578253205e-09,0
3.50906014442444,0.487849473953247,-0.912942111492157,3.7624801052516e-09,0
3.53906011581421,0.480349481105804,-0.903598189353943,3.78443942850026e-09,0
3.56906032562256,0.472849488258362,-0.894254326820374,3.8593359619199e-09,0
3.59906029701233,0.465349465608597,-0.884910464286804,3.91178289760319e-09,0
3.6290602684021,0.457849472761154,-0.875566601753235,3.92585342012808e-09,0
3.65906023979187,0.450349479913712,-0.866222739219666,3.96198895913358e-09,0
3.68906021118164,0.442849487066269,-0.856878876686096,4.00705779668442e-09,0
3.71906018257141,0.435349464416504,-0.847535014152527,4.0390357725073e-09,0
3.74906015396118,0.427849471569061,-0.838191151618958,4.05521749513582e-09,0
3.77906012535095,0.420349478721619,-0.828847289085388,4.12630285495652e-09,0
3.80906009674072,0.412849485874176,-0.819503426551819,4.17936085739257e-09,0
3.83906030654907,0.405349463224411,-0.81015956401825,4.16930223678946e-09,0
3.86906027793884,0.397849470376968,-0.800815641880035,4.20218260188676e-09,0
3.89906024932861,0.390349477529526,-0.791471779346466,4.17191259316496e-09,0
3.92906022071838,0.382849484682083,-0.782127916812897,4.17034584643261e-09,0
3.95906019210815,0.375349462032318,-0.772784054279327,4.15341716575313e-09,0
3.98906016349792,0.367849469184875,-0.763440191745758,-4.2212464634872e-09,0
4.0190601348877,0.360349476337433,-0.754096329212189,-4.25344293120133e-09,0
4.04906034469604,0.35284948348999,-0.744752466678619,-4.35290559153145e-09,0
4.07906007766724,0.345349460840225,-0.73540860414505,-4.40249614541699e-09,0
4.10906028747559,0.337849467992783,-0.726064741611481,-4.38763558818778e-09,0
4.13906002044678,0.33034947514534,-0.716720879077911,-4.45271197691e-09,0
4.16906023025513,0.322849482297897,-0.707376956939697,-4.50065273938094e-09,0
4.19906044006348,0.315349489450455,-0.698033094406128,-4.54813164907364e-09,0
4.22906017303467,0.30784946680069,-0.688689231872559,-4.64600091731882e-09,0
4.25906038284302,0.300349473953247,-0.679345369338989,-4.67822180993949e-09,0
4.28906011581421,0.292849481105804,-0.67000150680542,-4.73169681214358e-09,0
4.31906032562256,0.285349488258362,-0.660657644271851,-4.81885775727164e-09,0
4.34906005859375,0.277849465608597,-0.651313781738281,-4.83623097125019e-09,0
4.3790602684021,0.270349472761154,-0.641969919204712,-4.88592943881372e-09,0
4.40906000137329,0.262849479913712,-0.632626056671143,-4.92282570263569e-09,0
4.43906021118164,0.255349487066269,-0.623282194137573,-5.01865216051556e-09,0
4.46906042098999,0.247849479317665,-0.613938271999359,-5.06651964826688e-09,0
4.49906015396118,0.240349471569061,-0.60459440946579,-5.10328224123668e-09,0
4.52906036376953,0.232849478721619,-0.59525054693222,-5.12685360831711e-09,0
4.55906009674072,0.225349470973015,-0.585906684398651,-5.22089349530575e-09,0
4.58906030654907,0.217849478125572,-0.576562821865082,-5.26399412947853e-09,0
4.61906003952026,0.210349470376968,-0.567218959331512,-5.2531228256214e-09,0
4.64906024932861,0.202849477529526,-0.557875096797943,-5.36001998341362e-09,0
4.6790599822998,0.195349469780922,-0.548531234264374,-5.36953104202098e-09,0
4.70906019210815,0.187849476933479,-0.539187371730804,-5.41860512015546e-09,0
4.7390604019165,0.180349469184875,-0.529843509197235,-5.45866285506236e-09,0
4.7690601348877,0.172849476337433,-0.520499646663666,-5.47079004320494e-09,0
4.79906034469604,0.165349468588829,-0.511155724525452,-5.48354162077658e-09,0
4.82906007766724,0.157849475741386,-0.501811861991882,-5.58312507337178e-09,0
4.85906028747559,0.150349482893944,-0.492467999458313,-5.53493073596201e-09,0
4.88906002044678,0.14284947514534,-0.483124136924744,-5.53190027119399e-09,0
4.91906023025513,0.135349482297897,-0.473780274391174,-5.55393331325149e-09,0
4.94906044006348,0.127849474549294,-0.464436411857605,-5.5375588559059e-09,0
4.97906017303467,0.12034947425127,-0.455092549324036,-5.54238255290329e-09,0
5.00906038284302,0.112849473953247,-0.445748656988144,-5.50087886352912e-09,0
5.03906011581421,0.105349473655224,-0.436404794454575,-5.52008216914146e-09,0
5.06906032562256,0.0978494733572006,-0.427060931921005,-5.55393153689465e-09,0
5.09906005859375,0.0903494730591774,-0.417717069387436,-5.52258772046343e-09,0
5.1290602684021,0.0828494727611542,-0.408373206853867,-5.53794077262637e-09,0
5.15906000137329,0.075349472463131,-0.399029314517975,-5.5611293348079e-09,0
5.18906021118164,0.0678494721651077,-0.389685451984406,-5.52083712079821e-09,0
5.21906042098999,0.0603494755923748,-0.380341589450836,-5.51230350254173e-09,0
5.24906015396118,0.0528494752943516,-0.370997726917267,-5.50431522583494e-09,0
5.27906036376953,0.0453494749963284,-0.361653864383698,-5.52877033044297e-09,0
5.30906009674072,0.0378494746983051,-0.352309972047806,-5.51808021498346e-09,0
5.33906030654907,0.0303494762629271,-0.342966109514236,-5.52871881609462e-09,0
5.36906003952026,0.0228494759649038,-0.333622246980667,-5.48365619579272e-09,0
5.39906024932861,0.0153494756668806,-0.324278384447098,-5.52286838484406e-09,0
5.4290599822998,0.00784947536885738,-0.314934521913528,-5.50602408111445e-09,0
5.45906019210815,0.000349475565599278,-0.305590659379959,-5.4792552717231e-09,0
5.4890604019165,-0.00715052429586649,-0.296246767044067,-5.48815393131008e-09,0
5.5190601348877,-0.0146505245938897,-0.286902904510498,-5.49765122315193e-09,0
5.54906034469604,-0.0221505239605904,-0.277559041976929,-5.47656764382509e-09,0
5.57906007766724,-0.0296505242586136,-0.268215179443359,-5.47628253855237e-09,0
5.60906028747559,-0.0371505245566368,-0.25887131690979,-5.4880961997128e-09,0
5.63906002044678,-0.04465052485466,-0.24952743947506,-5.51450884955784e-09,0
5.66906023025513,-0.0521505251526833,-0.240183562040329,-5.47866818578768e-09,0
5.69906044006348,-0.0596505254507065,-0.23083969950676,-5.41584022073494e-09,0
5.72906017303467,-0.0671505257487297,-0.22149583697319,-5.47177858578607e-09,0
5.75906038284302,-0.0746505260467529,-0.21215195953846,-5.43535527697259e-09,0
5.78906011581421,-0.0821505263447762,-0.20280809700489,-5.43751887960298e-09,0
5.81906032562256,-0.0896505266427994,-0.19346421957016,-5.46075007434865e-09,0
5.84906005859375,-0.0971505269408226,-0.184120357036591,-5.45502043536317e-09,0
5.8790602684021,-0.104650527238846,-0.174776494503021,-5.42422018412481e-09,0
5.90906000137329,-0.112150527536869,-0.165432617068291,-5.45013190134114e-09,0
5.93906021118164,-0.119650527834892,-0.156088754534721,-5.46257883371482e-09,0
5.96906042098999,-0.127150520682335,-0.146744877099991,5.48278489276299e-09,0
5.99906015396118,-0.134650528430939,-0.137401014566422,5.47686340723885e-09,0
6.02906036376953,-0.142150521278381,-0.128057152032852,5.47198020228734e-09,0
6.05906009674072,-0.149650529026985,-0.118713282048702,5.49842571473391e-09,0
6.08906030654907,-0.157150521874428,-0.109369412064552,5.51193135578387e-09,0
6.11906003952026,-0.164650529623032,-0.100025542080402,5.49703571550708e-09,0
6.14906024932861,-0.172150522470474,-0.0906816720962524,5.53913093170877e-09,0
6.1790599822998,-0.179650530219078,-0.0813378021121025,5.54943291319887e-09,0
6.20906019210815,-0.187150523066521,-0.0719939395785332,5.55135759583436e-09,0
6.2390604019165,-0.194650530815125,-0.0626500695943832,5.56496981829469e-09,0
6.2690601348877,-0.202150523662567,-0.0533061996102333,5.58226176394783e-09,0
6.29906034469604,-0.209650531411171,-0.0439623333513737,5.59411450495872e-09,0
6.32906007766724,-0.217150524258614,-0.0346184633672237,5.6281388438606e-09,0
6.35906028747559,-0.224650517106056,-0.025274595245719,5.61869484272393e-09,0
6.38906002044678,-0.23215052485466,-0.0159307271242142,5.62687141325569e-09,0
6.41906023025513,-0.239650517702103,-0.0065868585370481,5.62564217432282e-09,0
6.44906044006348,-0.247150525450706,0.00275700981728733,5.64952085113646e-09,0
6.47906017303467,-0.25465053319931,0.0121008781716228,5.67839109066881e-09,0
6.50906038284302,-0.262150526046753,0.0214447472244501,5.67382585359155e-09,0
6.53906011581421,-0.269650518894196,0.0307886153459549,5.7018301191647e-09,0
6.56906032562256,-0.277150511741638,0.0401324816048145,5.69218805424043e-09,0
6.59906005859375,-0.284650534391403,0.0494763515889645,5.73010527915585e-09,0
6.6290602684021,-0.292150527238846,0.0588202215731144,5.71993385989344e-09,0
6.65906000137329,-0.299650520086288,0.068164087831974,5.75389069723542e-09,0
6.68906021118164,-0.307150512933731,0.077507957816124,5.78924197469632e-09,0
6.71906042098999,-0.314650535583496,0.0868518278002739,5.73849501250834e-09,0
6.74906015396118,-0.322150528430939,0.0961956903338432,5.75424863313856e-09,0
6.77906036376953,-0.329650521278381,0.105539560317993,5.80452663712094e-09,0
6.80906009674072,-0.337150514125824,0.114883430302143,5.8113958090189e-09,0
6.83906030654907,-0.344650536775589,0.124227300286293,5.80886805323644e-09,0
6.86906003952026,-0.352150529623032,0.133571162819862,5.79276537848727e-09,0
6.89906024932861,-0.359650522470474,0.142915040254593,5.83884229854448e-09,0
6.9290599822998,-0.367150515317917,0.152258902788162,5.83970205525475e-09,0
6.95906019210815,-0.374650537967682,0.161602765321732,5.86341997177442e-09,0
6.9890604019165,-0.382150530815125,0.170946642756462,5.87210990943277e-09,0
7.0190601348877,-0.389650523662567,0.180290505290031,5.87443871324922e-09,0
7.04906034469604,-0.39715051651001,0.189634382724762,5.87163029308613e-09,0
7.07906007766724,-0.404650539159775,0.198978245258331,5.90486592955131e-09,0
7.10906028747559,-0.412150532007217,0.208322107791901,5.89777293669158e-09,0
7.13906002044678,-0.41965052485466,0.217665985226631,5.92331339532848e-09,0
7.16906023025513,-0.427150517702103,0.227009847760201,5.90305937464564e-09,0
7.19906044006348,-0.434650510549545,0.236353725194931,5.93637139445491e-09,0
7.22906017303467,-0.44215053319931,0.2456975877285,5.95899152244783e-09,0
7.25906038284302,-0.449650526046753,0.25504145026207,5.97083271713927e-09,0
7.28906011581421,-0.457150518894196,0.264385312795639,5.98799587692156e-09,0
7.31906032562256,-0.464650511741638,0.273729205131531,5.99673022350089e-09,0
7.34906005859375,-0.472150534391403,0.2830730676651,5.97772498167615e-09,0
7.3790602684021,-0.479650527238846,0.292416930198669,6.0372169485845e-09,0
7.40906000137329,-0.487150520086288,0.301760792732239,6.02570615626519e-09,0
7.43906021118164,-0.494650512933731,0.311104655265808,6.06228311994528e-09,0
7.46906042098999,-0.502150535583496,0.3204485476017,6.00792127158911e-09,0
7.49906015396118,-0.509650528430939,0.329792410135269,6.06402039693421e-09,0
7.52906036376953,-0.517150521278381,0.339136272668839,6.08188166495438e-09,0
7.55906009674072,-0.524650514125824,0.348480135202408,6.11159478580703e-09,0
7.58906030654907,-0.532150506973267,0.357823997735977,6.1166431919446e-09,0
7.61906003952026,-0.539650499820709,0.367167860269547,6.1153624386634e-09,0
7.64906024932861,-0.547150552272797,0.376511752605438,6.10423533942139e-09,0
7.6790599822998,-0.554650545120239,0.385855615139008,6.15688655614122e-09,0
7.70906019210815,-0.562150537967682,0.395199477672577,6.17453466134066e-09,0
7.7390604019165,-0.569650530815125,0.404543340206146,6.19142959124019e-09,0
7.7690601348877,-0.577150523662567,0.413887202739716,6.14495299089413e-09,0
7.79906034469604,-0.58465051651001,0.423231095075607,-1.24282450997271e-09,0
7.82906007766724,-0.59213787317276,0.432567536830902,-8.87894202605821e-08,0
7.85906028747559,-0.599620282649994,0.441900759935379,-9.72086127148941e-08,0
7.88906002044678,-0.607102632522583,0.451233983039856,-1.05610979517223e-07,0
7.91906023025513,-0.614584982395172,0.460567146539688,-1.14126123662572e-07,0
7.94906044006348,-0.622067213058472,0.469900280237198,-1.22725850815186e-07,0
7.97906017303467,-0.629549443721771,0.479233384132385,-1.31387878354872e-07,0
8.00905990600586,-0.637031614780426,0.48856645822525,-1.40092197398189e-07,0
8.03906059265137,-0.644513726234436,0.49789947271347,-1.48812432598788e-07,0
8.06906032562256,-0.651995778083801,0.507232487201691,-1.57528575073229e-07,0
8.09906005859375,-0.659477770328522,0.516565501689911,-1.66220161190722e-07,0
8.12905979156494,-0.666959702968597,0.525898396968842,-1.74866272573126e-07,0
8.15906047821045,-0.674441635608673,0.535231351852417,-1.83451447810512e-07,0
8.18906021118164,-0.681923508644104,0.544564247131348,-1.91951130545931e-07,0
8.21905994415283,-0.68940532207489,0.553897082805634,-2.00356225832365e-07,0
8.24906063079834,-0.696887075901031,0.563229918479919,-2.08639903576113e-07,0
8.27906036376953,-0.704368829727173,0.572562754154205,-2.16796252061613e-07,0
8.30906009674072,-0.711850464344025,0.581895530223846,-2.24806171900127e-07,0
8.33905982971191,-0.719332158565521,0.591228246688843,-2.32656930165831e-07,0
8.36906051635742,-0.726813733577728,0.600560963153839,-2.40333065448795e-07,0
8.39906024932861,-0.734295308589935,0.609893679618835,-2.47824573307298e-07,0
8.4290599822998,-0.741776823997498,0.619226336479187,-2.5512554202578e-07,0
8.45906066894531,-0.749258279800415,0.628558993339539,-1.#IND,-1.#IND
#GNA1
0.0,0.0,0.0,-7.11479359871703e-07,0
0.00999999977648258,0.00999870803207159,-0.00602932786568999,-6.10999540739954e-07,0
0.0199999995529652,0.0199948027729988,-0.0120574794709682,-6.46661659331471e-07,0
0.0299999993294477,0.0299882497638464,-0.0180844403803349,-7.10147308069509e-07,0
0.0399999991059303,0.0399790070950985,-0.0241101942956448,-6.3419121332231e-07,0
0.0500000007450581,0.0499670431017876,-0.0301347244530916,-6.9201469088398e-07,0
0.0599999986588955,0.0599523074924946,-0.0361580140888691,-7.14580313143642e-07,0
0.0700000002980232,0.0699347704648972,-0.0421800464391708,-7.109605277833e-07,0
0.0799999982118607,0.0799143761396408,-0.0482008047401905,-7.12305450178974e-07,0
0.0900000035762787,0.0898910835385323,-0.0542202703654766,-7.38446424008998e-07,0
0.100000001490116,0.0998648554086685,-0.0602384246885777,-7.84116600982543e-07,0
0.109999999403954,0.109835632145405,-0.0662552416324615,-7.57787809391175e-07,0
0.119999997317791,0.119803369045258,-0.0722707062959671,-7.47315183957653e-07,0
0.129999995231628,0.129768013954163,-0.0782848000526428,-6.98802807619359e-07,0
0.140000000596046,0.139729514718056,-0.0842974856495857,-7.80228845087549e-07,0
0.150000005960464,0.149687796831131,-0.0903087630867958,-6.92198199203631e-07,0
0.159999996423721,0.159642830491066,-0.0963185876607895,-6.72626953246436e-07,0
0.170000001788139,0.169594541192055,-0.102326937019825,-7.23320724205223e-07,0
0.180000007152557,0.179542854428291,-0.108333796262741,-6.70349422193794e-07,0
0.189999997615814,0.189487725496292,-0.114339120686054,5.49455023701739e-07,0
0.200000002980232,0.19942906498909,-0.120342895388603,5.98343774527166e-07,0
0.209999993443489,0.20936681330204,-0.126345083117485,5.93360880429827e-07,0
0.219999998807907,0.219300895929337,-0.132345661520958,6.83788982769329e-07,0
0.230000004172325,0.229231223464012,-0.138344570994377,6.43180499082519e-07,0
0.239999994635582,0.2391577064991,-0.144341811537743,6.71570603572036e-07,0
0.25,0.249080285429955,-0.15033732354641,7.72118255554233e-07,0
0.259999990463257,0.258998841047287,-0.156331062316895,7.81166932029009e-07,0
0.270000010728836,0.268913269042969,-0.162323012948036,7.8538528214267e-07,0
0.280000001192093,0.278823524713516,-0.168313100934029,8.21517346594192e-07,0
0.28999999165535,0.288729429244995,-0.174301311373711,9.55511268330156e-07,0
0.300000011920929,0.298630893230438,-0.180287569761276,8.9898060195992e-07,0
0.310000002384186,0.308527827262878,-0.186271831393242,1.00156250937289e-06,0
0.319999992847443,0.318420082330704,-0.192254066467285,9.82141727945418e-07,0
0.330000013113022,0.328307509422302,-0.198234170675278,9.71940153249307e-07,0
0.340000003576279,0.338189989328384,-0.204212129116058,1.20884874377225e-06,0
0.349999994039536,0.348067373037338,-0.21018785238266,1.30947091747657e-06,0
0.360000014305115,0.357939511537552,-0.216161265969276,1.47504880487759e-06,0
0.370000004768372,0.367806196212769,-0.222132310271263,1.75153664372374e-06,0
0.379999995231628,0.377667278051376,-0.228100910782814,1.95429731775221e-06,0
0.389999985694885,0.387522548437119,-0.234066963195801,2.29991391620388e-06,0
0.400000005960464,0.397371798753738,-0.240030393004417,2.55015243055823e-06,0
0.409999996423721,0.407214850187302,-0.245991080999374,2.75722564424541e-06,0
0.419999986886978,0.417051434516907,-0.251948952674866,3.09476212123627e-06,0
0.430000007152557,0.426881283521652,-0.257903873920441,3.36952490442854e-06,0
0.439999997615814,0.436704188585281,-0.263855755329132,3.80200586391766e-06,0
0.449999988079071,0.446519792079926,-0.269804418087006,4.17305881228458e-06,0
0.46000000834465,0.456327825784683,-0.275749772787094,4.68531914066261e-06,0
0.469999998807907,0.466127961874008,-0.281691640615463,5.14641666882198e-06,0
0.479999989271164,0.475919812917709,-0.287629842758179,5.72018836919597e-06,0
0.490000009536743,0.485702961683273,-0.293564230203629,6.25602854142926e-06,0
0.5,0.495477050542831,-0.299494564533234,6.94175156468191e-06,0
0.509999990463257,0.505241572856903,-0.305420696735382,7.63278939075462e-06,0
0.519999980926514,0.51499605178833,-0.31134232878685,8.33197245242445e-06,0
0.529999971389771,0.524739921092987,-0.317259281873703,9.18654848192091e-06,0
0.540000021457672,0.534472584724426,-0.323171198368073,1.01048257477032e-05,0
0.550000011920929,0.5441934466362,-0.329077839851379,1.10323139210777e-05,0
0.560000002384186,0.553901731967926,-0.334978818893433,1.20766185318644e-05,0
0.569999992847443,0.563596665859222,-0.340873807668686,1.3161973043907e-05,0
0.579999983310699,0.573277473449707,-0.346762388944626,1.43987362832831e-05,0
0.589999973773956,0.582943081855774,-0.352644115686417,1.57034880317042e-05,0
0.600000023841858,0.592592597007751,-0.358518481254578,1.71383121880808e-05,0
0.610000014305115,0.602224826812744,-0.364384919404984,1.8683699209987e-05,0
0.620000004768372,0.611838400363922,-0.370242834091187,2.03649440777554e-05,0
0.629999995231628,0.621432065963745,-0.376091539859772,2.21215950375608e-05,0
0.639999985694885,0.631004154682159,-0.381930291652679,2.40175239696327e-05,0
0.649999976158142,0.640552997589111,-0.387758195400238,2.60566920928795e-05,0
0.660000026226044,0.650076568126678,-0.393574327230453,2.82181002830839e-05,0
0.670000016689301,0.659572780132294,-0.399377584457397,3.06078178482494e-05,0
0.680000007152557,0.669039189815521,-0.405166745185852,3.31060958274065e-05,0
0.689999997615814,0.678473055362701,-0.410940498113632,3.581522702234e-05,0
0.699999988079071,0.687871336936951,-0.416697293519974,3.86747503284823e-05,0
0.709999978542328,0.697230577468872,-0.422435343265533,4.17629002527065e-05,0
0.720000028610229,0.7065469622612,-0.428152769804001,4.509207707315e-05,0
0.730000019073486,0.715816080570221,-0.433847278356552,4.85556359990369e-05,0
0.740000009536743,0.725033044815063,-0.439516365528107,5.22425391409342e-05,0
0.75,0.734192371368408,-0.44515722990036,5.62350641075682e-05,0
0.759999990463257,0.743287801742554,-0.450766623020172,6.05388644885352e-05,0
0.769999980926514,0.752312302589417,-0.456340879201889,6.52133022640555e-05,0
0.779999971389771,0.761258065700531,-0.461875915527344,7.04788088796704e-05,0
0.790000021457672,0.770116150379181,-0.467367082834244,7.6121192591927e-05,0
0.800000011920929,0.778876781463623,-0.472809195518494,8.26405942575548e-05,0
0.810000002384186,0.787528991699219,-0.47819647192955,9.00931742080502e-05,0
0.819999992847443,0.796060681343079,-0.4835225045681,9.85972239959665e-05,0
0.829999983310699,0.804458677768707,-0.48878026008606,0.00010862187963312,0
0.839999973773956,0.812708556652069,-0.493962019681931,0.000119989442453061,0
0.850000023841858,0.820795059204102,-0.499059647321701,0.000133108156603612,0
0.860000014305115,0.828702032566071,-0.504064440727234,0.000147761294158499,0
0.870000004768372,0.836412847042084,-0.508967399597168,0.000163646954206342,0
0.879999995231628,0.843910694122314,-0.51375949382782,0.000180113035128215,0
0.889999985694885,0.851179182529449,-0.518431842327118,0.000196311089439405,0
0.899999976158142,0.858202695846558,-0.522975981235504,0.000210781278042305,0
0.910000026226044,0.864967167377472,-0.527384400367737,0.00022220767584713,0
0.920000016689301,0.871460497379303,-0.53165066242218,0.000229218166452938,0
0.930000007152557,0.877673208713531,-0.535769701004028,0.000231304925193854,0
0.939999997615814,0.883598744869232,-0.53973799943924,0.000235779154309057,4
0.949999988079071,0.889233887195587,-0.5435551404953,0.000217413622294771,8
0.959999978542328,0.894578039646149,-0.54721999168396,0.000206954102395684,10
0.970000028610229,0.89963436126709,-0.550734281539917,0.000191101682560202,12
0.980000019073486,0.90440845489502,-0.554103493690491,0.000146507811223273,12
0.990000009536743,0.908908188343048,-0.557331264019012,0.000117092478774339,14
1.0,0.913143754005432,-0.560423851013184,0.000203070568886687,16
1.00999999046326,0.917126893997192,-0.56340092420578,2.10689538562292e-05,16
1.01999998092651,0.921516120433807,-0.56673389673233,1.41949442422629e-06,18
1.02999997138977,0.924992501735687,-0.569445908069611,4.91125397275027e-05,18
1.03999996185303,0.928256928920746,-0.572057068347931,-3.4107818692064e-05,20
1.04999995231628,0.931322872638702,-0.574572801589966,-7.88706408343387e-05,20
1.05999994277954,0.934203565120697,-0.577002167701721,-7.48676070543297e-05,20
1.07000005245209,0.936911106109619,-0.579352080821991,-9.30800733272008e-05,21
1.08000004291534,0.939457476139069,-0.581630051136017,-0.000108425697590064,22
1.0900000333786,0.941854000091553,-0.583843171596527,-0.000123015079907418,23
1.10000002384186,0.944111227989197,-0.585997939109802,-0.000140503389161495,23
1.11000001430511,0.946238994598389,-0.588100969791412,-0.000247087433592696,23
1.12000000476837,0.948246359825134,-0.590163350105286,-1.78381236537462e-05,24
1.12999999523163,0.950149774551392,-0.59216845035553,2.09468494745124e-05,25
1.13999998569489,0.951953411102295,-0.594163477420807,-0.000170054650141083,25
1.14999997615814,0.953648090362549,-0.596109330654144,-0.000167138700533087,25
1.1599999666214,0.955253064632416,-0.598026931285858,-0.000187375950702062,30
1.16999995708466,0.956774711608887,-0.599921047687531,-0.000177273785880061,33
1.17999994754791,0.958218574523926,-0.601794540882111,-0.000188066671626075,35
1.19000005722046,0.959590077400208,-0.603651285171509,-0.000175286303658595,36
1.20000004768372,0.960894048213959,-0.605494379997253,-0.000187775048857475,38
1.21000003814697,0.962135016918182,-0.607326209545136,-0.000192204639802185,39
1.22000002861023,0.963317096233368,-0.609150230884552,-0.000174749560414966,41
1.23000001907349,0.964443981647491,-0.610968351364136,-0.000182066669538017,42
1.24000000953674,0.965519368648529,-0.612782657146454,-0.000318805946164957,42
1.25,0.966546475887299,-0.614596307277679,0.000475488485676578,44
1.25999999046326,0.967568039894104,-0.616485178470612,-0.00017591702851405,45
1.26999998092651,0.968505680561066,-0.618301212787628,-0.000170882757061008,46
1.27999997138977,0.969403386116028,-0.620121240615845,-0.000176147881120414,48
1.28999996185303,0.970263600349426,-0.621946573257446,-2.36708274314879e-06,51
1.29999995231628,0.971089482307434,-0.623781979084015,-0.000168377735576541,54
1.30999994277954,0.971881210803986,-0.625622987747192,-1.40816985094716e-06,56
1.32000005245209,0.97264152765274,-0.627474308013916,8.00975448100871e-06,59
1.33000004291534,0.973374009132385,-0.629339158535004,7.01601152286457e-06,60
1.3400000333786,0.974077999591827,-0.631214916706085,-1.12574889499228e-06,61
1.35000002384186,0.974754452705383,-0.633100628852844,-1.26206344930324e-06,61
1.36000001430511,0.975406050682068,-0.635000765323639,1.89280603990483e-06,65
1.37000000476837,0.976033926010132,-0.636914789676666,6.37202215330035e-05,68
1.37999999523163,0.976765751838684,-0.639258503913879,-0.000155679371800943,70
1.38999998569489,0.977345764636993,-0.641208231449127,-0.000161196726480739,72
1.39999997615814,0.977905809879303,-0.643175303936005,-3.19625352744879e-05,76
1.4099999666214,0.978447079658508,-0.645162045955658,-0.000621790504624187,78
1.41999995708466,0.978970348834991,-0.647161364555359,8.40705391738084e-05,83
1.42999994754791,0.979476571083069,-0.649191200733185,4.82071442320375e-06,83
1.43062496185303,0.979481399059296,-0.649210631847382,5.83745776339129e-06,83
1.43156254291534,0.97949081659317,-0.649249136447906,3.25512894505664e-05,83
1.43296873569489,0.979505360126495,-0.649310529232025,8.48703199380907e-05,83
1.43507814407349,0.979521572589874,-0.649383187294006,-2.26191940555509e-06,83
1.43824219703674,0.97953188419342,-0.649437427520752,-2.5115685957644e-06,84
1.44298827648163,0.979536354541779,-0.649475574493408,-1.30435086020952e-06,84
1.4501074552536,0.979536116123199,-0.649505615234375,-2.0825677324865e-06,84
1.46010744571686,0.979530036449432,-0.649527430534363,-2.2645224930784e-06,84
1.47010743618011,0.979519784450531,-0.649535119533539,-2.53212647294276e-06,84
1.48010742664337,0.979506134986877,-0.649531841278076,-2.66514325630851e-06,84
1.49010741710663,0.979489505290985,-0.649518966674805,-2.90833816052327e-06,84
1.50010740756989,0.979470133781433,-0.649497449398041,-3.51135389564661e-06,84
1.51010739803314,0.979448199272156,-0.649468004703522,-4.44024880152938e-06,84
1.5201073884964,0.979423940181732,-0.64943128824234,-5.8640775364438e-06,84
1.53010737895966,0.979397475719452,-0.649387776851654,-6.07998453006076e-06,84
1.54010736942291,0.979368925094604,-0.649338245391846,3.36721147391472e-05,84
1.55010747909546,0.979338526725769,-0.649286329746246,0.00031708585817114,84
1.56010746955872,0.979320168495178,-0.649323403835297,0.000204079244156219,84
1.57010746002197,0.97931957244873,-0.649370968341827,0.000102188690448202,84
1.58010745048523,0.979315221309662,-0.649402558803558,5.26888529179814e-05,84
1.59010744094849,0.979306697845459,-0.649419605731964,2.41012156720899e-05,84
1.60010743141174,0.979294240474701,-0.64942342042923,6.05501014661058e-06,84
1.610107421875,0.979278206825256,-0.64941531419754,9.23854344136998e-06,84
1.62010741233826,0.979258894920349,-0.649396061897278,2.1391771610979e-05,84
1.63010740280151,0.979236602783203,-0.649366319179535,3.51726523035722e-05,84
1.64010739326477,0.979211509227753,-0.649326145648956,5.20397568948283e-05,83
1.65010738372803,0.979183793067932,-0.649275422096252,7.39506129434631e-05,83
1.66010737419128,0.979153692722321,-0.649213552474976,0.000103636234655369,83
1.67010736465454,0.979121267795563,-0.64913934469223,0.000144728115571979,83
1.68010747432709,0.979086697101593,-0.649051249027252,7.59423957106264e-05,83
1.69010746479034,0.97905021905899,-0.648944914340973,0.000105197964046511,83
1.7001074552536,0.979012012481689,-0.648819804191589,0.000156086175138626,84
1.71010744571686,0.978972554206848,-0.648670077323914,9.6288955376167e-05,84
1.72010743618011,0.978932678699493,-0.648487508296967,0.00013627316803877,84
1.73010742664337,0.978893458843231,-0.64826911687851,0.000176086531041619,84
1.74010741710663,0.978856801986694,-0.64801025390625,0.000184742812734839,84
1.75010740756989,0.978825032711029,-0.647715508937836,0.000146964372561342,84
1.76010739803314,0.978799641132355,-0.647398889064789,8.9206450581969e-05,84
1.7701073884964,0.978780686855316,-0.647076666355133,0.000202809946642901,84
1.78010737895966,0.978767037391663,-0.646760225296021,0.000112388578259015,84
1.79010736942291,0.978757977485657,-0.646454095840454,5.32599300981929e-05,84
1.80010747909546,0.978752195835114,-0.646160542964935,0.000328737373422427,84
1.81010746955872,0.978748798370361,-0.645879685878754,0.000200924291732463,84
1.82010746002197,0.978747725486755,-0.645611643791199,9.65134072430374e-05,84
1.83010745048523,0.978748440742493,-0.645356476306915,-3.49248743987118e-05,84
1.84010744094849,0.978750586509705,-0.645114898681641,-0.000102559776451017,84
1.85010743141174,0.978754222393036,-0.644888520240784,-0.000256163932760956,84
1.860107421875,0.978759348392487,-0.644680380821228,-0.000551750066108525,84
1.87010741233826,0.978766143321991,-0.644495844841003,0.000318672614184834,84
1.88010740280151,0.978775918483734,-0.644350528717041,-0.000143986108810168,83
1.89010739326477,0.978787660598755,-0.644252181053162,-0.000164238631157332,83
1.90010738372803,0.978803038597107,-0.644233465194702,0.000151024737476746,83
1.91010737419128,0.978820204734802,-0.644301295280457,0.000186899446873667,83
1.92010736465454,0.978837490081787,-0.644428849220276,-7.7189495868879e-05,83
1.93010747432709,0.978855073451996,-0.644601821899414,0.000275444524845625,83
1.94010746479034,0.978873014450073,-0.644809126853943,0.00019090206455985,83
1.9501074552536,0.978890776634216,-0.645036041736603,0.000118813593360301,83
1.96010744571686,0.978908538818359,-0.645277142524719,6.73543854077252e-05,82
1.97010743618011,0.978926420211792,-0.645528078079224,3.60141045803175e-05,82
1.98010742664337,0.978944420814514,-0.645786046981812,-4.73942651524339e-05,82
1.99010741710663,0.978962779045105,-0.646049082279205,-8.30429808047484e-05,82
2.00010752677917,0.978981554508209,-0.64631575345993,-0.000126853606673194,82
2.01010751724243,0.979000926017761,-0.646584808826447,-0.000181272270253885,82
2.02010750770569,0.979020953178406,-0.646855056285858,-0.000248352744449676,82
2.03010749816895,0.979041874408722,-0.647124946117401,-0.000330086310555089,82
2.0401074886322,0.979063808917999,-0.647393047809601,-0.000427483262740225,82
2.05010747909546,0.979086816310883,-0.647657215595245,-0.000538912858587537,82
2.06010746955872,0.979111015796661,-0.647915124893188,-0.000181282178459696,82
2.07010746002197,0.979135990142822,-0.648165225982666,-7.99368964976566e-05,82
2.08010745048523,0.979162275791168,-0.648402810096741,-0.00012403233142777,82
2.09010744094849,0.979189932346344,-0.648623943328857,-8.21855747972222e-05,83
2.10010743141174,0.979218900203705,-0.648825287818909,-7.5249211533901e-05,83
2.110107421875,0.979250371456146,-0.648992598056793,-0.0058792519898816,84
2.12010741233826,0.979227721691132,-0.648412644863129,0.000194605294780104,84
2.13010740280151,0.979213714599609,-0.648180425167084,0.000108579807942988,83
2.14010739326477,0.979191958904266,-0.647948563098907,8.79241424058819e-05,83
2.15010738372803,0.979168891906738,-0.647702693939209,0.000417513134607361,83
2.16010737419128,0.979144752025604,-0.647444546222687,0.00038678208602505,83
2.17010736465454,0.979120671749115,-0.647175014019012,0.000348039446464554,83
2.1801073551178,0.97909677028656,-0.64689689874649,0.000308815304379095,84
2.19010734558105,0.979073345661163,-0.646612644195557,0.000270035239680055,84
2.20010733604431,0.979050576686859,-0.646324217319489,0.000232900626940591,84
2.21010732650757,0.979028582572937,-0.646033406257629,0.000198696133395515,85
2.22010731697083,0.979007363319397,-0.645741581916809,0.000168099831455493,85
2.23010730743408,0.978986918926239,-0.645449638366699,0.000141538017089715,85
2.24010753631592,0.978967130184174,-0.645158410072327,0.000118677010561896,85
2.25010752677917,0.978947937488556,-0.644868314266205,9.93390301573527e-05,85
2.26010751724243,0.978929221630096,-0.644579648971558,8.2962095007133e-05,85
2.27010750770569,0.97891092300415,-0.644292712211609,6.93016575610272e-05,85
2.28010749816895,0.978892982006073,-0.644007623195648,5.78865740976653e-05,85
2.2901074886322,0.978875279426575,-0.64372456073761,4.8124112709047e-05,85
2.30010747909546,0.978857815265656,-0.643443584442139,4.00791511196985e-05,85
2.31010746955872,0.978840470314026,-0.643164873123169,3.3171561369727e-05,85
2.32010746002197,0.978823184967041,-0.642888605594635,2.73678090252361e-05,85
2.33010745048523,0.978805959224701,-0.642614841461182,2.23143827611239e-05,85
2.34010744094849,0.978788793087006,-0.642343938350677,1.78515542188507e-05,85
2.35010743141174,0.978771567344666,-0.642076134681702,1.38816212142956e-05,85
2.360107421875,0.978754281997681,-0.641811728477478,1.03367683550459e-05,85
2.37010741233826,0.978736937046051,-0.64155125617981,7.08841491814383e-06,85
2.38010740280151,0.978719592094421,-0.641295313835144,4.1582551943975e-06,85
2.39010739326477,0.978702247142792,-0.641044557094574,-3.3443634492869e-06,85
2.40010738372803,0.978684842586517,-0.640799820423126,-4.91692691184653e-06,85
2.41010737419128,0.978667497634888,-0.640562176704407,-6.21782749021804e-06,85
2.42010736465454,0.978650331497192,-0.640332579612732,-7.39993311071885e-06,85
2.4301073551178,0.978633344173431,-0.640112221240997,-8.34037598451687e-06,85
2.44010734558105,0.978616654872894,-0.639901876449585,-9.04911678389908e-06,85
2.45010733604431,0.978600323200226,-0.639702379703522,-9.41390618436344e-06,85
2.46010732650757,0.978584468364716,-0.639513790607452,-9.49158885532597e-06,85
2.47010731697083,0.978569030761719,-0.639336049556732,-9.37184177018935e-06,85
2.48010730743408,0.978554010391235,-0.639168739318848,-9.68877492368847e-06,85
2.49010753631592,0.978539168834686,-0.639011204242706,-1.08601098531835e-05,85
2.50010752677917,0.978524446487427,-0.638863086700439,-1.39607994356084e-05,85
2.51010751724243,0.978509604930878,-0.638724505901337,-1.88113693297964e-05,85
2.52010750770569,0.978494584560394,-0.63859635591507,-2.51494282110798e-05,85
2.53010749816895,0.978479146957397,-0.638480305671692,-3.3095417848017e-05,85
2.5401074886322,0.978463411331177,-0.638379216194153,-4.15747823581114e-05,85
2.55010747909546,0.978447496891022,-0.638296365737915,-4.71602131710824e-05,85
2.56010746955872,0.978431463241577,-0.638234972953796,-4.72735883931819e-05,85
2.57010746002197,0.978415727615356,-0.63819694519043,-4.11236423474293e-05,85
2.58010745048523,0.978400409221649,-0.638181746006012,-3.13907362397003e-05,85
2.59010744094849,0.97838568687439,-0.638187110424042,-2.13373454016619e-05,85
2.60010743141174,0.978371560573578,-0.638209521770477,-1.27976541648422e-05,85
2.610107421875,0.978357970714569,-0.638245284557343,1.99746557427716e-06,85
2.61260747909546,0.978354632854462,-0.638255894184113,2.188565929373e-06,85
2.61635732650757,0.978349685668945,-0.638272821903229,-5.72494656125855e-06,86
2.62198233604431,0.978342354297638,-0.638300120830536,1.5944230540299e-05,86
2.62760734558105,0.97833514213562,-0.638329923152924,-0.000215025533464086,86
2.6332323551178,0.978328049182892,-0.638360917568207,3.80050732928794e-06,86
2.6416699886322,0.978317499160767,-0.638409733772278,6.19562115389272e-06,86
2.65166997909546,0.978305280208588,-0.638469278812408,9.05146032437187e-06,86
2.66166996955872,0.978293299674988,-0.638529241085052,1.20794543931879e-05,86
2.67166996002197,0.978281617164612,-0.638587892055511,1.57913004841248e-05,86
2.68166995048523,0.97827023267746,-0.638643980026245,2.05813768161534e-05,86
2.69166994094849,0.978259325027466,-0.638696134090424,2.67469561663347e-05,86
2.70166993141174,0.978248953819275,-0.638743042945862,3.54879725819046e-05,86
2.711669921875,0.978239297866821,-0.63878345489502,4.74217978307934e-05,86
2.72166991233826,0.978230595588684,-0.638816118240356,6.46503179950741e-05,86
2.73166990280151,0.978223085403442,-0.638839364051819,9.21215096809647e-05,86
2.74166989326477,0.978216946125031,-0.638851344585419,0.000148026510089494,86
2.75166988372803,0.978212416172028,-0.638847410678864,0.000483627329344927,86
2.76166987419128,0.978208661079407,-0.638796925544739,0.000229931807268713,86
2.76416993141174,0.978207409381866,-0.638748347759247,1.91106477132053e-05,86
2.76792001724243,0.978204488754272,-0.638637483119965,3.03651513604564e-05,86
2.77166986465454,0.978202223777771,-0.638548791408539,7.24285280284676e-06,86
2.77541995048523,0.978200137615204,-0.638460993766785,-4.57764775774194e-06,86
2.78104496002197,0.978197157382965,-0.638330578804016,-3.98554351477287e-06,86
2.7894823551178,0.978193163871765,-0.638137459754944,-4.04904835704656e-06,86
2.79948234558105,0.978189051151276,-0.637912213802338,-4.53595998806122e-06,86
2.80948233604431,0.978185534477234,-0.637690901756287,-5.14446725219386e-06,86
2.81948232650757,0.97818261384964,-0.637473404407501,-5.67609890822496e-06,86
2.82948231697083,0.978180170059204,-0.637259721755981,-6.17705973127158e-06,86
2.83948230743408,0.978178262710571,-0.637049734592438,-6.65853298187358e-06,86
2.84948253631592,0.978176772594452,-0.636843383312225,-7.06067061173599e-06,86
2.85948252677917,0.978175759315491,-0.636640727519989,-7.41165717954573e-06,86
2.86948251724243,0.978175044059753,-0.636441648006439,-7.82810451482874e-06,85
2.87948250770569,0.978174686431885,-0.636246144771576,-8.11122714594603e-06,85
2.88948249816895,0.978174686431885,-0.636054217815399,-8.45396795057241e-06,85
2.8994824886322,0.978174984455109,-0.635865807533264,-8.78371218959728e-06,85
2.90948247909546,0.978175580501556,-0.63568103313446,-9.17533571964668e-06,85
2.91948246955872,0.978176414966583,-0.635499954223633,-9.55460529894481e-06,85
2.92948246002197,0.978177547454834,-0.635322570800781,-9.97987325490612e-06,85
2.93948245048523,0.978178977966309,-0.63514906167984,-1.04892557146741e-05,85
2.94948244094849,0.978180706501007,-0.634979546070099,-1.11068433739092e-05,85
2.95948243141174,0.978182733058929,-0.634814321994781,-1.1908599446997e-05,85
2.969482421875,0.97818511724472,-0.634653687477112,-1.27378001479883e-05,85
2.97948241233826,0.97818785905838,-0.634498000144959,-1.38776955509456e-05,85
2.98948240280151,0.978191018104553,-0.634347915649414,-1.53034663981089e-05,84
2.99948239326477,0.978194713592529,-0.634204089641571,-1.7160021741347e-05,84
3.00948238372803,0.978199064731598,-0.63406765460968,-1.96413380990634e-05,84
3.01948237419128,0.978204131126404,-0.633939862251282,-2.28784847422503e-05,84
3.02948236465454,0.978210151195526,-0.633822679519653,-2.74185262014726e-05,84
3.0394823551178,0.978217244148254,-0.633718729019165,-3.35737040586537e-05,84
3.04948234558105,0.978225827217102,-0.633631646633148,-4.15661193642336e-05,84
3.05948233604431,0.978236079216003,-0.63356614112854,-5.13049101869001e-05,84
3.06948232650757,0.978248238563538,-0.633528172969818,-5.92223371427281e-05,84
3.07948231697083,0.978262364864349,-0.63352358341217,-6.10637288218641e-05,83
3.08948230743408,0.978278279304504,-0.633556008338928,-5.38727530283722e-05,83
3.09948253631592,0.97829532623291,-0.63362443447113,-4.10001003388061e-05,83
3.10948252677917,0.978312849998474,-0.633723735809326,-2.82405460438895e-05,83
3.11948251724243,0.978330194950104,-0.63384735584259,-1.80811313725826e-05,83
3.12948250770569,0.97834700345993,-0.633989214897156,-1.06749637893699e-05,83
3.13948249816895,0.978363215923309,-0.634144604206085,-5.24599352047517e-06,83
3.1494824886322,0.978378593921661,-0.634310245513916,-1.20908265444086e-06,83
3.15948247909546,0.978393137454987,-0.634483695030212,2.16087585158675e-06,83
3.16948246955872,0.97840678691864,-0.634663283824921,4.88258842779032e-06,83
3.17948246002197,0.978419661521912,-0.6348477602005,7.14665929990588e-06,83
3.18948245048523,0.978431642055511,-0.63503623008728,9.26930420064309e-06,83
3.19948244094849,0.97844272851944,-0.635227918624878,1.12508009806334e-05,83
3.20948243141174,0.978453040122986,-0.635422348976135,1.33163714508555e-05,83
3.219482421875,0.97846245765686,-0.635619044303894,1.51866794340094e-05,82
3.22948241233826,0.978471100330353,-0.63581770658493,1.70959770571244e-05,82
3.23948240280151,0.978478908538818,-0.636018037796021,1.89000905947978e-05,82
3.24948239326477,0.978485882282257,-0.63621985912323,2.08146403224418e-05,82
3.25948238372803,0.978492081165314,-0.636422991752625,2.2782328642279e-05,82
3.26948237419128,0.978497505187988,-0.636627316474915,2.46711916247477e-05,82
3.27948236465454,0.978502094745636,-0.636832654476166,2.66254324401416e-05,82
3.2894823551178,0.978505969047546,-0.637038946151733,2.85269268829325e-05,82
3.29948234558105,0.97850900888443,-0.637246131896973,3.05695376709991e-05,82
3.30948233604431,0.978511333465576,-0.637454092502594,3.25124067330762e-05,82
3.31948232650757,0.97851288318634,-0.637662887573242,3.44834643897229e-05,82
3.32948231697083,0.978513717651367,-0.637872397899628,3.66397191555734e-05,82
3.33948230743408,0.978513777256012,-0.63808262348175,3.87540439419354e-05,82
3.34948253631592,0.978513062000275,-0.638293445110321,4.10237486789811e-05,82
3.35948252677917,0.9785116314888,-0.638504862785339,4.3232500047452e-05,82
3.36948251724243,0.978509485721588,-0.638716816902161,4.55628526765395e-05,82
3.37948250770569,0.978506624698639,-0.63892936706543,4.79972994753552e-05,82
3.38948249816895,0.978502988815308,-0.639142334461212,5.04849377307437e-05,82
3.3994824886322,0.978498578071594,-0.639355719089508,5.31646413151066e-05,82
3.40948247909546,0.978493511676788,-0.639569461345673,5.59829701387571e-05,82
3.41948246955872,0.9784876704216,-0.639783561229706,5.8837970868808e-05,82
3.42948246002197,0.97848117351532,-0.639997839927673,6.17799789779383e-05,83
3.43948245048523,0.978473901748657,-0.640212416648865,6.49358514692722e-05,83
3.44948244094849,0.978465914726257,-0.640427052974701,6.82467833144074e-05,83
3.45948243141174,0.978457272052765,-0.640641808509827,7.18037510409886e-05,82
3.469482421875,0.978447914123535,-0.640856504440308,7.55081286456516e-05,82
3.47948241233826,0.978437840938568,-0.641071200370789,7.92857006217673e-05,82
3.48948240280151,0.978427171707153,-0.641285717487335,8.28888337878197e-05,82
3.49948239326477,0.978415787220001,-0.641500115394592,8.66243527184452e-05,82
3.50948238372803,0.978403866291046,-0.641714215278625,9.035035833449e-05,82
3.51948237419128,0.978391289710999,-0.641928136348724,9.36201830654682e-05,82
3.52948236465454,0.978378176689148,-0.642141819000244,9.63483896043726e-05,83
3.5394823551178,0.978364527225494,-0.64235520362854,9.84804176482612e-05,83
3.54948234558105,0.978350341320038,-0.642568409442902,9.9214281760851e-05,83
3.55948233604431,0.978335797786713,-0.642781496047974,9.75937601310761e-05,83
3.56948232650757,0.978320837020874,-0.642994582653046,9.20636285854926e-05,83
3.57948231697083,0.978305518627167,-0.643207967281342,8.06583493044855e-05,83
3.58948230743408,0.97828996181488,-0.64342188835144,5.99928574729347e-05,83
3.59948253631592,0.978274166584015,-0.643636763095856,2.35311169944907e-05,83
3.60948252677917,0.978258311748505,-0.64385324716568,-3.99055508069068e-05,83
3.61948251724243,0.97824239730835,-0.644072234630585,-0.000149358136070532,83
3.62948250770569,0.978226721286774,-0.644295036792755,-0.000343552857430041,83
3.63948249816895,0.978211343288422,-0.644523918628693,-0.000690824090099795,83
3.6494824886322,0.978196740150452,-0.644762396812439,-0.00035504346652715,83
3.65948247909546,0.978181600570679,-0.645015478134155,-0.000143775865637963,83
3.66948246955872,0.978166997432709,-0.645297527313232,-0.000160651594455885,83
3.67948246002197,0.978154063224792,-0.645644128322601,-6.07981945108804e-05,83
3.68198251724243,0.978150248527527,-0.64575469493866,-4.02736518481106e-05,83
3.68385744094849,0.978147923946381,-0.645848870277405,-7.42271168974185e-06,83
3.68420886993408,0.978147208690643,-0.645864605903625,-5.37779271780892e-06,83
3.68447256088257,0.978146970272064,-0.645875632762909,-4.36350455856882e-06,83
3.68467044830322,0.97814679145813,-0.645884037017822,-3.4826651358344e-06,83
3.68481874465942,0.97814667224884,-0.645890474319458,-2.82670424667231e-06,83
3.68492984771729,0.978146553039551,-0.645895302295685,-2.09146838869856e-06,83
3.68501329421997,0.978146493434906,-0.645898938179016,-1.86036464810968e-06,83
3.68507599830627,0.978146433830261,-0.645901620388031,-1.69714917319652e-06,83
3.68512296676636,0.978146374225616,-0.645903646945953,2.49846641153795e-06,83
3.68512725830078,0.978146374225616,-0.645903646945953,4.96419518825064e-06,83
3.68513178825378,0.978146374225616,-0.645903706550598,-2.10339044315333e-06,83
3.68513321876526,0.978146374225616,-0.645903766155243,3.74528211288805e-06,83
3.68513584136963,0.978146374225616,-0.645903706550598,2.44230525936473e-06,83
3.68513941764832,0.978146374225616,-0.645903706550598,-8.73134183621005e-07,83
3.68514513969421,0.978146374225616,-0.645903646945953,1.76902545945268e-06,83
3.68515348434448,0.978146314620972,-0.645903527736664,-6.05144843746075e-06,83
3.68515419960022,0.978146314620972,-0.645903527736664,1.29664086543357e-05,83
3.68515539169312,0.978146314620972,-0.645903527736664,1.29721827377693e-05,83
3.68515706062317,0.978146314620972,-0.645903527736664,1.29706310687538e-05,83
3.68515992164612,0.978146314620972,-0.645903527736664,-2.92223694486893e-06,83
3.68516373634338,0.978146374225616,-0.645903527736664,-2.9195177830843e-06,83
3.68516969680786,0.978146374225616,-0.645903527736664,-6.4361154272774e-07,83
3.68517851829529,0.978146374225616,-0.645903587341309,-1.68863130056707e-06,83
3.6851921081543,0.978146374225616,-0.645903646945953,-6.17606724517827e-06,83
3.68519330024719,0.978146374225616,-0.645903646945953,-1.36204794074501e-05,83
3.68519520759583,0.978146374225616,-0.645903646945953,-1.36239434169738e-05,83
3.68519806861877,0.978146374225616,-0.645903706550598,-1.36299856592359e-05,83
3.68520212173462,0.978146374225616,-0.645903706550598,1.293482237541e-06,83
3.68520855903625,0.978146374225616,-0.645903706550598,-2.54685728151571e-06,83
3.68521809577942,0.978146374225616,-0.645903646945953,-6.15685451066383e-07,83
3.68523240089417,0.978146374225616,-0.645903646945953,1.6650230918458e-06,83
3.68525385856628,0.978146314620972,-0.645903527736664,5.49654623682727e-06,83
3.68525576591492,0.978146314620972,-0.645903527736664,-1.22726564200093e-05,83
3.68525886535645,0.978146314620972,-0.645903527736664,1.48181823504956e-05,83
3.68526339530945,0.978146314620972,-0.645903527736664,-1.48206990786548e-05,83
3.68527007102966,0.978146314620972,-0.645903527736664,4.34164292073547e-07,83
3.68528032302856,0.978146374225616,-0.645903527736664,-2.31528692751226e-06,83
3.68529558181763,0.978146374225616,-0.645903527736664,7.69603104799899e-07,83
3.68531847000122,0.978146374225616,-0.645903587341309,-1.57625783003823e-06,83
3.68535280227661,0.978146374225616,-0.645903706550598,-8.90271712705726e-06,83
3.68535590171814,0.978146374225616,-0.645903706550598,1.13515801558606e-05,83
3.6853609085083,0.978146374225616,-0.645903706550598,1.59477728942647e-05,83
3.68536806106567,0.978146374225616,-0.645903706550598,-1.59399249497483e-05,83
3.68537878990173,0.978146374225616,-0.645903706550598,2.8440672394936e-06,83
3.68539524078369,0.978146374225616,-0.645903706550598,-4.72364511594492e-06,83
3.68541955947876,0.978146374225616,-0.645903706550598,-7.36131482881319e-07,83
3.68545627593994,0.978146374225616,-0.645903646945953,1.30210690940658e-06,83
3.68551135063171,0.978146314620972,-0.645903587341309,1.85185729151272e-06,83
3.68559384346008,0.978146314620972,-0.645903408527374,5.98421589614873e-06,83
3.68560147285461,0.978146314620972,-0.645903408527374,-1.49485690172924e-05,83
3.68561315536499,0.978146314620972,-0.645903408527374,1.49559573969782e-05,83
3.68563055992126,0.978146314620972,-0.645903408527374,-1.49503072321977e-05,83
3.68565654754639,0.978146314620972,-0.645903408527374,1.46841466630576e-06,83
3.68569564819336,0.978146314620972,-0.645903348922729,1.90278262834909e-06,83
3.6857545375824,0.978146314620972,-0.645903348922729,3.18229012918891e-07,83
3.68584251403809,0.978146374225616,-0.645903408527374,-1.25170203091329e-06,83
3.68597459793091,0.978146374225616,-0.645903468132019,-1.58464933974756e-06,83
3.68617272377014,0.978146374225616,-0.645903706550598,-8.08282463538035e-06,83
3.68619132041931,0.978146374225616,-0.645903706550598,-8.08338788260698e-06,83
3.68621921539307,0.978146374225616,-0.645903706550598,-8.08731580548283e-06,83
3.68626093864441,0.978146374225616,-0.645903706550598,-2.69661154561618e-06,83
3.68632364273071,0.978146374225616,-0.645903766155243,2.69646238848509e-06,83
3.68641781806946,0.978146374225616,-0.645903706550598,-1.87021289832501e-06,83
3.68655896186829,0.978146374225616,-0.645903706550598,1.16190409471528e-06,83
3.68677043914795,0.978146314620972,-0.645903587341309,-1.49530472981496e-06,83
3.68708801269531,0.978146314620972,-0.645903408527374,-7.28355577450657e-06,83
3.68711757659912,0.978146314620972,-0.645903408527374,9.79838840464708e-06,83
3.68716239929199,0.978146314620972,-0.645903408527374,9.79957341940008e-06,83
3.68722915649414,0.978146314620972,-0.645903408527374,2.51995439537467e-06,83
3.68732976913452,0.978146314620972,-0.645903408527374,2.52543813683559e-06,83
3.68748044967651,0.978146374225616,-0.645903408527374,4.12340114053222e-07,83
3.68770623207092,0.978146374225616,-0.645903468132019,-1.06032052826777e-06,83
3.68804526329041,0.978146374225616,-0.645903527736664,-2.91264609586506e-06,83
3.68855381011963,0.978146374225616,-0.645903646945953,-6.56394157516615e-06,83
3.68860149383545,0.978146374225616,-0.645903646945953,-1.13865761406373e-05,83
3.68867301940918,0.978146374225616,-0.645903646945953,1.13855689818365e-05,83
3.6887800693512,0.978146374225616,-0.645903646945953,2.97366477752803e-06,83
3.68894100189209,0.978146374225616,-0.645903706550598,4.67481169152961e-06,83
3.68918228149414,0.978146374225616,-0.645903646945953,-5.90306683534436e-07,83
3.6895444393158,0.978146374225616,-0.645903646945953,1.00108297829138e-06,83
3.69008731842041,0.978146314620972,-0.645903587341309,1.50332959947264e-06,83
3.69090175628662,0.978146314620972,-0.645903408527374,5.9157990648373e-06,83
3.69097805023193,0.978146314620972,-0.645903408527374,1.4779912959284e-05,83
3.69109272956848,0.978146314620972,-0.645903408527374,-1.47755888519896e-05,83
3.69126439094543,0.978146314620972,-0.645903408527374,1.47731131292517e-05,83
3.69152212142944,0.978146314620972,-0.645903408527374,2.6303050617571e-06,83
3.69190859794617,0.978146314620972,-0.645903348922729,2.6509658255236e-06,83
3.69248843193054,0.978146374225616,-0.645903408527374,-4.71384737465996e-07,83
3.6933581829071,0.978146374225616,-0.645903468132019,-1.48827604107282e-06,83
3.69466280937195,0.978146374225616,-0.645903527736664,1.78578420673148e-06,83
3.69661974906921,0.978146374225616,-0.645903766155243,7.99420413954977e-06,83
3.69680309295654,0.978146374225616,-0.645903766155243,7.98911243293787e-06,83
3.69707822799683,0.978146374225616,-0.645903766155243,7.9908533194839e-06,83
3.69749116897583,0.978146374225616,-0.645903766155243,2.96591906590038e-06,83
3.69811034202576,0.978146374225616,-0.645903825759888,2.95221661872347e-06,83
3.69903898239136,0.978146374225616,-0.645903766155243,2.27481002923469e-06,83
3.70043206214905,0.978146374225616,-0.645903766155243,9.30115618302807e-07,83
3.70252180099487,0.978146314620972,-0.645903706550598,1.7157122442768e-06,83
3.70565629005432,0.978146314620972,-0.645903527736664,7.20171345136578e-06,83
3.70595026016235,0.978146314620972,-0.645903527736664,9.68846513416111e-06,83
3.70639109611511,0.978146314620972,-0.645903527736664,9.68867644246529e-06,83
3.70705223083496,0.978146314620972,-0.645903527736664,-1.07520213532553e-06,83
3.70804405212402,0.978146314620972,-0.645903527736664,-2.25706673262494e-06,83
3.70953178405762,0.978146314620972,-0.645903527736664,5.39031361768139e-07,83
3.71176314353943,0.978146374225616,-0.645903587341309,-1.22105717537124e-06,83
3.71511054039001,0.978146374225616,-0.645903646945953,-1.71991314346087e-06,83
3.72013139724731,0.978146374225616,-0.645903766155243,-6.49170893041173e-06,83
3.72060203552246,0.978146374225616,-0.645903766155243,-1.39022214682427e-05,83
3.72130823135376,0.978146374225616,-0.645903825759888,-1.39091602946451e-05,83
3.72236728668213,0.978146374225616,-0.645903825759888,2.72380043497833e-06,83
3.72395586967468,0.978146374225616,-0.645903825759888,-4.61131166318296e-06,83
3.7263388633728,0.978146374225616,-0.645903825759888,2.5181734031321e-06,83
3.72991347312927,0.978146374225616,-0.645903766155243,8.77100546858856e-07,83
3.73527503013611,0.978146314620972,-0.645903706550598,2.87199736703769e-06,83
3.74331760406494,0.978146314620972,-0.645903587341309,-2.87100965579157e-06,83
3.7458176612854,0.978146314620972,-0.645903587341309,-6.02453456721719e-06,83
3.74675512313843,0.978146314620972,-0.645903527736664,-2.88593764707912e-06,83
3.74816131591797,0.978146314620972,-0.645903527736664,2.02847449770616e-06,83
3.75027084350586,0.978146314620972,-0.645903527736664,-4.3939695615336e-07,83
3.75343489646912,0.978146374225616,-0.645903587341309,-1.#IND,-1.#IND
#GNA2
0.0,0.0,0.0,3.64440296607427e-07,0
0.0299999993294477,0.0299883056432009,-0.0180844739079475,-3.83344871082159e-05,0
0.0599999986588955,0.0599524267017841,-0.0361580848693848,-4.35666160711889e-05,0
0.0900000035762787,0.0898912698030472,-0.0542203821241856,-4.96158402043534e-05,0
0.119999997317791,0.119803629815578,-0.0722708627581596,-5.66388997143008e-05,0
0.150000005960464,0.149688154459,-0.0903089717030525,-6.4890861253275e-05,0
0.180000007152557,0.179543301463127,-0.108334057033062,-7.46328614269487e-05,0
0.209999993443489,0.209367379546165,-0.126345425844193,-8.63627127500877e-05,0
0.239999994635582,0.239158391952515,-0.144342228770256,-0.000100469611211906,0
0.270000010728836,0.268914103507996,-0.162323519587517,-0.000117682742740044,0
0.300000011920929,0.298631906509399,-0.180288180708885,-0.000139068350534899,0
0.330000013113022,0.32830873131752,-0.198234915733337,-0.000165867347789117,0
0.360000014305115,0.357940971851349,-0.216162160038948,-0.000199645048070352,0
0.389999985694885,0.387524306774139,-0.234068021178246,-0.000243017981802041,0
0.419999986886978,0.417053550481796,-0.251950234174728,-0.000299585587470119,0
0.449999988079071,0.446522355079651,-0.269805997610092,-0.000374146194047853,0
0.479999989271164,0.475922912359238,-0.287631720304489,-0.00047405039140358,0
0.509999990463257,0.505245387554169,-0.305423021316528,-0.000609616363988152,0
0.540000021457672,0.534477293491364,-0.323174089193344,-0.000796601970705524,0
0.569999992847443,0.563602566719055,-0.340877413749695,-0.00105797908935301,0
0.600000023841858,0.592600047588348,-0.358523041009903,-0.00142853289355571,0
0.629999995231628,0.621441602706909,-0.376097410917282,-0.00195980543753649,0
0.660000026226044,0.650089025497437,-0.393581956624985,-0.00272751899183277,0
0.689999997615814,0.678489506244659,-0.410950630903244,-0.00383728637115155,0
0.720000028610229,0.706569135189056,-0.428166449069977,-0.00542240056660148,0
0.75,0.734222769737244,-0.445176035165787,-0.00760702102780897,0
0.779999971389771,0.761300146579742,-0.4619020819664,-0.0103845239890461,0
0.810000002384186,0.787587523460388,-0.478233128786087,-0.0133466347638205,0
0.839999973773956,0.812789022922516,-0.494012892246246,-0.0153420377687326,0
0.870000004768372,0.836519956588745,-0.509035885334015,-0.0146572880185545,0
0.899999976158142,0.858336925506592,-0.52306342124939,3.46833070352659e-06,0
0.930000007152557,0.877830743789673,-0.535874426364899,7.49241911535137e-06,8
0.959999978542328,0.894743919372559,-0.54733419418335,0.00484594525983084,12
0.990000009536743,0.909067451953888,-0.557446539402008,0.00358784988497973,16
1.01999998092651,0.921015441417694,-0.56634795665741,0.00287628605224199,19
1.04999995231628,0.930916011333466,-0.57423460483551,0.00178841674687646,21
1.08000004291534,0.939123868942261,-0.581326723098755,0.00133686613048667,23
1.11000001430511,0.94596266746521,-0.587822437286377,-0.00196237625107187,25
1.13999998569489,0.951703310012817,-0.593880772590637,-0.00202048731540572,29
1.16999995708466,0.956562936306,-0.599651157855988,-0.00204969676207156,36
1.20000004768372,0.960713088512421,-0.605231821537018,-0.00198142738781826,40
1.23000001907349,0.964287757873535,-0.610709249973297,-0.00194225189471808,44
1.25999999046326,0.967392265796661,-0.616151034832001,-0.00188848743340486,47
1.28999996185303,0.970109283924103,-0.621610283851624,0.000108603897785997,56
1.32000005245209,0.972504556179047,-0.627131700515747,-0.000453268623996195,61
1.35000002384186,0.974635243415833,-0.632758438587189,-0.00015550722594071,67
1.37999999523163,0.976544797420502,-0.638534188270569,-0.00156697411114237,75
1.4099999666214,0.978248059749603,-0.644416689872742,-0.00271254742358451,86
1.44000005722046,0.979786157608032,-0.650453209877014,-6.24794294026287e-05,90
1.47000002861023,0.981182515621185,-0.656679570674896,-5.01656210758483e-05,96
1.5,0.982459425926209,-0.663108944892883,-9.66716386869848e-05,101
1.52999997138977,0.983627140522003,-0.669731914997101,-0.0012629669571993,107
1.55999994277954,0.984698951244354,-0.676547110080719,0.0959450872323941,118
1.5900000333786,0.987315893173218,-0.697001278400421,-0.000956423100205939,124
1.62000000476837,0.988350749015808,-0.706995666027069,-3.42580934784564e-05,129
1.64999997615814,0.989088773727417,-0.714951813220978,-5.04453831240426e-05,131
1.67999994754791,0.98978316783905,-0.723156273365021,-0.00107181652185773,137
1.71000003814697,0.990434885025024,-0.731568396091461,-0.00113477071016632,139
1.74000000953674,0.991049826145172,-0.740212023258209,-0.000523205264755688,143
1.76999998092651,0.991631507873535,-0.749097347259521,0.00870582826019017,146
1.79999995231628,0.992526233196259,-0.764227330684662,-0.00105743565268313,151
1.83000004291534,0.993035018444061,-0.773709058761597,-3.51075683511226e-05,152
1.86000001430511,0.993519425392151,-0.783418893814087,-0.00103425777638222,152
1.88999998569489,0.993982553482056,-0.793353617191315,-0.00111508785511205,154
1.91999995708466,0.994425892829895,-0.80351334810257,-0.00109185690502045,156
1.95000004768372,0.994851171970367,-0.813896179199219,-0.00130502873838623,158
1.98000001907349,0.995259881019592,-0.824496805667877,-5.13886743647163e-05,160
2.00999999046326,0.995653390884399,-0.835318505764008,-0.000327626854300433,163
2.03999996185303,0.996032774448395,-0.846359550952911,-0.000324592342280994,164
2.0699999332428,0.996402859687805,-0.857720851898193,-0.00105442041422066,163
2.09999990463257,0.99675714969635,-0.869182109832764,-0.00108495787628726,166
2.13000011444092,0.997100234031677,-0.880851984024048,-0.0010904124964668,167
2.16000008583069,0.997432887554169,-0.892727375030518,-3.42138090445587e-05,167
2.19000005722046,0.997755885124207,-0.904807984828949,0.000353327442368823,168
2.22000002861023,0.998077571392059,-0.917387008666992,-0.0012288117090975,172
2.25,0.998383402824402,-0.929866313934326,-0.000165598647811294,173
2.27999997138977,0.9986811876297,-0.942544877529144,-0.00130824377680483,174
2.30999994277954,0.998972058296204,-0.95541113615036,-0.00114820920418879,173
2.33999991416931,0.999256074428558,-0.968466639518738,-0.00114727553602734,173
2.36999988555908,0.999533772468567,-0.98170804977417,-0.0011723078345085,174
2.40000009536743,0.999805569648743,-0.995132446289063,-0.000142091001350764,173
2.4300000667572,1.00007164478302,-1.00873208045959,0.00127466633207973,174
2.46000003814697,1.00033736228943,-1.02278184890747,-7.56767044549633e-05,177
2.49000000953674,1.00059390068054,-1.03674328327179,-0.0011391384439321,176
2.51999998092651,1.00084578990936,-1.05087518692017,-0.00119637500023373,177
2.54999995231628,1.00109326839447,-1.06517660617828,-0.00121938230694241,177
2.57999992370605,1.00133669376373,-1.07964420318604,-0.00144670699245353,176
2.60999989509583,1.00157642364502,-1.09427464008331,-0.00182519746533671,178
2.64000010490417,1.00181257724762,-1.10906779766083,-0.00124591708964772,178
2.67000007629395,1.00204539299011,-1.12401807308197,-0.00125535406914423,177
2.70000004768372,1.00227510929108,-1.13912415504456,-0.00127803385282732,177
2.73000001907349,1.00250196456909,-1.15438330173492,-0.00133472709302396,177
2.75999999046326,1.00272595882416,-1.16979229450226,-0.00138728285151046,177
2.78999996185303,1.00294744968414,-1.1853494644165,-0.00218735481217891,177
2.8199999332428,1.00316631793976,-1.20103657245636,-0.00218684203809971,177
2.82011723518372,1.00316631793976,-1.20103657245636,-0.00218607528302073,177
2.82029294967651,1.00316631793976,-1.20103657245636,-0.00218502679513222,177
2.820556640625,1.00316631793976,-1.20103669166565,-0.00218336182922485,177
2.82095217704773,1.00316631793976,-1.20103669166565,-0.00218084090386128,177
2.82154536247253,1.00316631793976,-1.20103681087494,-0.00217718026863167,177
2.82243537902832,1.00316631793976,-1.20103693008423,-0.00217503846465661,177
2.82276892662048,1.00316631793976,-1.20103693008423,-0.00217181954366197,177
2.8232696056366,1.00316631793976,-1.20103704929352,-0.00217000358941277,177
2.82345724105835,1.00316631793976,-1.20103704929352,-0.00216746988922978,177
2.82373881340027,1.00316631793976,-1.20103716850281,-0.00216345323485712,177
2.82416129112244,1.00316631793976,-1.2010372877121,-0.00216127203157157,177
2.82431960105896,1.00316631793976,-1.20103740692139,-0.00215787912355836,177
2.82455706596375,1.00316631793976,-1.20103740692139,-0.00215596360362724,177
2.82464623451233,1.00316631793976,-1.20103752613068,-0.00215314242677778,177
2.82477998733521,1.00316631793976,-1.20103764533997,-0.00215159018085842,177
2.82483005523682,1.00316631793976,-1.20103764533997,-0.00214925959232914,177
2.82490515708923,1.00316631793976,-1.20103776454926,-0.00214563561513614,177
2.82501792907715,1.00316631793976,-1.20103788375854,-0.0021435947657551,177
2.82506012916565,1.00316631793976,-1.20103788375854,-0.00214064392952196,177
2.82512354850769,1.00316631793976,-1.20103800296783,-0.00213883863278852,177
2.8251473903656,1.00316631793976,-1.20103800296783,-0.00213632873510505,177
2.82518315315247,1.00316643714905,-1.20103812217712,-0.00213252585155033,177
2.82523655891418,1.00316643714905,-1.20103824138641,-0.00213033319579381,177
2.82525658607483,1.00316643714905,-1.2010383605957,-0.00212717412370012,177
2.82528686523438,1.00316643714905,-1.2010383605957,-0.00212524073617715,177
2.82529807090759,1.00316643714905,-1.20103847980499,-0.00212253471198665,177
2.82531499862671,1.00316643714905,-1.20103859901428,-0.0021210510325318,177
2.82532143592834,1.00316643714905,-1.20103859901428,-0.00211867377441877,177
2.82533097267151,1.00316643714905,-1.20103871822357,-0.00211520435317425,177
2.82534503936768,1.00316643714905,-1.20103871822357,-0.00211332455160118,177
2.825350522995,1.00316643714905,-1.20103883743286,-0.0021103860947278,177
2.82535862922668,1.00316643714905,-1.20103895664215,-0.0021087900484531,177
2.82536149024963,1.00316643714905,-1.20103895664215,-0.00210637928449842,177
2.82536602020264,1.00316643714905,-1.20103907585144,-0.00210268673214387,177
2.82537293434143,1.00316643714905,-1.20103919506073,-0.00210059428320619,177
2.82537531852722,1.00316643714905,-1.20103919506073,-0.00209736666005256,177
2.82537913322449,1.00316643714905,-1.20103931427002,-0.00209571521958196,177
2.82538056373596,1.00316643714905,-1.20103931427002,-0.00209302795479971,177
2.82538270950317,1.00316643714905,-1.20103943347931,-0.00208910811886653,177
2.82538604736328,1.00316643714905,-1.2010395526886,-0.00208687140434449,177
2.82538723945618,1.00316643714905,-1.20103967189789,-0.00208349202750924,177
2.82538914680481,1.00316643714905,-1.20103979110718,-0.00208162186436311,177
2.82538962364197,1.00316643714905,-1.20103979110718,-0.00207893337301357,177
2.82539081573486,1.00316643714905,-1.20103991031647,-0.00207732087352497,177
2.82539105415344,1.00316643714905,-1.20103991031647,-0.00207500237991098,177
2.82539176940918,1.00316643714905,-1.20104002952576,-0.00207138766199932,177
2.82539248466492,1.00316643714905,-1.20104014873505,-0.00206944441310952,177
2.82539296150208,1.00316643714905,-1.20104014873505,-0.00206641077596714,177
2.82539343833923,1.00316643714905,-1.20104026794434,-0.00206472768979893,177
2.82539343833923,1.00316643714905,-1.20104026794434,-0.00206215550178968,177
2.82539391517639,1.00316643714905,-1.20104038715363,-0.00205841919358818,177
2.82539415359497,1.00316643714905,-1.20104050636292,-0.00205625347803107,177
2.82539439201355,1.00316643714905,-1.20104050636292,-0.0020530361707074,177
2.82539463043213,1.00316643714905,-1.2010406255722,-0.00205127621410384,177
2.82539463043213,1.00316643714905,-1.20104074478149,-0.00204858027893806,177
2.82539486885071,1.00316643714905,-1.20104074478149,-0.00204713942679291,177
2.82539486885071,1.00316643714905,-1.20104086399078,-0.00204483669841693,177
2.82539486885071,1.00316643714905,-1.20104086399078,-0.00204138046575508,177
2.82539510726929,1.00316643714905,-1.20104098320007,-0.00203954482498148,177
2.82539510726929,1.00316643714905,-1.20104110240936,-0.00203668342567198,177
2.82539510726929,1.00316643714905,-1.20104122161865,-0.00203501973959419,177
2.82539510726929,1.00316643714905,-1.20104122161865,-0.0020326101537762,177
2.82539510726929,1.00316643714905,-1.20104134082794,-0.00202892732431792,177
2.82539534568787,1.00316643714905,-1.20104146003723,-0.00202688120504035,177
2.82539534568787,1.00316643714905,-1.20104146003723,-0.00202376299296247,177
2.82539534568787,1.00316643714905,-1.20104157924652,-0.0020221241878744,177
2.82539534568787,1.00316643714905,-1.20104157924652,-0.00201954237849122,177
2.82539534568787,1.00316643714905,-1.20104169845581,-0.00201555385615393,177
2.82539534568787,1.00316643714905,-1.2010418176651,-0.00201340747702261,177
2.82539534568787,1.00316643714905,-1.2010418176651,-0.00201009194449853,177
2.82539534568787,1.00316643714905,-1.20104193687439,-0.00200826483165883,177
2.82539534568787,1.00316643714905,-1.20104205608368,-0.00200542945572124,177
2.82539534568787,1.00316643714905,-1.20104217529297,-0.00200403481989042,177
2.82539534568787,1.00316643714905,-1.20104217529297,-0.0020016023960352,177
2.82539534568787,1.00316643714905,-1.20104229450226,-0.00199807388440831,177
2.82539534568787,1.00316643714905,-1.20104229450226,-0.001996129269628,177
2.82539534568787,1.00316643714905,-1.20104241371155,-0.00199320043981288,177
2.82539534568787,1.00316643714905,-1.20104253292084,-0.00199149686807232,177
2.82539534568787,1.00316643714905,-1.20104253292084,-0.00198892369553505,177
2.82539534568787,1.00316643714905,-1.20104265213013,-0.00198528949812271,177
2.82539534568787,1.00316643714905,-1.20104277133942,-0.00198311163234166,177
2.82539534568787,1.00316643714905,-1.20104277133942,-0.00197997448111664,177
2.82539534568787,1.00316643714905,-1.20104289054871,-0.00197824588525464,177
2.82539534568787,1.00316643714905,-1.20104289054871,-0.00197555062311494,177
2.82539534568787,1.00316643714905,-1.201043009758,-0.00197152546382995,177
2.82539534568787,1.00316643714905,-1.20104312896729,-0.00196929962754666,177
2.82539534568787,1.00316643714905,-1.20104324817657,-0.00196582709935456,177
2.82539534568787,1.00316643714905,-1.20104336738586,-0.00196400471020297,177
2.82539534568787,1.00316643714905,-1.20104336738586,-0.00196112084097422,177
2.82539534568787,1.00316643714905,-1.20104348659515,-0.00195961366762276,177
2.82539534568787,1.00316643714905,-1.20104348659515,-0.00195720650629028,177
2.82539534568787,1.00316643714905,-1.20104360580444,-0.00195349830880787,177
2.82539534568787,1.00316643714905,-1.20104372501373,-0.00195153366860268,177
2.82539534568787,1.00316643714905,-1.20104372501373,-0.00194846967525564,177
2.82539534568787,1.00316643714905,-1.20104384422302,-0.00194673368764597,177
2.82539534568787,1.00316643714905,-1.20104396343231,-0.00194428225552201,177
2.82539534568787,1.00316643714905,-1.20104396343231,-0.00194041791115751,177
2.82539534568787,1.00316643714905,-1.2010440826416,-0.00193817838930954,177
2.82539534568787,1.00316643714905,-1.20104420185089,-0.00193498310750329,177
2.82539534568787,1.00316643714905,-1.20104432106018,-0.00193321050824125,177
2.82539534568787,1.00316643714905,-1.20104432106018,-0.00193041269835703,177
2.82539534568787,1.00316643714905,-1.20104444026947,-0.00192889519729533,177
2.82539534568787,1.00316643714905,-1.20104444026947,-0.00192647586879957,177
2.82539534568787,1.00316643714905,-1.20104455947876,-0.00192304830943613,177
2.82539534568787,1.00316643714905,-1.20104467868805,-0.00192109613436742,177
2.82539534568787,1.00316643714905,-1.20104467868805,-0.0019182013195973,177
2.82539534568787,1.00316643714905,-1.20104479789734,-0.00191661932615261,177
2.82539534568787,1.00316643714905,-1.20104479789734,-0.00191398186899505,177
2.82539534568787,1.00316643714905,-1.20104491710663,-0.00191034840332804,177
2.82539534568787,1.00316643714905,-1.20104503631592,-0.00190832054681778,177
2.82539534568787,1.00316643714905,-1.20104503631592,-0.00190521738846883,177
2.82539534568787,1.00316643714905,-1.20104515552521,-0.00190338497731091,177
2.82539534568787,1.00316643714905,-1.2010452747345,-0.00190087623724366,177
2.82539534568787,1.00316643714905,-1.2010452747345,-0.00189680097690825,177
2.82539534568787,1.00316643714905,-1.20104539394379,-0.00189453959063712,177
2.82539534568787,1.00316643714905,-1.20104551315308,-0.00189115835354414,177
2.82539534568787,1.00316643714905,-1.20104563236237,-0.00188939333719418,177
2.82539534568787,1.00316643714905,-1.20104563236237,-0.00188657038125939,177
2.82539534568787,1.00316643714905,-1.20104575157166,-0.00188497319703629,177
2.82539534568787,1.00316643714905,-1.20104575157166,-0.00188258408593356,177
2.82539534568787,1.00316643714905,-1.20104587078094,-0.00187901235068466,177
2.82539534568787,1.00316643714905,-1.20104598999023,-0.0018770762557665,177
2.82539534568787,1.00316643714905,-1.20104598999023,-0.00187401534071796,177
2.82539534568787,1.00316643714905,-1.20104610919952,-0.00187235274620434,177
2.82539534568787,1.00316643714905,-1.20104622840881,-0.00186986016302626,177
2.82539534568787,1.00316643714905,-1.20104622840881,-0.00186602767303157,177
2.82539534568787,1.00316643714905,-1.2010463476181,-0.00186382184483591,177
2.82539534568787,1.00316643714905,-1.20104646682739,-0.00186055532532237,177
2.82539534568787,1.00316643714905,-1.20104658603668,-0.00185894082073901,177
2.82539534568787,1.00316643714905,-1.20104658603668,-0.00185613308934762,177
2.82539534568787,1.00316643714905,-1.20104670524597,-0.00185470389158127,177
2.82539534568787,1.00316643714905,-1.20104670524597,-0.00185234469341822,177
2.82539534568787,1.00316643714905,-1.20104682445526,-0.0018489752604296,177
2.82539534568787,1.00316643714905,-1.20104694366455,-0.0018469975360631,177
2.82539534568787,1.00316643714905,-1.20104694366455,-0.00184417736107889,177
2.82539534568787,1.00316643714905,-1.20104706287384,-0.00184257416202627,177
2.82539534568787,1.00316643714905,-1.20104706287384,-0.0018400856555445,177
2.82539534568787,1.00316643714905,-1.20104718208313,-0.00183635632748747,177
2.82539534568787,1.00316643714905,-1.20104730129242,-0.00183430716248267,177
2.82539534568787,1.00316643714905,-1.20104730129242,-0.0018313093460165,177
2.82539534568787,1.00316643714905,-1.20104742050171,-0.00182955132783036,177
2.82539534568787,1.00316643714905,-1.201047539711,-0.00182691260130241,177
2.82539534568787,1.00316643714905,-1.201047539711,-0.00182291437567983,177
2.82539534568787,1.00316643714905,-1.20104765892029,-0.0018207327710229,177
2.82539534568787,1.00316643714905,-1.20104777812958,-0.00181754064419692,177
2.82539534568787,1.00316643714905,-1.20104789733887,-0.00181565827591612,177
2.82539534568787,1.00316643714905,-1.20104789733887,-0.00181286462219532,177
2.82539534568787,1.00316643714905,-1.20104801654816,-0.00181128288392074,177
2.82539534568787,1.00316643714905,-1.20104801654816,-0.00180895687270777,177
2.82539534568787,1.00316643714905,-1.20104813575745,-0.00180538195400004,177
2.82539534568787,1.00316643714905,-1.20104825496674,-0.00180336973869544,177
2.82539534568787,1.00316643714905,-1.20104825496674,-0.00180046430210723,177
2.82539534568787,1.00316643714905,-1.20104837417603,-0.00179877181801658,177
2.82539534568787,1.00316643714905,-1.20104837417603,-0.00179624384622912,177
2.82539534568787,1.00316643714905,-1.20104849338531,-0.00179263162033294,177
2.82539534568787,1.00316643714905,-1.2010486125946,-0.00179034349082485,177
2.82539534568787,1.00316643714905,-1.20104873180389,-0.00178713566447186,177
2.82539534568787,1.00316643714905,-1.20104873180389,-0.00178549956029883,177
2.82539534568787,1.00316643714905,-1.20104885101318,-0.00178278221699202,177
2.82539534568787,1.00316643714905,-1.20104897022247,-0.00177875118049542,177
2.82539534568787,1.00316643714905,-1.20104908943176,-0.00177650025204912,177
2.82539534568787,1.00316643714905,-1.20104908943176,-0.00177308179337388,177
2.82539534568787,1.00316643714905,-1.20104920864105,-0.00177125069967587,177
2.82539534568787,1.00316643714905,-1.20104920864105,-0.0017684230354007,177
2.82539534568787,1.00316643714905,-1.20104932785034,-0.0017656622523532,177
2.82539534568787,1.00316643714905,-1.20104944705963,-0.0017618376245423,177
2.82539534568787,1.00316643714905,-1.20104956626892,-0.00175786977661119,177
2.82539534568787,1.00316643714905,-1.20104968547821,-1.#IND,0
2.82539534568787,1.00316643714905,-1.20104968547821,-1.#IND,-1.#IND
#GNA3
0.0,0.0,0.0,4.17448006828636e-07,0
0.0500000007450581,0.0499673262238503,-0.0301348939538002,-0.000333495460019151,0
0.100000001490116,0.0998654738068581,-0.0602387934923172,-0.000420871535219192,0
0.150000005960464,0.149688825011253,-0.0903093740344048,-0.000537546718518911,0
0.200000002980232,0.199430599808693,-0.120343819260597,-0.000697411944415194,0
0.25,0.249082446098328,-0.150338619947433,-0.000921032009557621,0
0.300000011920929,0.298633903264999,-0.180289372801781,-0.00124163394016819,0
0.349999994039536,0.348071455955505,-0.210190311074257,-0.00171437847532729,0
0.400000005960464,0.397377341985703,-0.240033730864525,-0.00243272221800339,0
0.449999988079071,0.446527361869812,-0.269809007644653,-0.00356072796679996,0
0.5,0.495487540960312,-0.299500972032547,-0.00539577394260959,0
0.550000011920929,0.544208347797394,-0.329086929559708,-0.00849581317643811,0
0.600000023841858,0.592614471912384,-0.358531832695007,-0.0139325111056792,0
0.649999976158142,0.640586256980896,-0.387778580188751,-0.0237723782871058,0
0.699999988079071,0.687924325466156,-0.416729867458344,1.50335455373352e-06,0
0.75,0.734281480312347,-0.445212066173553,1.70464113580238e-06,0
0.800000011920929,0.779030621051788,-0.472904741764069,-8.82752146935673e-07,0
0.850000023841858,0.821057736873627,-0.499225378036499,3.90320934684496e-06,0
0.899999976158142,0.858605086803436,-0.523236989974976,4.60093529000005e-05,5
0.949999988079071,0.889726459980011,-0.543890833854675,0.000310990417347057,14
1.0,0.913819909095764,-0.56092232465744,7.74803590388728e-05,20
1.04999995231628,0.931326508522034,-0.574574768543243,-0.0139684094585846,22
1.10000002384186,0.944129407405853,-0.586013615131378,0.00830894221212475,25
1.14999997615814,0.953651666641235,-0.596110463142395,-0.00777523654539891,36
1.20000004768372,0.960900068283081,-0.605499744415283,-0.00764547026295759,42
1.25,0.96655285358429,-0.614603340625763,0.000577692002195818,51
1.29999995231628,0.971113443374634,-0.623831689357758,-0.00605767283605019,61
1.35000002384186,0.974772155284882,-0.633144438266754,-0.000125984249905287,72
1.39999997615814,0.97780442237854,-0.642805516719818,-0.000323065021746061,76
1.41250002384186,0.978482306003571,-0.645287990570068,0.00069287069169377,80
1.43124997615814,0.979442656040192,-0.649023830890656,-0.00069220267170067,83
1.45937502384186,0.979271054267883,-0.648409307003021,-0.000815143892054948,82
1.50156247615814,0.978459239006042,-0.646123588085175,-0.0191656760233627,84
1.55156254768372,0.976712286472321,-0.64176744222641,0.0383575228797781,86
1.6015625,0.973915278911591,-0.634679436683655,-2.33468684314175e-05,86
1.60468745231628,0.973820924758911,-0.634441196918488,1.70638343774954e-05,86
1.60781252384186,0.973772823810577,-0.634321272373199,3.84002298687847e-05,86
1.61093747615814,0.973728179931641,-0.634208202362061,3.28938484130958e-05,86
1.61406254768372,0.973706722259521,-0.634148418903351,8.58655074580383e-05,86
1.6171875,0.97369796037674,-0.63412070274353,4.17781376995663e-05,86
1.62187504768372,0.973685204982758,-0.634080469608307,2.1690204675906e-05,86
1.62890625,0.9736607670784,-0.634007513523102,4.14892633671116e-06,86
1.63945317268372,0.973608493804932,-0.633861064910889,-5.01246976227776e-05,86
1.6552734375,0.973491609096527,-0.633551597595215,-0.000305006272526498,86
1.67900395393372,0.973223924636841,-0.632882535457611,-0.000430273013137139,84
1.714599609375,0.972724676132202,-0.631715357303619,0.000127917854342741,82
1.76459956169128,0.972023904323578,-0.630105197429657,-0.000432471481417451,83
1.777099609375,0.972022235393524,-0.630107164382935,1.60514346134732e-05,83
1.78959965705872,0.972014486789703,-0.630103766918182,3.07538761035175e-06,83
1.79428708553314,0.972008645534515,-0.630102336406708,-0.000795660899409967,83
1.80131840705872,0.972019255161285,-0.6301589012146,-0.000623086220230107,83
1.81186521053314,0.972009778022766,-0.630152881145477,3.61518511340364e-05,83
1.82768559455872,0.971922159194946,-0.629999160766602,-0.000638745824346643,81
1.85141599178314,0.970355689525604,-0.626790225505829,-4.93934250016537e-05,80
1.88701176643372,0.969336688518524,-0.624852299690247,-0.00150795556959338,80
1.93701171875,0.967866480350494,-0.622305989265442,-0.00984231382835787,79
1.98701167106628,0.966499626636505,-0.620277106761932,-0.000177209071296147,80
2.03701162338257,0.965339779853821,-0.618820369243622,-0.000698063077493316,79
2.08701181411743,0.963997542858124,-0.617259204387665,-0.00309370581135227,78
2.13701176643372,0.962259292602539,-0.615285813808441,-0.000166653570317976,78
2.18701171875,0.960396289825439,-0.613229155540466,-3.22238799981278e-05,78
2.23701167106628,0.958357334136963,-0.611045300960541,-2.39577764773458e-05,78
2.28701162338257,0.9561927318573,-0.608794927597046,-1.96226683897294e-05,78
2.33701181411743,0.95393180847168,-0.606514871120453,-1.65738702548879e-05,78
2.38701176643372,0.951591074466705,-0.604224920272827,-9.61133002874703e-06,77
2.43701171875,0.949182152748108,-0.60193544626236,-6.45479758532019e-06,77
2.48701167106628,0.946711540222168,-0.599651336669922,-8.41066758994202e-06,76
2.53701162338257,0.94417929649353,-0.597375750541687,-1.0733898250237e-05,76
2.58701181411743,0.941572785377502,-0.595107555389404,-7.58860647920301e-06,76
2.63701176643372,0.938868343830109,-0.592843651771545,5.46311846960634e-05,75
2.68701171875,0.936087548732758,-0.590635895729065,0.00486517613938986,74
2.73701167106628,0.934200286865234,-0.589448630809784,-0.00134677890014245,74
2.78701162338257,0.936262249946594,-0.591414272785187,0.000187423161605693,74
2.83701181411743,0.939040899276733,-0.593841314315796,2.45199437358679e-05,73
2.88701176643372,0.941834330558777,-0.596313893795013,-1.11876012738321e-05,75
2.93701171875,0.944492995738983,-0.5987548828125,-2.72280071840214e-05,76
2.98701167106628,0.947041630744934,-0.601188480854034,-2.59690266375401e-05,75
3.03701162338257,0.949509382247925,-0.603629946708679,-2.5773527909223e-05,76
3.08701181411743,0.951886355876923,-0.606055617332459,-2.84351041841546e-05,76
3.13701176643372,0.954126834869385,-0.608407914638519,-2.83482222585008e-05,78
3.18701171875,0.956165671348572,-0.610608637332916,1.27614428038214e-05,77
3.23701167106628,0.957940101623535,-0.612577259540558,-1.19095945478875e-05,76
3.28701162338257,0.959517657756805,-0.614367187023163,-0.00107755180454205,76
3.33701181411743,0.961410582065582,-0.61653459072113,-0.000115620470012345,75
3.38701176643372,0.963535189628601,-0.619016587734222,-3.11133478021475e-05,76
3.43701171875,0.965446352958679,-0.621324598789215,-6.15211700392138e-05,76
3.48701167106628,0.96699994802475,-0.623236536979675,-0.000243874763953045,76
3.53701162338257,0.967892646789551,-0.624211311340332,0.00076799802189953,73
3.58701181411743,0.967526257038116,-0.623247265815735,-0.000137764529540618,71
3.63701176643372,0.966320395469666,-0.62114942073822,-5.41026027462976e-05,69
3.68701171875,0.964852869510651,-0.618824183940887,-1.95344927078622e-05,69
3.73701167106628,0.963235795497894,-0.61643123626709,-2.04496483320327e-05,69
3.78701162338257,0.961495041847229,-0.614018142223358,-6.65600371689834e-05,68
3.83701181411743,0.959665358066559,-0.611652374267578,-0.000191365187447445,68
3.88701176643372,0.95784330368042,-0.609467685222626,-0.000293957687233615,68
3.93701171875,0.956194937229156,-0.607636451721191,-0.000275452795335696,68
3.98701167106628,0.954843521118164,-0.606234967708588,-0.000130607899222923,68
4.03701162338257,0.953724563121796,-0.605139970779419,-0.000159452263005733,68
4.08701181411743,0.952607333660126,-0.604087650775909,-0.00128659516099106,69
4.13701152801514,0.95117861032486,-0.602743685245514,7.7325292060948e-05,70
4.18701171875,0.949407398700714,-0.601125836372375,0.000336741365231319,71
4.23701190948486,0.947693705558777,-0.599659383296967,0.000233836487325334,72
4.28701162338257,0.946649670600891,-0.598767817020416,3.27392389749548e-05,74
4.33701181411743,0.94661283493042,-0.598644912242889,4.32961434171375e-05,72
4.38701152801514,0.947030961513519,-0.59885162115097,5.13962659738354e-05,71
4.43701171875,0.947397530078888,-0.598991811275482,9.08487664332824e-05,70
4.48701190948486,0.947391510009766,-0.598796129226685,9.35001162361004e-05,70
4.53701162338257,0.946863412857056,-0.598134219646454,8.42625908035188e-05,69
4.58701181411743,0.945867836475372,-0.597060561180115,-4.87430475004658e-06,69
4.63701152801514,0.944548845291138,-0.595705270767212,-0.000304459204471641,67
4.68701171875,0.943024933338165,-0.594169676303864,-1.35329227077818e-05,66
4.73701190948486,0.941356897354126,-0.592489123344421,-1.37119530450036e-05,65
4.78701162338257,0.939548492431641,-0.590667188167572,-5.73094736182611e-05,65
4.83701181411743,0.937569141387939,-0.588681221008301,-0.000145428577070561,64
4.88701152801514,0.935293138027191,-0.586444914340973,-0.000253568467883269,63
4.93701171875,0.932715654373169,-0.584070861339569,-0.000133124360502279,63
4.98701190948486,0.930155336856842,-0.581912338733673,-4.69772514293254e-05,64
5.03701162338257,0.927451550960541,-0.57980740070343,-5.34964356688761e-05,66
5.08701181411743,0.924425482749939,-0.577568769454956,-8.10848968058053e-06,66
5.13701152801514,0.921120584011078,-0.575227439403534,-1.91675893006504e-05,66
5.18701171875,0.917663753032684,-0.572824001312256,-1.49468739891745e-05,66
5.23701190948486,0.91415137052536,-0.570415794849396,-6.28262898771936e-06,65
5.28701162338257,0.910613834857941,-0.56802225112915,-2.63573622305557e-06,65
5.33701181411743,0.907043278217316,-0.565640091896057,1.53647039269345e-06,65
5.38701152801514,0.903423726558685,-0.563260734081268,1.84647763035173e-06,65
5.43701171875,0.899744510650635,-0.560877919197083,1.78665067096517e-06,65
5.48701190948486,0.896003305912018,-0.558489501476288,1.8726834696281e-06,65
5.53701162338257,0.892205595970154,-0.556097388267517,1.9372935184947e-06,65
5.58701181411743,0.888363242149353,-0.553706705570221,2.12225711493375e-06,65
5.63701152801514,0.884493291378021,-0.551325142383575,2.36057536540102e-06,66
5.68701171875,0.880617439746857,-0.548962473869324,2.83947582602195e-06,66
5.73701190948486,0.876762747764587,-0.546631276607513,3.83092361744275e-06,66
5.78701162338257,0.872966289520264,-0.544349431991577,-1.54270543362145e-05,66
5.83701181411743,0.86929976940155,-0.542159080505371,3.78042106774501e-06,69
5.88701152801514,0.866751432418823,-0.540579080581665,0.000781126434048929,69
5.93701171875,0.869702219963074,-0.542292714118958,1.46280536910126e-05,69
5.98701190948486,0.872895359992981,-0.544176816940308,3.62206941417753e-06,69
6.03701162338257,0.876136958599091,-0.546107709407806,2.2194589632818e-06,69
6.08701181411743,0.879350543022156,-0.548040211200714,1.84361175570302e-06,69
6.13701152801514,0.882482469081879,-0.549943327903748,1.95698589777749e-06,69
6.18701171875,0.885482013225555,-0.551788210868835,2.14672860465726e-06,69
6.23701190948486,0.888293385505676,-0.553544282913208,2.52355829388762e-06,69
6.28701162338257,0.890850067138672,-0.555175364017487,3.11956847554029e-06,69
6.33701181411743,0.89306628704071,-0.55663526058197,3.91489612638907e-06,69
6.38701152801514,0.894823729991913,-0.557859599590302,5.53932903812893e-06,69
6.43701171875,0.895947933197021,-0.558752357959747,1.2681080704624e-05,68
6.48701190948486,0.896172702312469,-0.559162318706512,3.14086626644894e-05,68
6.53701162338257,0.895132958889008,-0.55886846780777,4.80312539821171e-05,68
6.58701181411743,0.892594933509827,-0.557688176631927,3.66545723977652e-05,68
6.63701152801514,0.888958871364594,-0.555776536464691,3.3687587631448e-05,68
6.68701171875,0.884937405586243,-0.553517878055573,1.69907435179084e-05,68
6.73701190948486,0.880906581878662,-0.551158308982849,9.06938424805048e-06,68
6.78701162338257,0.876972317695618,-0.548797726631165,7.80485623863569e-06,68
6.83701181411743,0.873154640197754,-0.546476304531097,9.02819562043078e-06,68
6.88701152801514,0.86946302652359,-0.544216990470886,1.13033210595859e-05,68
6.93701171875,0.865918874740601,-0.542042434215546,1.40521693197115e-05,68
6.98701190948486,0.862560749053955,-0.539980590343475,1.74684921034896e-05,68
7.03701162338257,0.859443426132202,-0.53806608915329,2.16611474002093e-05,66
7.08701181411743,0.856631696224213,-0.536337494850159,2.63072472534986e-05,66
7.13701152801514,0.854191780090332,-0.534832954406738,3.07692961882822e-05,65
7.18701171875,0.852180421352386,-0.533584535121918,3.33384871851194e-05,65
7.23701190948486,0.850636720657349,-0.532613575458527,3.63955467150845e-05,65
7.28701162338257,0.849579453468323,-0.531930267810822,-0.000728803971867364,65
7.33701181411743,0.849012196063995,-0.531540513038635,1.51789867004481e-05,66
7.38701152801514,0.848927319049835,-0.531436800956726,1.13408913406943e-05,68
7.43701171875,0.849320888519287,-0.53161746263504,-5.98622621055256e-05,69
7.48701190948486,0.850192487239838,-0.532085359096527,-3.66105654165949e-05,69
7.53701162338257,0.851547122001648,-0.53284764289856,-5.22628519661339e-05,69
7.58701181411743,0.853390455245972,-0.533913314342499,-6.28045276016564e-05,69
7.63701152801514,0.855719387531281,-0.535289287567139,-6.63640596485493e-05,69
7.68701171875,0.858507871627808,-0.536972999572754,-6.3142422106921e-05,69
7.73701190948486,0.861686289310455,-0.538944780826569,-5.76855415488353e-05,69
7.78701162338257,0.865096092224121,-0.541155993938446,0.000573299442294228,69
7.83701181411743,0.868141770362854,-0.543431103229523,0.00372586460684943,72
7.88701152801514,0.862111568450928,-0.54182368516922,-5.33693124680212e-05,72
7.93701171875,0.859226882457733,-0.540665447711945,-6.25119574237942e-05,73
7.98701190948486,0.856762945652008,-0.539689719676971,-0.00292481430119551,73
8.03701210021973,0.85477489233017,-0.538975834846497,-7.23492178167362e-05,73
8.04951190948486,0.854431569576263,-0.538993895053864,-5.00922070045817e-05,73
8.06826210021973,0.854165554046631,-0.539086222648621,0.000994545450794249,73
8.09638690948486,0.853659927845001,-0.539107322692871,-0.00146095218678965,73
8.13857460021973,0.852783918380737,-0.538339495658875,-0.000455614119118763,73
8.18076133728027,0.852906882762909,-0.538077414035797,-0.000280692499472934,72
8.22294902801514,0.853235006332397,-0.537815928459167,-0.00128997112756224,73
8.26513671875,0.854232132434845,-0.538506507873535,-1.56596024680766e-06,73
8.30732440948486,0.854311764240265,-0.539039969444275,-0.016700099532045,72
8.34951210021973,0.853469431400299,-0.539072573184967,-0.00270643727299102,72
8.39951133728027,0.852026879787445,-0.538040578365326,3.7124513028175e-05,71
8.44951152801514,0.851639986038208,-0.538033962249756,0.00254020471015792,69
8.49951171875,0.851715922355652,-0.53824919462204,1.40170971008047e-05,69
8.54951190948486,0.852249443531036,-0.538678824901581,2.1616027993332e-05,70
8.59951210021973,0.853234827518463,-0.539318859577179,2.48808383958021e-05,70
8.64951133728027,0.854660332202911,-0.540161967277527,2.45311034063889e-05,70
8.69951152801514,0.856502771377563,-0.541195809841156,2.27288905421119e-05,70
8.74951171875,0.858725666999817,-0.542401909828186,3.01251668020086e-05,70
8.79951190948486,0.861282289028168,-0.543756425380707,0.00156019582647104,70
8.84951210021973,0.864101350307465,-0.545206367969513,-6.03690418188307e-05,70
8.89951133728027,0.867297768592834,-0.546897768974304,3.51705991761264e-05,69
8.94951152801514,0.870583057403564,-0.54860121011734,9.09084440081642e-06,69
8.99951171875,0.874039053916931,-0.550390779972076,7.27050479554237e-06,69
9.04951190948486,0.877652645111084,-0.552275776863098,6.60949444863945e-06,69
9.09951210021973,0.881416201591492,-0.554268836975098,9.01573372402709e-06,69
9.14951133728027,0.885323286056519,-0.556388020515442,1.39854024610031e-05,68
9.19951152801514,0.889359176158905,-0.55864679813385,1.46192343208895e-05,68
9.24951171875,0.893499910831451,-0.561041057109833,3.89978293924287e-06,68
9.29951190948486,0.897735595703125,-0.56355482339859,-1.2481610440318e-05,68
9.34951210021973,0.902073383331299,-0.566176116466522,-1.64356802656584e-05,67
9.39951133728027,0.9064821600914,-0.568886518478394,-8.68849900825808e-06,68
9.44951152801514,0.910865783691406,-0.571646928787231,-7.41032960149823e-06,67
9.49951171875,0.915093302726746,-0.574397385120392,-4.17866471025263e-06,67
9.54951190948486,0.919003069400787,-0.577029407024384,-2.29089454819587e-05,67
9.59951210021973,0.922360599040985,-0.579361438751221,-0.000126764384162925,65
9.64951133728027,0.924682021141052,-0.581009030342102,-0.000161879321865399,63
9.69951152801514,0.924948275089264,-0.581215798854828,-0.000143071827380936,63
9.74951171875,0.923029184341431,-0.579935193061829,-0.00011224576951463,62
9.79951190948486,0.920143306255341,-0.578072547912598,-4.40324498072187e-05,62
9.84951210021973,0.916821360588074,-0.576003670692444,-1.79210754822634e-05,62
9.89951133728027,0.91321474313736,-0.573827624320984,-8.57722324099086e-06,62
9.94951152801514,0.909366548061371,-0.571569979190826,-4.60231842680514e-06,62
9.99951171875,0.905299007892609,-0.569243192672729,-4.581371229051e-06,63
10.0495119094849,0.901049077510834,-0.566865622997284,-8.59215987247808e-06,63
10.0995121002197,0.896684885025024,-0.564468681812286,-1.10655786329517e-05,63
10.1495113372803,0.892300307750702,-0.562096536159515,-6.94749024887642e-06,63
10.1995115280151,0.887973606586456,-0.559788048267365,1.70266549659459e-06,63
10.24951171875,0.883733093738556,-0.557558000087738,-2.58643034101169e-06,63
10.2995119094849,0.87957227230072,-0.555401861667633,3.9307550423473e-06,63
10.3495121002197,0.875481009483337,-0.553310334682465,-5.58060607858124e-06,63
10.3995113372803,0.871463060379028,-0.551278531551361,8.21523110516864e-06,63
10.4495115280151,0.867541134357452,-0.549309909343719,1.26232027923834e-05,62
10.49951171875,0.863758862018585,-0.54741770029068,1.8687766214498e-05,62
10.5495119094849,0.860182762145996,-0.545626401901245,2.6379847440694e-05,62
10.5995121002197,0.856904268264771,-0.543972909450531,3.44526814046731e-05,62
10.6495113372803,0.854038119316101,-0.542505979537964,4.14378663435855e-05,62
10.6995115280151,0.851710319519043,-0.541281342506409,4.40557786873796e-05,62
10.74951171875,0.850030839443207,-0.540349304676056,4.04476377866558e-05,62
10.7995119094849,0.849059998989105,-0.539739906787872,3.02111955079454e-05,63
10.8495121002197,0.848791837692261,-0.539454162120819,7.95071202901454e-05,65
10.8995113372803,0.849169015884399,-0.539470434188843,2.60164233623073e-05,66
10.9495115280151,0.850113928318024,-0.539765655994415,0.000838596679386683,66
10.9620113372803,0.850367188453674,-0.539876341819763,0.00458099282855073,66
10.9807615280151,0.850512623786926,-0.539979696273804,4.57452813407144e-05,65
11.0088863372803,0.850691914558411,-0.540128409862518,-7.633386776007e-06,65
11.0510740280151,0.851094424724579,-0.540414094924927,-1.54113840835635e-05,65
11.10107421875,0.851866781711578,-0.540882587432861,3.03741680909297e-05,65
11.1510744094849,0.853030920028687,-0.541522085666656,6.90804924943222e-05,65
11.2010746002197,0.854649126529694,-0.542360901832581,-9.68195240602654e-05,65
11.2510738372803,0.856754004955292,-0.543415665626526,-8.77067775491014e-05,65
11.3010740280151,0.85933393239975,-0.544684112071991,-5.86132089210878e-05,65
11.35107421875,0.862332940101624,-0.546144723892212,4.10947222917457e-05,65
11.4010744094849,0.865669369697571,-0.547764837741852,2.9276929808475e-05,65
11.4510746002197,0.86925995349884,-0.549512088298798,1.84790794719447e-05,64
11.5010738372803,0.873035967350006,-0.551362097263336,1.68667079947227e-05,64
11.5510740280151,0.876942694187164,-0.553299248218536,-2.2207996664747e-05,64
11.60107421875,0.880925416946411,-0.555308520793915,1.68103828173116e-05,64
11.6510744094849,0.884941220283508,-0.557374775409698,3.0988648465069e-06,64
11.7010746002197,0.889025688171387,-0.559510946273804,-1.87749492397415e-05,64
11.7510738372803,0.893265545368195,-0.561750590801239,-2.18847716837445e-05,64
11.8010740280151,0.897641479969025,-0.56407767534256,-2.21468289964832e-05,64
11.85107421875,0.901986718177795,-0.566410839557648,-0.000114872443703007,64
11.9010744094849,0.906032264232636,-0.568614602088928,0.000280815581049865,64
11.9510746002197,0.908501863479614,-0.569965541362762,-0.000414000654245683,63
12.0010738372803,0.907580256462097,-0.569374978542328,-0.000592438856358513,63
12.0510740280151,0.905388951301575,-0.567962288856506,-0.00170165016751866,63
12.10107421875,0.902285635471344,-0.565864443778992,0.0247223605899762,63
12.1510744094849,0.897024035453796,-0.562673687934875,0.000176005689525027,63
12.2010746002197,0.893499255180359,-0.560876607894897,-4.91823044512785e-06,63
12.2510738372803,0.889773428440094,-0.559032380580902,-1.58196477286765e-05,63
12.3010740280151,0.885822892189026,-0.557079493999481,-1.26516454770353e-05,63
12.35107421875,0.881726801395416,-0.555036664009094,-1.51424310388393e-05,63
12.4010744094849,0.877594828605652,-0.552950382232666,6.85685176904371e-06,62
12.4510746002197,0.873509407043457,-0.550865411758423,1.01202470546014e-05,62
12.5010738372803,0.869480013847351,-0.548792243003845,-2.11868241422053e-05,62
12.5510740280151,0.865498244762421,-0.54672384262085,5.9154650216442e-05,61
12.60107421875,0.86158162355423,-0.544640421867371,0.126078875455278,62
12.6510744094849,0.864056169986725,-0.544524431228638,0.0354948631043044,62
12.7010746002197,0.859749734401703,-0.541374444961548,-0.000540834375897248,62
12.7510738372803,0.856061100959778,-0.539141893386841,0.000816325708456134,62
12.8010740280151,0.853048801422119,-0.537420988082886,0.0018126762583961,62
12.85107421875,0.851091623306274,-0.536379039287567,0.00151021366514215,64
12.9010744094849,0.850573122501373,-0.536204814910889,-4.22637422161642e-05,64
12.9510746002197,0.851514995098114,-0.536904692649841,-0.00229858449870335,64
13.0010738372803,0.853471338748932,-0.538271009922028,0.00580741431258502,65
13.0510740280151,0.855768740177155,-0.540103793144226,-0.0129512368907854,66
13.10107421875,0.85580837726593,-0.541012704372406,0.00221080915298444,65
13.1510744094849,0.85722154378891,-0.542428255081177,0.000585995793926486,65
13.2010746002197,0.860016763210297,-0.544008553028107,0.000785391967610849,65
13.2510738372803,0.862833261489868,-0.545526683330536,-0.000232189169764752,65
13.3010740280151,0.865429759025574,-0.54688823223114,-0.000116910492351963,65
13.35107421875,0.8675497174263,-0.547967314720154,0.00061834722760068,65
13.4010744094849,0.868950426578522,-0.548636138439178,3.62729213065904e-06,66
13.4510746002197,0.86954927444458,-0.548845171928406,5.9869508106658e-06,67
13.5010738372803,0.869568467140198,-0.548702597618103,1.90757237419348e-05,65
13.5510740280151,0.86948436498642,-0.54843533039093,0.00347429263342747,65
13.60107421875,0.871868371963501,-0.549287796020508,-0.00319059200342053,65
13.6510744094849,0.875760912895203,-0.55112487077713,-1.29715951970866e-05,65
13.7010746002197,0.87984710931778,-0.553121626377106,-8.38004041270324e-06,65
13.7510738372803,0.884117960929871,-0.5552619099617,-1.01811426702625e-05,65
13.8010740280151,0.888593018054962,-0.55755603313446,-1.76535992864046e-05,65
13.85107421875,0.893286049365997,-0.560015082359314,-1.91879951216833e-05,64
13.9010744094849,0.898154020309448,-0.562632024288177,-1.52939811073338e-05,64
13.9510746002197,0.903075933456421,-0.565370738506317,-1.89175505056483e-05,63
14.0010738372803,0.907872200012207,-0.56815105676651,-1.0823797424564e-05,63
14.0510740280151,0.912349104881287,-0.570848882198334,-8.59384482509995e-06,63
14.10107421875,0.916393995285034,-0.573360085487366,-2.11820997151335e-05,63
14.1510744094849,0.920026063919067,-0.575661361217499,-3.60625442681339e-05,63
14.2010746002197,0.923335373401642,-0.577795684337616,-4.66567693138131e-05,63
14.2510738372803,0.926369845867157,-0.579799294471741,-9.023037193856e-05,64
14.3010740280151,0.929045796394348,-0.581617712974548,-0.00190943769666774,64
14.35107421875,0.930898010730743,-0.582867562770844,-0.00494014479630778,62
14.4010744094849,0.929185450077057,-0.581452548503876,-9.21084268838968e-05,61
14.4510746002197,0.926376223564148,-0.579413175582886,-0.000117300043541491,60
14.5010738372803,0.923441886901855,-0.577414155006409,-0.000114319117528794,60
14.5510740280151,0.920672655105591,-0.575618743896484,0.000920210688263978,60
14.60107421875,0.918609917163849,-0.574310183525085,-0.0083321457706802,58
14.6510744094849,0.915870070457459,-0.572572708129883,-3.89779464171625e-05,58
14.7010746002197,0.912859320640564,-0.570596754550934,4.09359039394985e-05,59
14.7510738372803,0.909318149089813,-0.568154394626617,0.000162444283546392,59
14.8010740280151,0.905476808547974,-0.565298795700073,-0.000545308348137041,59
14.85107421875,0.902733147144318,-0.56303483247757,-1.72221137972883e-05,59
14.9010744094849,0.900799989700317,-0.561392188072205,5.27471706845972e-06,59
14.9510746002197,0.898789882659912,-0.559821903705597,4.74686993356954e-06,58
15.0010738372803,0.896403431892395,-0.558128356933594,4.22083439843846e-06,58
15.0510740280151,0.893586814403534,-0.5562664270401,3.60620060746442e-06,58
15.10107421875,0.890380322933197,-0.554248452186584,2.96578474490161e-06,58
15.1510744094849,0.886852920055389,-0.552104771137238,2.88863999742262e-06,58
15.2010746002197,0.883075833320618,-0.549868524074554,3.61513312796546e-06,58
15.2510738372803,0.879114329814911,-0.547570884227753,-4.52934889594303e-06,58
15.3010740280151,0.875026941299438,-0.54524028301239,-5.55634229826296e-06,57
15.35107421875,0.870867311954498,-0.542903363704681,-6.71005291152937e-06,57
15.4010744094849,0.866686940193176,-0.540585875511169,8.14740359089683e-06,57
15.4510746002197,0.862536549568176,-0.538313567638397,1.10917524125398e-05,57
15.5010738372803,0.858467280864716,-0.536112248897552,1.46511324601306e-05,57
15.5510740280151,0.854530572891235,-0.534007787704468,-1.85780186257034e-05,57
15.60107421875,0.850776374340057,-0.53202497959137,-2.65540984401014e-05,57
15.6510744094849,0.847250819206238,-0.53018593788147,-3.56928725295802e-05,57
15.7010746002197,0.843993544578552,-0.528509080410004,-4.48632962957163e-05,57
15.7510738372803,0.841036438941956,-0.527008295059204,-5.23376842238577e-05,57
15.8010740280151,0.838404655456543,-0.525693953037262,-5.62140313036252e-05,57
15.85107421875,0.836120843887329,-0.524574995040894,-5.51285496612763e-05,57
15.9010744094849,0.834210753440857,-0.523662030696869,-4.9073645811859e-05,57
15.9510746002197,0.832709312438965,-0.522970974445343,0.00414796591144295,57
16.0010738372803,0.831663906574249,-0.522524058818817,-1.93138996564812e-05,57
16.0510749816895,0.831141889095306,-0.522349953651428,0.00613227996313981,53
16.10107421875,0.831183969974518,-0.522481262683868,0.0014364160954301,53
16.1510734558105,0.831847846508026,-0.522932589054108,6.45241436814104e-05,53
16.2010746002197,0.833163142204285,-0.523725092411041,5.10747279349744e-05,54
16.2510738372803,0.835089564323425,-0.524836480617523,4.31605219546327e-05,54
16.3010749816895,0.837542295455933,-0.526223003864288,3.07013540350454e-05,55
16.35107421875,0.840416789054871,-0.527831137180328,1.96261771634454e-05,55
16.4010734558105,0.843608736991882,-0.529607176780701,0.000184785854571601,55
16.4510746002197,0.847015380859375,-0.531499803066254,-0.0128485309114126,57
16.5010738372803,0.850708842277527,-0.533536195755005,-2.11488358559109e-05,59
16.5510749816895,0.85403710603714,-0.535357177257538,-0.000140825338291961,59
16.60107421875,0.856282532215118,-0.536526799201965,-0.000653471198575062,59
16.6510734558105,0.858563303947449,-0.537682235240936,0.000158639939627392,59
16.7010746002197,0.862420499324799,-0.539789021015167,-7.73843964907428e-06,59
16.7510738372803,0.866326749324799,-0.54196435213089,-2.22090136503539e-06,59
16.8010749816895,0.870232760906219,-0.544164597988129,1.56591570998899e-06,59
16.85107421875,0.874109864234924,-0.546370625495911,1.18399219672938e-06,59
16.9010734558105,0.877935588359833,-0.548569560050964,1.23367800597407e-06,59
16.9510746002197,0.881687104701996,-0.550749599933624,1.20334527764498e-06,59
17.0010738372803,0.885339677333832,-0.552898287773132,1.18577156626998e-06,59
17.0510749816895,0.888865232467651,-0.555001974105835,1.21069399483531e-06,59
17.10107421875,0.892232835292816,-0.557045459747314,1.20993223617916e-06,59
17.1510734558105,0.895408630371094,-0.559012472629547,-1.09088723831974e-06,59
17.2010746002197,0.898357450962067,-0.560885548591614,-5.1460484087329e-06,59
17.2510738372803,0.901040196418762,-0.562643885612488,-2.84489952946387e-05,59
17.3010749816895,0.903382241725922,-0.564239919185638,-0.000499447402546593,59
17.35107421875,0.904939711093903,-0.565361440181732,-0.000569487345501329,64
17.4010734558105,0.903675854206085,-0.56456184387207,-1.89912671544334e-05,64
17.4510746002197,0.901477098464966,-0.563154101371765,-3.81464604970461e-06,64
17.5010738372803,0.898876190185547,-0.561533868312836,6.23228743279469e-07,64
17.5510749816895,0.895977854728699,-0.559770822525024,9.06484160623222e-07,64
17.60107421875,0.892838001251221,-0.5578972697258,9.38946186579415e-07,64
17.6510734558105,0.889498710632324,-0.555935680866241,9.75687555637705e-07,64
17.7010746002197,0.885994851589203,-0.553904175758362,8.57139411891694e-07,64
17.7510738372803,0.882356226444244,-0.551818132400513,8.46031468881847e-07,64
17.8010749816895,0.878608107566834,-0.549690544605255,7.34743537122995e-07,64
17.85107421875,0.874772131443024,-0.547532618045807,6.23483742856479e-07,64
17.9010734558105,0.870866715908051,-0.545353829860687,5.94659184116608e-07,64
17.9510746002197,0.866907596588135,-0.54316246509552,6.31945624718355e-07,64
18.0010738372803,0.862908184528351,-0.540965557098389,5.01537499530968e-07,64
18.0510749816895,0.858880281448364,-0.538769245147705,0.00013522099442298,64
18.10107421875,0.854833960533142,-0.536578893661499,0.000142768535908999,64
18.1510734558105,0.850778341293335,-0.534399211406708,0.000147750909036404,64
18.2010746002197,0.846721470355988,-0.5322345495224,2.91930405182939e-07,64
18.2510738372803,0.842670679092407,-0.530088663101196,3.06149956941226e-07,64
18.3010749816895,0.838632583618164,-0.527965068817139,3.29828537815047e-07,64
18.35107421875,0.834613442420959,-0.5258669257164,3.86766714655096e-07,64
18.4010734558105,0.830619037151337,-0.523797214031219,-3.62277205567807e-07,64
18.4510746002197,0.826654970645905,-0.521758794784546,4.04837351197784e-07,64
18.5010738372803,0.822726428508759,-0.519754230976105,3.3943973676287e-07,64
18.5510749816895,0.818838596343994,-0.517786085605621,3.44894942827523e-07,64
18.60107421875,0.814996242523193,-0.515856623649597,3.31946864662314e-07,64
18.6510734558105,0.811204254627228,-0.513968169689178,-3.73418970411876e-07,64
18.7010746002197,0.807467341423035,-0.512122869491577,3.37928668159293e-07,64
18.7510738372803,0.803790092468262,-0.51032280921936,2.93721370780986e-07,64
18.8010749816895,0.800177276134491,-0.508570075035095,-4.10258053307189e-07,64
18.85107421875,0.79663348197937,-0.506866574287415,4.58926318280817e-07,64
18.9010734558105,0.793163537979126,-0.505214273929596,5.95704130024188e-07,64
18.9510746002197,0.78977233171463,-0.503615140914917,7.86964524213118e-07,63
19.0010738372803,0.786465167999268,-0.502071022987366,1.04694909963676e-06,63
19.0510749816895,0.783247590065002,-0.50058388710022,1.39566261242452e-06,63
19.10107421875,0.78012603521347,-0.499155759811401,1.93105669983595e-06,63
19.1510734558105,0.777107834815979,-0.49778887629509,2.75729347898324e-06,63
19.2010746002197,0.774202346801758,-0.496485739946365,4.0900096108798e-06,63
19.2510738372803,0.771422326564789,-0.495249658823013,6.56798755183097e-06,63
19.3010749816895,0.768787205219269,-0.49408546090126,1.15820666279909e-05,63
19.35107421875,0.766331851482391,-0.493001848459244,-3.97557871565368e-05,63
19.4010734558105,0.764132380485535,-0.492019087076187,-0.000290944821699668,63
19.4510746002197,0.762405216693878,-0.491201162338257,-0.00109852676314404,65
19.5010738372803,0.761839985847473,-0.490782797336578,4.94956367758093e-05,66
19.5510749816895,0.762930870056152,-0.491015523672104,-0.000168250008300674,66
19.60107421875,0.764748692512512,-0.49157777428627,-4.65910820821591e-05,67
19.6510734558105,0.766894221305847,-0.492309957742691,-0.0282144172358016,67
19.7010746002197,0.771219789981842,-0.493897050619125,-2.98379753189693e-05,69
19.7510738372803,0.773834049701691,-0.494911789894104,-6.44184850884244e-06,69
19.8010749816895,0.776573181152344,-0.496003448963165,-5.2247032193975e-06,69
19.85107421875,0.779424548149109,-0.497169494628906,4.55528476805966e-06,69
19.9010734558105,0.782380938529968,-0.498406589031219,4.05085479826539e-06,69
19.9510746002197,0.785436868667603,-0.499712109565735,-3.64413027043042e-06,69
20.0010738372803,0.788587510585785,-0.501083850860596,-3.27838976588168e-06,69
20.0510749816895,0.791828691959381,-0.502519905567169,2.96560839885274e-06,69
20.10107421875,0.795156478881836,-0.504018425941467,2.68410247628026e-06,69
20.1510734558105,0.798567056655884,-0.505577683448792,2.41988659510639e-06,69
20.2010746002197,0.802056670188904,-0.507195949554443,2.17317841944009e-06,69
20.2510738372803,0.805621385574341,-0.50887143611908,1.93700583395184e-06,69
20.3010749816895,0.80925714969635,-0.510602414608002,-1.69417991457976e-06,69
20.35107421875,0.812959730625153,-0.512386918067932,1.48906884689382e-06,69
20.4010734558105,0.816724598407745,-0.514222919940948,-1.63829770372104e-06,69
20.4510746002197,0.820546746253967,-0.516108214855194,-1.83686950094852e-06,69
20.5010738372803,0.824420750141144,-0.518040418624878,-2.08476035368221e-06,69
20.5510749816895,0.828340291976929,-0.520016849040985,-2.45151750277728e-06,69
20.60107421875,0.832298278808594,-0.522034525871277,-3.19900425438391e-06,69
20.6510734558105,0.836285710334778,-0.524089753627777,-4.30058736355932e-06,69
20.7010746002197,0.840291142463684,-0.526178121566772,-6.59149350212829e-06,69
20.7510738372803,0.844297468662262,-0.528293132781982,-1.18085825420167e-05,70
20.8010749816895,0.848274707794189,-0.530423641204834,3.03118092688237e-05,70
20.85107421875,0.852151393890381,-0.532542109489441,-0.000295288899451407,70
20.9010734558105,0.855666935443878,-0.53453803062439,-0.000425008804540994,70
20.9510746002197,0.857745945453644,-0.535888850688934,-6.86726916683256e-05,69
21.0010738372803,0.858428776264191,-0.536518156528473,-8.4324482941156e-05,69
21.0510749816895,0.859563708305359,-0.537387192249298,-0.000100501097676897,69
21.10107421875,0.861496388912201,-0.538670778274536,-3.6135267919235e-05,69
21.1510734558105,0.863993942737579,-0.540242791175842,1.49762641967754e-05,69
21.2010746002197,0.866820454597473,-0.541982293128967,7.45864844020616e-06,69
21.2510738372803,0.869828402996063,-0.543815493583679,3.93887876271037e-06,69
21.3010749816895,0.872926771640778,-0.545697391033173,2.53480703804598e-06,69
21.35107421875,0.876052916049957,-0.547596096992493,1.99882890683512e-06,69
21.4010734558105,0.879151880741119,-0.549481213092804,-1.72356552070596e-05,69
21.4510746002197,0.882137596607208,-0.551298081874847,-0.00196011275937735,65
21.5010738372803,0.884165704250336,-0.552496790885925,-0.0208050682178964,66
21.5510749816895,0.881296634674072,-0.550786852836609,-9.51185091935258e-06,65
21.60107421875,0.878403425216675,-0.549019575119019,-5.24675699509203e-06,65
21.6510734558105,0.875488221645355,-0.54722648859024,-3.27992941038247e-05,65
21.7010746002197,0.872714817523956,-0.545493245124817,-0.000798099883695613,65
21.7510738372803,0.870472848415375,-0.544010281562805,-0.00589658259150383,67
21.8010749816895,0.870726406574249,-0.543806672096252,-0.0011650833805561,68
21.85107421875,0.873939394950867,-0.545373260974884,-0.000131761208876924,68
21.9010734558105,0.87744677066803,-0.547206521034241,-1.61180807936034e-05,68
21.9510746002197,0.880936205387115,-0.549075424671173,0.000133067938577369,68
22.0010738372803,0.88395744562149,-0.550675272941589,-1.97267086150532e-05,66
22.0135746002197,0.883374571800232,-0.550305843353271,-1.20393391398466e-05,66
22.0323238372803,0.882232189178467,-0.549640655517578,-5.88013227798001e-06,66
22.0604496002197,0.8803790807724,-0.548586010932922,-4.69870519737015e-06,65
22.1026363372803,0.877519130706787,-0.546993017196655,-4.57876039945404e-05,64
22.1526374816895,0.874227702617645,-0.545212090015411,-0.00192064724274132,64
22.20263671875,0.871520519256592,-0.543830811977386,-0.00480603969162985,63
22.2526359558105,0.871268033981323,-0.543940663337708,-0.00165854720921743,63
22.3026371002197,0.87385892868042,-0.545587778091431,-9.99216797481495e-05,63
22.3526363372803,0.877137839794159,-0.547579526901245,-1.32439415665431e-05,64
22.4026374816895,0.880545914173126,-0.549623548984528,-0.00288796544555225,64
22.45263671875,0.883699953556061,-0.551500856876373,0.00149879362834326,67
22.4651374816895,0.883797526359558,-0.551553010940552,-0.000110806235340988,67
22.48388671875,0.882689237594604,-0.550889551639557,-1.13175051410508e-05,67
22.5120124816895,0.880814611911774,-0.549774765968323,-6.30353844144338e-06,67
22.55419921875,0.877867162227631,-0.548031210899353,-3.43740334756149e-05,67
22.6041984558105,0.874342203140259,-0.545960366725922,-0.000169224025285075,66
22.6541996002197,0.871093451976776,-0.544078469276428,0.00212152180324665,65
22.7041988372803,0.870635271072388,-0.543929874897003,-0.00143211060685644,65
22.7541999816895,0.872984111309052,-0.545409142971039,-5.52444751065195e-05,65
22.80419921875,0.875784158706665,-0.547152876853943,6.87027238654991e-06,66
22.8541984558105,0.878699958324432,-0.548973500728607,-7.49755832885057e-06,67
22.9041996002197,0.881567895412445,-0.550782918930054,-0.00181499801215068,67
22.9541988372803,0.884006500244141,-0.552367925643921,-0.000132664252475934,66
22.9666996002197,0.884136199951172,-0.552480697631836,-9.04328371689189e-05,66
22.9854488372803,0.883474230766296,-0.552101135253906,1.93226106262046e-05,66
23.0135746002197,0.882026195526123,-0.55122971534729,-1.06876698282576e-05,66
23.0557613372803,0.879629731178284,-0.549769878387451,-4.13188458381342e-06,65
23.1057624816895,0.876707375049591,-0.547978341579437,1.15546348524731e-05,65
23.15576171875,0.873848497867584,-0.546207189559937,-0.000181755305902698,65
23.2057609558105,0.871298432350159,-0.544577419757843,-0.00597476841790012,66
23.2557621002197,0.870012283325195,-0.543568432331085,-0.00305752447866325,68
23.3057613372803,0.872692942619324,-0.544743061065674,-0.000327405385860402,68
23.3557624816895,0.876148581504822,-0.546520888805389,-3.27833479332185e-05,68
23.40576171875,0.87966650724411,-0.548392415046692,-0.00018258557952322,68
23.4557609558105,0.883024871349335,-0.550198614597321,-1.63892954105904e-05,68
23.46826171875,0.883730053901672,-0.550568878650665,-0.00751896719333445,66
23.4870109558105,0.880829572677612,-0.548840522766113,-1.44108850008706e-06,66
23.51513671875,0.878930926322937,-0.547774791717529,5.19200796134101e-06,64
23.5573234558105,0.876082181930542,-0.546207785606384,-1.#IND,-1.#IND
