AMD Ryzen Threadripper PRO 7985 WX
Windows 10 Pro (within Hyper V), 19045
2024, 190762
DDR5, 4800 MT/s
#MNA
0.0,0.0,0.0,3.3168134905281477e-11,0
0.029999999329447746,0.029999999329447746,-0.037375472486019135,-6.014033715473488e-11,0
0.05999999865889549,0.05999999865889549,-0.07475094497203827,8.708411769475788e-11,0
0.09000000357627869,0.09000000357627869,-0.1121264174580574,-1.1789325071731582e-10,0
0.11999999731779099,0.11999999731779099,-0.14950188994407654,1.418811734765768e-10,0
0.15000000596046448,0.15000000596046448,-0.18687736988067627,1.6859758034115657e-10,0
0.18000000715255737,0.18000000715255737,-0.2242528349161148,1.9520030036801472e-10,0
0.20999999344348907,0.20999999344348907,-0.26162829995155334,2.2259882825892419e-10,0
0.23999999463558197,0.23999999463558197,-0.2990037798881531,2.5352164811920375e-10,0
0.27000001072883606,0.27000001072883606,-0.3363792598247528,2.7694113668985665e-10,0
0.30000001192092896,0.30000001192092896,-0.37375473976135254,3.055902197957039e-10,0
0.33000001311302185,0.33000001311302185,-0.41113021969795227,3.269633452873677e-10,0
0.36000001430511475,0.36000001430511475,-0.4485056698322296,3.5493030736688524e-10,0
0.38999998569488525,0.38999998569488525,-0.48588114976882935,3.7630343285854906e-10,0
0.41999998688697815,0.41999998688697815,-0.5232565999031067,3.979039320256561e-10,0
0.44999998807907104,0.44999998807907104,-0.5606321096420288,4.326921043684706e-10,0
0.47999998927116394,0.47999998927116394,-0.5980075597763062,4.5497472456190735e-10,0
0.5099999904632568,0.5099999904632568,-0.6353830695152283,4.797584551852196e-10,0
0.5400000214576721,0.5400000214576721,-0.6727585196495056,5.129550117999315e-10,0
0.5699999928474426,0.5699999928474426,-0.710133969783783,5.50699041923508e-10,0
0.6000000238418579,0.6000000238418579,-0.7475094795227051,5.784386303275824e-10,0
0.6299999952316284,0.6299999952316284,-0.7848849296569824,6.193658919073641e-10,0
0.6600000262260437,0.6600000262260437,-0.8222604393959045,6.484697223640978e-10,0
0.6899999976158142,0.6899999976158142,-0.8596358895301819,6.716618372593075e-10,0
0.7200000286102295,0.7200000286102295,-0.8970113396644592,6.962181942071766e-10,0
0.75,0.75,-0.9343868494033813,7.189555617514998e-10,0
0.7799999713897705,0.7799999713897705,-0.9717622995376587,-6.02424776730004e-11,0
0.8100000023841858,0.809970498085022,-1.0091204643249512,-9.206041795550846e-08,0
0.8399999737739563,0.83989417552948,-1.0464497804641724,-7.157677828217857e-08,0
0.8700000047683716,0.8698173761367798,-1.083778738975525,6.716618372593075e-10,0
0.8999999761581421,0.8997344970703125,-1.1211084127426147,-4.676978733186843e-06,0
0.9300000071525574,0.9292067289352417,-1.158257007598877,0.0005631894828184159,0
0.9599999785423279,0.9578032493591309,-1.1950324773788452,2.632832092785975e-06,0
0.9900000095367432,0.9823219180107117,-1.229026198387146,-0.03154528228969866,0
0.9975000023841858,0.9866238236427307,-1.2360438108444214,-0.05331953888980934,0
1.0087499618530273,0.9904767870903015,-1.2440990209579468,-0.2841540297931715,0
1.0256249904632568,0.9937587380409241,-1.2541838884353638,0.007285399450211116,0
1.050937533378601,0.9960228800773621,-1.266857624053955,-0.004471182806810248,0
1.0809375047683716,0.9974097013473511,-1.281259298324585,-0.010651920140844595,0
1.110937476158142,0.9982014298439026,-1.295716404914856,0.018017147516275145,0
1.1409374475479126,0.99857497215271,-1.309648036956787,-0.01430733705910825,0
1.1709375381469727,0.9988479614257812,-1.3240314722061157,-0.0022198423580448434,0
1.2009375095367432,0.9990594387054443,-1.3391081094741821,-0.026791857014814013,0
1.2309374809265137,0.9992214441299438,-1.3547561168670654,0.22696120834689282,0
1.2609374523162842,0.9993414878845215,-1.3707189559936523,0.001613111230199138,0
1.2909375429153442,0.999417781829834,-1.3868582248687744,-0.0005357148006623902,0
1.3209375143051147,0.9994840025901794,-1.4035816192626953,-0.004238272198563209,0
1.3509374856948853,0.9995447397232056,-1.4204005002975464,-0.0006596160246772342,0
1.3809374570846558,0.9995912313461304,-1.4377375841140747,0.002492211943717848,0
1.4109375476837158,0.9996318817138672,-1.455121397972107,-3.501677201711573e-05,0
1.4409375190734863,0.999667227268219,-1.4732134342193604,-1.424330457666656e-05,0
1.4709374904632568,0.9997006058692932,-1.4919508695602417,-0.00018693041556616663,0
1.5009374618530273,0.9997289180755615,-1.5111082792282104,0.0016716238369554048,0
1.5084375143051147,0.9997358918190002,-1.5154383182525635,-0.001661584185967513,0
1.5159374475479126,0.9997426271438599,-1.5197616815567017,-0.0016551443350181216,0
1.5234375,0.9997493028640747,-1.5240848064422607,-0.0016464648210785526,0
1.5309375524520874,0.999755859375,-1.528410792350769,0.0018665290026547154,0
1.5384374856948853,0.9997617602348328,-1.5329055786132812,0.001797242396605725,0
1.5459375381469727,0.9997677803039551,-1.537369966506958,0.0017858380447250966,0
1.5534374713897705,0.9997737407684326,-1.5418205261230469,0.00178835257247556,0
1.560937523841858,0.9997796416282654,-1.5462778806686401,0.0017865602499114175,0
1.5684374570846558,0.9997854828834534,-1.5507370233535767,2.1077539713587612e-10,0
1.568906307220459,0.9728879928588867,-1.5172268152236938,2.532560550161378e-10,0
1.5693750381469727,0.9727707505226135,-1.5170809030532837,-2.55235832469225e-10,0
1.5700781345367432,0.9725949764251709,-1.516861915588379,2.8139371388569145e-10,0
1.571132779121399,0.9723313450813293,-1.516533374786377,-3.043716112482997e-10,0
1.5727148056030273,0.9719358086585999,-1.5160406827926636,2.446821634194407e-10,0
1.5750879049301147,0.9713425636291504,-1.5153014659881592,2.923759012674054e-10,0
1.578647494316101,0.9704526662826538,-1.514192819595337,2.8734548074282884e-10,0
1.583986759185791,0.9691178202629089,-1.5125298500061035,-3.121948533024721e-10,0
1.5919958353042603,0.967115581035614,-1.5100352764129639,2.763848594433682e-10,0
1.6040093898773193,0.9641121625900269,-1.506293535232544,3.484813826393207e-10,0
1.6220297813415527,0.9596071243286133,-1.500680923461914,3.1412872303349104e-10,0
1.6490602493286133,0.9528494477272034,-1.4922618865966797,3.2089511603494714e-10,0
1.6790602207183838,0.9453494548797607,-1.4829180240631104,3.4115489599972904e-10,0
1.7090601921081543,0.9378494620323181,-1.473574161529541,-3.477214627345404e-10,0
1.7390601634979248,0.9303494691848755,-1.4642302989959717,4.4648780506140184e-10,0
1.7690602540969849,0.9228494763374329,-1.4548864364624023,-4.878234760585798e-10,0
1.7990602254867554,0.9153494834899902,-1.445542573928833,5.800986357940019e-10,0
1.8290601968765259,0.9078494906425476,-1.4361987113952637,-5.944081060693662e-10,0
1.8590601682662964,0.900349497795105,-1.4268548488616943,6.435321719955311e-10,0
1.8890602588653564,0.8928495049476624,-1.417510986328125,-6.912977412731891e-10,0
1.919060230255127,0.885349452495575,-1.4081671237945557,7.784079839034952e-10,0
1.9490602016448975,0.8778494596481323,-1.3988232612609863,-8.208335955384172e-10,0
1.979060173034668,0.8703494668006897,-1.389479398727417,8.815394803018961e-10,0
2.0090601444244385,0.8628494739532471,-1.3801355361938477,9.618156271429257e-10,0
2.039060115814209,0.8553494811058044,-1.3707916736602783,1.0051230125984745e-09,0
2.0690603256225586,0.8478494882583618,-1.361447811126709,1.0585389509376597e-09,0
2.099060297012329,0.8403494954109192,-1.3521039485931396,-1.1182621495464673e-09,0
2.1290602684020996,0.8328495025634766,-1.3427600860595703,-1.1308035063883892e-09,0
2.15906023979187,0.8253494501113892,-1.3334161043167114,-1.2256784476250004e-09,0
2.1890602111816406,0.8178494572639465,-1.324072241783142,1.2762493006857056e-09,0
2.219060182571411,0.8103494644165039,-1.3147283792495728,-1.3331183379428069e-09,0
2.2490601539611816,0.8028494715690613,-1.3053845167160034,-1.361266432908792e-09,0
2.279060125350952,0.7953494787216187,-1.296040654182434,1.5499246885930518e-09,0
2.3090600967407227,0.787849485874176,-1.2866967916488647,1.4503150347344729e-09,0
2.3390603065490723,0.7803494930267334,-1.2773529291152954,1.6159094617940184e-09,0
2.3690602779388428,0.7728495001792908,-1.268009066581726,1.5844191514347017e-09,0
2.3990602493286133,0.7653494477272034,-1.2586652040481567,-1.6420124149263415e-09,0
2.429060220718384,0.7578494548797607,-1.2493213415145874,-1.7439123478624197e-09,0
2.4590601921081543,0.7503494620323181,-1.239977478981018,1.804075833167218e-09,0
2.489060163497925,0.7428494691848755,-1.2306336164474487,1.8465551865354257e-09,0
2.5190601348876953,0.7353494763374329,-1.2212897539138794,-1.973522567588759e-09,0
2.549060106277466,0.7278494834899902,-1.21194589138031,-1.964458595793417e-09,0
2.5790603160858154,0.7203494906425476,-1.2026020288467407,2.0728814775772264e-09,0
2.609060287475586,0.712849497795105,-1.1932581663131714,2.190967685056222e-09,0
2.6390602588653564,0.7053495049476624,-1.183914303779602,-2.176067215309274e-09,0
2.669060230255127,0.697849452495575,-1.1745704412460327,2.2053299186808317e-09,0
2.6990602016448975,0.6903494596481323,-1.1652265787124634,-2.2982858949305296e-09,0
2.729060173034668,0.6828494668006897,-1.155882716178894,2.277109667492283e-09,0
2.7590601444244385,0.6753494739532471,-1.1465388536453247,2.4670945286686674e-09,0
2.789060115814209,0.6678494811058044,-1.1371948719024658,-2.4875079773778452e-09,0
2.8190603256225586,0.6603494882583618,-1.1278510093688965,-2.4997858227848724e-09,0
2.849060297012329,0.6528494954109192,-1.1185071468353271,2.565321011172017e-09,0
2.8790602684020996,0.6453495025634766,-1.1091632843017578,2.6461173807668104e-09,0
2.90906023979187,0.6378494501113892,-1.0998194217681885,2.7424179593893427e-09,0
2.9390602111816406,0.6303494572639465,-1.0904755592346191,2.745589200436882e-09,0
2.969060182571411,0.6228494644165039,-1.0811316967010498,2.8393605244758646e-09,0
2.9990601539611816,0.6153494715690613,-1.0717878341674805,2.910637841857522e-09,0
3.029060125350952,0.6078494787216187,-1.0624439716339111,2.989950287357601e-09,0
3.0590600967407227,0.600349485874176,-1.0531001091003418,3.0095410608055317e-09,0
3.0890603065490723,0.5928494930267334,-1.0437562465667725,3.079855814824839e-09,0
3.1190602779388428,0.5853495001792908,-1.0344123840332031,3.2586320308780614e-09,0
3.1490602493286133,0.5778494477272034,-1.0250685214996338,3.1777559472701e-09,0
3.179060220718384,0.5703494548797607,-1.0157246589660645,3.292532801957293e-09,0
3.2090601921081543,0.5628494620323181,-1.0063807964324951,3.288355809871746e-09,0
3.239060163497925,0.5553494691848755,-0.997036874294281,3.5175602430825847e-09,0
3.2690601348876953,0.5478494763374329,-0.9876930117607117,3.5070755188826297e-09,0
3.299060106277466,0.5403494834899902,-0.9783491492271423,3.575422402590789e-09,0
3.3290603160858154,0.5328494906425476,-0.969005286693573,3.5813699783560082e-09,0
3.359060287475586,0.525349497795105,-0.9596614241600037,3.6976071093874907e-09,0
3.3890602588653564,0.5178495049476624,-0.9503175616264343,3.79147790940948e-09,0
3.419060230255127,0.510349452495575,-0.940973699092865,3.8015324221873925e-09,0
3.4490602016448975,0.5028494596481323,-0.9316298365592957,3.874229159706033e-09,0
3.479060173034668,0.4953494668006897,-0.9222859740257263,3.968882666960383e-09,0
3.5090601444244385,0.48784947395324707,-0.912942111492157,3.9459263634356034e-09,0
3.539060115814209,0.48034948110580444,-0.9035981893539429,4.163494549125346e-09,0
3.5690603256225586,0.4728494882583618,-0.8942543268203735,4.137282183513946e-09,0
3.599060297012329,0.4653494656085968,-0.8849104642868042,4.220990668102331e-09,0
3.6290602684020996,0.4578494727611542,-0.8755666017532349,4.270138798112555e-09,0
3.65906023979187,0.45034947991371155,-0.8662227392196655,4.2646031150894714e-09,0
3.6890602111816406,0.4428494870662689,-0.8568788766860962,4.4729130399545625e-09,0
3.719060182571411,0.4353494644165039,-0.8475350141525269,4.425507738048395e-09,0
3.7490601539611816,0.4278494715690613,-0.8381911516189575,4.621386606729061e-09,0
3.779060125350952,0.42034947872161865,-0.8288472890853882,4.55739257443355e-09,0
3.8090600967407227,0.412849485874176,-0.8195034265518188,4.690842603238821e-09,0
3.8390603065490723,0.405349463224411,-0.8101595640182495,4.721821933451054e-09,0
3.8690602779388428,0.3978494703769684,-0.8008156418800354,4.799601160954126e-09,0
3.8990602493286133,0.39034947752952576,-0.7914717793464661,4.797467867412308e-09,0
3.929060220718384,0.38284948468208313,-0.7821279168128967,4.983711221484555e-09,0
3.9590601921081543,0.3753494620323181,-0.7727840542793274,5.029372918130548e-09,0
3.989060163497925,0.3678494691848755,-0.7634401917457581,5.084030307855869e-09,0
4.019060134887695,0.36034947633743286,-0.7540963292121887,5.18914222702449e-09,0
4.049060344696045,0.35284948348999023,-0.7447524666786194,5.1785351562472215e-09,0
4.079060077667236,0.3453494608402252,-0.73540860414505,5.268080638387573e-09,0
4.109060287475586,0.3378494679927826,-0.7260647416114807,5.304126471372683e-09,0
4.139060020446777,0.33034947514533997,-0.7167208790779114,5.356151522306618e-09,0
4.169060230255127,0.32284948229789734,-0.7073769569396973,5.440928596556205e-09,0
4.199060440063477,0.3153494894504547,-0.6980330944061279,5.493715038440428e-09,0
4.229060173034668,0.3078494668006897,-0.6886892318725586,5.571727523800973e-09,0
4.259060382843018,0.30034947395324707,-0.6793453693389893,5.577211359408807e-09,0
4.289060115814209,0.29284948110580444,-0.6700015068054199,5.6516669122430585e-09,0
4.319060325622559,0.2853494882583618,-0.6606576442718506,5.862072161022525e-09,0
4.34906005859375,0.2778494656085968,-0.6513137817382812,5.8058273744165945e-09,0
4.3790602684021,0.2703494727611542,-0.6419699192047119,5.930305801982172e-09,0
4.409060001373291,0.26284947991371155,-0.6326260566711426,5.963314730905722e-09,0
4.439060211181641,0.2553494870662689,-0.6232821941375732,5.964517768575206e-09,0
4.46906042098999,0.2478494793176651,-0.6139382719993591,6.069913904838131e-09,0
4.499060153961182,0.24034947156906128,-0.6045944094657898,6.0655147571253565e-09,0
4.529060363769531,0.23284947872161865,-0.5952505469322205,6.2609750717257384e-09,0
4.559060096740723,0.22534947097301483,-0.5859066843986511,6.28770058241912e-09,0
4.589060306549072,0.2178494781255722,-0.5765628218650818,6.350270531640945e-09,0
4.619060039520264,0.21034947037696838,-0.5672189593315125,6.349351266976555e-09,0
4.649060249328613,0.20284947752952576,-0.5578750967979431,6.3701688368666964e-09,0
4.679059982299805,0.19534946978092194,-0.5485312342643738,6.487351544848252e-09,0
4.709060192108154,0.1878494769334793,-0.5391873717308044,6.453590106758611e-09,0
4.739060401916504,0.1803494691848755,-0.5298435091972351,6.524503159965889e-09,0
4.769060134887695,0.17284947633743286,-0.5204996466636658,6.60011467701338e-09,0
4.799060344696045,0.16534946858882904,-0.5111557245254517,6.664259810662543e-09,0
4.829060077667236,0.1578494757413864,-0.5018118619918823,6.63741928086381e-09,0
4.859060287475586,0.1503494828939438,-0.492467999458313,6.739239166719813e-09,0
4.889060020446777,0.14284947514533997,-0.48312413692474365,6.707577826503552e-09,0
4.919060230255127,0.13534948229789734,-0.4737802743911743,6.736316615629789e-09,0
4.949060440063477,0.12784947454929352,-0.464436411857605,6.6513174967752775e-09,0
4.979060173034668,0.1203494742512703,-0.45509254932403564,6.69437505429471e-09,0
5.009060382843018,0.11284947395324707,-0.4457486569881439,6.653993578353834e-09,0
5.039060115814209,0.10534947365522385,-0.4364047944545746,6.690697107458732e-09,0
5.069060325622559,0.09784947335720062,-0.42706093192100525,6.6673113696680275e-09,0
5.09906005859375,0.0903494730591774,-0.4177170693874359,6.6442120694176765e-09,0
5.1290602684021,0.08284947276115417,-0.4083732068538666,6.6805123655200305e-09,0
5.159060001373291,0.07534947246313095,-0.39902931451797485,6.616252878899331e-09,0
5.189060211181641,0.06784947216510773,-0.3896854519844055,6.620582082561555e-09,0
5.21906042098999,0.0603494755923748,-0.3803415894508362,6.614089498313547e-09,0
5.249060153961182,0.05284947529435158,-0.37099772691726685,6.552819398208953e-09,0
5.279060363769531,0.045349474996328354,-0.3616538643836975,6.542406394416389e-09,0
5.309060096740723,0.03784947469830513,-0.3523099720478058,6.5615473054947415e-09,0
5.339060306549072,0.030349476262927055,-0.34296610951423645,6.583635636658869e-09,0
5.369060039520264,0.02284947596490383,-0.3336222469806671,6.540440855573593e-09,0
5.399060249328613,0.015349475666880608,-0.3242783844470978,6.49587383882988e-09,0
5.429059982299805,0.007849475368857384,-0.31493452191352844,6.475573854913819e-09,0
5.459060192108154,0.0003494755655992776,-0.3055906593799591,6.5000478333132605e-09,0
5.489060401916504,-0.007150524295866489,-0.2962467670440674,6.487319570425143e-09,0
5.519060134887695,-0.014650524593889713,-0.28690290451049805,6.456992274195272e-09,0
5.549060344696045,-0.022150523960590363,-0.2775590419769287,6.396024154753377e-09,0
5.579060077667236,-0.029650524258613586,-0.2682151794433594,6.381955186540722e-09,0
5.609060287475586,-0.03715052455663681,-0.25887131690979004,6.393491291944997e-09,0
5.639060020446777,-0.044650524854660034,-0.2495274394750595,6.3727720878148375e-09,0
5.669060230255127,-0.05215052515268326,-0.24018356204032898,6.35214947308782e-09,0
5.699060440063477,-0.05965052545070648,-0.23083969950675964,6.3073068989893954e-09,0
5.729060173034668,-0.0671505257487297,-0.2214958369731903,6.347338210588305e-09,0
5.759060382843018,-0.07465052604675293,-0.21215195953845978,6.306981381598575e-09,0
5.789060115814209,-0.08215052634477615,-0.20280809700489044,6.304421429348395e-09,0
5.819060325622559,-0.08965052664279938,-0.1934642195701599,6.30707130966357e-09,0
5.84906005859375,-0.0971505269408226,-0.18412035703659058,6.261432483611884e-09,0
5.8790602684021,-0.10465052723884583,-0.17477649450302124,6.25058937941958e-09,0
5.909060001373291,-0.11215052753686905,-0.1654326170682907,6.215260972552983e-09,0
5.939060211181641,-0.11965052783489227,-0.15608875453472137,6.2497966801799976e-09,0
5.96906042098999,-0.1271505206823349,-0.14674487709999084,6.196043234041326e-09,0
5.999060153961182,-0.13465052843093872,-0.1374010145664215,6.1920735205944766e-09,0
6.029060363769531,-0.14215052127838135,-0.12805715203285217,6.13647088698599e-09,0
6.059060096740723,-0.14965052902698517,-0.11871328204870224,6.158692222868467e-09,0
6.089060306549072,-0.1571505218744278,-0.10936941206455231,6.142792496888205e-09,0
6.119060039520264,-0.16465052962303162,-0.10002554208040237,6.08771832943944e-09,0
6.149060249328613,-0.17215052247047424,-0.09068167209625244,6.127419016621616e-09,0
6.179059982299805,-0.17965053021907806,-0.08133780211210251,6.100996152724747e-09,0
6.209060192108154,-0.1871505230665207,-0.07199393957853317,6.041265265821494e-09,0
6.239060401916504,-0.1946505308151245,-0.06265006959438324,6.029165167120709e-09,0
6.269060134887695,-0.20215052366256714,-0.05330619961023331,6.036651178931152e-09,0
6.299060344696045,-0.20965053141117096,-0.04396233335137367,6.033087807111315e-09,0
6.329060077667236,-0.2171505242586136,-0.03461846336722374,-5.9889693204695504e-09,0
6.359060287475586,-0.2246505171060562,-0.025274595245718956,5.99077676355364e-09,0
6.389060020446777,-0.23215052485466003,-0.015930727124214172,6.0061182693971205e-09,0
6.419060230255127,-0.23965051770210266,-0.006586858537048101,-5.983614936866388e-09,0
6.449060440063477,-0.24715052545070648,0.002757009817287326,-5.96317262235857e-09,0
6.479060173034668,-0.2546505331993103,0.012100878171622753,-5.959306825786825e-09,0
6.509060382843018,-0.26215052604675293,0.02144474722445011,-5.976666272999864e-09,0
6.539060115814209,-0.26965051889419556,0.030788615345954895,-5.945073766611131e-09,0
6.569060325622559,-0.2771505117416382,0.04013248160481453,-5.963221028082444e-09,0
6.59906005859375,-0.2846505343914032,0.04947635158896446,-5.9904117222231434e-09,0
6.6290602684021,-0.2921505272388458,0.058820221573114395,-5.911759526355809e-09,0
6.659060001373291,-0.29965052008628845,0.06816408783197403,-5.977179640126451e-09,0
6.689060211181641,-0.3071505129337311,0.07750795781612396,-5.945233194637467e-09,0
6.71906042098999,-0.3146505355834961,0.0868518278002739,-5.937720093385224e-09,0
6.749060153961182,-0.3221505284309387,0.09619569033384323,-5.961226179351797e-09,0
6.779060363769531,-0.32965052127838135,0.10553956031799316,-5.977972783455243e-09,0
6.809060096740723,-0.337150514125824,0.1148834303021431,-5.928230351059938e-09,0
6.839060306549072,-0.344650536775589,0.12422730028629303,-5.9753682002394726e-09,0
6.869060039520264,-0.3521505296230316,0.13357116281986237,-5.939513325614598e-09,0
6.899060249328613,-0.35965052247047424,0.1429150402545929,-5.8848783623943746e-09,0
6.929059982299805,-0.36715051531791687,0.15225890278816223,-5.968376459719593e-09,0
6.959060192108154,-0.3746505379676819,0.16160276532173157,-5.913618927877451e-09,0
6.989060401916504,-0.3821505308151245,0.1709466427564621,-5.950710368907153e-09,0
7.019060134887695,-0.38965052366256714,0.18029050529003143,-5.950607118165863e-09,0
7.049060344696045,-0.39715051651000977,0.18963438272476196,-5.931965141314777e-09,0
7.079060077667236,-0.4046505391597748,0.1989782452583313,-5.99924820932074e-09,0
7.109060287475586,-0.4121505320072174,0.20832210779190063,-5.953033621608483e-09,0
7.139060020446777,-0.41965052485466003,0.21766598522663116,-5.953419091042633e-09,0
7.169060230255127,-0.42715051770210266,0.2270098477602005,-6.004173602747187e-09,0
7.199060440063477,-0.4346505105495453,0.23635372519493103,-5.9777258698545666e-09,0
7.229060173034668,-0.4421505331993103,0.24569758772850037,-5.984093665034607e-09,0
7.259060382843018,-0.44965052604675293,0.2550414502620697,-6.008245900801512e-09,0
7.289060115814209,-0.45715051889419556,0.26438531279563904,-5.986370066324298e-09,0
7.319060325622559,-0.4646505117416382,0.27372920513153076,-6.0080105335202916e-09,0
7.34906005859375,-0.4721505343914032,0.2830730676651001,-6.050586254247037e-09,0
7.3790602684021,-0.4796505272388458,0.29241693019866943,-6.021655174492935e-09,0
7.409060001373291,-0.48715052008628845,0.30176079273223877,-6.087556236877845e-09,0
7.439060211181641,-0.4946505129337311,0.3111046552658081,-6.037000233050094e-09,0
7.46906042098999,-0.5021505355834961,0.32044854760169983,-6.0341220908810556e-09,0
7.499060153961182,-0.5096505284309387,0.32979241013526917,-5.998253005401466e-09,0
7.529060363769531,-0.5171505212783813,0.3391362726688385,-6.053985757148439e-09,0
7.559060096740723,-0.524650514125824,0.34848013520240784,-6.066968705198406e-09,0
7.589060306549072,-0.5321505069732666,0.3578239977359772,-6.105465466532678e-09,0
7.619060039520264,-0.5396504998207092,0.3671678602695465,-6.081874115437813e-09,0
7.649060249328613,-0.5471505522727966,0.37651175260543823,-6.137775176995319e-09,0
7.679059982299805,-0.5546505451202393,0.38585561513900757,-6.164781574113931e-09,0
7.709060192108154,-0.5621505379676819,0.3951994776725769,-6.1536487017122e-09,0
7.739060401916504,-0.5696505308151245,0.40454334020614624,-6.155855825085155e-09,0
7.769060134887695,-0.5771505236625671,0.4138872027397156,-6.1478804269654574e-09,0
7.799060344696045,-0.5846505165100098,0.4232310950756073,-1.2437340046744794e-09,0
7.829060077667236,-0.59213787317276,0.4325675368309021,-8.878896551323123e-08,0
7.859060287475586,-0.5996202826499939,0.44190075993537903,-9.720997695694678e-08,0
7.889060020446777,-0.607102632522583,0.45123398303985596,-1.0561234375927597e-07,0
7.919060230255127,-0.6145849823951721,0.4605671465396881,-1.1412521416787058e-07,0
7.949060440063477,-0.6220672130584717,0.4699002802371979,-1.2272585081518628e-07,0
7.979060173034668,-0.6295494437217712,0.47923338413238525,-1.3138833310222253e-07,0
8.00905990600586,-0.637031614780426,0.48856645822525024,-1.4009174265083857e-07,0
8.039060592651367,-0.644513726234436,0.49789947271347046,-1.488124325987883e-07,0
8.069060325622559,-0.6519957780838013,0.5072324872016907,-1.5752857507322915e-07,0
8.09906005859375,-0.6594777703285217,0.5165655016899109,-1.6622061593807302e-07,0
8.129059791564941,-0.6669597029685974,0.5258983969688416,-1.7486718206782825e-07,0
8.15906047821045,-0.6744416356086731,0.535231351852417,-1.8345144781051204e-07,0
8.18906021118164,-0.681923508644104,0.5445642471313477,-1.9195067579858005e-07,0
8.219059944152832,-0.6894053220748901,0.5538970828056335,-2.0035395209561102e-07,0
8.24906063079834,-0.6968870759010315,0.5632299184799194,-2.0864081307081506e-07,0
8.279060363769531,-0.7043688297271729,0.5725627541542053,-2.1679579731426202e-07,0
8.309060096740723,-0.7118504643440247,0.5818955302238464,-2.248052624054253e-07,0
8.339059829711914,-0.7193321585655212,0.5912282466888428,-2.3265511117642745e-07,0
8.369060516357422,-0.7268137335777283,0.6005609631538391,-2.4033170120674185e-07,0
8.399060249328613,-0.7342953085899353,0.6098936796188354,-2.478245733072981e-07,0
8.429059982299805,-0.7417768239974976,0.619226336479187,-2.5512463253107853e-07,0
8.459060668945312,-0.749258279800415,0.6285589933395386,nan,nan
#GNA1
0.0,0.0,0.0,-7.110369342200329e-07,0
0.009999999776482582,0.00999870803207159,-0.006029327865689993,-6.246612276328278e-07,0
0.019999999552965164,0.01999480277299881,-0.012057479470968246,-6.493695128284571e-07,0
0.029999999329447746,0.029988249763846397,-0.018084440380334854,-6.941413808192465e-07,0
0.03999999910593033,0.039979007095098495,-0.02411019429564476,-6.551352988992676e-07,0
0.05000000074505806,0.04996704310178757,-0.03013472445309162,-6.829619714210367e-07,0
0.05999999865889549,0.05995230749249458,-0.036158014088869095,-6.836084196493175e-07,0
0.07000000029802322,0.06993477046489716,-0.04218004643917084,-6.999776616112285e-07,0
0.07999999821186066,0.07991437613964081,-0.048200804740190506,-7.087668123517687e-07,0
0.09000000357627869,0.08989108353853226,-0.05422027036547661,-7.857541319822303e-07,0
0.10000000149011612,0.09986485540866852,-0.06023842468857765,-7.063565092835233e-07,0
0.10999999940395355,0.10983563214540482,-0.06625524163246155,-6.384908814993651e-07,0
0.11999999731779099,0.11980336904525757,-0.0722707062959671,-7.201922684885176e-07,0
0.12999999523162842,0.1297680139541626,-0.07828480005264282,-7.901051262138026e-07,0
0.14000000059604645,0.13972951471805573,-0.08429748564958572,-6.860007459863482e-07,0
0.15000000596046448,0.14968779683113098,-0.0903087630867958,-6.858043661850388e-07,0
0.1599999964237213,0.15964283049106598,-0.09631858766078949,-6.40666314666305e-07,0
0.17000000178813934,0.16959454119205475,-0.10232693701982498,6.385179744938796e-07,0
0.18000000715255737,0.17954285442829132,-0.10833379626274109,-6.386903805832844e-07,0
0.1899999976158142,0.18948772549629211,-0.11433912068605423,6.471932465501595e-07,0
0.20000000298023224,0.19942906498908997,-0.12034289538860321,6.732315682711487e-07,0
0.20999999344348907,0.2093668133020401,-0.12634508311748505,6.798592835366435e-07,0
0.2199999988079071,0.21930089592933655,-0.13234566152095795,6.733377517775807e-07,0
0.23000000417232513,0.22923122346401215,-0.13834457099437714,6.722142984472157e-07,0
0.23999999463558197,0.23915770649909973,-0.14434181153774261,7.665650514354638e-07,0
0.25,0.24908028542995453,-0.1503373235464096,7.52379833102168e-07,0
0.25999999046325684,0.258998841047287,-0.15633106231689453,7.800143748681876e-07,0
0.27000001072883606,0.26891326904296875,-0.1623230129480362,8.409595011471538e-07,0
0.2800000011920929,0.27882352471351624,-0.16831310093402863,8.546923027097364e-07,0
0.28999999165534973,0.2887294292449951,-0.17430131137371063,8.277668257505866e-07,0
0.30000001192092896,0.29863089323043823,-0.18028756976127625,9.341322311229305e-07,0
0.3100000023841858,0.3085278272628784,-0.18627183139324188,9.846805824054172e-07,0
0.3199999928474426,0.31842008233070374,-0.19225406646728516,9.910614835462184e-07,0
0.33000001311302185,0.32830750942230225,-0.1982341706752777,1.023739514494082e-06,0
0.3400000035762787,0.3381899893283844,-0.20421212911605835,1.1735245664112881e-06,0
0.3499999940395355,0.34806737303733826,-0.2101878523826599,1.3636409619266487e-06,0
0.36000001430511475,0.3579395115375519,-0.21616126596927643,1.4710862217270915e-06,0
0.3700000047683716,0.36780619621276855,-0.22213231027126312,1.6907328870274796e-06,0
0.3799999952316284,0.37766727805137634,-0.22810091078281403,1.9542601705779816e-06,0
0.38999998569488525,0.38752254843711853,-0.23406696319580078,2.2182934742431826e-06,0
0.4000000059604645,0.3973717987537384,-0.24003039300441742,2.578610803993797e-06,0
0.4099999964237213,0.40721485018730164,-0.2459910809993744,2.7983618906546326e-06,0
0.41999998688697815,0.41705143451690674,-0.2519489526748657,3.044470048507719e-06,0
0.4300000071525574,0.4268812835216522,-0.2579038739204407,3.386879768640938e-06,0
0.4399999976158142,0.43670418858528137,-0.2638557553291321,3.799256120373684e-06,0
0.44999998807907104,0.44651979207992554,-0.2698044180870056,4.221414371841092e-06,0
0.46000000834465027,0.4563278257846832,-0.2757497727870941,4.658918356881259e-06,0
0.4699999988079071,0.4661279618740082,-0.28169164061546326,5.176270832407681e-06,0
0.47999998927116394,0.47591981291770935,-0.2876298427581787,5.710333084607555e-06,0
0.49000000953674316,0.4857029616832733,-0.29356423020362854,6.306144911150113e-06,0
0.5,0.4954770505428314,-0.29949456453323364,6.922521123442493e-06,0
0.5099999904632568,0.5052415728569031,-0.3054206967353821,7.609655455098618e-06,0
0.5199999809265137,0.5149960517883301,-0.31134232878685,8.368984850903871e-06,0
0.5299999713897705,0.5247399210929871,-0.317259281873703,9.194972932391465e-06,0
0.5400000214576721,0.5344725847244263,-0.3231711983680725,1.005470653581142e-05,0
0.550000011920929,0.5441934466362,-0.3290778398513794,1.1012988181846595e-05,0
0.5600000023841858,0.553901731967926,-0.3349788188934326,1.206188159130761e-05,0
0.5699999928474426,0.5635966658592224,-0.3408738076686859,1.3167851733442149e-05,0
0.5799999833106995,0.573277473449707,-0.34676238894462585,1.437460574038596e-05,0
0.5899999737739563,0.5829430818557739,-0.3526441156864166,1.5697866047048592e-05,0
0.6000000238418579,0.5925925970077515,-0.35851848125457764,1.7171658811321322e-05,0
0.6100000143051147,0.6022248268127441,-0.3643849194049835,1.866333019506783e-05,0
0.6200000047683716,0.6118384003639221,-0.3702428340911865,2.032112232086547e-05,0
0.6299999952316284,0.6214320659637451,-0.37609153985977173,2.2087151421601448e-05,0
0.6399999856948853,0.6310041546821594,-0.38193029165267944,2.3977876992375968e-05,0
0.6499999761581421,0.6405529975891113,-0.38775819540023804,2.604730525490595e-05,0
0.6600000262260437,0.6500765681266785,-0.3935743272304535,2.82676646179425e-05,0
0.6700000166893005,0.6595727801322937,-0.39937758445739746,3.064977460098817e-05,0
0.6800000071525574,0.6690391898155212,-0.40516674518585205,3.3113909807980235e-05,0
0.6899999976158142,0.6784730553627014,-0.4109404981136322,3.58281570811414e-05,0
0.699999988079071,0.6878713369369507,-0.41669729351997375,3.867711376415173e-05,0
0.7099999785423279,0.6972305774688721,-0.42243534326553345,4.180395717412466e-05,0
0.7200000286102295,0.7065469622612,-0.42815276980400085,4.503748482420633e-05,0
0.7300000190734863,0.715816080570221,-0.4338472783565521,4.853699277873602e-05,0
0.7400000095367432,0.7250330448150635,-0.4395163655281067,5.224371363965474e-05,0
0.75,0.7341923713684082,-0.4451572299003601,5.62455616659463e-05,0
0.7599999904632568,0.7432878017425537,-0.4507666230201721,6.0551805916020385e-05,0
0.7699999809265137,0.7523123025894165,-0.45634087920188904,6.523341721731413e-05,0
0.7799999713897705,0.761258065700531,-0.46187591552734375,7.039416095722117e-05,0
0.7900000214576721,0.7701161503791809,-0.4673670828342438,7.612173033066938e-05,0
0.800000011920929,0.778876781463623,-0.47280919551849365,8.264999797802375e-05,0
0.8100000023841858,0.7875289916992188,-0.47819647192955017,9.003345991231981e-05,0
0.8199999928474426,0.7960606813430786,-0.4835225045681,9.863446820190802e-05,0
0.8299999833106995,0.8044586777687073,-0.48878026008605957,0.00010854114822222982,0
0.8399999737739563,0.8127085566520691,-0.49396201968193054,0.00011999769606063637,0
0.8500000238418579,0.8207950592041016,-0.49905964732170105,0.00013308622129670766,0
0.8600000143051147,0.8287020325660706,-0.5040644407272339,0.00014766760625661846,0
0.8700000047683716,0.8364128470420837,-0.508967399597168,0.00016359447283775808,0
0.8799999952316284,0.8439106941223145,-0.5137594938278198,0.00018015413434113725,0
0.8899999856948853,0.8511791825294495,-0.5184318423271179,0.00019628504361435262,0
0.8999999761581421,0.8582026958465576,-0.5229759812355042,0.00021074154858524707,0
0.9100000262260437,0.8649671673774719,-0.5273844003677368,0.00022226115794410362,0
0.9200000166893005,0.871460497379303,-0.5316506624221802,0.00022919945365629246,0
0.9300000071525574,0.8776732087135315,-0.5357697010040283,0.0002313021756776834,0
0.9399999976158142,0.8835987448692322,-0.5397379994392395,0.0002358152719921236,4
0.949999988079071,0.8892338871955872,-0.5435551404953003,0.0002175062444393916,8
0.9599999785423279,0.8945780396461487,-0.54721999168396,0.00020700140868257222,10
0.9700000286102295,0.8996343612670898,-0.550734281539917,0.00019110706466562988,12
0.9800000190734863,0.9044084548950195,-0.5541034936904907,0.00014646047128508144,12
0.9900000095367432,0.9089081883430481,-0.5573312640190125,0.00011718427214191252,14
1.0,0.9131437540054321,-0.5604238510131836,0.00020307758859416936,16
1.0099999904632568,0.9171268939971924,-0.56340092420578,2.099931276688949e-05,16
1.0199999809265137,0.9215161204338074,-0.5667338967323303,1.392151375512185e-06,18
1.0299999713897705,0.9249925017356873,-0.5694459080696106,4.912792064715177e-05,18
1.0399999618530273,0.9282569289207458,-0.5720570683479309,-3.40697508249832e-05,20
1.0499999523162842,0.9313228726387024,-0.5745728015899658,-7.897931175193662e-05,20
1.059999942779541,0.934203565120697,-0.5770021677017212,-7.482633850486309e-05,20
1.0700000524520874,0.9369110465049744,-0.579352080821991,-9.303693582296546e-05,21
1.0800000429153442,0.9394574761390686,-0.5816300511360168,-0.00010848460692614026,22
1.090000033378601,0.9418540000915527,-0.5838431715965271,-0.00012305188619166074,23
1.100000023841858,0.9441112279891968,-0.5859979391098022,-0.000140550608648482,23
1.1100000143051147,0.9462389945983887,-0.5881009697914124,-0.00024707835126491773,23
1.1200000047683716,0.9482463598251343,-0.5901633501052856,-1.7812326632338227e-05,24
1.1299999952316284,0.9501497745513916,-0.5921684503555298,2.091159302608503e-05,25
1.1399999856948853,0.9519534111022949,-0.5941634774208069,-0.00017015395161479319,25
1.149999976158142,0.9536480903625488,-0.5961093306541443,-0.00016710419168930457,25
1.159999966621399,0.9552530646324158,-0.5980269312858582,-0.00018727945058572004,30
1.1699999570846558,0.9567747116088867,-0.5999210476875305,-0.00017721117603741732,33
1.1799999475479126,0.9582185745239258,-0.6017945408821106,-0.00018795867424614698,35
1.190000057220459,0.9595900774002075,-0.6036512851715088,-0.00017533908999212144,36
1.2000000476837158,0.9608940482139587,-0.6054943799972534,-0.00018772489215734822,38
1.2100000381469727,0.9621350169181824,-0.6073262095451355,-0.0001921892625205146,39
1.2200000286102295,0.9633170962333679,-0.609150230884552,-0.0001746900433090559,41
1.2300000190734863,0.9644439816474915,-0.6109683513641357,-0.00018216893232647635,42
1.2400000095367432,0.965519368648529,-0.6127826571464539,-0.00031889377839888766,42
1.25,0.9665464758872986,-0.6145963072776794,0.00047543300797769916,44
1.2599999904632568,0.967568039894104,-0.6164851784706116,-0.0001758785310244093,45
1.2699999809265137,0.9685056805610657,-0.6183012127876282,-0.00017087998935494397,46
1.2799999713897705,0.9694033861160278,-0.6201212406158447,-0.00017603187217218874,48
1.2899999618530273,0.9702636003494263,-0.6219465732574463,-2.32578241821102e-06,51
1.2999999523162842,0.9710894823074341,-0.6237819790840149,-0.00016829509922899888,54
1.309999942779541,0.9718812108039856,-0.6256229877471924,-1.4165630091156345e-06,56
1.3200000524520874,0.9726415276527405,-0.627474308013916,-7.997609372978332e-06,59
1.3300000429153442,0.9733740091323853,-0.6293390989303589,6.942740753856924e-06,60
1.340000033378601,0.9740779399871826,-0.6312149167060852,-1.1880928809659963e-06,61
1.350000023841858,0.9747544527053833,-0.6331006288528442,-1.3204080460127443e-06,61
1.3600000143051147,0.9754060506820679,-0.6350007653236389,1.909260276988789e-06,65
1.3700000047683716,0.9760339260101318,-0.6369147896766663,6.364477405895741e-05,68
1.3799999952316284,0.9767656922340393,-0.6392583250999451,-0.00015573487456777002,70
1.3899999856948853,0.9773457050323486,-0.6412080526351929,-0.00016116043872216324,72
1.399999976158142,0.9779057502746582,-0.6431751251220703,-3.1932781951127254e-05,76
1.409999966621399,0.9784470200538635,-0.6451618671417236,-0.0006216063927695359,78
1.4199999570846558,0.9789702892303467,-0.6471612453460693,8.414358183017612e-05,83
1.4299999475479126,0.9794765114784241,-0.6491910219192505,4.811926601178129e-06,83
1.4306249618530273,0.9794813394546509,-0.6492103934288025,5.917285704981623e-06,83
1.4315625429153442,0.9794907569885254,-0.6492488980293274,3.263538752662498e-05,83
1.4329687356948853,0.9795053005218506,-0.649310290813446,8.530993318345281e-05,83
1.4350781440734863,0.9795215725898743,-0.6493830680847168,-2.239129457848321e-06,83
1.4382421970367432,0.9795318841934204,-0.6494373679161072,-2.4841568802003167e-06,84
1.4429882764816284,0.9795363545417786,-0.6494755148887634,-1.2938222084812878e-06,84
1.450107455253601,0.9795361161231995,-0.649505615234375,-2.175993358832784e-06,84
1.460107445716858,0.9795300364494324,-0.6495274305343628,-2.2019098082637356e-06,84
1.4701074361801147,0.979519784450531,-0.6495351195335388,-2.4603871793260623e-06,84
1.4801074266433716,0.9795061945915222,-0.6495318412780762,-2.7257701162852754e-06,84
1.4901074171066284,0.9794895052909851,-0.6495189666748047,-3.008368253176741e-06,84
1.5001074075698853,0.9794701337814331,-0.6494974493980408,-3.5055890066360007e-06,84
1.510107398033142,0.9794482588768005,-0.6494680643081665,-4.524303733433044e-06,84
1.520107388496399,0.9794239401817322,-0.6494312882423401,-5.806778858641337e-06,84
1.5301073789596558,0.9793974757194519,-0.649387776851654,-6.018572150878754e-06,84
1.5401073694229126,0.9793689250946045,-0.6493382453918457,3.35990640678574e-05,84
1.550107479095459,0.979338526725769,-0.6492863893508911,0.000317345566656968,84
1.5601074695587158,0.9793201684951782,-0.6493232250213623,0.00020438300725800218,84
1.5701074600219727,0.9793195724487305,-0.6493708491325378,0.00010240609839229364,84
1.5801074504852295,0.9793152213096619,-0.6494024991989136,5.289800805030609e-05,84
1.5901074409484863,0.9793067574501038,-0.6494195461273193,2.4093152887871838e-05,84
1.6001074314117432,0.9792943000793457,-0.6494234204292297,6.110098979661416e-06,84
1.610107421875,0.9792782664299011,-0.6494153141975403,9.284559041589091e-06,84
1.6201074123382568,0.9792589545249939,-0.6493961215019226,2.1398917567694298e-05,84
1.6301074028015137,0.9792366623878479,-0.6493663787841797,3.510622951807818e-05,84
1.6401073932647705,0.9792115688323975,-0.6493262648582458,5.207790712802307e-05,83
1.6501073837280273,0.9791839122772217,-0.6492756009101868,7.389092479570536e-05,83
1.6601073741912842,0.9791537523269653,-0.6492137312889099,0.00010354064193052182,83
1.670107364654541,0.9791213274002075,-0.6491395831108093,0.0001446447537887252,83
1.6801074743270874,0.9790867567062378,-0.6490514874458313,7.587764184791013e-05,83
1.6901074647903442,0.97905033826828,-0.6489452123641968,0.0001050978452212803,83
1.700107455253601,0.979012131690979,-0.648820161819458,0.0001559182213668464,84
1.710107445716858,0.9789726734161377,-0.648670494556427,9.612647971835031e-05,84
1.7201074361801147,0.978932797908783,-0.6484880447387695,0.00013616412076089546,84
1.7301074266433716,0.978893518447876,-0.648269772529602,0.00017607810087838516,84
1.7401074171066284,0.9788569211959839,-0.6480110287666321,0.0001848042613232792,84
1.7501074075698853,0.9788250923156738,-0.6477163434028625,0.00014704800059917034,84
1.760107398033142,0.9787997007369995,-0.6473997831344604,8.932818724360914e-05,84
1.770107388496399,0.9787807464599609,-0.6470775604248047,0.0002031809892741876,84
1.7801073789596558,0.9787670373916626,-0.6467611193656921,0.00011253697670099427,84
1.7901073694229126,0.9787579774856567,-0.646454930305481,5.347209662431851e-05,84
1.800107479095459,0.9787521958351135,-0.6461613178253174,0.00032907653195479725,84
1.8101074695587158,0.9787487983703613,-0.645880401134491,0.00020120742232165867,84
1.8201074600219727,0.9787477254867554,-0.645612359046936,9.677182328005074e-05,84
1.8301074504852295,0.9787483811378479,-0.6453571915626526,-3.480558439150627e-05,84
1.8401074409484863,0.9787505865097046,-0.6451155543327332,-0.00010232067467086381,84
1.8501074314117432,0.9787541627883911,-0.6448891162872314,-0.00025574061038469154,84
1.860107421875,0.9787592887878418,-0.644680917263031,-0.0005505935003498053,84
1.8701074123382568,0.978766143321991,-0.6444963216781616,0.0003177742226512237,84
1.8801074028015137,0.9787758588790894,-0.6443508863449097,-0.0001431568294947283,83
1.8901073932647705,0.9787876605987549,-0.644252359867096,-0.00016445571185386143,83
1.9001073837280273,0.9788030385971069,-0.6442333459854126,0.0001522089369814239,83
1.9101073741912842,0.9788201451301575,-0.6443010568618774,0.00018543512294399989,83
1.920107364654541,0.9788374304771423,-0.6444284319877625,-7.738524180922468e-05,83
1.9301074743270874,0.9788550138473511,-0.6446012854576111,0.0002756257062515033,83
1.9401074647903442,0.9788729548454285,-0.6448085308074951,0.00019113739375598016,83
1.950107455253601,0.9788907170295715,-0.645035445690155,0.00011896305198888513,83
1.960107445716858,0.9789084792137146,-0.6452764868736267,6.73738786076683e-05,82
1.9701074361801147,0.9789263606071472,-0.6455273628234863,3.603949539865425e-05,82
1.9801074266433716,0.9789443612098694,-0.6457853317260742,-4.735932816402055e-05,82
1.9901074171066284,0.9789627194404602,-0.646048367023468,-8.286733697104864e-05,82
2.000107526779175,0.9789814949035645,-0.6463150382041931,-0.0001267455680817875,82
2.0101075172424316,0.9790008664131165,-0.6465840935707092,-0.00018103015753467844,82
2.0201075077056885,0.979020893573761,-0.6468542814254761,-0.00024812028880205617,82
2.0301074981689453,0.9790418148040771,-0.6471242308616638,-0.0003299057227081903,82
2.040107488632202,0.9790637493133545,-0.6473922729492188,-0.00042729263896035263,82
2.050107479095459,0.9790867567062378,-0.6476565003395081,-0.0005385551781387221,82
2.060107469558716,0.9791109561920166,-0.6479144096374512,-0.0001810644416195828,82
2.0701074600219727,0.9791359305381775,-0.6481645703315735,-7.982031615938467e-05,82
2.0801074504852295,0.9791622161865234,-0.6484021544456482,-0.0001239120541072225,82
2.0901074409484863,0.9791898131370544,-0.6486233472824097,-8.209920542867621e-05,83
2.100107431411743,0.9792187809944153,-0.6488247513771057,-7.538028893350202e-05,83
2.110107421875,0.9792502522468567,-0.6489921808242798,-0.003937543709014335,84
2.120107412338257,0.9792413115501404,-0.6485607028007507,0.0002344064868680107,84
2.1301074028015137,0.9792283773422241,-0.6483393311500549,0.00012947023896003884,83
2.1401073932647705,0.9792079329490662,-0.6481180191040039,0.00010199494448670521,83
2.1501073837280273,0.9791857600212097,-0.647882342338562,8.335789630109502e-05,83
2.160107374191284,0.979162335395813,-0.6476327776908875,0.00040709451428710963,83
2.170107364654541,0.9791381359100342,-0.6473714113235474,0.0003760895629625338,83
2.180107355117798,0.9791140556335449,-0.6470992565155029,0.00033732864176272415,83
2.1901073455810547,0.9790902733802795,-0.6468192338943481,0.00029804376873698857,84
2.2001073360443115,0.9790670275688171,-0.6465336084365845,0.0002595402036718042,84
2.2101073265075684,0.9790444374084473,-0.6462444067001343,0.00022317903665225458,85
2.220107316970825,0.9790226817131042,-0.6459531784057617,0.00018989917765566133,85
2.230107307434082,0.9790017008781433,-0.6456612348556519,0.00016048666265078282,85
2.240107536315918,0.9789813756942749,-0.6453694701194763,0.0001348166842376486,85
2.250107526779175,0.9789617657661438,-0.6450784802436829,0.00011306837234315026,85
2.2601075172424316,0.9789426922798157,-0.6447887420654297,9.461837436219867e-05,85
2.2701075077056885,0.9789241552352905,-0.6445005536079407,7.901486759465115e-05,85
2.2801074981689453,0.978905975818634,-0.6442140936851501,6.589102338239172e-05,85
2.290107488632202,0.9788880944252014,-0.6439295411109924,5.5022595859099965e-05,85
2.300107479095459,0.9788704514503479,-0.6436470746994019,4.5932268790238595e-05,85
2.310107469558716,0.9788530468940735,-0.6433666944503784,3.810597644360314e-05,85
2.3201074600219727,0.9788357019424438,-0.6430886387825012,3.14615299430443e-05,85
2.3301074504852295,0.9788184762001038,-0.6428130269050598,2.5897674788666336e-05,85
2.3401074409484863,0.9788012504577637,-0.6425400376319885,2.0955550724011118e-05,85
2.350107431411743,0.9787840247154236,-0.6422699689865112,1.6711633520571922e-05,85
2.360107421875,0.9787667989730835,-0.642003059387207,1.2828549927235144e-05,85
2.370107412338257,0.9787495136260986,-0.6417396664619446,9.479272932821914e-06,85
2.3801074028015137,0.978732168674469,-0.6414803862571716,6.275649809595052e-06,85
2.3901073932647705,0.9787148237228394,-0.6412257552146912,3.381993394668825e-06,85
2.4001073837280273,0.9786974191665649,-0.64097660779953,-3.8699531046404445e-06,85
2.410107374191284,0.9786800742149353,-0.6407337188720703,-5.307536468990293e-06,85
2.420107364654541,0.9786627888679504,-0.640498161315918,-6.561397583482176e-06,85
2.430107355117798,0.9786456227302551,-0.640271008014679,-7.681489421429433e-06,85
2.4401073455810547,0.9786286950111389,-0.6400533318519592,-8.469660372156795e-06,85
2.4501073360443115,0.9786121249198914,-0.6398459076881409,-9.228529449956113e-06,85
2.4601073265075684,0.9785959124565125,-0.6396493911743164,-9.487688998888189e-06,85
2.470107316970825,0.9785801768302917,-0.6394638419151306,-9.402737816799345e-06,85
2.480107307434082,0.9785648584365845,-0.6392890214920044,-9.433683885617938e-06,85
2.490107536315918,0.9785498976707458,-0.6391244530677795,-9.862363242518768e-06,85
2.500107526779175,0.9785351157188416,-0.6389695405960083,-1.1604318160607363e-05,85
2.5101075172424316,0.978520393371582,-0.6388239860534668,-1.5251718650688417e-05,85
2.5201075077056885,0.9785054922103882,-0.6386882066726685,-2.038043703578296e-05,85
2.5301074981689453,0.9784903526306152,-0.6385630965232849,-2.714357714239668e-05,85
2.540107488632202,0.9784748554229736,-0.6384508609771729,-3.550991402789805e-05,85
2.550107479095459,0.9784590601921082,-0.6383544206619263,-4.339692088706215e-05,85
2.560107469558716,0.9784430861473083,-0.6382772326469421,-4.7832910183842614e-05,85
2.5701074600219727,0.9784271121025085,-0.6382221579551697,-4.600251401143396e-05,85
2.5801074504852295,0.9784114956855774,-0.638190507888794,-3.8599769027314323e-05,85
2.5901074409484863,0.9783962965011597,-0.6381813287734985,-2.846068508688404e-05,85
2.600107431411743,0.9783817529678345,-0.6381917595863342,-1.8734616105575697e-05,85
2.610107421875,0.9783677458763123,-0.6382182240486145,-1.0771215897875663e-05,85
2.620107412338257,0.978354275226593,-0.6382569670677185,-5.931751047683065e-06,86
2.6301074028015137,0.9783412218093872,-0.6383047103881836,-1.6804150391180883e-06,86
2.6401073932647705,0.9783284664154053,-0.6383587718009949,3.5928823081121664e-06,86
2.6501073837280273,0.978316068649292,-0.6384166479110718,6.406614886600437e-06,86
2.660107374191284,0.978303849697113,-0.6384763717651367,9.434644141492754e-06,86
2.670107364654541,0.978291928768158,-0.6385362148284912,1.2617005154424987e-05,86
2.680107355117798,0.978280246257782,-0.6385946273803711,1.641341015101716e-05,86
2.6901073455810547,0.9782689213752747,-0.6386503577232361,2.1226534897778038e-05,86
2.7001073360443115,0.9782580733299255,-0.6387019157409668,2.771603169549053e-05,86
2.7101073265075684,0.9782477617263794,-0.6387481689453125,3.673134159498659e-05,86
2.720107316970825,0.9782382249832153,-0.6387877464294434,4.906399936999151e-05,86
2.730107307434082,0.9782296419143677,-0.6388193368911743,6.730371330831986e-05,86
2.740107536315918,0.9782223105430603,-0.638841450214386,9.658145324920042e-05,86
2.750107526779175,0.9782163500785828,-0.6388518214225769,0.00015978837814145663,86
2.7601075172424316,0.9782119393348694,-0.6388453841209412,0.00010610101247721104,86
2.7701075077056885,0.9782081246376038,-0.638774573802948,0.003971608404526705,87
2.7801074981689453,0.9782577753067017,-0.6401400566101074,-4.960295996170316e-06,87
2.790107488632202,0.9782688617706299,-0.6403930187225342,-7.394964768536738e-06,87
2.800107479095459,0.9782811403274536,-0.6406479477882385,-9.8132670132145e-06,87
2.810107469558716,0.9782939553260803,-0.640903115272522,-1.2322140833020967e-05,87
2.8201074600219727,0.9783072471618652,-0.641157865524292,-1.5110231970538734e-05,87
2.8301074504852295,0.9783207178115845,-0.6414114236831665,-1.8034550521406345e-05,87
2.8401074409484863,0.978334367275238,-0.6416631937026978,-2.1055680633708107e-05,87
2.850107431411743,0.978347897529602,-0.641912579536438,-2.4358546966141148e-05,87
2.860107421875,0.978361189365387,-0.6421592235565186,-2.7696327776993712e-05,87
2.870107412338257,0.9783741235733032,-0.6424028873443604,-3.1244890919879253e-05,87
2.8801074028015137,0.9783865809440613,-0.6426435112953186,-3.486503317162715e-05,87
2.8901073932647705,0.9783985018730164,-0.6428810954093933,-3.879609784007698e-05,87
2.9001073837280273,0.9784097671508789,-0.6431158781051636,-4.303235004954331e-05,87
2.910107374191284,0.9784203767776489,-0.6433481574058533,-4.800902331680845e-05,87
2.920107364654541,0.9784303307533264,-0.6435782313346863,-5.389448472215008e-05,87
2.930107355117798,0.9784396290779114,-0.643806517124176,-6.10087830636985e-05,87
2.9401073455810547,0.9784482717514038,-0.6440334320068359,-6.992013248918738e-05,87
2.9501073360443115,0.9784562587738037,-0.6442594528198242,-8.15823885318423e-05,87
2.9601073265075684,0.9784636497497559,-0.6444849967956543,-9.738987807850208e-05,87
2.970107316970825,0.9784704446792603,-0.6447106003761292,-0.00011973762048000935,87
2.980107307434082,0.9784767627716064,-0.6449368000030518,-0.00015271470726929692,87
2.990107536315918,0.9784825444221497,-0.6451641321182251,-0.00020413127668916786,87
3.000107526779175,0.9784879684448242,-0.6453933715820312,-0.0002890618779929355,87
3.0101075172424316,0.9784930944442749,-0.6456253528594971,-0.0004403782317012883,88
3.0201075077056885,0.978498101234436,-0.6458615660667419,-0.0007358167755455725,88
3.0301074981689453,0.978503406047821,-0.6461048126220703,-0.000330574881161283,88
3.040107488632202,0.9785084128379822,-0.6463594436645508,-0.00019713869045290267,88
3.050107479095459,0.9785163402557373,-0.6466470956802368,-0.0001622202203748202,88
3.060107469558716,0.9785519242286682,-0.6470502614974976,-9.396813123885295e-05,87
3.0701074600219727,0.9786459803581238,-0.6474031209945679,-4.9196692202713166e-05,87
3.0801074504852295,0.9787418842315674,-0.6476985216140747,-1.4306173625300289e-05,87
3.0901074409484863,0.97883540391922,-0.6479799747467041,-4.675974480505829e-06,87
3.100107431411743,0.978926420211792,-0.6482532024383545,-2.0962955886716372e-06,87
3.110107421875,0.9790148735046387,-0.6485199928283691,-1.153655830421485e-06,87
3.120107412338257,0.9791008234024048,-0.6487810015678406,-7.392758902824426e-07,88
3.1301074028015137,0.9791842103004456,-0.6490363478660583,-5.690373541256122e-07,88
3.1401073932647705,0.979265034198761,-0.6492859125137329,-3.6153113569525885e-07,88
3.1501073837280273,0.9793433547019958,-0.6495296955108643,-3.634199288171658e-07,88
3.160107374191284,0.9794190526008606,-0.6497675776481628,-3.891034339176258e-07,88
3.170107364654541,0.9794921278953552,-0.64999920129776,-4.168907707935432e-07,88
3.180107355117798,0.9795626401901245,-0.650224506855011,3.217492121621035e-07,88
3.1901073455810547,0.9796304106712341,-0.6504430770874023,-3.5628931982500944e-07,88
3.2001073360443115,0.9796954989433289,-0.650654673576355,-3.436707629589364e-07,88
3.2101073265075684,0.9797578454017639,-0.6508589386940002,3.373170329723507e-07,88
3.220107316970825,0.9798173308372498,-0.6510553956031799,-3.4150934880017303e-07,88
3.230107307434082,0.9798739552497864,-0.6512436866760254,3.509035195747856e-07,88
3.240107536315918,0.9799275994300842,-0.6514233946800232,-3.2792240745038725e-07,88
3.250107526779175,0.9799782037734985,-0.6515939235687256,-3.561924586392706e-07,88
3.2601075172424316,0.9800257086753845,-0.6517548561096191,-4.844678755944187e-07,87
3.2701075077056885,0.9800699949264526,-0.6519056558609009,-3.662146355054574e-07,87
3.2801074981689453,0.9801109433174133,-0.652045726776123,-4.0341649309993954e-07,87
3.290107488632202,0.9801485538482666,-0.6521745920181274,-3.648100914688257e-07,88
3.300107479095459,0.9801826477050781,-0.6522916555404663,-4.2807215550055844e-07,88
3.310107469558716,0.9802131652832031,-0.6523964405059814,-4.0298425574292196e-07,88
3.3201074600219727,0.980239987373352,-0.6524884700775146,-4.861211095885665e-07,88
3.3301074504852295,0.9802630543708801,-0.6525673270225525,-5.988722477923147e-07,88
3.3401074409484863,0.9802823662757874,-0.6526325941085815,-8.044737569434801e-07,88
3.350107431411743,0.9802978038787842,-0.6526840925216675,-1.1830272228507965e-06,88
3.360107421875,0.9803094267845154,-0.6527219414710999,-2.0675086034316337e-06,88
3.370107412338257,0.9803176522254944,-0.6527477502822876,-1.022466267386335e-05,88
3.3801074028015137,0.9803282618522644,-0.6527870893478394,-0.0005133584558052462,88
3.3901073932647705,0.9803140759468079,-0.6527191400527954,-0.000177773528889702,88
3.4001073837280273,0.9803093671798706,-0.6526982188224792,-0.0001691900467335472,88
3.410107374191284,0.980299711227417,-0.6526583433151245,-0.00021390768984019815,88
3.420107364654541,0.9802858829498291,-0.6526029706001282,7.985886441019829e-07,88
3.430107355117798,0.9802679419517517,-0.6525329947471619,7.24440440080798e-07,88
3.4401073455810547,0.9802461862564087,-0.6524488925933838,6.331674740067683e-07,88
3.4501073360443115,0.9802206158638,-0.6523512601852417,5.654565597978944e-07,88
3.4601073265075684,0.9801912903785706,-0.652240514755249,5.94945959164761e-07,88
3.470107316970825,0.9801583886146545,-0.6521171927452087,6.722866601194255e-07,87
3.480107307434082,0.980121910572052,-0.6519818305969238,6.495557727248524e-07,87
3.490107536315918,0.9800820350646973,-0.6518348455429077,1.2914777585137927e-06,87
3.500107526779175,0.9800388216972351,-0.6516768336296082,3.403580592475919e-06,88
3.5101075172424316,0.9799923896789551,-0.6515080332756042,2.1003395715979423e-05,88
3.5201075077056885,0.9799429178237915,-0.6513281464576721,9.451480616462504e-05,88
3.5301074981689453,0.9798946380615234,-0.6511397957801819,-0.0005233808132061313,88
3.540107488632202,0.9798831939697266,-0.6510624885559082,1.54025741494479e-06,88
3.550107479095459,0.9798775315284729,-0.6510146856307983,1.2436233305379574e-06,88
3.560107469558716,0.9798713326454163,-0.6509685516357422,5.61063359327818e-07,88
3.5701074600219727,0.9798637628555298,-0.6509213447570801,3.920333710993873e-07,88
3.5801074504852295,0.9798545241355896,-0.6508719325065613,-2.902829692175146e-07,88
3.5901074409484863,0.9798434376716614,-0.6508195996284485,3.1071954254002776e-07,88
3.600107431411743,0.9798303246498108,-0.6507636308670044,-3.69197209693084e-07,88
3.610107421875,0.9798150062561035,-0.6507031917572021,-4.150702466176881e-07,89
3.620107412338257,0.97979736328125,-0.6506377458572388,-4.3006889427488204e-07,89
3.6301074028015137,0.9797772765159607,-0.6505664587020874,-4.6047938440096914e-07,89
3.6401073932647705,0.9797544479370117,-0.6504886150360107,-5.162517595636018e-07,89
3.6501073837280273,0.9797287583351135,-0.6504033803939819,-6.40699795440014e-07,89
3.660107374191284,0.979699969291687,-0.6503099203109741,-7.3707900583031e-07,89
3.670107364654541,0.9796679019927979,-0.6502072811126709,-7.601761353726033e-07,89
3.680107355117798,0.9796321988105774,-0.6500945687294006,-8.916822480387054e-07,89
3.6901073455810547,0.9795927405357361,-0.6499708294868469,-1.0165692856389796e-06,89
3.7001073360443115,0.97954922914505,-0.649834930896759,-1.187599252716609e-06,89
3.7101073265075684,0.9795013666152954,-0.6496859192848206,-1.30003689946534e-06,89
3.720107316970825,0.9794489741325378,-0.6495229601860046,-1.5658492884540465e-06,89
3.730107307434082,0.979391872882843,-0.6493452787399292,-1.720512898373272e-06,89
3.740107536315918,0.9793300628662109,-0.649152398109436,-1.9222138121222088e-06,89
3.750107526779175,0.9792634844779968,-0.6489443778991699,-2.2454274812844233e-06,89
3.7601075172424316,0.9791924953460693,-0.6487217545509338,-2.363259113735694e-06,89
3.7701075077056885,0.9791173934936523,-0.6484857201576233,-2.7266669917480613e-06,88
3.7801074981689453,0.9790387749671936,-0.6482377648353577,-2.937506337730156e-06,89
3.790107488632202,0.9789571762084961,-0.6479800343513489,-3.4994552038369875e-06,89
3.800107479095459,0.9788733720779419,-0.6477144956588745,-4.272298838259303e-06,89
3.810107469558716,0.9787878394126892,-0.6474431157112122,-6.396390290319687e-06,89
3.8201074600219727,0.9787011742591858,-0.6471673846244812,-1.2337750831648009e-05,89
3.8301074504852295,0.9786136746406555,-0.6468883156776428,-3.175681274569797e-05,88
3.8401074409484863,0.978525698184967,-0.6466056704521179,0.0001194658149188399,88
3.850107431411743,0.9784374237060547,-0.6463149785995483,3.072363659839539e-05,88
3.852607488632202,0.9784156084060669,-0.6462298035621643,3.5695783310529805e-05,88
3.855107307434082,0.9783941507339478,-0.6461379528045654,4.1604976672715566e-05,88
3.857607364654541,0.9783753752708435,-0.6460173726081848,4.962151223253386e-05,88
3.859482526779175,0.9783669114112854,-0.6459094882011414,4.357168279511825e-05,88
3.860888719558716,0.9783635139465332,-0.6458340287208557,2.4832070323554944e-05,88
3.861943244934082,0.9783619046211243,-0.6457825303077698,3.676505519933926e-05,88
3.8629980087280273,0.9783605337142944,-0.6457349061965942,2.2823078381861706e-05,88
3.8640527725219727,0.9783595204353333,-0.6456899046897888,2.7646763442135125e-05,88
3.865107536315918,0.9783585667610168,-0.6456471681594849,3.994676120555596e-05,88
3.866162061691284,0.97835773229599,-0.6456062197685242,2.906698193783086e-05,88
3.8672168254852295,0.9783570170402527,-0.6455666422843933,2.106092381382041e-05,88
3.868271589279175,0.9783564209938049,-0.645528256893158,4.181145436632505e-05,88
3.869326114654541,0.9783557653427124,-0.645490825176239,3.34541831534807e-05,88
3.8703808784484863,0.9783552289009094,-0.6454542279243469,2.6538890438132512e-05,88
3.8714356422424316,0.9783547520637512,-0.6454183459281921,2.120190407595146e-05,88
3.872490167617798,0.9783542156219482,-0.6453831195831299,6.10360772839158e-05,88
3.873544931411743,0.9783536791801453,-0.6453482508659363,5.333101205451385e-05,88
3.8745996952056885,0.9783532619476318,-0.6453140377998352,6.44614511884356e-05,88
3.8761816024780273,0.9783526062965393,-0.6452633142471313,7.142462789033743e-05,88
3.878554582595825,0.9783516526222229,-0.645188570022583,6.918258424093437e-05,88
3.8821141719818115,0.9783502817153931,-0.6450788378715515,5.650022120562426e-05,88
3.887453556060791,0.978348433971405,-0.6449182629585266,0.0004239899190565666,88
3.89546275138855,0.9783453345298767,-0.6446830034255981,0.0003258881085344001,88
3.9054627418518066,0.9783419966697693,-0.6443972587585449,0.00020809221609852102,88
3.9154627323150635,0.9783385992050171,-0.6441172361373901,0.00013957842429590528,88
3.9254627227783203,0.9783349633216858,-0.6438412666320801,9.751669404067798e-05,88
3.935462713241577,0.9783311486244202,-0.6435685157775879,7.01088120536042e-05,88
3.945462703704834,0.978327214717865,-0.6432985663414001,5.14579568289264e-05,88
3.955462694168091,0.9783231019973755,-0.6430310010910034,3.83532668593034e-05,88
3.9654626846313477,0.9783187508583069,-0.6427655816078186,2.8906718341659143e-05,88
3.9754626750946045,0.978314220905304,-0.6425022482872009,2.179926167400481e-05,88
3.9854626655578613,0.9783095121383667,-0.6422408819198608,1.644824095592412e-05,88
3.995462656021118,0.9783046245574951,-0.6419813632965088,1.2643694276448514e-05,88
4.005462646484375,0.9782995581626892,-0.6417236328125,9.808694187540823e-06,88
4.015462875366211,0.978294312953949,-0.6414677500724792,7.451248848155956e-06,88
4.025462627410889,0.9782888293266296,-0.641213595867157,5.614472911474877e-06,88
4.035462856292725,0.9782832264900208,-0.6409611701965332,4.061579886638356e-06,88
4.045462608337402,0.9782773852348328,-0.6407105326652527,2.8699891458927596e-06,88
4.055462837219238,0.9782714247703552,-0.6404616236686707,-2.3061863316797826e-06,88
4.065462589263916,0.9782653450965881,-0.6402145028114319,-3.0605509095948946e-06,88
4.075462818145752,0.9782591462135315,-0.6399691700935364,-3.815338061485818e-06,88
4.08546257019043,0.9782527685165405,-0.6397256851196289,-4.545363537999947e-06,88
4.095462799072266,0.9782463312149048,-0.6394840478897095,-5.1327402843526215e-06,88
4.105462551116943,0.9782398343086243,-0.6392443180084229,-5.739041910146625e-06,88
4.115462779998779,0.978233277797699,-0.6390066146850586,-6.183385266922414e-06,88
4.125462532043457,0.9782266616821289,-0.6387708783149719,-6.782726870824263e-06,88
4.135462760925293,0.9782201051712036,-0.6385373473167419,-7.27153246771195e-06,88
4.145462512969971,0.9782136082649231,-0.6383060216903687,-7.883401451636018e-06,88
4.155462741851807,0.9782071113586426,-0.6380769610404968,-8.4515541516339e-06,88
4.165462493896484,0.9782007932662964,-0.6378504037857056,-8.907595372420474e-06,88
4.17546272277832,0.9781945943832397,-0.6376263499259949,-9.500213536739466e-06,88
4.185462474822998,0.9781886339187622,-0.6374050378799438,-1.0037537265361607e-05,88
4.195462703704834,0.9781829118728638,-0.6371865272521973,-1.0570128324616235e-05,88
4.205462455749512,0.9781774282455444,-0.6369710564613342,-1.1400236985537049e-05,88
4.215462684631348,0.978172242641449,-0.6367586851119995,-1.2042310913784604e-05,88
4.225462436676025,0.9781674146652222,-0.6365496516227722,-1.2701378807378205e-05,88
4.235462665557861,0.978162944316864,-0.6363441348075867,-1.3373200204114255e-05,88
4.245462417602539,0.9781588912010193,-0.6361421942710876,-1.405165380674589e-05,88
4.255462646484375,0.978155255317688,-0.6359440684318542,-1.482926296603182e-05,88
4.265462875366211,0.9781520366668701,-0.6357498168945312,-1.5480939850931463e-05,87
4.275462627410889,0.9781492352485657,-0.6355595588684082,-1.6200336574456742e-05,87
4.285462856292725,0.9781469106674194,-0.6353734135627747,-1.6626854176138295e-05,87
4.295462608337402,0.9781449437141418,-0.6351913213729858,-1.7192761163187242e-05,87
4.305462837219238,0.9781433343887329,-0.6350133419036865,-1.7614439116186986e-05,87
4.315462589263916,0.9781420826911926,-0.6348394155502319,-1.789824727893574e-05,87
4.325462818145752,0.9781410694122314,-0.6346693634986877,-1.813932021832443e-05,87
4.33546257019043,0.9781402945518494,-0.6345030665397644,-1.8106290383457235e-05,87
4.345462799072266,0.9781396985054016,-0.6343403458595276,-1.8153872645143565e-05,87
4.355462551116943,0.9781391620635986,-0.6341809034347534,-1.8028439626505133e-05,87
4.365462779998779,0.9781386256217957,-0.6340245008468628,-1.7534059395529766e-05,87
4.375462532043457,0.9781380891799927,-0.6338707804679871,-1.7250745429464587e-05,87
4.385462760925293,0.9781373739242554,-0.6337195038795471,-1.668308993885148e-05,87
4.395462512969971,0.9781364798545837,-0.6335703134536743,-1.6132552048020443e-05,87
4.405462741851807,0.978135347366333,-0.6334230303764343,-1.5798610945694236e-05,87
4.415462493896484,0.9781339168548584,-0.6332772374153137,-1.5411948311339074e-05,87
4.42546272277832,0.9781321883201599,-0.6331329345703125,-1.500579014646064e-05,87
4.435462474822998,0.9781301021575928,-0.6329898238182068,-1.456748850614531e-05,87
4.445462703704834,0.978127658367157,-0.6328480243682861,-1.4458164855568612e-05,87
4.455462455749512,0.9781248569488525,-0.632707417011261,-1.4361489661496307e-05,87
4.465462684631348,0.9781217575073242,-0.6325681805610657,-1.4233650517780916e-05,87
4.475462436676025,0.9781184196472168,-0.6324304938316345,-1.432868305073498e-05,87
4.485462665557861,0.9781147837638855,-0.6322945356369019,-1.444321145527283e-05,87
4.495462417602539,0.9781109690666199,-0.6321605443954468,-1.478981755553832e-05,87
4.505462646484375,0.9781070351600647,-0.6320289373397827,-1.5104269209587073e-05,87
4.515462875366211,0.97810298204422,-0.6318999528884888,-1.5653104412649554e-05,87
4.525462627410889,0.9780989289283752,-0.6317740678787231,-1.6047779183736566e-05,87
4.535462856292725,0.9780949354171753,-0.6316515803337097,-1.6815164713079866e-05,87
4.545462608337402,0.9780910611152649,-0.6315330266952515,-1.7537562882807833e-05,87
4.555462837219238,0.978087306022644,-0.6314188241958618,-1.849999699743421e-05,87
4.565462589263916,0.9780837297439575,-0.631309449672699,-1.9512667506660364e-05,87
4.575462818145752,0.9780805110931396,-0.6312054991722107,-2.067326664700886e-05,87
4.58546257019043,0.9780775308609009,-0.6311073899269104,-2.207928440611795e-05,87
4.595462799072266,0.9780749678611755,-0.6310158371925354,-2.3421920957389375e-05,87
4.605462551116943,0.9780727624893188,-0.6309312582015991,-2.4862281406967668e-05,87
4.615462779998779,0.9780709743499756,-0.6308542490005493,-2.6481281793167e-05,87
4.625462532043457,0.978069543838501,-0.6307852268218994,-2.8048715535078372e-05,87
4.635462760925293,0.9780685305595398,-0.6307246685028076,-2.9146892813969316e-05,87
4.645462512969971,0.9780678749084473,-0.6306726932525635,-3.057975442288807e-05,87
4.655462741851807,0.9780675172805786,-0.6306293606758118,-3.176971438278997e-05,87
4.665462493896484,0.9780673384666443,-0.6305946707725525,-3.3225329104880075e-05,87
4.67546272277832,0.9780672788619995,-0.6305681467056274,-3.433674515918028e-05,87
4.685462474822998,0.9780672192573547,-0.6305490732192993,-3.518230641930131e-05,87
4.695462703704834,0.9780669808387756,-0.6305363178253174,-3.327555526766446e-05,87
4.705462455749512,0.9780662059783936,-0.630527138710022,-2.3655445033909928e-05,87
4.715462684631348,0.9780640006065369,-0.6305138468742371,1.572848162822993e-05,87
4.725462436676025,0.9780563116073608,-0.6304611563682556,4.880315373156918e-05,87
4.735462665557861,0.9780380725860596,-0.6303175687789917,-1.1080726721957035e-05,87
4.745462417602539,0.9780175089836121,-0.6301552057266235,-5.76746305114284e-06,87
4.755462646484375,0.9779961705207825,-0.6299905776977539,-4.7694964564470865e-06,87
4.765462875366211,0.9779741764068604,-0.6298256516456604,nan,nan
#GNA2
0.0,0.0,0.0,-4.6427197730736225e-07,0
0.029999999329447746,0.029988305643200874,-0.01808447390794754,-3.834406428637749e-05,0
0.05999999865889549,0.059952426701784134,-0.036158084869384766,-4.3624263796004925e-05,0
0.09000000357627869,0.08989126980304718,-0.05422038212418556,-4.9538935151360874e-05,0
0.11999999731779099,0.11980362981557846,-0.07227086275815964,-5.6645012769251935e-05,0
0.15000000596046448,0.14968815445899963,-0.09030897170305252,-6.489772616191658e-05,0
0.18000000715255737,0.17954330146312714,-0.10833405703306198,-7.468018927170306e-05,0
0.20999999344348907,0.20936737954616547,-0.1263454258441925,-8.629716265318166e-05,0
0.23999999463558197,0.23915839195251465,-0.14434222877025604,-0.00010045084606247201,0
0.27000001072883606,0.2689141035079956,-0.16232351958751678,-0.00011775341923225824,0
0.30000001192092896,0.2986319065093994,-0.1802881807088852,-0.00013913412360011534,0
0.33000001311302185,0.32830873131752014,-0.1982349157333374,-0.0001658278021920978,0
0.36000001430511475,0.3579409718513489,-0.21616216003894806,-0.00019971255386508346,0
0.38999998569488525,0.3875243067741394,-0.23406802117824554,-0.00024305634960342104,0
0.41999998688697815,0.41705355048179626,-0.2519502341747284,-0.0002995970273786952,0
0.44999998807907104,0.4465223550796509,-0.26980599761009216,-0.0003741250707491872,0
0.47999998927116394,0.47592291235923767,-0.28763172030448914,-0.0004740316005893419,0
0.5099999904632568,0.5052453875541687,-0.3054230213165283,-0.0006096003401125927,0
0.5400000214576721,0.5344772934913635,-0.3231740891933441,-0.0007965578431026188,0
0.5699999928474426,0.5636025667190552,-0.3408774137496948,-0.0010580284448451494,0
0.6000000238418579,0.5926000475883484,-0.35852304100990295,-0.00142858413798308,0
0.6299999952316284,0.6214416027069092,-0.3760974109172821,-0.0019597726755478106,0
0.6600000262260437,0.6500890254974365,-0.39358195662498474,-0.002727469937326532,0
0.6899999976158142,0.6784895062446594,-0.410950630903244,-0.003837311789538944,0
0.7200000286102295,0.7065691351890564,-0.4281664490699768,-0.005422384857865836,0
0.75,0.7342227697372437,-0.44517603516578674,-0.007606926628966448,0
0.7799999713897705,0.7613001465797424,-0.46190208196640015,-0.010384516969111246,0
0.8100000023841858,0.7875875234603882,-0.47823312878608704,-0.013346604316552657,0
0.8399999737739563,0.8127890229225159,-0.49401289224624634,-0.015341976465549578,0
0.8700000047683716,0.8365199565887451,-0.5090358853340149,-0.014657188698379287,0
0.8999999761581421,0.8583369255065918,-0.5230634212493896,3.4795224337358377e-06,0
0.9300000071525574,0.8778307437896729,-0.5358744263648987,7.528996889050177e-06,8
0.9599999785423279,0.8947439193725586,-0.5473341941833496,0.004845887016472261,12
0.9900000095367432,0.9090674519538879,-0.5574465394020081,0.0035877875288861105,16
1.0199999809265137,0.9210154414176941,-0.5663479566574097,0.0028762747917880915,19
1.0499999523162842,0.9309160113334656,-0.5742346048355103,0.001788431957265857,21
1.0800000429153442,0.9391238689422607,-0.5813267230987549,0.001336849538347451,23
1.1100000143051147,0.94596266746521,-0.587822437286377,-0.0019624112280212103,25
1.1399999856948853,0.9517033100128174,-0.5938807725906372,-0.0020204747384582333,29
1.1699999570846558,0.9565629363059998,-0.5996511578559875,-0.0020497835236596984,36
1.2000000476837158,0.9607130885124207,-0.6052318215370178,-0.001981498581130836,40
1.2300000190734863,0.9642877578735352,-0.6107092499732971,-0.0019420880917095928,44
1.2599999904632568,0.9673922657966614,-0.6161510348320007,-0.0018885683068674552,47
1.2899999618530273,0.9701092839241028,-0.6216102838516235,0.00010860130026912884,56
1.3200000524520874,0.9725045561790466,-0.6271317005157471,0.0004532681927589266,61
1.350000023841858,0.9746352434158325,-0.6327584385871887,-0.00015547271527793782,67
1.3799999952316284,0.9765447974205017,-0.6385341882705688,-0.0015669429684521674,75
1.409999966621399,0.9782480597496033,-0.6444166898727417,-0.002712385143809115,86
1.440000057220459,0.9797861576080322,-0.6504532098770142,-6.236176136553695e-05,90
1.4700000286102295,0.9811825156211853,-0.6566795706748962,-5.007114765476217e-05,96
1.5,0.9824594259262085,-0.6631089448928833,-9.658652572852588e-05,101
1.5299999713897705,0.9836271405220032,-0.6697319149971008,-0.0012628926875777324,107
1.559999942779541,0.9846989512443542,-0.676547110080719,0.09597957617802422,118
1.590000033378601,0.9873158931732178,-0.6970012784004211,-0.0009700586813323753,124
1.6200000047683716,0.9883514642715454,-0.7070033550262451,-3.450091207923833e-05,129
1.649999976158142,0.9890894293785095,-0.7149598598480225,-5.0620759679986804e-05,131
1.6799999475479126,0.9897838830947876,-0.723164975643158,-0.0010718536557874359,137
1.7100000381469727,0.9904355406761169,-0.7315773367881775,-0.001134786342845473,139
1.7400000095367432,0.9910504817962646,-0.7402212023735046,-0.0005425316597325036,143
1.7699999809265137,0.9916320443153381,-0.7491069436073303,0.023637045883788232,147
1.7999999523162842,0.9926192164421082,-0.7659240365028381,-0.001145663703084665,152
1.8300000429153442,0.9931243062019348,-0.7754474878311157,-0.0010695967321225908,152
1.8600000143051147,0.9936047196388245,-0.7851973176002502,-0.0010752231071364804,152
1.8899999856948853,0.9940640330314636,-0.795172929763794,-0.0011281097604864954,154
1.9199999570846558,0.9945040345191956,-0.8053731322288513,-0.0010697530104266662,157
1.9500000476837158,0.9949262142181396,-0.8157957792282104,-0.0013124238649311337,158
1.9800000190734863,0.9953320622444153,-0.8264355063438416,-0.0017441917512996952,162
2.009999990463257,0.9957218170166016,-0.837265133857727,-0.0007061602551630131,161
2.0399999618530273,0.9955251812934875,-0.8330061435699463,-0.002112437350547225,160
2.069999933242798,0.9951873421669006,-0.8256815671920776,-0.05245105316430454,161
2.0999999046325684,0.9945710897445679,-0.8127631545066833,-0.00022082512555243738,160
2.130000114440918,0.994141697883606,-0.8040452003479004,-0.0003640776805582391,158
2.1600000858306885,0.9936960339546204,-0.7953107357025146,-8.116787773815304e-05,158
2.190000057220459,0.9932209253311157,-0.7866173386573792,-5.1739927698690735e-05,158
2.2200000286102295,0.992699921131134,-0.77801513671875,-6.329495607815261e-05,157
2.25,0.99212247133255,-0.7695800065994263,-0.019667124617740228,156
2.2799999713897705,0.991399347782135,-0.7605565190315247,-0.015786527570242015,155
2.309999942779541,0.9914125800132751,-0.7620759010314941,0.00084594405086591,155
2.3399999141693115,0.9914748668670654,-0.7643646001815796,-0.0012778497800809419,155
2.369999885559082,0.9915856122970581,-0.7671602964401245,-0.019406417413620147,157
2.4000000953674316,0.992403507232666,-0.778672456741333,-0.0020615702347868137,157
2.430000066757202,0.9922080636024475,-0.7770057320594788,-0.01245019413454429,157
2.4600000381469727,0.9919866919517517,-0.7740720510482788,-0.002108183590394219,157
2.490000009536743,0.9918090105056763,-0.7705038785934448,-0.0027483646684913765,157
2.5199999809265137,0.9915820360183716,-0.7673845291137695,-0.003652569064115596,157
2.549999952316284,0.9912092685699463,-0.7625325322151184,-0.009259624838534819,157
2.5799999237060547,0.9908807277679443,-0.7577826380729675,-0.055993957934333594,158
2.609999895095825,0.991218626499176,-0.7621126770973206,-0.06248013588719914,157
2.640000104904175,0.9908953905105591,-0.7676097750663757,-0.004355554452388333,157
2.6700000762939453,0.9912648797035217,-0.768932044506073,-0.0005229713780749989,157
2.700000047683716,0.9916273951530457,-0.7703627347946167,-0.00021397155524027767,157
2.7300000190734863,0.9918301105499268,-0.7711101174354553,-0.010203963592573473,157
2.759999990463257,0.9920608997344971,-0.7752648591995239,-0.017358715107263833,157
2.7899999618530273,0.9923143982887268,-0.7779315710067749,0.0010291073677421991,157
2.819999933242798,0.9923989176750183,-0.7786853909492493,-0.0003206906451964642,157
2.8499999046325684,0.9921955466270447,-0.7768857479095459,-0.008047943217150078,157
2.880000114440918,0.991981029510498,-0.7739865779876709,-0.0041300823754681915,158
2.9100000858306885,0.9908809661865234,-0.7576612234115601,-0.008772772712916321,158
2.940000057220459,0.9912048578262329,-0.761881947517395,-0.03370502489116234,158
2.9700000286102295,0.9913846850395203,-0.7654078006744385,-0.004579810069344603,158
3.0,0.9910585284233093,-0.7660173177719116,-0.025812767587694907,157
3.0299999713897705,0.9909167885780334,-0.7677575349807739,0.0034069622680732436,157
3.059999942779541,0.9912908673286438,-0.7690281271934509,-0.0005389965622839554,157
3.0899999141693115,0.9916472434997559,-0.7704442739486694,-0.00032137834119794206,157
3.119999885559082,0.991877019405365,-0.7720139622688293,0.0010978256609064374,157
3.1500000953674316,0.992043137550354,-0.7750236392021179,-0.009438107194682743,157
3.180000066757202,0.992285430431366,-0.7776943445205688,-0.004377470242388881,157
3.2100000381469727,0.9924117922782898,-0.7787858843803406,-0.0001724958086128936,157
3.240000009536743,0.9922530651092529,-0.7774390578269958,-0.04531869585974846,157
3.2699999809265137,0.9920047521591187,-0.7743266224861145,-0.001527713151062926,157
3.299999952316284,0.9918372631072998,-0.7711552381515503,-0.001694502956809174,156
3.3299999237060547,0.9916659593582153,-0.7670308947563171,0.0009707156060585476,156
3.359999895095825,0.991568922996521,-0.7641749978065491,0.0020073508881068847,157
3.390000104904175,0.9915615916252136,-0.7626377940177917,0.000371220409306261,157
3.3975000381469727,0.9916506409645081,-0.7635704874992371,-0.0001298191884870903,157
3.4049999713897705,0.9917148351669312,-0.7642700672149658,-0.0005962941009443057,157
3.416249990463257,0.9917455911636353,-0.7646172642707825,-0.0003042461080440262,157
3.4331250190734863,0.9916273355484009,-0.7634602189064026,-0.0017257514452921896,156
3.458437442779541,0.9912537336349487,-0.760009765625,0.0027242812170698016,155
3.4884374141693115,0.9906834959983826,-0.7557069659233093,0.0034604567123892593,155
3.518437385559082,0.9900652170181274,-0.7532854676246643,0.0005562601570545667,155
3.525937557220459,0.9899431467056274,-0.7536066770553589,0.0015397974962070293,155
3.533437490463257,0.9898466467857361,-0.7543579339981079,0.0010986978064124742,155
3.5409374237060547,0.9897823333740234,-0.7555175423622131,0.003983985238903642,155
3.552187442779541,0.9897274971008301,-0.7577028274536133,0.0038248879125717394,155
3.5690624713897705,0.989709734916687,-0.7615616321563721,0.0036529648437522155,155
3.594374895095825,0.9897453784942627,-0.7679079174995422,0.0023337119814641483,155
3.624375104904175,0.9898166060447693,-0.7756257057189941,-0.0021816039550230926,155
3.6543750762939453,0.9898756742477417,-0.783121645450592,-0.004967163247954431,155
3.684375047683716,0.9898587465286255,-0.7891885638237,0.0030404542064559337,154
3.7143750190734863,0.989782989025116,-0.7935696840286255,-0.01009521552782644,154
3.744374990463257,0.9898414015769958,-0.8013021349906921,-0.0017667429999619344,155
3.7743749618530273,0.9898972511291504,-0.8058593273162842,-0.009154643683942254,155
3.804374933242798,0.9898629784584045,-0.8113576769828796,0.0005782310916515598,155
3.811875104904175,0.9898475408554077,-0.8129275441169739,-0.0007169387234284841,154
3.823124885559082,0.9898471832275391,-0.8153277039527893,-0.02042688944203519,154
3.8399999141693115,0.989911675453186,-0.8147050142288208,-0.006597689974285004,154
3.8653125762939453,0.9899109601974487,-0.8109152913093567,0.0010904103515940733,153
3.895312547683716,0.9898675680160522,-0.8054988980293274,-0.002772250698512835,153
3.9253125190734863,0.9900010824203491,-0.804720401763916,0.01072071065846103,153
3.955312490463257,0.9901289343833923,-0.8081789016723633,0.00545006551857341,154
3.9853124618530273,0.9902255535125732,-0.8269902467727661,-0.005426010568612583,154
4.015312671661377,0.9901323318481445,-0.8262512683868408,-0.004459638817877476,154
4.045312404632568,0.9899643063545227,-0.8230409026145935,-0.00986296172536072,155
4.075312614440918,0.9898768067359924,-0.8167675137519836,-0.0069648692037276305,155
4.105312347412109,0.9900418519973755,-0.8124567270278931,-0.003871000901710886,155
4.135312557220459,0.990208089351654,-0.8092737793922424,-0.004578496643830476,155
4.16531229019165,0.9902756214141846,-0.8048232793807983,-0.0029203459115478836,153
4.1953125,0.990227997303009,-0.7993158102035522,-0.003438107893373399,153
4.22531270980835,0.9901180863380432,-0.7929673790931702,0.011329710516974956,153
4.255312442779541,0.9899835586547852,-0.7851856350898743,-0.0015787419881689857,154
4.285312652587891,0.9898363351821899,-0.777645468711853,-0.0028443159104654114,154
4.315312385559082,0.9896721243858337,-0.7698792815208435,-0.0062066137650163,154
4.345312595367432,0.9894763231277466,-0.7617555260658264,-0.02702738977768604,154
4.375312328338623,0.9892359972000122,-0.7534833550453186,-0.06878810932215629,154
4.405312538146973,0.9888622760772705,-0.745145320892334,-0.005598268629682934,154
4.435312271118164,0.988233745098114,-0.7404475212097168,-0.021805775219775114,154
4.465312480926514,0.9878364205360413,-0.7407366633415222,-0.008628749055787921,154
4.495312690734863,0.9874342083930969,-0.7427739500999451,-0.0376175810841346,155
4.525312423706055,0.9875528216362,-0.746152400970459,0.0037415163285174913,155
4.555312633514404,0.9878000020980835,-0.7473032474517822,-0.004527335911291175,155
4.585312366485596,0.9880040884017944,-0.7483057379722595,-0.003431626330950621,155
4.615312576293945,0.9881322979927063,-0.7485618591308594,-0.003578333465270589,154
4.645312309265137,0.9880855083465576,-0.7464910745620728,-0.007775903613264745,154
4.675312519073486,0.9877617359161377,-0.7418890595436096,0.006566138999460236,154
4.705312728881836,0.9872089624404907,-0.7360407114028931,0.0034270062556629455,154
4.735312461853027,0.986524760723114,-0.7301279902458191,0.0024468613357839786,154
4.765312671661377,0.9857508540153503,-0.7244317531585693,-0.0013484255271123402,154
4.795312404632568,0.9848806858062744,-0.7189443707466125,-0.031967570936444645,154
4.825312614440918,0.9839053750038147,-0.7137730121612549,-0.06949790724047489,154
4.855312347412109,0.9832605719566345,-0.7110636234283447,-0.005015548101937384,154
4.885312557220459,0.9829526543617249,-0.7099894881248474,-0.000908735995835741,154
4.91531229019165,0.9826166033744812,-0.7089163661003113,-0.0020789895646089462,154
4.9453125,0.982104480266571,-0.7073101997375488,-0.002194206651950026,154
4.97531270980835,0.9814367890357971,-0.7050583958625793,-0.002320641411131419,154
5.005312442779541,0.9808017015457153,-0.7027168869972229,-0.013745011018272635,154
5.035312652587891,0.9802948832511902,-0.7006216049194336,-0.004893362536051882,154
5.065312385559082,0.9800024032592773,-0.6991878747940063,-0.0008086708168661971,154
5.095312595367432,0.9797545671463013,-0.6981258392333984,0.00021297192625979733,154
5.125312328338623,0.9795132279396057,-0.6970303654670715,-0.0022297043019534613,154
5.155312538146973,0.9791515469551086,-0.6954430341720581,0.0013634865522362816,153
5.185312271118164,0.9784671068191528,-0.6932985782623291,0.0038947211952518046,153
5.215312480926514,0.9777483940124512,-0.6913427710533142,0.009300689581735355,152
5.245312690734863,0.9773173928260803,-0.6902945637702942,0.0006490506544309937,152
5.275312423706055,0.9770727753639221,-0.6900318264961243,-0.0003168555026604736,153
5.305312633514404,0.9768874049186707,-0.6902300715446472,0.0008578634302125465,152
5.335312366485596,0.9769331216812134,-0.6908559799194336,-0.0048461330218003695,152
5.365312576293945,0.9774518013000488,-0.6916329860687256,0.001749893690671911,152
5.395312309265137,0.978060245513916,-0.6924370527267456,0.000730000517364715,152
5.425312519073486,0.9786123037338257,-0.6933351159095764,0.0005994174589432077,152
5.455312728881836,0.9790636301040649,-0.6941302418708801,0.00112410646323724,152
5.485312461853027,0.9794460535049438,-0.6948318481445312,-0.014725249425282527,152
5.515312671661377,0.9799025654792786,-0.6961686611175537,0.06442299731992307,153
5.545312404632568,0.9806020259857178,-0.6994035243988037,0.0009168503999603672,153
5.575312614440918,0.9811292290687561,-0.7022705078125,-0.002525994020516009,153
5.605312347412109,0.9815645813941956,-0.7047420144081116,-0.0010832257126480727,153
5.635312557220459,0.9818306565284729,-0.7062581181526184,-0.0002906119365206905,153
5.66531229019165,0.9820064902305603,-0.7073732018470764,0.0011000784045904766,153
5.6953125,0.9821633696556091,-0.7082956433296204,0.0022785640935580886,153
5.72531270980835,0.9822746515274048,-0.7085309624671936,-0.006637797201676676,152
5.755312442779541,0.9822429418563843,-0.7074503302574158,0.0009641137043558956,149
5.785312652587891,0.9796977639198303,-0.6986944079399109,-0.09662889763632165,148
5.815312385559082,0.9777089953422546,-0.6939984560012817,-0.00037542312998084526,148
5.845312595367432,0.9762114882469177,-0.6917446851730347,0.0007682754388156354,148
5.875312328338623,0.9747955203056335,-0.6904761791229248,0.0007567759182620648,148
5.905312538146973,0.9735732674598694,-0.6897680759429932,-0.01950549087528941,147
5.935312271118164,0.972912073135376,-0.6895818710327148,-0.0001313140648449007,148
5.942812442779541,0.9730212688446045,-0.6896412968635559,-5.9824514892170555e-05,148
5.950312614440918,0.973156750202179,-0.6896697878837585,-2.7118196726405586e-05,148
5.957812309265137,0.973338782787323,-0.6897110342979431,0.00015272787186404457,148
5.969062328338623,0.9736668467521667,-0.6898015737533569,0.001031009854500553,148
5.985937595367432,0.974261462688446,-0.6900293827056885,-0.0037534723078351817,148
6.011250019073486,0.9753982424736023,-0.6909684538841248,0.000751109010707296,149
6.041250228881836,0.976861834526062,-0.6930750012397766,-0.0009971564750230755,149
6.071249961853027,0.978366494178772,-0.6959707736968994,0.0076397320204311114,149
6.101250171661377,0.9798150658607483,-0.6990859508514404,-0.002294703479392979,150
6.131249904632568,0.9799467325210571,-0.6983965039253235,-0.0038302305819115645,150
6.161250114440918,0.9798074960708618,-0.6971351504325867,-0.003709574744902966,150
6.191249847412109,0.9795154333114624,-0.6957182884216309,-0.0027128167700425365,150
6.221250057220459,0.979071319103241,-0.6943357586860657,-0.0017681773098843223,150
6.25124979019165,0.9784682393074036,-0.6930729150772095,0.0008854086278802242,150
6.28125,0.9776937365531921,-0.6919710040092468,0.0016500023403409614,149
6.31125020980835,0.9768270254135132,-0.6914082169532776,0.0006380897243616346,149
6.341249942779541,0.9760943055152893,-0.6917437314987183,0.00022879933356989568,149
6.371250152587891,0.9754322171211243,-0.6921366453170776,-0.0016093379247195116,149
6.401249885559082,0.9746254682540894,-0.691823422908783,-0.0009360161985227933,149
6.431250095367432,0.973789632320404,-0.690689206123352,-0.001590482680455807,149
6.461249828338623,0.97319096326828,-0.6893419623374939,-0.000305804329741477,149
6.491250038146973,0.9729740023612976,-0.6885057687759399,0.00036587082723826825,149
6.521249771118164,0.9729080200195312,-0.6879951357841492,-0.0001907274386780955,149
6.551249980926514,0.9728258848190308,-0.6875694394111633,-0.00026805661127582425,150
6.581250190734863,0.9726358652114868,-0.6871136426925659,-0.00024525461742541665,150
6.611249923706055,0.972294807434082,-0.6865788698196411,-0.00017470008424425032,150
6.641250133514404,0.9718425273895264,-0.6860047578811646,-0.00011287715602747994,150
6.671249866485596,0.9714109897613525,-0.685509979724884,0.01715225507894047,150
6.701250076293945,0.9711574912071228,-0.685011088848114,-0.024539448913495576,150
6.731249809265137,0.9700915217399597,-0.6809863448143005,-0.0005672747017797519,150
6.761250019073486,0.9695578217506409,-0.6788536906242371,-0.0006773608287744537,150
6.791250228881836,0.9689502120018005,-0.6765477657318115,0.028507659674914976,151
6.821249961853027,0.9689623117446899,-0.6744663715362549,-0.0004102228249394102,151
6.851250171661377,0.9694320559501648,-0.6746406555175781,-0.0007035629895995044,151
6.881249904632568,0.9699884057044983,-0.675403356552124,0.0009882302693426936,151
6.911250114440918,0.9705291986465454,-0.6763011813163757,-0.0003725978091893012,151
6.941249847412109,0.9707628488540649,-0.6764822006225586,-0.00017223170095803653,149
6.971250057220459,0.9707291126251221,-0.6761066317558289,-0.0005151481952907488,148
7.00124979019165,0.9705107808113098,-0.675571858882904,-0.0011222473377756614,148
7.03125,0.9702798128128052,-0.6754843592643738,0.007298786616317443,149
7.06125020980835,0.970345139503479,-0.6764463186264038,0.004264382125256816,149
7.091249942779541,0.9710404276847839,-0.6782889366149902,-0.003203111727543728,150
7.121250152587891,0.9717587828636169,-0.6804234981536865,-0.0012728347830375242,151
7.151249885559082,0.9723427891731262,-0.6823660135269165,-0.0001817704729205616,151
7.181250095367432,0.972936749458313,-0.6841023564338684,0.00036391799733337393,152
7.211249828338623,0.9738319516181946,-0.6861298084259033,0.000756787279215132,152
7.241250038146973,0.9748570919036865,-0.6881464719772339,-0.0007699032543087014,152
7.271249771118164,0.9759225249290466,-0.6903190612792969,0.0008865347106166155,152
7.301249980926514,0.9769526720046997,-0.6927528381347656,0.0019498479131812019,152
7.331250190734863,0.9777668118476868,-0.6947949528694153,0.0006798381136263743,152
7.361249923706055,0.9782645106315613,-0.6958956122398376,0.0039503858578875395,152
7.391250133514404,0.9785441160202026,-0.695859432220459,-0.0003101346163703056,151
7.398749828338623,0.9785040020942688,-0.6953856945037842,-0.0003264401498768166,150
7.409999847412109,0.9782425165176392,-0.6941434144973755,-0.000204652831371277,150
7.426875114440918,0.9777417778968811,-0.6922140121459961,-0.00030592834997378304,150
7.452187538146973,0.9768496155738831,-0.6891095638275146,0.00019742183739879238,150
7.482187271118164,0.9756568670272827,-0.6852370500564575,0.0006058476676003011,149
7.512187480926514,0.9744211435317993,-0.6813629269599915,0.0008507710611524999,149
7.542187690734863,0.9732589721679688,-0.6776432991027832,0.0007193672610696922,149
7.572187423706055,0.9722808599472046,-0.6742808818817139,0.0005224666226695263,149
7.602187633514404,0.9715121388435364,-0.6714917421340942,-0.00043130878179908905,149
7.632187366485596,0.970897376537323,-0.6693723201751709,-0.0007918446319195027,149
7.662187576293945,0.9704201221466064,-0.6681122183799744,-0.0002511428808702476,149
7.692187309265137,0.9701343774795532,-0.6680966019630432,0.0010698105342612507,148
7.722187519073486,0.9700061082839966,-0.6686484813690186,0.008796993473552561,147
7.752187728881836,0.9701065421104431,-0.6683161854743958,-0.0009300224102730681,148
7.782187461853027,0.97031569480896,-0.6688423156738281,-0.002036976209012664,149
7.812187671661377,0.9703892469406128,-0.6692449450492859,-0.01053665981157792,149
7.842187404632568,0.9699913263320923,-0.6684385538101196,-0.0006471500520888185,149
7.872187614440918,0.9691198468208313,-0.6664785146713257,-0.0058854882086052385,150
7.902187347412109,0.9680859446525574,-0.6648927330970764,-0.0034521043407380603,150
7.932187557220459,0.966986358165741,-0.6640285849571228,0.0012525670977083792,151
7.96218729019165,0.965817928314209,-0.6633791923522949,0.00028633616494744274,151
7.9921875,0.9647519588470459,-0.6629236936569214,0.0003294535587770042,150
8.022187232971191,0.9637287855148315,-0.6625266671180725,0.0018865411689716893,149
8.0521879196167,0.9629440307617188,-0.661922812461853,-0.0034816299969548936,148
8.08218765258789,0.9630825519561768,-0.661049485206604,0.0008500460576783553,148
8.112187385559082,0.9638415575027466,-0.6602472066879272,0.00038655186483538273,148
8.142187118530273,0.9647424817085266,-0.659511923789978,0.0006106422080733864,148
8.172187805175781,0.9655677080154419,-0.6587492823600769,0.00019729070572793717,148
8.202187538146973,0.9662110805511475,-0.6579297780990601,-0.00018377738217623119,147
8.232187271118164,0.9666826128959656,-0.6571003198623657,-0.0006053934158671836,147
8.262187957763672,0.9670583605766296,-0.656379759311676,-0.00015774044919680819,147
8.26968765258789,0.967149019241333,-0.6562951803207397,-0.001225007410937451,147
8.280937194824219,0.9672568440437317,-0.6564508676528931,-0.0011438313031817415,147
8.297812461853027,0.9672814011573792,-0.6568953394889832,-0.0005772104001380285,146
8.323124885559082,0.9672051668167114,-0.6576817631721497,-0.00012497048373916186,146
8.353124618530273,0.9669874310493469,-0.6587280035018921,0.000407674989617135,146
8.383125305175781,0.9666709303855896,-0.6598929762840271,0.00043646908204664214,146
8.413125038146973,0.9663665890693665,-0.6612230539321899,-0.00028913401263253036,147
8.443124771118164,0.9662660956382751,-0.6627628803253174,-0.0002912876718141888,148
8.473125457763672,0.9664930701255798,-0.6644272208213806,-0.000334782259358235,148
8.503125190734863,0.9670261144638062,-0.6661089062690735,0.00014189157474220337,148
8.533124923706055,0.9678106904029846,-0.6678891181945801,0.000496240301117723,147
8.563124656677246,0.9688040018081665,-0.6700207591056824,-0.008227503584066653,148
8.593125343322754,0.969851016998291,-0.6729821562767029,-0.03785981016983442,149
8.623125076293945,0.9701213240623474,-0.6763717532157898,0.0010998515246569696,149
8.653124809265137,0.9698686599731445,-0.6777990460395813,0.03552661287017145,148
8.683124542236328,0.9704497456550598,-0.6786866784095764,0.001603342839416655,147
8.713125228881836,0.9715750813484192,-0.6795852184295654,-0.0015033403682025437,148
8.743124961853027,0.9727513790130615,-0.6810747981071472,-0.0054940684721032085,148
8.773124694824219,0.9738115072250366,-0.683163583278656,-0.0009612815981085987,148
8.803125381469727,0.974682629108429,-0.6852834224700928,-0.0006326684289206241,149
8.833125114440918,0.9754437804222107,-0.6871465444564819,0.002940287591655988,149
8.86312484741211,0.9760204553604126,-0.6884538531303406,-0.0006040742342747762,150
8.8931245803833,0.975737988948822,-0.6870254278182983,-0.0047705901114056815,148
8.923125267028809,0.975236177444458,-0.684874415397644,0.0010007999589447536,148
8.953125,0.9758058786392212,-0.6856154799461365,1.1967031445117016,147
8.983124732971191,0.9783911108970642,-0.6909491419792175,-0.016811973351082088,147
9.0131254196167,0.9780523180961609,-0.6899507641792297,-0.0013561097063643501,147
9.04312515258789,0.9775391817092896,-0.6885664463043213,-0.0010824310512589363,147
9.073124885559082,0.9768974781036377,-0.6867753267288208,0.01742255543626925,147
9.103124618530273,0.9762338995933533,-0.6846380233764648,-0.004177594673365093,148
9.133125305175781,0.9761433601379395,-0.6837438941001892,-0.001989510296937169,148
9.163125038146973,0.9763435125350952,-0.6838833093643188,-0.0007019427713998994,148
9.193124771118164,0.9765400290489197,-0.6842675805091858,-0.0003632186795243797,148
9.223125457763672,0.9766556024551392,-0.6847156286239624,-0.0002055093376611694,147
9.253125190734863,0.9766481518745422,-0.6851722598075867,0.00022883261772221886,147
9.283124923706055,0.9763988852500916,-0.6853773593902588,0.001632528506718245,147
9.313124656677246,0.9756266474723816,-0.684558093547821,0.001146841171248525,147
9.343125343322754,0.9743169546127319,-0.6824939846992493,-0.00033369167505270525,147
9.373125076293945,0.9727779030799866,-0.680070161819458,-0.0010110171112955868,146
9.403124809265137,0.9712028503417969,-0.6781933307647705,-0.023599008091423457,146
9.433124542236328,0.9700869917869568,-0.678560733795166,0.00031374905898928773,146
9.463125228881836,0.9696430563926697,-0.6801205277442932,0.00013018798665598297,146
9.493124961853027,0.9693329334259033,-0.6819305419921875,-0.00012652156709691553,146
9.523124694824219,0.9690902233123779,-0.6838780641555786,-0.00025958158175853896,146
9.553125381469727,0.968917727470398,-0.6859833598136902,-0.0003807100401331809,146
9.583125114440918,0.9688041806221008,-0.6882404088973999,-0.0005341215293697132,146
9.61312484741211,0.9686923027038574,-0.6905248165130615,-0.0009898440961251254,146
9.6431245803833,0.9684771299362183,-0.6925185322761536,-0.0014897001105964591,146
9.673125267028809,0.9680326581001282,-0.6936312913894653,-0.0015827399057002367,146
9.703125,0.9673687815666199,-0.6935586333274841,-0.0018924258973811448,146
9.733124732971191,0.9666871428489685,-0.6928648352622986,0.003948005239266195,147
9.7631254196167,0.9664376974105835,-0.6921288371086121,-0.003727165574105129,147
9.79312515258789,0.966681718826294,-0.6914519667625427,-0.019114341203945173,146
9.823124885559082,0.966482400894165,-0.6902536153793335,-0.00027520709585360237,146
9.853124618530273,0.9661084413528442,-0.6885401606559753,-0.0022814891323719166,146
9.883125305175781,0.9656082391738892,-0.6863671541213989,-0.0023823669836247063,146
9.913125038146973,0.9648679494857788,-0.6843688488006592,-0.00048242925873864806,146
9.943124771118164,0.9641079306602478,-0.6829187870025635,-0.0012825050042692965,146
9.973125457763672,0.9634867906570435,-0.6819623708724976,-0.00041751173586135337,146
10.003125190734863,0.9630122780799866,-0.6814273595809937,-0.005331788594844511,147
10.033124923706055,0.962719738483429,-0.6811448335647583,-0.000914583172800576,148
10.063124656677246,0.9629034996032715,-0.6814272403717041,-0.0014911770607000108,148
10.093125343322754,0.963339626789093,-0.682050883769989,0.016189215130022916,148
10.123125076293945,0.9639534950256348,-0.6829910278320312,0.012226157773284285,148
10.153124809265137,0.9648472666740417,-0.6847357153892517,0.010278748922331715,149
10.183124542236328,0.9655387997627258,-0.6869043707847595,0.01593799330771617,150
10.213125228881836,0.9655033349990845,-0.6880276799201965,0.0009459174260086911,150
10.243124961853027,0.965027928352356,-0.6873008608818054,0.004967743300994698,148
10.273124694824219,0.966506838798523,-0.6891083121299744,0.0008245792146226449,148
10.303125381469727,0.967280924320221,-0.6907007098197937,0.001591800916628472,148
10.333125114440918,0.9678056240081787,-0.6918025016784668,0.0017445554941559749,148
10.36312484741211,0.9680807590484619,-0.6925861835479736,-0.010387492347888383,148
10.3931245803833,0.9685406684875488,-0.6949712038040161,-0.0006711710037166085,148
10.423125267028809,0.9690749049186707,-0.6971950531005859,0.0020382447170490536,148
10.453125,0.9693467020988464,-0.6975362300872803,-0.0010520639889364247,146
10.483124732971191,0.9691712856292725,-0.6961617469787598,0.0005902583073407186,146
10.5131254196167,0.9686188101768494,-0.693985641002655,-0.007901069363697388,146
10.54312515258789,0.96802818775177,-0.6915186047554016,0.013910544788586776,145
10.573124885559082,0.9681088328361511,-0.6899499297142029,0.01981194893812699,146
10.603124618530273,0.9679878950119019,-0.6894782781600952,-0.001558433644447632,145
10.633125305175781,0.967632532119751,-0.6908729076385498,-0.0013351073839089622,145
10.663125038146973,0.9671645164489746,-0.6925369501113892,-0.001243250100003479,145
10.693124771118164,0.966467559337616,-0.6938272714614868,-0.0002924773566519434,145
10.723125457763672,0.9655114412307739,-0.6943303346633911,0.0005542772510693794,145
10.753125190734863,0.9644062519073486,-0.6940902471542358,0.0020070310929440893,146
10.783124923706055,0.963427722454071,-0.6936839818954468,0.0002034562723451927,147
10.813124656677246,0.9636863470077515,-0.694985032081604,0.0008923147030373002,147
10.843125343322754,0.9647531509399414,-0.6970227956771851,-0.0009523941239137912,148
10.873125076293945,0.9658624529838562,-0.6985774636268616,0.0008870968288192671,148
10.903124809265137,0.9666022062301636,-0.6985055804252625,-0.008939999095332496,147
10.933124542236328,0.9664372205734253,-0.6978437304496765,-0.0013952540816717374,146
10.963125228881836,0.9654548764228821,-0.6987310647964478,0.0007683588460167812,146
10.993124961853027,0.964306116104126,-0.6996680498123169,0.000796118312280214,145
11.023124694824219,0.9630303382873535,-0.7002576589584351,-0.02311512568917351,145
11.053125381469727,0.9619361758232117,-0.7026450634002686,-0.007005390865742811,145
11.083125114440918,0.9614043235778809,-0.7029024362564087,0.0004186339048146692,145
11.11312484741211,0.960672914981842,-0.7019108533859253,0.00031223226704923945,145
11.1431245803833,0.9599191546440125,-0.700334370136261,0.0003199451211912674,145
11.173125267028809,0.9592131972312927,-0.6981390714645386,0.0007055176718608891,145
11.203125,0.9587163925170898,-0.694931149482727,0.000572306632989239,146
11.233124732971191,0.9586681723594666,-0.691053569316864,-9.709585862083259e-05,146
11.2631254196167,0.9588238000869751,-0.687329113483429,-0.001542362658597085,145
11.29312515258789,0.958850622177124,-0.6834543943405151,0.012939247840222379,145
11.323124885559082,0.9582114815711975,-0.681670606136322,-0.0001846883930625154,145
11.353124618530273,0.9576448202133179,-0.6820534467697144,9.417519595444901e-05,145
11.383125305175781,0.957085132598877,-0.6829336881637573,0.00010441526683280244,144
11.413125038146973,0.9565834403038025,-0.6841265559196472,9.973830862008981e-05,145
11.443124771118164,0.9561854004859924,-0.685516893863678,0.0002713853830869084,145
11.473125457763672,0.9559314846992493,-0.6869826316833496,0.000332963721575652,145
11.503125190734863,0.9558406472206116,-0.6883800625801086,-3.989870941722984e-05,144
11.533124923706055,0.955906331539154,-0.6896507740020752,-0.00019813805016610786,145
11.563124656677246,0.9561337828636169,-0.6908193230628967,-0.00014518352588765993,145
11.593125343322754,0.9565461874008179,-0.6919510960578918,0.00011120898000172019,145
11.623125076293945,0.9571658968925476,-0.6931518912315369,-0.0003085054979692359,144
11.653124809265137,0.9579491019248962,-0.6944334506988525,-0.00042860515611664596,144
11.683124542236328,0.958687424659729,-0.6955199241638184,0.0015473916886321604,144
11.713125228881836,0.959164023399353,-0.696086049079895,-0.0008155737657489226,144
11.743124961853027,0.9597811102867126,-0.6967078447341919,-0.0008163835871073388,145
11.773124694824219,0.9607297778129578,-0.6979226469993591,-0.0002690661127644489,145
11.803125381469727,0.9616475701332092,-0.6993798017501831,-0.00024630230939237663,146
11.833125114440918,0.9624230861663818,-0.7008963227272034,-0.0005937643431366268,146
11.86312484741211,0.9629346132278442,-0.7022085785865784,0.0003692114119555612,147
11.8931245803833,0.9630252718925476,-0.7028160095214844,0.0018854063848010583,146
11.923125267028809,0.9628545045852661,-0.702556848526001,-0.02061209289091437,145
11.953125,0.9629296660423279,-0.7022138833999634,-0.0008232166248376416,145
11.983124732971191,0.9631410837173462,-0.7027517557144165,0.0001655235678867939,146
12.0131254196167,0.9632233381271362,-0.7037739157676697,0.00036344789560871504,146
12.04312515258789,0.9631591439247131,-0.7049259543418884,0.00036612654503187514,146
12.073124885559082,0.9630473852157593,-0.7061869502067566,0.00027263322755288755,146
12.103124618530273,0.9629918336868286,-0.7076684832572937,0.0001860489389855502,144
12.133125305175781,0.963053822517395,-0.709414541721344,0.00017499038210644358,144
12.163125038146973,0.9632773995399475,-0.7113294005393982,0.00019614465861650388,144
12.193124771118164,0.963738739490509,-0.7131202816963196,0.0012996377547551674,143
12.223125457763672,0.9642930030822754,-0.7138733267784119,0.0011188757256377357,144
12.253125190734863,0.9643389582633972,-0.7134483456611633,0.0007464407071324786,144
12.283124923706055,0.9647124409675598,-0.7127353549003601,0.00030018236702744616,145
12.313124656677246,0.9653198719024658,-0.7119958996772766,-0.0003052639706879745,145
12.343125343322754,0.9660879969596863,-0.7113932371139526,-0.0004450918343650301,145
12.373125076293945,0.9669145941734314,-0.7108903527259827,0.00016760037004814876,145
12.403124809265137,0.9676250219345093,-0.7102274298667908,0.00021892587568572708,145
12.433124542236328,0.9681214094161987,-0.7092541456222534,9.547206616389303e-05,145
12.463125228881836,0.9684611558914185,-0.7081788778305054,-0.001113556587711173,145
12.493124961853027,0.9688094854354858,-0.7075770497322083,-0.0005800049715958266,145
12.523124694824219,0.9692524671554565,-0.708049476146698,-0.00030812128966317687,146
12.553125381469727,0.9697693586349487,-0.709315299987793,-0.0009366712566816204,146
12.583125114440918,0.9703189730644226,-0.7111579775810242,-0.003148034783748699,146
12.61312484741211,0.9707160592079163,-0.713422417640686,0.000638857336412002,147
12.6431245803833,0.9707843065261841,-0.7153273820877075,0.00011632715403564475,147
12.673125267028809,0.9706087112426758,-0.7164594531059265,0.00012188503824717145,147
12.703125,0.9703088402748108,-0.7168735861778259,0.00011284313891479769,148
12.733124732971191,0.9699196219444275,-0.7166479825973511,0.00012279850943741621,148
12.7631254196167,0.9694211483001709,-0.7157938480377197,0.0002376127002321482,148
12.79312515258789,0.9687824845314026,-0.7144182920455933,0.0002782356561397137,148
12.823124885559082,0.9679937958717346,-0.7126840353012085,0.0002271925836794253,148
12.853124618530273,0.9670847058296204,-0.7107436060905457,-0.00017756135480340163,148
12.883125305175781,0.9661122560501099,-0.7086983919143677,0.00013122714324254048,147
12.913125038146973,0.9651418924331665,-0.7065805196762085,0.0002809464633060088,147
12.943124771118164,0.9642572402954102,-0.7044252157211304,0.0002790831223364876,147
12.973125457763672,0.963579535484314,-0.7024048566818237,-0.00031109882110058606,147
13.003125190734863,0.9631996750831604,-0.7007924318313599,-0.000266984397228498,147
13.033124923706055,0.9630013704299927,-0.699478805065155,0.00011176674172475032,147
13.063124656677246,0.9627036452293396,-0.6978402137756348,0.0022357532743626507,147
13.093125343322754,0.9621338844299316,-0.6956505179405212,-0.00043588446561670935,147
13.123125076293945,0.961546778678894,-0.6938519477844238,-7.708683017426665e-05,147
13.153124809265137,0.9609652161598206,-0.6923198103904724,6.723361934746208e-05,147
13.183124542236328,0.9603897333145142,-0.6909220814704895,0.00022154744050340014,147
13.213125228881836,0.9598374366760254,-0.6895790100097656,0.001787321988331314,147
13.243124961853027,0.9593725800514221,-0.6883090734481812,0.08451988323486148,148
13.273124694824219,0.9595628380775452,-0.6878388524055481,-0.0001152798562316093,148
13.303125381469727,0.9600366353988647,-0.6880968809127808,-8.130254940397208e-05,148
13.333125114440918,0.9604924321174622,-0.6883357763290405,-8.83240616076364e-05,148
13.36312484741211,0.9609047174453735,-0.6885825395584106,-7.789534311086754e-05,148
13.3931245803833,0.9612627625465393,-0.6888574361801147,-8.067679380019399e-05,148
13.423125267028809,0.9615511894226074,-0.6891474723815918,-0.0001231496007108035,148
13.453125,0.9617294073104858,-0.6893925666809082,-0.0002232370612205159,147
13.483124732971191,0.9616962671279907,-0.6894663572311401,0.00020720072620861174,147
13.5131254196167,0.9612770676612854,-0.6892055869102478,-0.0003602405842570988,147
13.54312515258789,0.9605922102928162,-0.6887930631637573,-0.0004373687053771391,147
13.573124885559082,0.9599490165710449,-0.6886106133460999,-0.0006129156053020779,147
13.603124618530273,0.959419846534729,-0.6888349652290344,-0.0033364776600137702,147
13.633125305175781,0.9590082764625549,-0.6892997622489929,0.00032672521359700113,148
13.663125038146973,0.9586130976676941,-0.6895124316215515,0.0006827436793628294,148
13.693124771118164,0.9582770466804504,-0.6890729069709778,0.0003924490513327328,148
13.723125457763672,0.9578759670257568,-0.687910795211792,0.00013452984370587728,148
13.753125190734863,0.9575231671333313,-0.6862660050392151,6.966486353121581e-05,148
13.783124923706055,0.9572837352752686,-0.6844146251678467,9.136321074265652e-05,148
13.813124656677246,0.9571765661239624,-0.6825454831123352,0.00036693937715881475,149
13.843125343322754,0.9571996331214905,-0.6807846426963806,0.0004501214522178998,149
13.873125076293945,0.9573407173156738,-0.6792285442352295,0.00011606148632381519,149
13.903124809265137,0.9575437307357788,-0.6779128909111023,-9.745111998427092e-05,149
13.933124542236328,0.9577048420906067,-0.6768078804016113,-0.0010314725951729997,148
13.963125228881836,0.9576787352561951,-0.6760756373405457,-0.0008258459355374725,148
13.993124961853027,0.9573579430580139,-0.6758902072906494,-0.00028272650911276287,148
14.023124694824219,0.956778883934021,-0.675937831401825,-0.00013762160892838438,148
14.053125381469727,0.9561455249786377,-0.6759487986564636,-0.00029277087867285445,148
14.083125114440918,0.9555698037147522,-0.6758214235305786,-0.00015952317608025623,147
14.11312484741211,0.95500248670578,-0.675502598285675,0.006546882534848919,146
14.1431245803833,0.9543666839599609,-0.6750844120979309,-0.002731845352059281,147
14.173125267028809,0.9538105130195618,-0.6747861504554749,0.0001615798042280403,147
14.203125,0.9533019661903381,-0.6745610237121582,-0.0005210946049487575,147
14.233124732971191,0.9529076218605042,-0.674450159072876,-0.005682717970273643,148
14.2631254196167,0.9528462290763855,-0.6743329763412476,0.010343300177510173,148
14.29312515258789,0.9531399607658386,-0.6737632155418396,0.0012357218776060108,148
14.323124885559082,0.9537532329559326,-0.6735569834709167,0.00046500947485128563,148
14.353124618530273,0.9541804194450378,-0.673595130443573,-0.049389179989020704,148
14.383125305175781,0.955145537853241,-0.6743912696838379,-0.0006341149428976678,149
14.413125038146973,0.956559956073761,-0.6759814023971558,-0.0007997344864065781,149
14.443124771118164,0.957403838634491,-0.6774246096611023,0.0004241831998115231,150
14.473125457763672,0.9575052857398987,-0.6782256960868835,0.002197087314016244,150
14.503125190734863,0.9571307897567749,-0.6783859729766846,0.0037241328506070204,150
14.533124923706055,0.9568180441856384,-0.6784350872039795,nan,nan
#GNA3
0.0,0.0,0.0,3.3612856498166366e-07,0
0.05000000074505806,0.04996732622385025,-0.0301348939538002,-0.0003334333593230099,0
0.10000000149011612,0.09986547380685806,-0.0602387934923172,-0.00042074453348561747,0
0.15000000596046448,0.14968882501125336,-0.09030937403440475,-0.0005376120423790098,0
0.20000000298023224,0.19943059980869293,-0.12034381926059723,-0.0006974520619422719,0
0.25,0.24908244609832764,-0.15033861994743347,-0.0009209730318815446,0
0.30000001192092896,0.2986339032649994,-0.1802893728017807,-0.0012416308697424938,0
0.3499999940395355,0.34807145595550537,-0.2101903110742569,-0.001714410643131714,0
0.4000000059604645,0.3973773419857025,-0.24003373086452484,-0.0024327746581320753,0
0.44999998807907104,0.446527361869812,-0.2698090076446533,-0.0035607651840336985,0
0.5,0.4954875409603119,-0.299500972032547,-0.005395796961352062,0
0.550000011920929,0.5442083477973938,-0.32908692955970764,-0.008495816923471011,0
0.6000000238418579,0.592614471912384,-0.3585318326950073,-0.013932364212678294,0
0.6499999761581421,0.640586256980896,-0.3877785801887512,-0.023772358007477123,0
0.699999988079071,0.687924325466156,-0.4167298674583435,1.402520581450517e-06,0
0.75,0.7342814803123474,-0.44521206617355347,1.702796112112992e-06,0
0.800000011920929,0.7790306210517883,-0.4729047417640686,-8.747269930609036e-07,0
0.8500000238418579,0.8210577368736267,-0.499225378036499,3.848992832899967e-06,0
0.8999999761581421,0.8586050868034363,-0.5232369899749756,4.595703734366907e-05,5
0.949999988079071,0.889726459980011,-0.5438908338546753,0.00031111636644709506,14
1.0,0.913820207118988,-0.5609225034713745,7.722254355257974e-05,20
1.0499999523162842,0.931326687335968,-0.5745749473571777,-0.013965127145411316,22
1.100000023841858,0.9441295266151428,-0.5860137939453125,0.00830893100396679,25
1.149999976158142,0.9536517858505249,-0.5961106419563293,-0.007775349108271712,36
1.2000000476837158,0.9609001874923706,-0.6054998636245728,-0.007645546425123939,42
1.25,0.9665529131889343,-0.6146034598350525,0.0005818428183488322,51
1.2999999523162842,0.9711138606071472,-0.6238325834274292,-0.006057532558202183,61
1.350000023841858,0.9747724533081055,-0.6331453323364258,-0.00012562742017507844,72
1.399999976158142,0.9778046607971191,-0.6428064703941345,-0.0003231444940752226,76
1.412500023841858,0.9784825444221497,-0.6452889442443848,0.0006960919814105182,80
1.431249976158142,0.9794427156448364,-0.6490238904953003,-0.000699568148149865,83
1.459375023841858,0.9792706966400146,-0.6484081149101257,-0.000822175290920768,82
1.501562476158142,0.9784583449363708,-0.6461211442947388,-0.01935923608613166,84
1.5515625476837158,0.9767106771469116,-0.6417633295059204,0.038402982900834104,86
1.6015625,0.9739129543304443,-0.6346740126609802,-2.7755383030125813e-05,86
1.6046874523162842,0.9738160967826843,-0.6344291567802429,2.1264932115627744e-05,86
1.607812523841858,0.9737679958343506,-0.6343092322349548,4.769914295366107e-05,86
1.610937476158142,0.9737246632575989,-0.6341990828514099,0.00025416878332862325,86
1.6140625476837158,0.9737056493759155,-0.6341453194618225,7.976719905400387e-05,86
1.6171875,0.9736972451210022,-0.6341184973716736,4.012359903526885e-05,86
1.6218750476837158,0.9736844301223755,-0.6340780258178711,2.11031060644018e-05,86
1.62890625,0.9736596941947937,-0.6340044140815735,3.835260201867641e-06,86
1.6394531726837158,0.9736069440841675,-0.6338567733764648,-5.0654256256166263e-05,86
1.6552734375,0.9734892845153809,-0.633545458316803,-0.00030475876030777727,86
1.6790039539337158,0.9732205271720886,-0.6328742504119873,-0.0004211058471241813,84
1.714599609375,0.9727212190628052,-0.6317075490951538,0.00015618651724480515,82
1.7645995616912842,0.9720237255096436,-0.6301048398017883,2.5714813546073856e-05,83
1.814599633216858,0.9719997048377991,-0.6301347017288208,0.0010738216989665261,82
1.864599585533142,0.9720163941383362,-0.6302264332771301,-0.0019006312154772331,85
1.9145996570587158,0.9729536175727844,-0.6324893832206726,-0.0007559750996506409,86
1.964599609375,0.9735813736915588,-0.6339188814163208,-0.0004673008888858021,86
2.014599561691284,0.9736363291740417,-0.6339375376701355,-0.006677878515290558,85
2.0645995140075684,0.9730814695358276,-0.6325384974479675,-0.0001543286023775181,84
2.1145997047424316,0.9723715782165527,-0.6309507489204407,0.0016662481316984668,84
2.164599657058716,0.9720684289932251,-0.6307032108306885,0.0005355698461357861,84
2.214599609375,0.9719387292861938,-0.6307796239852905,0.00022096646182490076,84
2.264599561691284,0.9717704057693481,-0.6308635473251343,0.00014101012794753842,84
2.3145995140075684,0.971562385559082,-0.6309473514556885,0.00012024920329167799,84
2.3645997047424316,0.9713162183761597,-0.6310293674468994,0.00012316489005570475,84
2.414599657058716,0.9710342288017273,-0.631109893321991,0.0001385081041007652,84
2.464599609375,0.9707194566726685,-0.631190299987793,0.00016487359852135341,83
2.514599561691284,0.9703752994537354,-0.6312726140022278,0.00022369683051692846,82
2.5645995140075684,0.9700053930282593,-0.6313593983650208,0.000241518064626689,82
2.6145997047424316,0.9696135520935059,-0.6314536929130554,0.00028573194015280023,82
2.664599657058716,0.9692038893699646,-0.6315587759017944,0.00033301904278459915,82
2.714599609375,0.9687806367874146,-0.6316782832145691,0.0003815555889445932,82
2.764599561691284,0.9683480858802795,-0.6318162083625793,0.0004309554435053542,82
2.8145995140075684,0.9679107069969177,-0.6319767236709595,0.0004802220349233721,82
2.8645997047424316,0.9674732685089111,-0.6321643590927124,0.0005285579239853178,82
2.914599657058716,0.9670404195785522,-0.6323837041854858,0.0005746208358345939,82
2.964599609375,0.966617226600647,-0.6326395273208618,2.9190558734626393e-06,82
3.014599561691284,0.9662089943885803,-0.6329367160797119,2.86805158111747e-06,82
3.0645995140075684,0.9658204913139343,-0.6332798600196838,2.8173819259791344e-06,82
3.1145997047424316,0.9654571413993835,-0.633673369884491,2.980031013066764e-06,82
3.164599657058716,0.9651239514350891,-0.6341215372085571,3.0478323083116265e-06,82
3.214599609375,0.9648257493972778,-0.6346278190612793,3.11746930492518e-06,83
3.264599561691284,0.9645668864250183,-0.6351954936981201,3.2070190627564443e-06,83
3.3145995140075684,0.9643510580062866,-0.6358270049095154,3.161555753194989e-06,83
3.3645997047424316,0.9641813635826111,-0.6365246772766113,3.408993677567196e-06,84
3.414599657058716,0.9640601277351379,-0.6372901797294617,3.280970474861533e-06,84
3.464599609375,0.9639889001846313,-0.638124942779541,3.208033945156785e-06,84
3.514599561691284,0.9639685750007629,-0.6390298008918762,3.3172677831316832e-06,83
3.5645995140075684,0.9639988541603088,-0.6400046348571777,3.4967516739925486e-06,83
3.6145997047424316,0.964078426361084,-0.6410478949546814,3.902715548065316e-06,83
3.664599657058716,0.9642044901847839,-0.6421554684638977,4.66271853838407e-06,83
3.714599609375,0.9643726348876953,-0.6433202624320984,5.515791997368069e-06,83
3.764599561691284,0.9645775556564331,-0.6445308923721313,6.954639445666544e-06,83
3.8145995140075684,0.9648144841194153,-0.6457691192626953,-3.382373870408628e-05,83
3.8645997047424316,0.9650813341140747,-0.6469981074333191,-0.00020004913051252515,84
3.914599657058716,0.9653744697570801,-0.6480990052223206,-0.0005705425701876266,84
3.964599609375,0.96563321352005,-0.648714005947113,-0.0003014610388731853,84
4.014599800109863,0.9657430648803711,-0.6486543416976929,-8.997317183911946e-05,82
4.064599514007568,0.965682864189148,-0.6480873823165894,-5.263853938686225e-05,82
4.114599704742432,0.9654759764671326,-0.6471419930458069,-3.25217188787974e-05,81
4.164599418640137,0.965190052986145,-0.645987868309021,-1.302754691323571e-05,81
4.214599609375,0.9648879170417786,-0.6447591781616211,-4.292855066978518e-06,81
4.264599800109863,0.9646063446998596,-0.6435279846191406,1.62727656061179e-06,81
4.314599514007568,0.9643644690513611,-0.6423301696777344,1.5210334822768345e-06,81
4.364599704742432,0.9641724824905396,-0.64118492603302,1.3287278761708876e-06,81
4.414599418640137,0.9640355110168457,-0.6401035189628601,1.240360518295347e-06,81
4.464599609375,0.9639560580253601,-0.639093279838562,2.1118704012224043e-06,81
4.514599800109863,0.9639343023300171,-0.6381602883338928,9.701406497697462e-06,81
4.564599514007568,0.9639686346054077,-0.637313961982727,0.0001633298471119815,81
4.614599704742432,0.964052140712738,-0.6365920901298523,-0.0025505450084324366,83
4.664599418640137,0.963975727558136,-0.6378799676895142,-2.8386498911459057e-06,82
4.714599609375,0.9639756083488464,-0.6388054490089417,3.3760773590074677e-06,83
4.764599800109863,0.9640319347381592,-0.6398012638092041,3.6711437019221194e-06,83
4.814599514007568,0.9641456604003906,-0.6408569812774658,3.5215674074606795e-06,83
4.864599704742432,0.9643148183822632,-0.6419656276702881,3.0765020255785203e-06,83
4.914599418640137,0.9645354151725769,-0.6431188583374023,2.2348851302922412e-06,83
4.964599609375,0.9647998809814453,-0.6443027257919312,-3.6268069720790663e-06,83
5.014599800109863,0.9650943279266357,-0.6454903483390808,-9.288590547384956e-06,83
5.064599514007568,0.965392529964447,-0.6466293334960938,-1.2019488906389597e-05,83
5.114599704742432,0.9656510949134827,-0.6476327776908875,-2.2237527275592583e-05,83
5.164599418640137,0.9658253788948059,-0.6484178304672241,-3.100281151091622e-05,85
5.214599609375,0.9658994674682617,-0.6489725112915039,-1.8870347389565723e-05,86
5.264599800109863,0.9658830165863037,-0.6493358016014099,-1.2136327768530464e-05,86
5.314599514007568,0.9657977819442749,-0.6495587229728699,-1.8999326641733205e-05,86
5.364599704742432,0.9656769037246704,-0.6497001051902771,-2.8235517618213635e-05,86
5.414599418640137,0.9655617475509644,-0.6498144268989563,4.718973036688112e-05,85
5.464599609375,0.9654904007911682,-0.6499189138412476,-0.00011930195057630044,85
5.514599800109863,0.9654838442802429,-0.65000319480896,-3.6142391991234035e-05,86
5.564599514007568,0.9655383825302124,-0.6500438451766968,-6.64836969690441e-05,86
5.614599704742432,0.9656445980072021,-0.6500692367553711,-5.5100354416026676e-05,86
5.664599418640137,0.9657674431800842,-0.6500628590583801,-3.330927228262226e-05,86
5.714599609375,0.9658645987510681,-0.6499742865562439,-2.5526402737341414e-05,86
5.764599800109863,0.9659010767936707,-0.6497484445571899,-3.0312504634366633e-05,84
5.814599514007568,0.9658529758453369,-0.6493407487869263,-2.3227692338423367e-05,84
5.864599704742432,0.9657076001167297,-0.6487162709236145,6.547689224589703e-06,84
5.914599418640137,0.9654712080955505,-0.647871732711792,5.592801926468383e-06,84
5.964599609375,0.9651807546615601,-0.6468718647956848,-2.913410128257965e-06,83
6.014599800109863,0.9648824334144592,-0.6458065509796143,2.114634071403998e-06,83
6.064599514007568,0.9646075367927551,-0.6447358131408691,2.529743881041213e-06,83
6.114599704742432,0.9643732309341431,-0.6436898112297058,2.751649049059779e-06,83
6.164599418640137,0.9641885757446289,-0.6426827907562256,2.975549477923778e-06,83
6.214599609375,0.9640585780143738,-0.641721248626709,3.043852814244019e-06,82
6.264599800109863,0.963985800743103,-0.640809178352356,3.533933750077267e-06,82
6.314599514007568,0.9639704823493958,-0.6399516463279724,9.590009142357303e-06,82
6.364599704742432,0.9640082716941833,-0.6391616463661194,0.00021648745172342387,82
6.414599418640137,0.9640810489654541,-0.6384823322296143,0.00017556905572746473,80
6.464599609375,0.9639343023300171,-0.6401131749153137,0.0008420396811175124,80
6.514599800109863,0.9639714956283569,-0.6409682035446167,3.1541788985123276e-06,80
6.564599514007568,0.9640675187110901,-0.6418926119804382,3.01563693483331e-06,80
6.614599704742432,0.9642205238342285,-0.6428810954093933,2.815325046867656e-06,81
6.664599418640137,0.9644277095794678,-0.6439273357391357,1.9235276909057575e-06,81
6.714599609375,0.9646826386451721,-0.6450200080871582,-6.085118968712777e-06,81
6.764599800109863,0.964972972869873,-0.6461381316184998,-2.1250921122373256e-05,81
6.814599514007568,0.9652750492095947,-0.6472392678260803,-5.772986730789853e-05,81
6.864599704742432,0.9655449986457825,-0.6482378840446472,-0.00010975987652273034,81
6.914599418640137,0.9657154083251953,-0.6489876508712769,-0.0001560238933961955,83
6.964599609375,0.9657289981842041,-0.6493311524391174,-0.0002926562315224146,83
7.014599800109863,0.9655761122703552,-0.6491425037384033,-0.0003007418077345392,83
7.064599514007568,0.9652917981147766,-0.6482866406440735,-0.0001114851099828229,82
7.114599704742432,0.965001106262207,-0.6471014618873596,-2.2456016608884966e-05,82
7.164599418640137,0.9647420644760132,-0.6458693742752075,-4.338258463576494e-06,82
7.214599609375,0.9645137786865234,-0.6446552872657776,3.5568425573728746e-06,82
7.264599800109863,0.9643189311027527,-0.6434829831123352,2.9735089697169315e-06,82
7.314599514007568,0.9641625285148621,-0.6423665881156921,2.652059151841968e-06,82
7.364599704742432,0.964049756526947,-0.6413154006004333,2.2031484832041315e-06,82
7.414599418640137,0.9639846086502075,-0.64033442735672,1.970569314835302e-06,83
7.464599609375,0.963969349861145,-0.6394256949424744,1.976933162950445e-06,83
7.514599800109863,0.9640051126480103,-0.6385884881019592,2.0219311522851058e-06,82
7.564599514007568,0.9640917181968689,-0.6378207802772522,1.8205454352937522e-06,82
7.614599704742432,0.964228093624115,-0.637119472026825,1.7630152910896868e-06,82
7.664599418640137,0.96441251039505,-0.6364812850952148,1.6735868371142715e-06,82
7.714599609375,0.964642345905304,-0.635902464389801,1.6253642911578936e-06,81
7.764599800109863,0.9649143218994141,-0.6353794932365417,1.5206252328425762e-06,81
7.814599514007568,0.9652245044708252,-0.6349086761474609,1.332267970610701e-06,81
7.864599704742432,0.9655683636665344,-0.6344863772392273,1.1301776225991489e-06,81
7.914599418640137,0.9659409523010254,-0.6341087818145752,9.679787922323158e-07,81
7.964599609375,0.9663372039794922,-0.6337721943855286,8.390464358853933e-07,81
8.014599800109863,0.9667518138885498,-0.633472740650177,7.528864784944744e-07,81
8.064599990844727,0.9671795964241028,-0.6332066059112549,0.0005745985361045314,81
8.114599227905273,0.9676152467727661,-0.6329699158668518,0.0005280461140273474,81
8.164599418640137,0.9680542349815369,-0.6327590942382812,0.0004808521952668343,81
8.214599609375,0.9684914350509644,-0.6325703859329224,0.0004341885206713414,81
8.264599800109863,0.9689223766326904,-0.632400393486023,0.0003924958267020884,81
8.314599990844727,0.9693424105644226,-0.6322457790374756,0.00038091468320544664,82
8.364599227905273,0.9697473645210266,-0.6321033239364624,0.000329369528060397,82
8.414599418640137,0.9701329469680786,-0.6319700479507446,0.00030464402919960776,83
8.464599609375,0.9704951643943787,-0.6318432092666626,0.00028637358451533146,83
8.514599800109863,0.9708302617073059,-0.6317203044891357,0.00027677536269266056,83
8.564599990844727,0.971134603023529,-0.631598949432373,0.0002793588511735834,83
8.614599227905273,0.9714049696922302,-0.6314772963523865,0.00030073771603156274,83
8.664599418640137,0.971638560295105,-0.631354033946991,0.0003547218859125678,83
8.714599609375,0.9718332290649414,-0.6312288045883179,-4.18836452809046e-06,83
8.764599800109863,0.9719884395599365,-0.6311039328575134,-7.865506404414191e-06,83
8.814599990844727,0.9721076488494873,-0.6309905648231506,-1.968890097714393e-05,83
8.864599227905273,0.972223162651062,-0.6309630870819092,-0.0009038546793362912,82
8.914599418640137,0.9715555906295776,-0.6292849183082581,7.260432528255478e-05,82
8.927099227905273,0.9714287519454956,-0.6289999485015869,-0.03206870613871615,80
8.945849418640137,0.9691362380981445,-0.6244885325431824,-1.5869266917434288e-05,80
8.973974227905273,0.968590497970581,-0.6235229969024658,-0.00019584005593742404,80
9.016161918640137,0.9677835702896118,-0.6221742033958435,-0.0009638168610877074,79
9.066162109375,0.9668971300125122,-0.6208286285400391,-0.0002291291708047538,79
9.116162300109863,0.9661275148391724,-0.6197945475578308,3.288645984866889e-06,80
9.166162490844727,0.9653522968292236,-0.61883944272995,-7.535159517146894e-05,79
9.216161727905273,0.9644900560379028,-0.6178317666053772,0.00027558551443007673,78
9.266161918640137,0.963499903678894,-0.6167371869087219,-0.002002032001087173,78
9.316162109375,0.9622333645820618,-0.615271806716919,-0.00017473651769250864,78
9.366162300109863,0.9610137343406677,-0.6139102578163147,-1.831445212019389e-05,78
9.416162490844727,0.959708571434021,-0.6124889254570007,-7.180702368714265e-06,78
9.466161727905273,0.9583337903022766,-0.6110230088233948,-5.32287424448441e-06,78
9.516161918640137,0.9569035172462463,-0.6095284819602966,-4.524131043126545e-06,78
9.566162109375,0.955427348613739,-0.6080169081687927,-4.199458317089011e-06,78
9.616162300109863,0.9539112448692322,-0.6064959764480591,-3.5860476259585994e-06,78
9.666162490844727,0.9523599147796631,-0.6049709916114807,-2.8221134016348515e-06,78
9.716161727905273,0.950776994228363,-0.6034452319145203,-2.233785835414892e-06,77
9.766161918640137,0.9491651654243469,-0.6019206643104553,-1.9484417066450987e-06,77
9.816162109375,0.947526216506958,-0.600398600101471,-2.128637447640358e-06,76
9.866162300109863,0.9458606243133545,-0.5988800525665283,-2.6391413712190115e-06,76
9.916162490844727,0.9441670179367065,-0.59736567735672,-2.8924734465363144e-06,76
9.966161727905273,0.9424408078193665,-0.5958547592163086,-2.505701274913008e-06,76
10.016161918640137,0.9406744241714478,-0.5943452715873718,-1.0411295079393312e-06,76
10.066162109375,0.9388613104820251,-0.5928382873535156,7.688856271670375e-06,75
10.116162300109863,0.9370090961456299,-0.5913504362106323,7.155147608273182e-05,75
10.166162490844727,0.9351975917816162,-0.5899739265441895,0.0006487134368740044,74
10.216161727905273,0.9341673851013184,-0.589396595954895,0.00028263319785537533,74
10.266161918640137,0.9351735711097717,-0.5904356837272644,0.00016013803463010845,74
10.316162109375,0.9368195533752441,-0.5919057726860046,4.01173406316957e-05,74
10.366162300109863,0.9386680126190186,-0.5935165286064148,7.625329601523845e-06,74
10.416162490844727,0.9405412673950195,-0.5951604843139648,2.8096634423491196e-06,73
10.466161727905273,0.9423681497573853,-0.5967971682548523,-3.678917323668429e-06,75
10.516161918640137,0.9441347718238831,-0.5984211564064026,-1.000717213628377e-05,76
10.566162109375,0.9458506107330322,-0.6000407338142395,-5.521521927676076e-06,76
10.616162300109863,0.947526752948761,-0.6016629338264465,-5.914590758493432e-06,75
10.666162490844727,0.94916832447052,-0.6032887101173401,-5.2493907674033835e-06,75
10.716161727905273,0.9507719278335571,-0.6049106121063232,-4.651105598441063e-06,76
10.766161918640137,0.9523268342018127,-0.6065142154693604,-3.3756475090740423e-06,76
10.816162109375,0.9538165926933289,-0.6080795526504517,-1.6949949781519535e-06,78
10.866162300109863,0.9552208781242371,-0.6095826029777527,1.3165777090762276e-06,78
10.916162490844727,0.9565186500549316,-0.6109976768493652,3.399684089799848e-06,77
10.966161727905273,0.9576959013938904,-0.6123048067092896,4.008598125437857e-06,76
11.016161918640137,0.9587658643722534,-0.6135123372077942,-4.229957983170607e-05,76
11.066162109375,0.9598198533058167,-0.6147138476371765,-0.0002679621986771963,76
11.116162300109863,0.961058497428894,-0.6161314249038696,-8.291962546991272e-05,76
11.166162490844727,0.962465763092041,-0.6177589297294617,-6.57243231216853e-06,75
11.216161727905273,0.9638431072235107,-0.6193845272064209,-6.146894008907111e-06,76
11.266161918640137,0.9651195406913757,-0.6209258437156677,-8.016889353257284e-06,76
11.316162109375,0.9662526249885559,-0.6223186254501343,-1.4842329505881935e-05,76
11.366162300109863,0.967182457447052,-0.6234581470489502,-4.1382914048426755e-05,76
11.416162490844727,0.9677962064743042,-0.6241424083709717,0.00011795517076507167,74
11.466161727905273,0.9679065942764282,-0.6240503787994385,0.00013911102576003032,73
11.516161918640137,0.9674555659294128,-0.6231147646903992,-0.00012486840711289915,72
11.566162109375,0.9666832685470581,-0.6217589378356934,-8.537170418776441e-05,70
11.616162300109863,0.9657630920410156,-0.6202470660209656,-8.971592706075171e-06,69
11.666162490844727,0.9647607207298279,-0.6186845898628235,-4.609923564657947e-06,69
11.716161727905273,0.9636935591697693,-0.6170940399169922,-3.676783535411232e-06,69
11.766161918640137,0.9625691771507263,-0.6154890656471252,-5.332747491593182e-06,69
11.816162109375,0.9613940715789795,-0.6138839721679688,-1.1336702925746067e-05,68
11.866162300109863,0.9601808190345764,-0.6123022437095642,-2.390786147543622e-05,68
11.916162490844727,0.9589554071426392,-0.6107816696166992,-3.978519299607797e-05,68
11.966161727905273,0.957760214805603,-0.6093729734420776,-5.2786699711759866e-05,68
12.016161918640137,0.9566470980644226,-0.6081262826919556,-5.1475650820975716e-05,68
12.066162109375,0.9556581974029541,-0.6070701479911804,-4.2100206542272645e-05,68
12.116162300109863,0.9548035860061646,-0.6061959266662598,-2.471752912924785e-05,68
12.166162490844727,0.954050600528717,-0.6054545044898987,-1.6381774230467272e-05,68
12.216161727905273,0.9533341526985168,-0.6047707200050354,-4.7120373437792296e-05,68
12.266161918640137,0.9525765180587769,-0.604060173034668,-0.0001805488604986749,69
12.316162109375,0.9516939520835876,-0.6032313704490662,-0.0002163663745022859,69
12.366162300109863,0.9506369233131409,-0.6022389531135559,5.916989175602794e-05,70
12.416162490844727,0.9494760036468506,-0.6011879444122314,6.769451471200227e-05,71
12.466161727905273,0.9483029842376709,-0.6001743674278259,6.012409977529387e-05,71
12.516161918640137,0.9472959637641907,-0.5993274450302124,2.918685538588761e-05,72
12.566162109375,0.9466822743415833,-0.5987998247146606,7.204625603662862e-06,73
12.616162300109863,0.9465344548225403,-0.598626971244812,1.1289127314739744e-05,74
12.666162490844727,0.9466997981071472,-0.5986854434013367,1.059488050714208e-05,73
12.716161727905273,0.9469931721687317,-0.5988333821296692,1.4183720281835122e-05,72
12.766161918640137,0.9472746253013611,-0.598961353302002,-4.3160181121493224e-05,71
12.816162109375,0.9474398493766785,-0.5989822745323181,2.1801179173053242e-05,70
12.866162300109863,0.947410523891449,-0.5988296866416931,2.2962886021105078e-05,70
12.916162490844727,0.9471484422683716,-0.5984689593315125,1.6637732926483295e-05,70
12.966161727905273,0.9466574788093567,-0.597905158996582,-6.623326157750853e-06,70
13.016161918640137,0.9459736347198486,-0.5971705913543701,-0.021233974617871354,69
13.066162109375,0.9456051588058472,-0.5968120694160461,-0.0016362778202960726,69
13.116162300109863,0.945270836353302,-0.5965151786804199,7.20615310001449e-06,69
13.166162490844727,0.9448404312133789,-0.5961281657218933,-5.0164900358140585e-06,69
13.216161727905273,0.9443057179450989,-0.5956538319587708,-8.327521811679617e-06,67
13.266161918640137,0.9436616897583008,-0.5951147675514221,-4.9038527549782884e-06,67
13.316162109375,0.9429035782814026,-0.5945271849632263,-1.399037500959821e-06,67
13.366162300109863,0.9420309066772461,-0.5938971638679504,1.4922552509233356e-06,67
13.416162490844727,0.941047728061676,-0.5932266116142273,1.5135518083297939e-06,67
13.466161727905273,0.9399608969688416,-0.5925173163414001,1.397968787841819e-06,67
13.516161918640137,0.9387785196304321,-0.5917719006538391,1.353347386157111e-06,67
13.566162109375,0.9375086426734924,-0.590993344783783,1.2179891086816497e-06,67
13.616162300109863,0.936159074306488,-0.5901846885681152,1.210119080496952e-06,67
13.666162490844727,0.9347370266914368,-0.5893492102622986,1.1315625556562736e-06,67
13.716161727905273,0.9332491159439087,-0.5884898900985718,9.36252376959601e-07,67
13.766161918640137,0.9317014813423157,-0.5876096487045288,9.028385079545842e-07,67
13.816162109375,0.9300995469093323,-0.586711049079895,7.429237030009972e-07,67
13.866162300109863,0.9284485578536987,-0.585796594619751,7.399778496619547e-07,67
13.916162490844727,0.9267532229423523,-0.5848686099052429,0.00012083360047654423,67
13.966161727905273,0.9250178337097168,-0.5839292407035828,0.00011970349646617251,67
14.016161918640137,0.9232465624809265,-0.5829804539680481,0.000118279933303711,67
14.066162109375,0.921443521976471,-0.582024335861206,0.00011759697281377157,66
14.116162300109863,0.919612467288971,-0.5810630321502686,0.00011739844785552123,66
14.166162490844727,0.9177573919296265,-0.5800981521606445,0.0001076145479146362,66
14.216161727905273,0.9158821702003479,-0.5791321396827698,0.00010099459086632123,66
14.266161918640137,0.9139907956123352,-0.578167200088501,-9.519591299067542e-05,66
14.316162109375,0.9120872616767883,-0.5772055983543396,4.5357222688835463e-07,66
14.366162300109863,0.9101756811141968,-0.5762496590614319,5.823625315315439e-07,65
14.416162490844727,0.9082599878311157,-0.5753018260002136,4.2800962773981155e-07,65
14.466161727905273,0.9063443541526794,-0.5743645429611206,3.865424673676898e-07,65
14.516161918640137,0.9044327139854431,-0.5734403133392334,4.4278596078584087e-07,65
14.566162109375,0.902529239654541,-0.5725314617156982,4.1682136497911415e-07,65
14.616162300109863,0.9006377458572388,-0.5716404914855957,3.883388330905291e-07,65
14.666162490844727,0.8987621665000916,-0.570769727230072,3.739467615559988e-07,65
14.716161727905273,0.8969064354896545,-0.5699214935302734,3.6024960081704194e-07,65
14.766161918640137,0.895074188709259,-0.569098174571991,3.885668320435798e-07,65
14.816162109375,0.8932691812515259,-0.5683019161224365,3.804848347499501e-07,65
14.866162300109863,0.8914950489997864,-0.5675348043441772,3.7733406088591437e-07,65
14.916162490844727,0.8897551894187927,-0.5667990446090698,3.221061888325494e-07,65
14.966161727905273,0.8880531787872314,-0.5660966634750366,-3.4326521358707396e-07,65
15.016161918640137,0.8863922357559204,-0.5654295086860657,4.2679567968662013e-07,65
15.066162109375,0.8847756385803223,-0.5647995471954346,3.939003363484517e-07,65
15.116162300109863,0.8832064270973206,-0.5642085075378418,-3.9693000530860445e-07,65
15.166162490844727,0.8816877007484436,-0.5636580586433411,-3.8472483510076927e-07,65
15.216161727905273,0.8802222609519958,-0.5631499290466309,3.997741089278861e-07,65
15.266161918640137,0.8788127303123474,-0.5626855492591858,4.255434760125354e-07,65
15.316162109375,0.8774617314338684,-0.5622662305831909,-3.9572138277321756e-07,65
15.366162300109863,0.8761715292930603,-0.5618932247161865,-3.8286495573913726e-07,65
15.416162490844727,0.8749442100524902,-0.5615676045417786,-3.734853351033962e-07,65
15.466161727905273,0.873781681060791,-0.5612901449203491,3.693773464874539e-07,65
15.516161918640137,0.872685432434082,-0.5610613822937012,4.11198016081471e-07,65
15.566162109375,0.8716566562652588,-0.5608815550804138,3.8693661963407067e-07,65
15.616162300109863,0.8706961870193481,-0.5607503652572632,3.633756477938732e-07,65
15.666162490844727,0.8698043823242188,-0.5606667995452881,3.8782167166573345e-07,65
15.716161727905273,0.8689810037612915,-0.5606289505958557,-5.624365257972386e-07,65
15.766161918640137,0.8682252168655396,-0.5606331825256348,-1.1956166758864128e-06,65
15.816162109375,0.8675354719161987,-0.5606732964515686,-2.581890555575228e-06,65
15.866162300109863,0.8669098019599915,-0.5607384443283081,-4.493618860124116e-06,65
15.916162490844727,0.8663462400436401,-0.5608100295066833,-4.916897580642399e-06,65
15.966161727905273,0.8658447265625,-0.5608593821525574,2.2960261958360206e-06,65
16.016162872314453,0.8654061555862427,-0.5608559846878052,2.3242249653776526e-06,65
16.066162109375,0.8650215864181519,-0.5607894659042358,1.2630168271243747e-06,65
16.116161346435547,0.8646671772003174,-0.5606738924980164,2.4464087005071633e-06,65
16.166162490844727,0.8643165826797485,-0.5605310797691345,6.146492239622603e-06,65
16.216161727905273,0.8639514446258545,-0.5603846311569214,1.1371462449005776e-05,65
16.266162872314453,0.8635648488998413,-0.560268223285675,1.2061891254688817e-05,65
16.316162109375,0.8631719350814819,-0.560235857963562,1.179276966922771e-05,65
16.366161346435547,0.8628249168395996,-0.5603414177894592,9.216901275976852e-06,65
16.416162490844727,0.8625771403312683,-0.560588538646698,4.681112386606401e-06,63
16.466161727905273,0.8624433279037476,-0.5609465837478638,1.8782463371280755e-06,62
16.516162872314453,0.8624186515808105,-0.5613881349563599,8.744305546315445e-07,62
16.566162109375,0.8624960780143738,-0.5618941783905029,7.282211527126492e-07,62
16.616161346435547,0.862669050693512,-0.5624498724937439,7.685766263421101e-07,62
16.666162490844727,0.8629308938980103,-0.5630403757095337,8.739330041862559e-07,62
16.716161727905273,0.8632729053497314,-0.5636480450630188,-1.1061558495839563e-06,62
16.766162872314453,0.8636828064918518,-0.5642488598823547,-1.6770448496572499e-06,62
16.816162109375,0.8641416430473328,-0.5648080110549927,-2.5292857515069045e-06,62
16.866161346435547,0.8646185398101807,-0.5652720928192139,3.292939766197378e-06,61
16.916162490844727,0.8650617003440857,-0.565558910369873,5.367385085719434e-06,61
16.966161727905273,0.8653932809829712,-0.5655652284622192,5.789571218883793e-06,61
17.016162872314453,0.865551233291626,-0.5652533769607544,-1.2703864683771826e-05,60
17.066162109375,0.8655648827552795,-0.5647261142730713,-1.1231261908051238e-05,60
17.116161346435547,0.8655108213424683,-0.5641084909439087,-6.293760520748037e-06,62
17.166162490844727,0.8654456734657288,-0.5634722113609314,-3.417387119952764e-06,62
17.216161727905273,0.8654019236564636,-0.5628517270088196,-1.9706658349605277e-06,63
17.266162872314453,0.8653979301452637,-0.562264084815979,-1.354279334009334e-06,63
17.316162109375,0.8654440641403198,-0.5617179274559021,-1.0425722507534374e-06,63
17.366161346435547,0.8655461072921753,-0.5612178444862366,-8.669852604725747e-07,63
17.416162490844727,0.8657066822052002,-0.5607662796974182,-7.067500291668694e-07,63
17.466161727905273,0.8659261465072632,-0.5603643655776978,-7.16777151410497e-07,63
17.516162872314453,0.8662029504776001,-0.5600127577781677,-8.366058068531856e-07,63
17.566162109375,0.8665359616279602,-0.5597131848335266,2.801487084980181e-06,63
17.616161346435547,0.866930365562439,-0.5594714283943176,-3.7962550777592696e-05,63
17.666162490844727,0.867405891418457,-0.5593032240867615,-3.4556111586425686e-05,63
17.716161727905273,0.8679666519165039,-0.5592231154441833,-3.537348220561398e-06,63
17.766162872314453,0.8685886859893799,-0.559216320514679,-7.302583640012017e-07,63
17.816162109375,0.8692598342895508,-0.5592588782310486,5.891399439406086e-07,63
17.866161346435547,0.8699821829795837,-0.5593341588973999,9.88783256161696e-07,63
17.916162490844727,0.8707652688026428,-0.559434711933136,1.2066146268807643e-06,63
17.966161727905273,0.8716179132461548,-0.5595610737800598,7.61203750698769e-07,63
18.016162872314453,0.8725433945655823,-0.5597183108329773,4.3202066990488674e-07,63
18.066162109375,0.8735411167144775,-0.5599119663238525,-4.922194420942105e-07,62
18.116161346435547,0.8746092915534973,-0.5601462721824646,-3.834709900729649e-07,62
18.166162490844727,0.8757458329200745,-0.5604239106178284,-2.9795296541124117e-07,61
18.216161727905273,0.8769486546516418,-0.5607463121414185,3.4605841392476577e-07,61
18.266162872314453,0.8782157897949219,-0.5611140727996826,-3.101908419012034e-07,61
18.316162109375,0.8795452117919922,-0.5615272521972656,3.3126843845820986e-07,61
18.366161346435547,0.8809347152709961,-0.5619855523109436,-3.1591889637638815e-07,61
18.416162490844727,0.8823820948600769,-0.5624883770942688,-3.2857087717275135e-07,61
18.466161727905273,0.8838849663734436,-0.5630348920822144,-3.003362962772371e-07,61
18.516162872314453,0.8854407668113708,-0.5636240839958191,3.499405920592835e-07,61
18.566162109375,0.8870468735694885,-0.5642549395561218,-3.10115865431726e-07,61
18.616161346435547,0.8887004256248474,-0.5649260878562927,3.073937477893196e-07,61
18.666162490844727,0.890398383140564,-0.5656360983848572,3.472946445981506e-07,61
18.716161727905273,0.8921375274658203,-0.5663834810256958,-3.297991497674957e-07,61
18.766162872314453,0.8939144611358643,-0.5671664476394653,2.850849796232069e-07,61
18.816162109375,0.895725429058075,-0.5679830312728882,-2.8178146749269217e-07,61
18.866161346435547,0.8975666761398315,-0.568831205368042,-4.0268332668347284e-07,61
18.916162490844727,0.8994341492652893,-0.5697087049484253,3.2208026823354885e-07,61
18.966161727905273,0.9013234972953796,-0.5706130266189575,3.0684077501064166e-07,61
19.016162872314453,0.9032300114631653,-0.5715416073799133,3.6143819670542143e-07,61
19.066162109375,0.9051486849784851,-0.5724913477897644,-2.574106474639848e-07,61
19.116161346435547,0.9070737957954407,-0.5734589099884033,-3.28024611917499e-07,61
19.166162490844727,0.9089985489845276,-0.5744401812553406,-5.089793830848066e-07,61
19.216161727905273,0.9109140038490295,-0.5754297375679016,-1.1233121881559782e-06,61
19.266162872314453,0.9128063321113586,-0.5764191746711731,-5.051283096690895e-06,61
19.316162109375,0.9146469235420227,-0.5773913860321045,-7.774250798320281e-05,63
19.366161346435547,0.9163230657577515,-0.5782802104949951,0.018614895410621557,61
19.416162490844727,0.9122917056083679,-0.5760409832000732,-0.0005542207709083868,61
19.466161727905273,0.9103833436965942,-0.5750172138214111,0.00014970945341019615,61
19.516162872314453,0.9084620475769043,-0.5739974975585938,0.00011694989757415897,61
19.566162109375,0.9065344333648682,-0.5729857087135315,0.00012238159229127632,61
19.616161346435547,0.9046074151992798,-0.5719856023788452,0.00013033054540301237,61
19.666162490844727,0.902686595916748,-0.571000337600708,0.0001383975396720416,61
19.716161727905273,0.9007768630981445,-0.5700327157974243,3.8051143746997695e-07,61
19.766162872314453,0.8988827466964722,-0.5690852999687195,3.376401878085744e-07,61
19.816162109375,0.8970083594322205,-0.5681605935096741,3.6950069670638186e-07,61
19.866161346435547,0.8951579332351685,-0.5672610402107239,3.6936609149051947e-07,60
19.916162490844727,0.8933354020118713,-0.5663890242576599,3.964191819250118e-07,60
19.966161727905273,0.891544759273529,-0.5655469298362732,3.619460358095239e-07,60
20.016162872314453,0.8897899389266968,-0.5647371411323547,3.303962330392096e-07,60
20.066162109375,0.8880746960639954,-0.563961923122406,3.519755296110816e-07,60
20.116161346435547,0.8864030241966248,-0.5632236003875732,3.5837615541822743e-07,60
20.166162490844727,0.8847784996032715,-0.5625244975090027,3.853721750601835e-07,60
20.216161727905273,0.8832049369812012,-0.561866819858551,3.2822538287291536e-07,60
20.266162872314453,0.8816857933998108,-0.5612527132034302,3.340379066685273e-07,60
20.316162109375,0.8802245855331421,-0.5606843829154968,0.0002518192740126324,60
20.366161346435547,0.8788244128227234,-0.5601637959480286,0.0002572588787188579,60
20.416162490844727,0.8774887323379517,-0.559692919254303,0.0002620931143724192,60
20.466161727905273,0.8762202262878418,-0.5592735409736633,0.00026625654146528177,60
20.516162872314453,0.8750216364860535,-0.5589073896408081,0.0002698686513440407,60
20.566162109375,0.873895525932312,-0.5585958957672119,4.021537165499467e-07,60
20.616161346435547,0.8728441596031189,-0.5583406090736389,3.9472865864809137e-07,60
20.666162490844727,0.8718692660331726,-0.5581425428390503,3.571822730918939e-07,60
20.716161727905273,0.8709725737571716,-0.5580028295516968,3.6876707554256427e-07,60
20.766162872314453,0.8701555132865906,-0.5579222440719604,4.12671852245694e-07,60
20.816162109375,0.8694189786911011,-0.5579012632369995,3.900708520632179e-07,60
20.866161346435547,0.8687636256217957,-0.5579403042793274,4.2851712578340084e-07,60
20.916162490844727,0.8681896924972534,-0.558039128780365,4.7326926733148866e-07,60
20.966161727905273,0.8676969408988953,-0.5581974387168884,5.173267823010974e-07,60
21.016162872314453,0.8672846555709839,-0.558414101600647,-7.374380288638349e-07,61
21.066162109375,0.8669514656066895,-0.5586869716644287,-3.4783031424012734e-06,61
21.116161346435547,0.8666945099830627,-0.559010922908783,-2.911895325041769e-05,61
21.166162490844727,0.8665072917938232,-0.5593665242195129,-2.572232347120007e-06,61
21.216161727905273,0.8663609623908997,-0.5595474243164062,-3.601714831802383e-05,61
21.266162872314453,0.8663162589073181,-0.5592572689056396,-4.9538161306372785e-06,63
21.316162109375,0.8663462996482849,-0.5589237213134766,8.6990752379279e-07,63
21.366161346435547,0.8664453625679016,-0.5586127638816833,5.132799287821399e-07,63
21.416162490844727,0.8666146993637085,-0.5583434104919434,-4.7525082891297643e-07,63
21.466161727905273,0.8668549060821533,-0.5581234693527222,-4.082268674210354e-07,63
21.516162872314453,0.8671661615371704,-0.5579568147659302,-4.6587263113906374e-07,63
21.566162109375,0.8675479888916016,-0.5578452348709106,-4.1447725607213215e-07,63
21.616161346435547,0.8679997324943542,-0.5577889680862427,-4.2786780340975383e-07,63
21.666162490844727,0.868520975112915,-0.5577878355979919,-4.730702016786381e-07,63
21.716161727905273,0.8691113591194153,-0.5578407645225525,-3.87559680348204e-07,63
21.766162872314453,0.8697713017463684,-0.5579465627670288,-3.296523800599971e-07,63
21.816162109375,0.8705016374588013,-0.5581039190292358,-3.9790211303625256e-07,63
21.866161346435547,0.8713036775588989,-0.5583115816116333,-4.1828104713204084e-07,63
21.916162490844727,0.8721787929534912,-0.5585684180259705,-3.7819228282387485e-07,63
21.966161727905273,0.8731281161308289,-0.5588734149932861,-3.452051373642462e-07,63
22.016162872314453,0.8741524815559387,-0.5592255592346191,3.5133871278958395e-07,63
22.066162109375,0.8752517700195312,-0.5596238970756531,-3.4868781995101017e-07,63
22.116161346435547,0.8764253258705139,-0.5600674748420715,-2.7856208362209145e-07,63
22.166162490844727,0.8776716589927673,-0.560555100440979,-3.083260367020557e-07,63
22.216161727905273,0.8789885640144348,-0.5610855221748352,2.94146502710646e-07,63
22.266162872314453,0.880373477935791,-0.5616573691368103,-3.198631475243019e-07,63
22.316162109375,0.8818232417106628,-0.5622689127922058,3.281393219367601e-07,63
22.366161346435547,0.8833344578742981,-0.562918484210968,-3.03276692648069e-07,63
22.416162490844727,0.8849034309387207,-0.5636041164398193,-3.3285823519690894e-07,63
22.466161727905273,0.886526346206665,-0.5643237233161926,3.5127550290781073e-07,63
22.516162872314453,0.8881992101669312,-0.5650749206542969,-3.053157797694439e-07,63
22.566162109375,0.8899179100990295,-0.5658552050590515,-2.9524471756303683e-07,63
22.616161346435547,0.8916781544685364,-0.566661536693573,-3.1293370739149395e-07,63
22.666162490844727,0.8934754729270935,-0.5674905776977539,-3.888501680648915e-07,63
22.716161727905273,0.8953048586845398,-0.5683379769325256,4.792641732365155e-07,63
22.766162872314453,0.8971604704856873,-0.5691983699798584,6.562132170984114e-07,64
22.816162109375,0.8990343809127808,-0.5700638294219971,9.682113955022942e-07,64
22.866161346435547,0.9009138345718384,-0.5709223747253418,-2.281274134929845e-06,64
22.916162490844727,0.9027753472328186,-0.5717547535896301,-5.494649883530656e-06,64
22.966161727905273,0.9045779705047607,-0.5725334882736206,-4.613462010638614e-06,64
23.016162872314453,0.9062817096710205,-0.5732427835464478,-4.334935567840148e-06,64
23.066162109375,0.9079179167747498,-0.5739206075668335,-5.687788529940008e-06,64
23.116161346435547,0.9095742106437683,-0.574636697769165,2.490403346655512e-06,64
23.166162490844727,0.9112880825996399,-0.5754220485687256,1.7533914160594577e-06,64
23.216161727905273,0.9130454659461975,-0.5762683153152466,1.1293204806861468e-06,64
23.266162872314453,0.914823055267334,-0.5771570801734924,-8.00208681539516e-07,64
23.316162109375,0.9166026711463928,-0.5780730247497559,-4.219712081976468e-07,64
23.366161346435547,0.9183722138404846,-0.5790053606033325,-3.9809486906960956e-07,64
23.416162490844727,0.9201231598854065,-0.5799471139907837,-3.9905370385895367e-07,64
23.466161727905273,0.9218493103981018,-0.5808940529823303,-5.328444103724905e-07,64
23.516162872314453,0.9235445857048035,-0.5818431973457336,-4.895094321000215e-07,64
23.566162109375,0.925201416015625,-0.5827911496162415,-2.79069968200929e-06,64
23.616161346435547,0.9268081188201904,-0.5837311148643494,-0.0018942167562272516,66
23.666162490844727,0.9268724322319031,-0.5837795734405518,-8.259637729679525e-05,66
23.716161727905273,0.9255452156066895,-0.583062469959259,-2.8914157041981525e-05,66
23.766162872314453,0.9241693019866943,-0.582364022731781,1.5916459688014584e-06,66
23.816162109375,0.9227256774902344,-0.5816406607627869,1.0024892844739952e-06,66
23.866161346435547,0.9211857318878174,-0.5808625221252441,-8.848870152178279e-07,66
23.916162490844727,0.9195669889450073,-0.5800424814224243,-6.453634000536113e-07,66
23.966161727905273,0.9178935885429382,-0.5792019367218018,-7.216861490633164e-07,66
24.016162872314453,0.9161866307258606,-0.5783603191375732,1.0538035439822124e-06,66
24.066162109375,0.9144657254219055,-0.5775362253189087,1.672240614425391e-06,66
24.116161346435547,0.9127530455589294,-0.5767497420310974,-2.5281008220190415e-06,66
24.166162490844727,0.91107577085495,-0.5760231614112854,-7.817944492671813e-06,66
24.216161727905273,0.9094550013542175,-0.5753700733184814,-9.533793274840718e-06,66
24.266162872314453,0.9078605771064758,-0.5747621059417725,-1.9973365965597623e-06,66
24.316162109375,0.9061955809593201,-0.5741201043128967,-5.120660432567092e-06,66
24.366161346435547,0.9044197201728821,-0.5733975768089294,nan,nan
