Intel(R) Core(TM) i7-10510U CPU @ 1.80GHz
Windows 10 Home Chinese, version 22H2, 19045.6466
2024, 2023_09_21-3.55.25 RELr426 190762
DDR4, 2667 MHz
#MNA
0.0,0.0,0.0,-3.178968199790688e-11,0
0.029999999329447746,0.029999999329447746,-0.037375472486019135,-5.820766091346741e-11,0
0.05999999865889549,0.05999999865889549,-0.07475094497203827,-7.980816008057445e-11,0
0.09000000357627869,0.09000000357627869,-0.1121264174580574,-1.0896883395616896e-10,0
0.11999999731779099,0.11999999731779099,-0.14950188994407654,-1.2857981346314773e-10,0
0.15000000596046448,0.15000000596046448,-0.18687736988067627,-1.4779288903810084e-10,0
0.18000000715255737,0.18000000715255737,-0.2242528349161148,1.7178081179736182e-10,0
0.20999999344348907,0.20999999344348907,-0.26162829995155334,2.0168045011814684e-10,0
0.23999999463558197,0.23999999463558197,-0.2990037798881531,2.3146640160121024e-10,0
0.27000001072883606,0.27000001072883606,-0.3363792598247528,2.5920599000528455e-10,0
0.30000001192092896,0.30000001192092896,-0.37375473976135254,2.830802259268239e-10,0
0.33000001311302185,0.33000001311302185,-0.41113021969795227,-3.07636582874693e-10,0
0.36000001430511475,0.36000001430511475,-0.4485056698322296,-3.3355718187522143e-10,0
0.38999998569488525,0.38999998569488525,-0.48588114976882935,3.494733391562477e-10,0
0.41999998688697815,0.41999998688697815,-0.5232565999031067,3.794866643147543e-10,0
0.44999998807907104,0.44999998807907104,-0.5606321096420288,4.072262527188286e-10,0
0.47999998927116394,0.47999998927116394,-0.5980075597763062,4.367848305264488e-10,0
0.5099999904632568,0.5099999904632568,-0.6353830695152283,4.5702108764089644e-10,0
0.5400000214576721,0.5400000214576721,-0.6727585196495056,4.838511813431978e-10,0
0.5699999928474426,0.5699999928474426,-0.710133969783783,5.038600647822022e-10,0
0.6000000238418579,0.6000000238418579,-0.7475094795227051,-5.270521796774119e-10,0
0.6299999952316284,0.6299999952316284,-0.7848849296569824,-5.602487362921238e-10,0
0.6600000262260437,0.6600000262260437,-0.8222604393959045,-5.911715561524034e-10,0
0.6899999976158142,0.6899999976158142,-0.8596358895301819,-6.252776074688882e-10,0
0.7200000286102295,0.7200000286102295,-0.8970113396644592,-6.607479008380324e-10,0
0.75,0.75,-0.9343868494033813,-6.934897101018578e-10,0
0.7799999713897705,0.7799999713897705,-0.9717622995376587,6.944161912159075e-11,0
0.8100000023841858,0.809970498085022,-1.0091204643249512,-9.205950846080668e-08,0
0.8399999737739563,0.83989417552948,-1.0464497804641724,-7.157632353482768e-08,0
0.8700000047683716,0.8698173761367798,-1.083778738975525,-6.680238584522158e-10,0
0.8999999761581421,0.8997344970703125,-1.1211084127426147,-4.676979187934194e-06,0
0.9300000071525574,0.9292067289352417,-1.158257007598877,0.0005631894846374053,0
0.9599999785423279,0.9578032493591309,-1.1950324773788452,2.632839368743589e-06,0
0.9900000095367432,0.9823219180107117,-1.229026198387146,-0.03154528228833442,0
0.9975000023841858,0.9866238236427307,-1.2360438108444214,-0.053319538890264084,0
1.0087499618530273,0.9904767870903015,-1.2440990209579468,-0.284154029797719,0
1.0256249904632568,0.9937587380409241,-1.2541838884353638,0.007285399449301622,0
1.050937533378601,0.9960228800773621,-1.266857624053955,-0.0044711828063555,0
1.0809375047683716,0.9974097013473511,-1.281259298324585,-0.010651920140844595,0
1.110937476158142,0.9982014298439026,-1.295716404914856,0.018017147516729892,0
1.1409374475479126,0.99857497215271,-1.309648036956787,-0.01430733705728926,0
1.1709375381469727,0.9988479614257812,-1.3240314722061157,-0.002219842356225854,0
1.2009375095367432,0.9990594387054443,-1.3391081094741821,-0.026791857015723508,0
1.2309374809265137,0.9992214441299438,-1.3547561168670654,0.2269612083496213,0
1.2609374523162842,0.9993414878845215,-1.3707189559936523,0.0016131112288348959,0
1.2909375429153442,0.999417781829834,-1.3868582248687744,-0.0005357148029361269,0
1.3209375143051147,0.9994840025901794,-1.4035816192626953,-0.0042382721981084615,0
1.3509374856948853,0.9995447397232056,-1.4204005002975464,-0.0006596160246772342,0
1.3809374570846558,0.9995912313461304,-1.4377375841140747,0.0024922119418988586,0
1.4109375476837158,0.9996318817138672,-1.455121397972107,-3.501677338135778e-05,0
1.4409375190734863,0.999667227268219,-1.4732134342193604,-1.4243304121919209e-05,0
1.4709374904632568,0.9997006058692932,-1.4919508695602417,-0.00018693041920414544,0
1.5009374618530273,0.9997289180755615,-1.5111082792282104,0.001671623841048131,0
1.5084375143051147,0.9997358918190002,-1.5154383182525635,-0.0016615841868770076,0
1.5159374475479126,0.9997426271438599,-1.5197616815567017,-0.0016551443350181216,0
1.5234375,0.9997493028640747,-1.5240848064422607,-0.0016464648219880473,0
1.5309375524520874,0.999755859375,-1.528410792350769,0.0018665290049284522,0
1.5384374856948853,0.9997617602348328,-1.5329055786132812,0.001797242397969967,0
1.5459375381469727,0.9997677803039551,-1.537369966506958,0.0017858380406323704,0
1.5534374713897705,0.9997737407684326,-1.5418205261230469,0.0017883525720208127,0
1.560937523841858,0.9997796416282654,-1.5462778806686401,0.0017865602476376807,0
1.5684374570846558,0.9997854828834534,-1.5507370233535767,-3.268496584496461e-10,0
1.568906307220459,0.9728879928588867,-1.5172268152236938,3.3936764509689965e-10,0
1.5693750381469727,0.9727707505226135,-1.5170809030532837,-3.254854163969867e-10,0
1.5700781345367432,0.9725949764251709,-1.516861915588379,-3.261675374233164e-10,0
1.571132779121399,0.9723313450813293,-1.516533374786377,-3.261675374233164e-10,0
1.5727148056030273,0.9719358086585999,-1.5160406827926636,-3.2605385058559477e-10,0
1.5750879049301147,0.9713425636291504,-1.5153014659881592,-3.2514435588382185e-10,0
1.578647494316101,0.9704526662826538,-1.514192819595337,-3.312757845819192e-10,0
1.583986759185791,0.9691178202629089,-1.5125298500061035,-3.4408886850911813e-10,0
1.5919958353042603,0.967115581035614,-1.5100352764129639,-3.6628317046094594e-10,0
1.6040093898773193,0.9641121625900269,-1.506293535232544,-4.269748998808609e-10,0
1.6220297813415527,0.9596071243286133,-1.500680923461914,-3.71794262044034e-10,0
1.6490602493286133,0.9528494477272034,-1.4922618865966797,3.8275194125247936e-10,0
1.6790602207183838,0.9453494548797607,-1.4829180240631104,4.3566111829207443e-10,0
1.7090601921081543,0.9378494620323181,-1.473574161529541,-3.916420521221653e-10,0
1.7390601634979248,0.9303494691848755,-1.4642302989959717,4.435288802895343e-10,0
1.7690602540969849,0.9228494763374329,-1.4548864364624023,5.923652957040559e-10,0
1.7990602254867554,0.9153494834899902,-1.445542573928833,6.332623592175679e-10,0
1.8290601968765259,0.9078494906425476,-1.4361987113952637,6.51621617775433e-10,0
1.8590601682662964,0.900349497795105,-1.4268548488616943,5.966198646234488e-10,0
1.8890602588653564,0.8928495049476624,-1.417510986328125,6.891739956493836e-10,0
1.919060230255127,0.885349452495575,-1.4081671237945557,7.44039330147217e-10,0
1.9490602016448975,0.8778494596481323,-1.3988232612609863,8.800574713418996e-10,0
1.979060173034668,0.8703494668006897,-1.389479398727417,8.287753816560439e-10,0
2.0090601444244385,0.8628494739532471,-1.3801355361938477,9.656675459268627e-10,0
2.039060115814209,0.8553494811058044,-1.3707916736602783,9.51805079196788e-10,0
2.0690603256225586,0.8478494882583618,-1.361447811126709,1.004176519714406e-09,0
2.099060297012329,0.8403494954109192,-1.3521039485931396,1.0481202572520942e-09,0
2.1290602684020996,0.8328495025634766,-1.3427600860595703,1.1489388329621875e-09,0
2.15906023979187,0.8253494501113892,-1.3334161043167114,1.1735467597695504e-09,0
2.1890602111816406,0.8178494572639465,-1.324072241783142,1.2946772542932194e-09,0
2.219060182571411,0.8103494644165039,-1.3147283792495728,1.390287773794796e-09,0
2.2490601539611816,0.8028494715690613,-1.3053845167160034,1.4261618552779964e-09,0
2.279060125350952,0.7953494787216187,-1.296040654182434,1.4520530333683723e-09,0
2.3090600967407227,0.787849485874176,-1.2866967916488647,1.5807868347650356e-09,0
2.3390603065490723,0.7803494930267334,-1.2773529291152954,1.6067286390253344e-09,0
2.3690602779388428,0.7728495001792908,-1.268009066581726,1.6486485510114335e-09,0
2.3990602493286133,0.7653494477272034,-1.2586652040481567,1.728198695261085e-09,0
2.429060220718384,0.7578494548797607,-1.2493213415145874,1.8009407298791302e-09,0
2.4590601921081543,0.7503494620323181,-1.239977478981018,1.835591900700706e-09,0
2.489060163497925,0.7428494691848755,-1.2306336164474487,1.9375446802527563e-09,0
2.5190601348876953,0.7353494763374329,-1.2212897539138794,2.053884395891714e-09,0
2.549060106277466,0.7278494834899902,-1.21194589138031,2.0873545114596936e-09,0
2.5790603160858154,0.7203494906425476,-1.2026020288467407,2.122043762931014e-09,0
2.609060287475586,0.712849497795105,-1.1932581663131714,2.202989568544922e-09,0
2.6390602588653564,0.7053495049476624,-1.183914303779602,2.2980172209585703e-09,0
2.669060230255127,0.697849452495575,-1.1745704412460327,2.342950722322712e-09,0
2.6990602016448975,0.6903494596481323,-1.1652265787124634,2.362388507037849e-09,0
2.729060173034668,0.6828494668006897,-1.155882716178894,2.5231565725647442e-09,0
2.7590601444244385,0.6753494739532471,-1.1465388536453247,2.55281729089063e-09,0
2.789060115814209,0.6678494811058044,-1.1371948719024658,2.586856950870242e-09,0
2.8190603256225586,0.6603494882583618,-1.1278510093688965,2.637208229572252e-09,0
2.849060297012329,0.6528494954109192,-1.1185071468353271,2.794375619785683e-09,0
2.8790602684020996,0.6453495025634766,-1.1091632843017578,2.7932639534711257e-09,0
2.90906023979187,0.6378494501113892,-1.0998194217681885,2.8574169697037632e-09,0
2.9390602111816406,0.6303494572639465,-1.0904755592346191,2.9750510943671316e-09,0
2.969060182571411,0.6228494644165039,-1.0811316967010498,3.047870733574598e-09,0
2.9990601539611816,0.6153494715690613,-1.0717878341674805,3.023893357934071e-09,0
3.029060125350952,0.6078494787216187,-1.0624439716339111,3.086971123167359e-09,0
3.0590600967407227,0.600349485874176,-1.0531001091003418,3.2095225366290947e-09,0
3.0890603065490723,0.5928494930267334,-1.0437562465667725,3.2378711933844784e-09,0
3.1190602779388428,0.5853495001792908,-1.0344123840332031,3.402623072190636e-09,0
3.1490602493286133,0.5778494477272034,-1.0250685214996338,3.5121054953179964e-09,0
3.179060220718384,0.5703494548797607,-1.0157246589660645,3.530493675185653e-09,0
3.2090601921081543,0.5628494620323181,-1.0063807964324951,3.5335062653629734e-09,0
3.239060163497925,0.5553494691848755,-0.997036874294281,3.6479406162470696e-09,0
3.2690601348876953,0.5478494763374329,-0.9876930117607117,3.735933340465181e-09,0
3.299060106277466,0.5403494834899902,-0.9783491492271423,3.709834772713805e-09,0
3.3290603160858154,0.5328494906425476,-0.969005286693573,3.823178440498509e-09,0
3.359060287475586,0.525349497795105,-0.9596614241600037,3.821656990865563e-09,0
3.3890602588653564,0.5178495049476624,-0.9503175616264343,3.903199430332904e-09,0
3.419060230255127,0.510349452495575,-0.940973699092865,4.086611271603147e-09,0
3.4490602016448975,0.5028494596481323,-0.9316298365592957,4.068546166635656e-09,0
3.479060173034668,0.4953494668006897,-0.9222859740257263,4.249995577687571e-09,0
3.5090601444244385,0.48784947395324707,-0.912942111492157,4.28856838929903e-09,0
3.539060115814209,0.48034948110580444,-0.9035981893539429,4.299266942453528e-09,0
3.5690603256225586,0.4728494882583618,-0.8942543268203735,4.4149232047985265e-09,0
3.599060297012329,0.4653494656085968,-0.8849104642868042,4.468201697527263e-09,0
3.6290602684020996,0.4578494727611542,-0.8755666017532349,4.552367149912584e-09,0
3.65906023979187,0.45034947991371155,-0.8662227392196655,4.530205877095739e-09,0
3.6890602111816406,0.4428494870662689,-0.8568788766860962,4.651261598098699e-09,0
3.719060182571411,0.4353494644165039,-0.8475350141525269,4.697622291160997e-09,0
3.7490601539611816,0.4278494715690613,-0.8381911516189575,4.773482165099097e-09,0
3.779060125350952,0.42034947872161865,-0.8288472890853882,4.854350033056676e-09,0
3.8090600967407227,0.412849485874176,-0.8195034265518188,4.932922070821633e-09,0
3.8390603065490723,0.405349463224411,-0.8101595640182495,5.055765806005752e-09,0
3.8690602779388428,0.3978494703769684,-0.8008156418800354,5.093584554138886e-09,0
3.8990602493286133,0.39034947752952576,-0.7914717793464661,5.144347170471519e-09,0
3.929060220718384,0.38284948468208313,-0.7821279168128967,5.184860984996931e-09,0
3.9590601921081543,0.3753494620323181,-0.7727840542793274,5.2441306852557545e-09,0
3.989060163497925,0.3678494691848755,-0.7634401917457581,5.345483389262995e-09,0
4.019060134887695,0.36034947633743286,-0.7540963292121887,5.482760023767241e-09,0
4.049060344696045,0.35284948348999023,-0.7447524666786194,5.408224756919822e-09,0
4.079060077667236,0.3453494608402252,-0.73540860414505,5.497310384683374e-09,0
4.109060287475586,0.3378494679927826,-0.7260647416114807,5.598317809329956e-09,0
4.139060020446777,0.33034947514533997,-0.7167208790779114,5.578339346001826e-09,0
4.169060230255127,0.32284948229789734,-0.7073769569396973,5.6509825707706796e-09,0
4.199060440063477,0.3153494894504547,-0.6980330944061279,5.793050483759998e-09,0
4.229060173034668,0.3078494668006897,-0.6886892318725586,5.863088681223871e-09,0
4.259060382843018,0.30034947395324707,-0.6793453693389893,5.967633942560724e-09,0
4.289060115814209,0.29284948110580444,-0.6700015068054199,5.9926656970077374e-09,0
4.319060325622559,0.2853494882583618,-0.6606576442718506,6.0680380720157245e-09,0
4.34906005859375,0.2778494656085968,-0.6513137817382812,6.2032663450395376e-09,0
4.3790602684021,0.2703494727611542,-0.6419699192047119,6.17963791249565e-09,0
4.409060001373291,0.26284947991371155,-0.6326260566711426,6.28068086427902e-09,0
4.439060211181641,0.2553494870662689,-0.6232821941375732,6.284881948204202e-09,0
4.46906042098999,0.2478494793176651,-0.6139382719993591,6.312279365872087e-09,0
4.499060153961182,0.24034947156906128,-0.6045944094657898,6.461100987564805e-09,0
4.529060363769531,0.23284947872161865,-0.5952505469322205,6.526881479729241e-09,0
4.559060096740723,0.22534947097301483,-0.5859066843986511,6.53830145580514e-09,0
4.589060306549072,0.2178494781255722,-0.5765628218650818,6.71079769531957e-09,0
4.619060039520264,0.21034947037696838,-0.5672189593315125,6.779906858156437e-09,0
4.649060249328613,0.20284947752952576,-0.5578750967979431,6.797496787669388e-09,0
4.679059982299805,0.19534946978092194,-0.5485312342643738,6.814139474897729e-09,0
4.709060192108154,0.1878494769334793,-0.5391873717308044,7.053876149853977e-09,0
4.739060401916504,0.1803494691848755,-0.5298435091972351,7.067357588042e-09,0
4.769060134887695,0.17284947633743286,-0.5204996466636658,7.147281655406346e-09,0
4.799060344696045,0.16534946858882904,-0.5111557245254517,7.235845478348324e-09,0
4.829060077667236,0.1578494757413864,-0.5018118619918823,7.162608950395111e-09,0
4.859060287475586,0.1503494828939438,-0.492467999458313,7.247803912591166e-09,0
4.889060020446777,0.14284947514533997,-0.48312413692474365,7.398487822385391e-09,0
4.919060230255127,0.13534948229789734,-0.4737802743911743,7.393271994615702e-09,0
4.949060440063477,0.12784947454929352,-0.464436411857605,7.499450171977173e-09,0
4.979060173034668,0.1203494742512703,-0.45509254932403564,7.59771756619898e-09,0
5.009060382843018,0.11284947395324707,-0.4457486569881439,7.628666809367246e-09,0
5.039060115814209,0.10534947365522385,-0.4364047944545746,7.62905516538126e-09,0
5.069060325622559,0.09784947335720062,-0.42706093192100525,7.652059430540703e-09,0
5.09906005859375,0.0903494730591774,-0.4177170693874359,7.58976770320885e-09,0
5.1290602684021,0.08284947276115417,-0.4083732068538666,7.607496188555274e-09,0
5.159060001373291,0.07534947246313095,-0.39902931451797485,7.583290662083186e-09,0
5.189060211181641,0.06784947216510773,-0.3896854519844055,7.566977489048554e-09,0
5.21906042098999,0.0603494755923748,-0.3803415894508362,7.555555292526606e-09,0
5.249060153961182,0.05284947529435158,-0.37099772691726685,7.566916648826805e-09,0
5.279060363769531,0.045349474996328354,-0.3616538643836975,7.576115068630429e-09,0
5.309060096740723,0.03784947469830513,-0.3523099720478058,7.537561019788086e-09,0
5.339060306549072,0.030349476262927055,-0.34296610951423645,7.551191671950619e-09,0
5.369060039520264,0.02284947596490383,-0.3336222469806671,7.47084638597073e-09,0
5.399060249328613,0.015349475666880608,-0.3242783844470978,7.533660584257973e-09,0
5.429059982299805,0.007849475368857384,-0.31493452191352844,7.430506210326371e-09,0
5.459060192108154,0.0003494755655992776,-0.3055906593799591,7.451112171708019e-09,0
5.489060401916504,-0.007150524295866489,-0.2962467670440674,7.46318007394109e-09,0
5.519060134887695,-0.014650524593889713,-0.28690290451049805,7.451099071076328e-09,0
5.549060344696045,-0.022150523960590363,-0.2775590419769287,7.40098005103107e-09,0
5.579060077667236,-0.029650524258613586,-0.2682151794433594,7.403423873952875e-09,0
5.609060287475586,-0.03715052455663681,-0.25887131690979004,7.426902204343833e-09,0
5.639060020446777,-0.044650524854660034,-0.2495274394750595,7.4079733458631836e-09,0
5.669060230255127,-0.05215052515268326,-0.24018356204032898,7.37584882060105e-09,0
5.699060440063477,-0.05965052545070648,-0.23083969950675964,7.353165631940328e-09,0
5.729060173034668,-0.0671505257487297,-0.2214958369731903,7.331372842145356e-09,0
5.759060382843018,-0.07465052604675293,-0.21215195953845978,7.344812980036863e-09,0
5.789060115814209,-0.08215052634477615,-0.20280809700489044,7.355736242331545e-09,0
5.819060325622559,-0.08965052664279938,-0.1934642195701599,7.280334779480313e-09,0
5.84906005859375,-0.0971505269408226,-0.18412035703659058,7.285874126239378e-09,0
5.8790602684021,-0.10465052723884583,-0.17477649450302124,7.314401972990936e-09,0
5.909060001373291,-0.11215052753686905,-0.1654326170682907,7.2879866586106345e-09,0
5.939060211181641,-0.11965052783489227,-0.15608875453472137,7.305817728564534e-09,0
5.96906042098999,-0.1271505206823349,-0.14674487709999084,7.243199151574231e-09,0
5.999060153961182,-0.13465052843093872,-0.1374010145664215,7.2061809852641545e-09,0
6.029060363769531,-0.14215052127838135,-0.12805715203285217,7.297396908967357e-09,0
6.059060096740723,-0.14965052902698517,-0.11871328204870224,7.267027868351761e-09,0
6.089060306549072,-0.1571505218744278,-0.10936941206455231,7.178551086894913e-09,0
6.119060039520264,-0.16465052962303162,-0.10002554208040237,7.189024042730807e-09,0
6.149060249328613,-0.17215052247047424,-0.09068167209625244,7.211182539990091e-09,0
6.179059982299805,-0.17965053021907806,-0.08133780211210251,7.219672859548609e-09,0
6.209060192108154,-0.1871505230665207,-0.07199393957853317,7.172484606243756e-09,0
6.239060401916504,-0.1946505308151245,-0.06265006959438324,7.128753143348376e-09,0
6.269060134887695,-0.20215052366256714,-0.05330619961023331,7.145231517569073e-09,0
6.299060344696045,-0.20965053141117096,-0.04396233335137367,7.158061920975456e-09,0
6.329060077667236,-0.2171505242586136,-0.03461846336722374,7.137451296657105e-09,0
6.359060287475586,-0.2246505171060562,-0.025274595245718956,7.109787647507915e-09,0
6.389060020446777,-0.23215052485466003,-0.015930727124214172,7.132560320144421e-09,0
6.419060230255127,-0.23965051770210266,-0.006586858537048101,7.074429042575048e-09,0
6.449060440063477,-0.24715052545070648,0.002757009817287326,7.066329743565802e-09,0
6.479060173034668,-0.2546505331993103,0.012100878171622753,7.076132346739428e-09,0
6.509060382843018,-0.26215052604675293,0.02144474722445011,7.023403192363276e-09,0
6.539060115814209,-0.26965051889419556,0.030788615345954895,7.051231820653925e-09,0
6.569060325622559,-0.2771505117416382,0.04013248160481453,7.055171780123715e-09,0
6.59906005859375,-0.2846505343914032,0.04947635158896446,7.0047321276689445e-09,0
6.6290602684021,-0.2921505272388458,0.058820221573114395,7.02416125264449e-09,0
6.659060001373291,-0.29965052008628845,0.06816408783197403,6.98620339356637e-09,0
6.689060211181641,-0.3071505129337311,0.07750795781612396,6.987012080017507e-09,0
6.71906042098999,-0.3146505355834961,0.0868518278002739,6.951272890631799e-09,0
6.749060153961182,-0.3221505284309387,0.09619569033384323,6.927698414926908e-09,0
6.779060363769531,-0.32965052127838135,0.10553956031799316,6.95609836398603e-09,0
6.809060096740723,-0.337150514125824,0.1148834303021431,6.949896214081264e-09,0
6.839060306549072,-0.344650536775589,0.12422730028629303,6.927424411884431e-09,0
6.869060039520264,-0.3521505296230316,0.13357116281986237,6.920604755933368e-09,0
6.899060249328613,-0.35965052247047424,0.1429150402545929,6.929742557559848e-09,0
6.929059982299805,-0.36715051531791687,0.15225890278816223,6.903073668240722e-09,0
6.959060192108154,-0.3746505379676819,0.16160276532173157,6.864097512604417e-09,0
6.989060401916504,-0.3821505308151245,0.1709466427564621,6.848120293057036e-09,0
7.019060134887695,-0.38965052366256714,0.18029050529003143,6.872325375439914e-09,0
7.049060344696045,-0.39715051651000977,0.18963438272476196,6.84890855140452e-09,0
7.079060077667236,-0.4046505391597748,0.1989782452583313,6.832431509451453e-09,0
7.109060287475586,-0.4121505320072174,0.20832210779190063,6.8443339884538545e-09,0
7.139060020446777,-0.41965052485466003,0.21766598522663116,6.812310271442357e-09,0
7.169060230255127,-0.42715051770210266,0.2270098477602005,6.791717854781609e-09,0
7.199060440063477,-0.4346505105495453,0.23635372519493103,6.791796458571753e-09,0
7.229060173034668,-0.4421505331993103,0.24569758772850037,6.777726380136073e-09,0
7.259060382843018,-0.44965052604675293,0.2550414502620697,6.77812117544363e-09,0
7.289060115814209,-0.45715051889419556,0.26438531279563904,6.7330345743243925e-09,0
7.319060325622559,-0.4646505117416382,0.27372920513153076,6.718431144747683e-09,0
7.34906005859375,-0.4721505343914032,0.2830730676651001,6.683094078141494e-09,0
7.3790602684021,-0.4796505272388458,0.29241693019866943,6.733510637957352e-09,0
7.409060001373291,-0.48715052008628845,0.30176079273223877,6.7025514027818645e-09,0
7.439060211181641,-0.4946505129337311,0.3111046552658081,6.6618084382241705e-09,0
7.46906042098999,-0.5021505355834961,0.32044854760169983,-6.680785924473298e-09,0
7.499060153961182,-0.5096505284309387,0.32979241013526917,-6.690027865019488e-09,0
7.529060363769531,-0.5171505212783813,0.3391362726688385,-6.611529990152576e-09,0
7.559060096740723,-0.524650514125824,0.34848013520240784,-6.675195285410496e-09,0
7.589060306549072,-0.5321505069732666,0.3578239977359772,-6.674666153116959e-09,0
7.619060039520264,-0.5396504998207092,0.3671678602695465,-6.699256260844777e-09,0
7.649060249328613,-0.5471505522727966,0.37651175260543823,-6.705227040271211e-09,0
7.679059982299805,-0.5546505451202393,0.38585561513900757,-6.693401166657509e-09,0
7.709060192108154,-0.5621505379676819,0.3951994776725769,-6.660967555305319e-09,0
7.739060401916504,-0.5696505308151245,0.40454334020614624,-6.635160421097908e-09,0
7.769060134887695,-0.5771505236625671,0.4138872027397156,-6.696154963847789e-09,0
7.799060344696045,-0.5846505165100098,0.4232310950756073,-1.2441887520253658e-09,0
7.829060077667236,-0.59213787317276,0.4325675368309021,-8.878942026058212e-08,0
7.859060287475586,-0.5996202826499939,0.44190075993537903,-9.721043170429766e-08,0
7.889060020446777,-0.607102632522583,0.45123398303985596,-1.0561234375927597e-07,0
7.919060230255127,-0.6145849823951721,0.4605671465396881,-1.1412566891522147e-07,0
7.949060440063477,-0.6220672130584717,0.4699002802371979,-1.2272630556253716e-07,0
7.979060173034668,-0.6295494437217712,0.47923338413238525,-1.3138878784957342e-07,0
8.00905990600586,-0.637031614780426,0.48856645822525024,-1.4009128790348768e-07,0
8.039060592651367,-0.644513726234436,0.49789947271347046,-1.4881152310408652e-07,0
8.069060325622559,-0.6519957780838013,0.5072324872016907,-1.575303940626327e-07,0
8.09906005859375,-0.6594777703285217,0.5165655016899109,-1.6621970644337125e-07,0
8.129059791564941,-0.6669597029685974,0.5258983969688416,-1.7486718206782825e-07,0
8.15906047821045,-0.6744416356086731,0.535231351852417,-1.8345053831581026e-07,0
8.18906021118164,-0.681923508644104,0.5445642471313477,-1.9195158529328182e-07,0
8.219059944152832,-0.6894053220748901,0.5538970828056335,-2.003544068429619e-07,0
8.24906063079834,-0.6968870759010315,0.5632299184799194,-2.0864035832346417e-07,0
8.279060363769531,-0.7043688297271729,0.5725627541542053,-2.167962520616129e-07,0
8.309060096740723,-0.7118504643440247,0.5818955302238464,-2.248057171527762e-07,0
8.339059829711914,-0.7193321585655212,0.5912282466888428,-2.3265511117642745e-07,0
8.369060516357422,-0.7268137335777283,0.6005609631538391,-2.4033215595409274e-07,0
8.399060249328613,-0.7342953085899353,0.6098936796188354,-2.4782684704405256e-07,0
8.429059982299805,-0.7417768239974976,0.619226336479187,-2.5512417778372765e-07,0
8.459060668945312,-0.749258279800415,0.6285589933395386,nan,nan
#GNA1
0.0,0.0,0.0,-7.110384183661722e-07,0
0.009999999776482582,0.00999870803207159,-0.006029327865689993,-6.143428983307331e-07,0
0.019999999552965164,0.01999480277299881,-0.012057479470968246,-6.568958408337267e-07,0
0.029999999329447746,0.029988249763846397,-0.018084440380334854,-7.063077518409955e-07,0
0.03999999910593033,0.039979007095098495,-0.02411019429564476,-6.8904000372072e-07,0
0.05000000074505806,0.04996704310178757,-0.03013472445309162,-6.505427236902506e-07,0
0.05999999865889549,0.05995230749249458,-0.036158014088869095,-8.038226830819895e-07,0
0.07000000029802322,0.06993477046489716,-0.04218004643917084,-7.428265789144461e-07,0
0.07999999821186066,0.07991437613964081,-0.048200804740190506,-7.873078189390981e-07,0
0.09000000357627869,0.08989108353853226,-0.05422027036547661,-7.371371779640867e-07,0
0.10000000149011612,0.09986485540866852,-0.06023842468857765,-7.02762548598912e-07,0
0.10999999940395355,0.10983563214540482,-0.06625524163246155,-7.49765277419101e-07,0
0.11999999731779099,0.11980336904525757,-0.0722707062959671,-7.290068495535706e-07,0
0.12999999523162842,0.1297680139541626,-0.07828480005264282,-7.55390828999225e-07,0
0.14000000059604645,0.13972951471805573,-0.08429748564958572,-6.9243787237383e-07,0
0.15000000596046448,0.14968779683113098,-0.0903087630867958,-6.98639624374664e-07,0
0.1599999964237213,0.15964283049106598,-0.09631858766078949,6.998856179052382e-07,0
0.17000000178813934,0.16959454119205475,-0.10232693701982498,6.892961437188205e-07,0
0.18000000715255737,0.17954285442829132,-0.10833379626274109,-5.997913774535846e-07,0
0.1899999976158142,0.18948772549629211,-0.11433912068605423,5.944917802480632e-07,0
0.20000000298023224,0.19942906498908997,-0.12034289538860321,-6.742091329670075e-07,0
0.20999999344348907,0.2093668133020401,-0.12634508311748505,6.13109534697287e-07,0
0.2199999988079071,0.21930089592933655,-0.13234566152095795,6.192746582200925e-07,0
0.23000000417232513,0.22923122346401215,-0.13834457099437714,6.958802032386302e-07,0
0.23999999463558197,0.23915770649909973,-0.14434181153774261,6.961572580621578e-07,0
0.25,0.24908028542995453,-0.1503373235464096,7.480342105736781e-07,0
0.25999999046325684,0.258998841047287,-0.15633106231689453,8.212919624384085e-07,0
0.27000001072883606,0.26891326904296875,-0.1623230129480362,7.793406666678493e-07,0
0.2800000011920929,0.27882352471351624,-0.16831310093402863,8.040547072596382e-07,0
0.28999999165534973,0.2887294292449951,-0.17430131137371063,8.471899946016492e-07,0
0.30000001192092896,0.29863089323043823,-0.18028756976127625,9.161900607068674e-07,0
0.3100000023841858,0.3085278272628784,-0.18627183139324188,9.136265362030827e-07,0
0.3199999928474426,0.31842008233070374,-0.19225406646728516,9.353005907541956e-07,0
0.33000001311302185,0.32830750942230225,-0.1982341706752777,1.1288048824553698e-06,0
0.3400000035762787,0.3381899893283844,-0.20421212911605835,1.1223387730296963e-06,0
0.3499999940395355,0.34806737303733826,-0.2101878523826599,1.3448509434965672e-06,0
0.36000001430511475,0.3579395115375519,-0.21616126596927643,1.4936431114165316e-06,0
0.3700000047683716,0.36780619621276855,-0.22213231027126312,1.7211102942837897e-06,0
0.3799999952316284,0.37766727805137634,-0.22810091078281403,1.969454103800672e-06,0
0.38999998569488525,0.38752254843711853,-0.23406696319580078,2.2198353235580726e-06,0
0.4000000059604645,0.3973717987537384,-0.24003039300441742,2.4619388909741247e-06,0
0.4099999964237213,0.40721485018730164,-0.2459910809993744,2.759649902372985e-06,0
0.41999998688697815,0.41705143451690674,-0.2519489526748657,3.074433919891817e-06,0
0.4300000071525574,0.4268812835216522,-0.2579038739204407,3.468672645112747e-06,0
0.4399999976158142,0.43670418858528137,-0.2638557553291321,3.7960692225169623e-06,0
0.44999998807907104,0.44651979207992554,-0.2698044180870056,4.221346472377263e-06,0
0.46000000834465027,0.4563278257846832,-0.2757497727870941,4.643634895273863e-06,0
0.4699999988079071,0.4661279618740082,-0.28169164061546326,5.201980030733466e-06,0
0.47999998927116394,0.47591981291770935,-0.2876298427581787,5.70892922269195e-06,0
0.49000000953674316,0.4857029616832733,-0.29356423020362854,6.324571387494871e-06,0
0.5,0.4954770505428314,-0.29949456453323364,7.021299779808032e-06,0
0.5099999904632568,0.5052415728569031,-0.3054206967353821,7.642952084552235e-06,0
0.5199999809265137,0.5149960517883301,-0.31134232878685,8.354474914540333e-06,0
0.5299999713897705,0.5247399210929871,-0.317259281873703,9.158827225519417e-06,0
0.5400000214576721,0.5344725847244263,-0.3231711983680725,1.0096769983647391e-05,0
0.550000011920929,0.5441934466362,-0.3290778398513794,1.098874295735186e-05,0
0.5600000023841858,0.553901731967926,-0.3349788188934326,1.206820121524288e-05,0
0.5699999928474426,0.5635966658592224,-0.3408738076686859,1.3222595953266136e-05,0
0.5799999833106995,0.573277473449707,-0.34676238894462585,1.4424954486003116e-05,0
0.5899999737739563,0.5829430818557739,-0.3526441156864166,1.5695119401470947e-05,0
0.6000000238418579,0.5925925970077515,-0.35851848125457764,1.7136379369731003e-05,0
0.6100000143051147,0.6022248268127441,-0.3643849194049835,1.8632025017950582e-05,0
0.6200000047683716,0.6118384003639221,-0.3702428340911865,2.0349090419813365e-05,0
0.6299999952316284,0.6214320659637451,-0.37609153985977173,2.212177955129846e-05,0
0.6399999856948853,0.6310041546821594,-0.38193029165267944,2.400129346824542e-05,0
0.6499999761581421,0.6405529975891113,-0.38775819540023804,2.6091219410773192e-05,0
0.6600000262260437,0.6500765681266785,-0.3935743272304535,2.8243764290891704e-05,0
0.6700000166893005,0.6595727801322937,-0.39937758445739746,3.060998915316304e-05,0
0.6800000071525574,0.6690391898155212,-0.40516674518585205,3.3167793617394636e-05,0
0.6899999976158142,0.6784730553627014,-0.4109404981136322,3.5826347982492734e-05,0
0.699999988079071,0.6878713369369507,-0.41669729351997375,3.868481337576668e-05,0
0.7099999785423279,0.6972305774688721,-0.42243534326553345,4.174771038378822e-05,0
0.7200000286102295,0.7065469622612,-0.42815276980400085,4.50202615525086e-05,0
0.7300000190734863,0.715816080570221,-0.4338472783565521,4.8545303570790566e-05,0
0.7400000095367432,0.7250330448150635,-0.4395163655281067,5.225114068707626e-05,0
0.75,0.7341923713684082,-0.4451572299003601,5.625552523724764e-05,0
0.7599999904632568,0.7432878017425537,-0.4507666230201721,6.0561732539099467e-05,0
0.7699999809265137,0.7523123025894165,-0.45634087920188904,6.53058607440471e-05,0
0.7799999713897705,0.761258065700531,-0.46187591552734375,7.042542029012111e-05,0
0.7900000214576721,0.7701161503791809,-0.4673670828342438,7.618356988814412e-05,0
0.800000011920929,0.778876781463623,-0.47280919551849365,8.259831696477704e-05,0
0.8100000023841858,0.7875289916992188,-0.47819647192955017,9.015445215254658e-05,0
0.8199999928474426,0.7960606813430786,-0.4835225045681,9.862087563305977e-05,0
0.8299999833106995,0.8044586777687073,-0.48878026008605957,0.00010851924122334822,0
0.8399999737739563,0.8127085566520691,-0.49396201968193054,0.00012000423942026828,0
0.8500000238418579,0.8207950592041016,-0.49905964732170105,0.0001330399288690387,0
0.8600000143051147,0.8287020325660706,-0.5040644407272339,0.00014779011638665907,0
0.8700000047683716,0.8364128470420837,-0.508967399597168,0.00016362812016268435,0
0.8799999952316284,0.8439106941223145,-0.5137594938278198,0.00018009743678248924,0
0.8899999856948853,0.8511791825294495,-0.5184318423271179,0.00019629759765393828,0
0.8999999761581421,0.8582026958465576,-0.5229759812355042,0.00021077317205708823,0
0.9100000262260437,0.8649671673774719,-0.5273844003677368,0.0002222775197537885,0
0.9200000166893005,0.871460497379303,-0.5316506624221802,0.0002292356644488791,0
0.9300000071525574,0.8776732087135315,-0.5357697010040283,0.00023126388651917296,0
0.9399999976158142,0.8835987448692322,-0.5397379994392395,0.00023583270171911863,4
0.949999988079071,0.8892338871955872,-0.5435551404953003,0.00021735848389425882,8
0.9599999785423279,0.8945780396461487,-0.54721999168396,0.00020700418912156238,10
0.9700000286102295,0.8996343612670898,-0.550734281539917,0.00019103366923900467,12
0.9800000190734863,0.9044084548950195,-0.5541034936904907,0.00014640681388300436,12
0.9900000095367432,0.9089081883430481,-0.5573312640190125,0.0001171416100191891,14
1.0,0.9131437540054321,-0.5604238510131836,0.00020319929831202899,16
1.0099999904632568,0.9171268939971924,-0.56340092420578,2.104639099798078e-05,16
1.0199999809265137,0.9215161204338074,-0.5667338967323303,1.432521969491063e-06,18
1.0299999713897705,0.9249925017356873,-0.5694459080696106,4.912124336442503e-05,18
1.0399999618530273,0.9282569289207458,-0.5720570683479309,-3.408943206295589e-05,20
1.0499999523162842,0.9313228726387024,-0.5745728015899658,-7.900905882252118e-05,20
1.059999942779541,0.934203565120697,-0.5770021677017212,-7.490242956009752e-05,20
1.0700000524520874,0.9369110465049744,-0.579352080821991,-9.296640257616673e-05,21
1.0800000429153442,0.9394574761390686,-0.5816300511360168,-0.00010853571649249716,22
1.090000033378601,0.9418540000915527,-0.5838431715965271,-0.000123037298806139,23
1.100000023841858,0.9441112279891968,-0.5859979391098022,-0.00014048555755152847,23
1.1100000143051147,0.9462389945983887,-0.5881009697914124,-0.00024703554788629845,23
1.1200000047683716,0.9482463598251343,-0.5901633501052856,-1.777139914338477e-05,24
1.1299999952316284,0.9501497745513916,-0.5921684503555298,2.0989189295050892e-05,25
1.1399999856948853,0.9519534111022949,-0.5941634774208069,-0.0001702770738916115,25
1.149999976158142,0.9536480903625488,-0.5961093306541443,-0.0001671232793114541,25
1.159999966621399,0.9552530646324158,-0.5980269312858582,-0.0001873675000183539,30
1.1699999570846558,0.9567747116088867,-0.5999210476875305,-0.00017728842783526488,33
1.1799999475479126,0.9582185745239258,-0.6017945408821106,-0.00018798834452127267,35
1.190000057220459,0.9595900774002075,-0.6036512851715088,-0.00017541146308985844,36
1.2000000476837158,0.9608940482139587,-0.6054943799972534,-0.0001876600891250746,38
1.2100000381469727,0.9621350169181824,-0.6073262095451355,-0.0001921506799931194,39
1.2200000286102295,0.9633170962333679,-0.609150230884552,-0.00017471927424139722,41
1.2300000190734863,0.9644439816474915,-0.6109683513641357,-0.00018208684616638493,42
1.2400000095367432,0.965519368648529,-0.6127826571464539,-0.00031881400661859516,42
1.25,0.9665464758872986,-0.6145963072776794,0.0004755496017310179,44
1.2599999904632568,0.967568039894104,-0.6164851784706116,-0.00017584625828703793,45
1.2699999809265137,0.9685056805610657,-0.6183012127876282,-0.00017090659906671135,46
1.2799999713897705,0.9694033861160278,-0.6201212406158447,-0.00017603198153892663,48
1.2899999618530273,0.9702636003494263,-0.6219465732574463,-2.3734290266475e-06,51
1.2999999523162842,0.9710894823074341,-0.6237819790840149,-0.00016841399747136165,54
1.309999942779541,0.9718812108039856,-0.6256229877471924,-1.3927734130447789e-06,56
1.3200000524520874,0.9726415276527405,-0.627474308013916,8.021064616059448e-06,59
1.3300000429153442,0.9733740091323853,-0.6293390989303589,6.9798232402717986e-06,60
1.340000033378601,0.9740779995918274,-0.6312149167060852,-1.127113534948876e-06,61
1.350000023841858,0.9747544527053833,-0.6331006288528442,-1.28941610455513e-06,61
1.3600000143051147,0.9754060506820679,-0.6350007653236389,1.8715305714067654e-06,65
1.3700000047683716,0.9760339260101318,-0.6369147896766663,6.361678578059582e-05,68
1.3799999952316284,0.9767656922340393,-0.6392583847045898,-0.0001557630367301499,70
1.3899999856948853,0.9773457050323486,-0.6412081122398376,-0.00016109078615045291,72
1.399999976158142,0.9779057502746582,-0.6431751847267151,-3.1963362459919153e-05,76
1.409999966621399,0.9784470796585083,-0.6451619267463684,-0.0006216904222355879,78
1.4199999570846558,0.9789702892303467,-0.6471612453460693,8.422767308502443e-05,83
1.4299999475479126,0.9794765114784241,-0.6491910815238953,4.832653530684183e-06,83
1.4306249618530273,0.9794813990592957,-0.6492104530334473,5.940122264291858e-06,83
1.4315625429153442,0.9794907569885254,-0.6492489576339722,3.260276724859068e-05,83
1.4329687356948853,0.9795053005218506,-0.6493103504180908,8.513945920185506e-05,83
1.4350781440734863,0.9795215725898743,-0.6493831276893616,-2.290439397256705e-06,83
1.4382421970367432,0.9795318841934204,-0.6494373679161072,-2.449688111028081e-06,84
1.4429882764816284,0.9795363545417786,-0.6494755148887634,-1.3469543773680925e-06,84
1.450107455253601,0.9795361161231995,-0.649505615234375,-2.1552297653215646e-06,84
1.460107445716858,0.9795300364494324,-0.6495274305343628,-2.267097499952797e-06,84
1.4701074361801147,0.979519784450531,-0.6495351195335388,-2.409161936611781e-06,84
1.4801074266433716,0.9795061945915222,-0.6495318412780762,-2.7182790631741227e-06,84
1.4901074171066284,0.9794895052909851,-0.6495189666748047,-2.8974261567782378e-06,84
1.5001074075698853,0.9794701337814331,-0.6494974493980408,-3.4199086940134293e-06,84
1.510107398033142,0.9794482588768005,-0.6494680047035217,-4.373584772565664e-06,84
1.520107388496399,0.9794239401817322,-0.6494312882423401,-5.784108964235202e-06,84
1.5301073789596558,0.9793974757194519,-0.649387776851654,-5.981028891710594e-06,84
1.5401073694229126,0.9793689250946045,-0.6493382453918457,3.3667637580947485e-05,84
1.550107479095459,0.979338526725769,-0.6492863893508911,0.0003172049858335413,84
1.5601074695587158,0.9793201684951782,-0.6493232846260071,0.00020441631136236538,84
1.5701074600219727,0.9793195724487305,-0.6493708491325378,0.00010227709458376921,84
1.5801074504852295,0.9793152213096619,-0.6494024991989136,5.268772667932353e-05,84
1.5901074409484863,0.9793067574501038,-0.6494195461273193,2.4278547130052175e-05,84
1.6001074314117432,0.9792943000793457,-0.6494234204292297,6.076552267586521e-06,84
1.610107421875,0.9792782664299011,-0.6494153141975403,9.271651549624949e-06,84
1.6201074123382568,0.9792589545249939,-0.6493961215019226,2.1356695583563123e-05,84
1.6301074028015137,0.9792366623878479,-0.6493663787841797,3.50892601659325e-05,84
1.6401073932647705,0.9792115688323975,-0.6493262648582458,5.19713204312211e-05,83
1.6501073837280273,0.9791838526725769,-0.649275541305542,7.391194458250538e-05,83
1.6601073741912842,0.9791537523269653,-0.6492136716842651,0.00010351338568170831,83
1.670107364654541,0.9791213274002075,-0.6491395235061646,0.00014467247308402875,83
1.6801074743270874,0.9790867567062378,-0.6490514278411865,7.587315292312269e-05,83
1.6901074647903442,0.9790502786636353,-0.648945152759552,0.00010522429874981754,83
1.700107455253601,0.979012131690979,-0.6488201022148132,0.0001559562575152995,84
1.710107445716858,0.9789726138114929,-0.6486703753471375,9.611046129975875e-05,84
1.7201074361801147,0.9789327383041382,-0.64848792552948,0.00013623971000242818,84
1.7301074266433716,0.978893518447876,-0.6482696533203125,0.000176027878410423,84
1.7401074171066284,0.9788568615913391,-0.6480108499526978,0.00018472277866976583,84
1.7501074075698853,0.9788250923156738,-0.6477161645889282,0.00014701240115755354,84
1.760107398033142,0.9787997007369995,-0.6473995447158813,8.929489121101142e-05,84
1.770107388496399,0.9787807464599609,-0.6470773220062256,0.00020309382659888797,84
1.7801073789596558,0.9787670373916626,-0.646760880947113,0.00011237438695843593,84
1.7901073694229126,0.9787579774856567,-0.6464547514915466,5.336574736247712e-05,84
1.800107479095459,0.9787521958351135,-0.6461611390113831,0.00032897526614306116,84
1.8101074695587158,0.9787487983703613,-0.6458802223205566,0.00020102667809851482,84
1.8201074600219727,0.9787477254867554,-0.6456121802330017,9.675011978060866e-05,84
1.8301074504852295,0.9787483811378479,-0.6453570127487183,-3.4859786524066294e-05,84
1.8401074409484863,0.9787505865097046,-0.6451154351234436,-0.00010245741049175194,84
1.8501074314117432,0.9787542223930359,-0.6448889970779419,-0.0002558480014158704,84
1.860107421875,0.9787592887878418,-0.6446807980537415,-0.0005508939476612795,84
1.8701074123382568,0.978766143321991,-0.6444962024688721,0.00031801100351458444,84
1.8801074028015137,0.9787759184837341,-0.6443508267402649,-0.00014336782692225825,83
1.8901073932647705,0.9787876605987549,-0.644252359867096,-0.00016437000186897421,83
1.9001073837280273,0.9788030385971069,-0.6442334055900574,0.00015199183286540574,83
1.9101073741912842,0.9788201451301575,-0.6443011164665222,0.0001859392190226572,83
1.920107364654541,0.9788374304771423,-0.644428551197052,-7.737076504099605e-05,83
1.9301074743270874,0.9788550138473511,-0.6446014046669006,0.00027562316665807884,83
1.9401074647903442,0.9788729548454285,-0.6448087096214294,0.00019101773648344533,83
1.950107455253601,0.9788907170295715,-0.6450355648994446,0.00011887101425145374,83
1.960107445716858,0.9789085388183594,-0.645276665687561,6.753411645377128e-05,82
1.9701074361801147,0.9789263606071472,-0.6455275416374207,3.586900254504144e-05,82
1.9801074266433716,0.9789444208145142,-0.6457854509353638,-4.744775651488453e-05,82
1.9901074171066284,0.9789627194404602,-0.6460485458374023,-8.285494590154485e-05,82
2.000107526779175,0.9789814949035645,-0.6463152170181274,-0.00012674122353928396,82
2.0101075172424316,0.9790008664131165,-0.6465842723846436,-0.0001810240908639571,82
2.0201075077056885,0.979020893573761,-0.6468544602394104,-0.0002481426196254688,82
2.0301074981689453,0.9790418148040771,-0.6471244096755981,-0.00033000410184058637,82
2.040107488632202,0.9790637493133545,-0.6473924517631531,-0.0004272874013508954,82
2.050107479095459,0.9790867567062378,-0.6476566791534424,-0.0005385462965250554,82
2.060107469558716,0.9791109561920166,-0.6479145884513855,-0.00018104371088156768,82
2.0701074600219727,0.9791359305381775,-0.6481647491455078,-7.984315294606859e-05,82
2.0801074504852295,0.9791622161865234,-0.6484022736549377,-0.00012399695106068975,82
2.0901074409484863,0.9791898727416992,-0.6486234664916992,-8.212727482259652e-05,83
2.100107431411743,0.9792188405990601,-0.6488248705863953,-7.536430911159187e-05,83
2.110107421875,0.9792502522468567,-0.6489923000335693,-0.00426548174675645,84
2.120107412338257,0.9792388081550598,-0.6485325694084167,0.0002252908549280619,84
2.1301074028015137,0.9792256355285645,-0.6483091711997986,0.00012478467641585667,83
2.1401073932647705,0.9792048931121826,-0.6480857729911804,9.895364541989693e-05,83
2.1501073837280273,0.9791824817657471,-0.6478480696678162,8.118161872516794e-05,83
2.160107374191284,0.9791589975357056,-0.6475967168807983,0.0004017187760041452,83
2.170107364654541,0.9791347980499268,-0.6473337411880493,0.00037062598784132206,83
2.180107355117798,0.9791107177734375,-0.6470603942871094,0.00033176190714812037,83
2.1901073455810547,0.9790869355201721,-0.6467794179916382,0.0002925127541857364,84
2.2001073360443115,0.9790638089179993,-0.6464931964874268,0.00025422000356911667,84
2.2101073265075684,0.979041337966919,-0.6462035775184631,0.0002182011025979591,85
2.220107316970825,0.9790197014808655,-0.645912230014801,0.00018549869469097757,85
2.230107307434082,0.9789987802505493,-0.6456202268600464,0.00015669023144937455,85
2.240107536315918,0.9789785742759705,-0.6453285217285156,0.0001315715918508431,85
2.250107526779175,0.9789590835571289,-0.6450377106666565,0.0001102460295783203,85
2.2601075172424316,0.9789400696754456,-0.6447481513023376,9.22825258840021e-05,85
2.2701075077056885,0.9789215922355652,-0.6444602012634277,7.699046801690201e-05,85
2.2801074981689453,0.9789034128189087,-0.6441739797592163,6.433773057779035e-05,85
2.290107488632202,0.9788855910301208,-0.6438897252082825,5.3674919911372854e-05,85
2.300107479095459,0.9788680076599121,-0.6436075568199158,4.4623353971928736e-05,85
2.310107469558716,0.9788506031036377,-0.6433274745941162,3.7153433083858545e-05,85
2.3201074600219727,0.9788332581520081,-0.6430497765541077,3.060379742692021e-05,85
2.3301074504852295,0.978816032409668,-0.6427745223045349,2.511907246116607e-05,85
2.3401074409484863,0.9787988066673279,-0.642501950263977,2.0303621795392246e-05,85
2.350107431411743,0.9787816405296326,-0.6422322988510132,1.6117202449095203e-05,85
2.360107421875,0.9787643551826477,-0.6419658064842224,1.2387689423576376e-05,85
2.370107412338257,0.9787470698356628,-0.6417030096054077,9.046989987382403e-06,85
2.3801074028015137,0.978729784488678,-0.6414443254470825,5.7514009768055985e-06,85
2.3901073932647705,0.9787123799324036,-0.6411904096603394,2.9947284474474145e-06,85
2.4001073837280273,0.9786949753761292,-0.6409420967102051,-3.983159388099011e-06,85
2.410107374191284,0.9786776304244995,-0.6407001614570618,-5.546436511849606e-06,85
2.420107364654541,0.9786603450775146,-0.6404657363891602,-6.871509242500906e-06,85
2.430107355117798,0.9786432385444641,-0.6402398347854614,-7.928739535145723e-06,85
2.4401073455810547,0.9786263704299927,-0.6400235295295715,-8.671353327827092e-06,85
2.4501073360443115,0.9786098003387451,-0.6398176550865173,-9.333766797681164e-06,85
2.4601073265075684,0.9785937070846558,-0.639622688293457,-9.500695284714311e-06,85
2.470107316970825,0.9785780310630798,-0.6394386887550354,-9.512456529137125e-06,85
2.480107307434082,0.9785627722740173,-0.6392652988433838,-9.472191379700234e-06,85
2.490107536315918,0.9785478115081787,-0.6391021013259888,-1.000496666847539e-05,85
2.500107526779175,0.9785330295562744,-0.6389485001564026,-1.2057611911586719e-05,85
2.5101075172424316,0.9785183072090149,-0.6388043165206909,-1.5791061059644562e-05,85
2.5201075077056885,0.978503406047821,-0.6386699080467224,-2.133719556240976e-05,85
2.5301074981689453,0.9784882068634033,-0.6385465264320374,-2.8288778764817835e-05,85
2.540107488632202,0.9784726500511169,-0.6384363174438477,-3.6540596681788884e-05,85
2.550107479095459,0.9784567952156067,-0.6383423805236816,-4.446418694215026e-05,85
2.560107469558716,0.9784408211708069,-0.6382681131362915,-4.79918032851856e-05,85
2.5701074600219727,0.9784249067306519,-0.6382163166999817,-4.523522613908426e-05,85
2.5801074504852295,0.9784092903137207,-0.6381879448890686,-3.7260241867898e-05,85
2.5901074409484863,0.9783942699432373,-0.6381816864013672,-2.713722818725728e-05,85
2.600107431411743,0.9783797860145569,-0.6381945610046387,-1.7512882607206848e-05,85
2.610107421875,0.9783658385276794,-0.6382229924201965,-1.0062149669920473e-05,85
2.620107412338257,0.978352427482605,-0.6382632255554199,-4.8314528271475865e-06,86
2.6301074028015137,0.978339433670044,-0.638312041759491,1.1129633321615984e-06,86
2.6401073932647705,0.9783267378807068,-0.6383667588233948,4.0091335904435255e-06,86
2.6501073837280273,0.9783143401145935,-0.6384249925613403,6.795378055812762e-06,86
2.660107374191284,0.9783021807670593,-0.63848477602005,9.847932233242318e-06,86
2.670107364654541,0.9782902598381042,-0.638544499874115,1.3012832141612307e-05,86
2.680107355117798,0.978278636932373,-0.6386026740074158,1.695469035212227e-05,86
2.6901073455810547,0.9782673716545105,-0.6386578679084778,2.196392722453311e-05,86
2.7001073360443115,0.9782565832138062,-0.638708770275116,2.8757139489243855e-05,86
2.7101073265075684,0.9782463908195496,-0.63875412940979,3.816084574737033e-05,86
2.720107316970825,0.978236973285675,-0.6387926936149597,5.128307020640932e-05,86
2.730107307434082,0.9782285690307617,-0.6388230323791504,7.045541309480541e-05,86
2.740107536315918,0.9782213568687439,-0.6388436555862427,0.00010225005195252379,86
2.750107526779175,0.9782156348228455,-0.6388521194458008,0.00017690271789660983,86
2.7601075172424316,0.9782114624977112,-0.6388422250747681,0.0002690674101017976,86
2.7701075077056885,0.9782065153121948,-0.6387193202972412,9.923293606561856e-05,86
2.7801074981689453,0.9781995415687561,-0.6384369134902954,-5.75359791810115e-06,86
2.790107488632202,0.978194534778595,-0.6382063031196594,-4.055555336890393e-06,86
2.800107479095459,0.9781901836395264,-0.6379799246788025,-4.314782700021169e-06,86
2.810107469558716,0.9781865477561951,-0.637757420539856,-4.988375621906016e-06,86
2.8201074600219727,0.978183388710022,-0.6375387907028198,-5.5574471389263636e-06,86
2.8301074504852295,0.9781808853149414,-0.6373239159584045,-6.051565947018389e-06,86
2.8401074409484863,0.9781787991523743,-0.6371127963066101,-6.509457591619139e-06,86
2.850107431411743,0.9781771898269653,-0.6369053721427917,-6.9117313614697196e-06,86
2.860107421875,0.9781759977340698,-0.6367016434669495,-7.327617481678317e-06,86
2.870107412338257,0.9781752228736877,-0.6365014314651489,-8.367790087504545e-06,85
2.8801074028015137,0.9781748056411743,-0.6363048553466797,-8.226906118125044e-06,85
2.8901073932647705,0.9781746864318848,-0.636111855506897,-8.28408991537799e-06,85
2.9001073837280273,0.9781748652458191,-0.635922372341156,-8.605933658145659e-06,85
2.910107374191284,0.9781753420829773,-0.6357365250587463,-8.96295290431226e-06,85
2.920107364654541,0.9781761169433594,-0.635554313659668,-9.350976768018882e-06,85
2.930107355117798,0.9781771898269653,-0.6353757977485657,-9.878845389721391e-06,85
2.9401073455810547,0.9781785607337952,-0.635201096534729,-1.03791084598015e-05,85
2.9501073360443115,0.9781801700592041,-0.6350303292274475,-1.0932571001376346e-05,85
2.9601073265075684,0.9781820774078369,-0.6348637938499451,-1.166718931244759e-05,85
2.970107316970825,0.9781843423843384,-0.6347017288208008,-1.2448731183667405e-05,85
2.980107307434082,0.9781869649887085,-0.6345444917678833,-1.3491835375134542e-05,85
2.990107536315918,0.978190004825592,-0.6343926787376404,-1.4756899645362864e-05,85
3.000107526779175,0.9781935811042786,-0.6342468857765198,-1.6493662940320064e-05,84
3.0101075172424316,0.9781976938247681,-0.6341080665588379,-1.8766425171179435e-05,84
3.0201075077056885,0.9782025218009949,-0.633977472782135,-2.1782140493087354e-05,84
3.0301074981689453,0.9782081842422485,-0.6338568329811096,-2.5828139484929125e-05,84
3.040107488632202,0.9782149791717529,-0.6337485909461975,-3.152856942278959e-05,84
3.050107479095459,0.9782230854034424,-0.6336559057235718,-3.903817560058087e-05,84
3.060107469558716,0.978232741355896,-0.6335833072662354,-4.827414750252501e-05,84
3.0701074600219727,0.9782443046569824,-0.6335363984107971,-5.7247499000823154e-05,84
3.0801074504852295,0.9782578945159912,-0.6335211396217346,-6.154749314646324e-05,83
3.0901074409484863,0.978273332118988,-0.6335422396659851,-5.685085056938988e-05,83
3.100107431411743,0.9782901406288147,-0.6336001753807068,-4.51241602945629e-05,83
3.110107421875,0.9783075451850891,-0.6336908340454102,-3.191527900980873e-05,83
3.120107412338257,0.9783249497413635,-0.6338078379631042,-2.097774881804071e-05,83
3.1301074028015137,0.9783419966697693,-0.6339446902275085,-1.262272530766495e-05,83
3.1401073932647705,0.9783583879470825,-0.6340964436531067,-6.720808755744656e-06,83
3.1501073837280273,0.9783740043640137,-0.6342592239379883,-2.354882042254758e-06,83
3.160107374191284,0.978388786315918,-0.6344305276870728,1.3065862276562257e-06,83
3.170107364654541,0.9784027338027954,-0.6346084475517273,4.040481428546627e-06,83
3.180107355117798,0.978415846824646,-0.6347915530204773,6.4841756284295116e-06,83
3.1901073455810547,0.978428065776825,-0.6349788904190063,8.660220601086621e-06,83
3.2001073360443115,0.978439450263977,-0.6351696252822876,1.0762299211819482e-05,83
3.2101073265075684,0.9784500002861023,-0.6353632807731628,1.2638360033179197e-05,83
3.220107316970825,0.9784597158432007,-0.6355593204498291,1.4552559605363058e-05,83
3.230107307434082,0.9784685969352722,-0.6357574462890625,1.648893777428384e-05,82
3.240107536315918,0.9784766435623169,-0.6359573006629944,1.8409726067147858e-05,82
3.250107526779175,0.9784838557243347,-0.6361587047576904,2.0252791614439047e-05,82
3.2601075172424316,0.9784902930259705,-0.6363614797592163,2.2204822528237855e-05,82
3.2701075077056885,0.9784959554672241,-0.6365654468536377,2.4062938678071077e-05,82
3.2801074981689453,0.9785007834434509,-0.636770486831665,2.6058623973312933e-05,82
3.290107488632202,0.9785048961639404,-0.6369764804840088,2.7992098011964117e-05,82
3.300107479095459,0.9785081744194031,-0.6371833682060242,2.9988176549977652e-05,82
3.310107469558716,0.9785107374191284,-0.6373911499977112,3.191066338104065e-05,82
3.3201074600219727,0.9785125255584717,-0.6375997066497803,3.3963752912313794e-05,82
3.3301074504852295,0.9785135388374329,-0.6378089785575867,3.60272741204426e-05,82
3.3401074409484863,0.9785138368606567,-0.6380189657211304,3.811629301253561e-05,82
3.350107431411743,0.9785133600234985,-0.6382296085357666,4.0260114474222064e-05,82
3.360107421875,0.978512167930603,-0.6384408473968506,4.261736825128537e-05,82
3.370107412338257,0.9785102009773254,-0.6386526823043823,4.4925920064997626e-05,82
3.3801074028015137,0.9785075783729553,-0.638865053653717,4.73173147952366e-05,82
3.3901073932647705,0.9785041213035583,-0.63907790184021,4.970416762262175e-05,82
3.4001073837280273,0.9785000085830688,-0.6392911672592163,5.24025711001741e-05,82
3.410107374191284,0.9784951210021973,-0.6395047903060913,5.516328360499756e-05,82
3.420107364654541,0.9784895181655884,-0.639718770980835,5.7920822257528926e-05,82
3.430107355117798,0.9784832000732422,-0.6399330496788025,6.085037597358678e-05,82
3.4401073455810547,0.9784761667251587,-0.6401475071907043,6.398600271495525e-05,83
3.4501073360443115,0.9784684181213379,-0.6403621435165405,6.723927651819395e-05,83
3.4601073265075684,0.9784599542617798,-0.6405768394470215,7.06489527146914e-05,83
3.470107316970825,0.9784507751464844,-0.6407915949821472,7.426558426004704e-05,82
3.480107307434082,0.9784409403800964,-0.6410062909126282,7.800742929475746e-05,82
3.490107536315918,0.978430449962616,-0.6412208676338196,8.180223176168511e-05,82
3.500107526779175,0.978419303894043,-0.6414353251457214,8.557145105214659e-05,82
3.5101075172424316,0.9784075021743774,-0.6416495442390442,8.927012549975188e-05,82
3.5201075077056885,0.9783951640129089,-0.6418635249137878,9.272467144683105e-05,82
3.5301074981689453,0.9783821702003479,-0.6420772075653076,9.560723526647052e-05,83
3.540107488632202,0.9783686995506287,-0.6422907114028931,9.792434923383553e-05,83
3.550107479095459,0.9783546924591064,-0.6425039768218994,9.921912379695641e-05,83
3.560107469558716,0.978340208530426,-0.6427170634269714,9.840454237064478e-05,83
3.5701074600219727,0.978325366973877,-0.6429301500320435,9.427543716356013e-05,83
3.5801074504852295,0.9783101677894592,-0.6431434154510498,8.48290524118056e-05,83
3.5901074409484863,0.9782946705818176,-0.6433571577072144,6.756987153266891e-05,83
3.600107431411743,0.9782789349555969,-0.643571674823761,3.669067103828638e-05,83
3.610107421875,0.9782630801200867,-0.6437875628471375,-1.7785111879220494e-05,83
3.620107412338257,0.9782472252845764,-0.6440056562423706,-0.00010968207902806171,83
3.6301074028015137,0.9782314300537109,-0.644227147102356,-0.0002727536408428932,83
3.6401073932647705,0.9782159328460693,-0.6444539427757263,-0.0005626192393606289,83
3.6501073837280273,0.9782010316848755,-0.6446889638900757,-0.0002621471066390768,83
3.660107374191284,0.978185772895813,-0.6449364423751831,-0.00023738343111290305,83
3.670107364654541,0.9781714677810669,-0.6452076435089111,-0.00023785807718468277,83
3.680107355117798,0.9781582355499268,-0.6455273628234863,-0.00018680102260759668,83
3.6901073455810547,0.9781478643417358,-0.6459992527961731,-0.00018662215552467387,83
3.690136671066284,0.9781478643417358,-0.6459992527961731,-0.00018672457781576668,83
3.6901659965515137,0.9781478643417358,-0.6459992527961731,-0.0001867280842020591,83
3.6902098655700684,0.9781478643417358,-0.6459992527961731,-0.00018678914767633614,83
3.6902759075164795,0.9781478643417358,-0.6459992527961731,-0.00018672829833121796,83
3.6903748512268066,0.9781478643417358,-0.6459992527961731,-0.00018672831163257797,83
3.690523147583008,0.9781478643417358,-0.6459992527961731,-0.00018683201028579788,83
3.6907455921173096,0.9781478643417358,-0.6459992527961731,-0.0001867228822902689,83
3.6910791397094727,0.9781478643417358,-0.6459992527961731,-0.00018671655664093123,83
3.691579818725586,0.9781478643417358,-0.6459992527961731,-0.0001867153835632962,83
3.6923305988311768,0.9781478643417358,-0.6459992527961731,-0.00018675528565381683,83
3.6934568881988525,0.9781478643417358,-0.6459992527961731,-0.0001867203437768694,83
3.695146322250366,0.9781478643417358,-0.6459992527961731,-0.00018674236116567045,83
3.6976804733276367,0.9781478643417358,-0.6459992527961731,-0.00018652930310736338,83
3.701481580734253,0.9781478643417358,-0.6459992527961731,-0.00018629315434282034,83
3.707183361053467,0.9781478643417358,-0.6459992527961731,-0.00018618104502365895,83
3.7093214988708496,0.9781478643417358,-0.6459992527961731,-0.00018601593200173738,83
3.712528705596924,0.9781478643417358,-0.6459992527961731,-0.00018592433764297311,83
3.713731527328491,0.9781478643417358,-0.6459992527961731,-0.00018576938072101257,83
3.7155354022979736,0.9781478643417358,-0.6459993124008179,-0.00018551937910160632,83
3.7182416915893555,0.9781478643417358,-0.6459993124008179,-0.0001853440128911643,83
3.7192564010620117,0.9781478643417358,-0.6459993124008179,-0.00018523507691270424,83
3.720778703689575,0.9781478643417358,-0.6459993124008179,-0.00018521805696991578,83
3.7213494777679443,0.9781478643417358,-0.6459993124008179,-0.00018499024258744612,83
3.722205638885498,0.9781478643417358,-0.6459993124008179,-0.00018488725106635684,83
3.722526788711548,0.9781478643417358,-0.6459993124008179,-0.00018471243674866855,83
3.723008394241333,0.9781478643417358,-0.6459993124008179,-0.000184539392591887,83
3.7237308025360107,0.9781478643417358,-0.6459993720054626,-0.0001844323242039536,83
3.72400164604187,0.9781478643417358,-0.6459993720054626,-0.00018427475549742667,83
3.7244081497192383,0.9781479239463806,-0.6459993720054626,-0.00018412270827639077,83
3.724560499191284,0.9781479239463806,-0.6459993720054626,-0.00018401368510012617,83
3.7247891426086426,0.9781479239463806,-0.6459993720054626,-0.00018382264693173056,83
3.7251319885253906,0.9781479239463806,-0.6459993720054626,-0.00018370655652688583,83
3.7252604961395264,0.9781479239463806,-0.6459993720054626,-0.00018351425552509681,83
3.7254533767700195,0.9781479239463806,-0.6459994316101074,-0.00018340693924301377,83
3.7255256175994873,0.9781479239463806,-0.6459994316101074,-0.00018330726049953228,83
3.7256340980529785,0.9781479239463806,-0.6459994316101074,-0.00018299644864328002,83
3.725796937942505,0.9781479239463806,-0.6459994316101074,-0.00018293582456863078,83
3.725857973098755,0.9781479239463806,-0.6459994316101074,-0.00018276089627988767,83
3.72594952583313,0.9781479239463806,-0.6459994316101074,-0.00018269045563101827,83
3.7259838581085205,0.9781479239463806,-0.6459994316101074,-0.0001824673328769677,83
3.7260353565216064,0.9781479239463806,-0.6459994316101074,-0.00018235110348996386,83
3.7260546684265137,0.9781479239463806,-0.6459994912147522,-0.00018221257545292247,83
3.726083517074585,0.9781479239463806,-0.6459994912147522,-0.00018205250864866684,83
3.7261269092559814,0.9781479239463806,-0.6459994912147522,-0.00018187647697232023,83
3.7261433601379395,0.9781479239463806,-0.6459994912147522,-0.00018175580953538883,83
3.726167678833008,0.9781479239463806,-0.6459994912147522,-0.00018163422055295086,83
3.7261769771575928,0.9781479239463806,-0.6459994912147522,-0.00018154687313653994,83
3.7261905670166016,0.9781479239463806,-0.6459994912147522,-0.00018127845783055818,83
3.7262113094329834,0.9781479239463806,-0.645999550819397,-0.00018117757525715206,83
3.7262189388275146,0.9781479239463806,-0.645999550819397,-0.00018102922655316434,83
3.7262306213378906,0.9781479239463806,-0.645999550819397,-0.000180901181408899,83
3.7262349128723145,0.9781479239463806,-0.645999550819397,-0.00018069105885842873,83
3.7262415885925293,0.9781479239463806,-0.645999550819397,-0.00018049913791173822,83
3.7262513637542725,0.9781479239463806,-0.645999550819397,-0.00018030677534852657,83
3.726254940032959,0.9781479239463806,-0.645999550819397,-0.0001801434606818475,83
3.7262604236602783,0.9781479835510254,-0.6459996104240417,-0.00017997477362996506,83
3.7262625694274902,0.9781479835510254,-0.6459996104240417,-0.00017991491517932445,83
3.7262656688690186,0.9781479835510254,-0.6459996104240417,-0.00017978652937244988,83
3.726266860961914,0.9781479835510254,-0.6459996104240417,-0.00017968243491850444,83
3.7262685298919678,0.9781479835510254,-0.6459996104240417,-0.00017943426649935645,83
3.726271152496338,0.9781479835510254,-0.6459996104240417,-0.00017928320272631026,83
3.7262721061706543,0.9781479835510254,-0.6459996104240417,-0.00017911796334146857,83
3.726273536682129,0.9781479835510254,-0.6459996104240417,-0.00017897701883384798,83
3.726274013519287,0.9781479835510254,-0.6459996104240417,-0.0001788792650359028,83
3.7262749671936035,0.9781479835510254,-0.6459996700286865,-0.00017871362683763437,83
3.726276159286499,0.9781479835510254,-0.6459996700286865,-0.000178510446630753,83
3.7262766361236572,0.9781479835510254,-0.6459996700286865,-0.00017831765188702775,83
3.7262773513793945,0.9781479835510254,-0.6459996700286865,0.0001783649373123808,83
3.7262775897979736,0.9781479835510254,-0.6459996700286865,0.00018125286328540824,83
3.726278066635132,0.9781479835510254,-0.6459996700286865,0.00018454913924870198,83
3.726278066635132,0.9781479835510254,-0.6459996700286865,0.0001869653564199325,83
3.726278305053711,0.9781479835510254,-0.6459997296333313,0.00019062501797861842,83
3.726278781890869,0.9781479835510254,-0.6459997296333313,0.0001926697791532206,83
3.726278781890869,0.9781479835510254,-0.6459997296333313,0.00019574332986849186,83
3.7262790203094482,0.9781479835510254,-0.6459997296333313,0.00019926255521340863,83
3.7262790203094482,0.9781479835510254,-0.6459997296333313,0.00020185999682098554,83
3.7262792587280273,0.9781479835510254,-0.6459997296333313,0.00020576814085870865,83
3.7262792587280273,0.9781479835510254,-0.6459997296333313,0.00020794452700556576,83
3.7262794971466064,0.9781479835510254,-0.6459997296333313,0.00021125754773265726,83
3.7262794971466064,0.9781479835510254,-0.6459997892379761,0.0002130874197519006,83
3.7262794971466064,0.9781479835510254,-0.6459997892379761,0.00021586089968650413,83
3.7262794971466064,0.9781479835510254,-0.6459997892379761,0.00022002449117053402,83
3.7262797355651855,0.9781479835510254,-0.6459997892379761,0.00022235554428107207,83
3.7262797355651855,0.9781480431556702,-0.6459997892379761,0.0002258660613279062,83
3.7262797355651855,0.9781480431556702,-0.6459997892379761,0.00022784128134389903,83
3.7262797355651855,0.9781480431556702,-0.6459997892379761,0.0002307915468122701,83
3.7262797355651855,0.9781480431556702,-0.6459998488426208,0.00023416663503894597,83
3.7262797355651855,0.9781480431556702,-0.6459998488426208,0.00023669059646636015,83
3.7262797355651855,0.9781480431556702,-0.6459998488426208,0.00024042040240601636,83
3.7262797355651855,0.9781480431556702,-0.6459998488426208,0.00024252913664213338,83
3.7262797355651855,0.9781480431556702,-0.6459998488426208,0.0002456982768421767,83
3.7262797355651855,0.9781480431556702,-0.6459998488426208,0.00024930915168397405,83
3.7262797355651855,0.9781480431556702,-0.6459998488426208,0.0002519768655133703,83
3.7262797355651855,0.9781480431556702,-0.6459998488426208,0.0002559954987191304,83
3.7262797355651855,0.9781480431556702,-0.6459999084472656,0.0002582452805199864,83
3.7262797355651855,0.9781480431556702,-0.6459999084472656,0.00026162059231182866,83
3.7262797355651855,0.9781480431556702,-0.6459999084472656,0.0002635199240330621,83
3.7262797355651855,0.9781480431556702,-0.6459999084472656,0.00026635752914216937,83
3.7262797355651855,0.9781480431556702,-0.6459999084472656,0.00026962733323898647,83
3.7262797355651855,0.9781480431556702,-0.6459999084472656,0.0002720302193210955,83
3.7262797355651855,0.9781480431556702,-0.6459999084472656,0.00027564281111835953,83
3.7262799739837646,0.9781480431556702,-0.6459999084472656,0.00027766003319129595,83
3.7262799739837646,0.9781480431556702,-0.6459999680519104,0.00028070428351156806,83
3.7262799739837646,0.9781480431556702,-0.6459999680519104,0.00028418338717983715,83
3.7262799739837646,0.9781480431556702,-0.6459999680519104,0.00028675019791535306,83
3.7262799739837646,0.9781480431556702,-0.6459999680519104,0.00029058835099249336,83
3.7262799739837646,0.9781480431556702,-0.6459999680519104,0.00029274516998611944,83
3.7262799739837646,0.9781480431556702,-0.6459999680519104,0.00029600261615314594,83
3.7262799739837646,0.9781480431556702,-0.6459999680519104,0.00029782998211658196,83
3.7262799739837646,0.9781480431556702,-0.6459999680519104,0.00030058913330321957,83
3.7262799739837646,0.9781480431556702,-0.6460000276565552,0.000304683965168806,83
3.7262799739837646,0.9781480431556702,-0.6460000276565552,0.0003069986885293474,83
3.7262799739837646,0.9781481027603149,-0.6460000276565552,0.00031046942734747063,83
3.7262799739837646,0.9781481027603149,-0.6460000276565552,0.0003124274388710546,83
3.7262799739837646,0.9781481027603149,-0.6460000276565552,0.00031533866774680064,83
3.7262799739837646,0.9781481027603149,-0.6460000276565552,0.00031868759748476805,83
3.7262799739837646,0.9781481027603149,-0.6460000276565552,0.0003211538278264925,83
3.7262799739837646,0.9781481027603149,-0.6460000276565552,0.00032486540953868825,83
3.7262799739837646,0.9781481027603149,-0.6460000872612,0.00032692871940298573,83
3.7262799739837646,0.9781481027603149,-0.6460000872612,0.0003300511899055891,83
3.7262799739837646,0.9781481027603149,-0.6460000872612,0.00033363905703254204,83
3.7262799739837646,0.9781481027603149,-0.6460000872612,0.000336254922444823,83
3.7262799739837646,0.9781481027603149,-0.6460000872612,0.0003402339331159965,83
3.7262799739837646,0.9781481027603149,-0.6460000872612,0.0003424563590215257,83
3.7262799739837646,0.9781481027603149,-0.6460000872612,0.0003457787684624236,83
3.7262799739837646,0.9781481027603149,-0.6460001468658447,nan,nan
#GNA2
0.0,0.0,0.0,-5.139793159969486e-07,0
0.029999999329447746,0.029988305643200874,-0.01808447390794754,-3.8349680085758564e-05,0
0.05999999865889549,0.059952426701784134,-0.036158084869384766,-4.3519860298602e-05,0
0.09000000357627869,0.08989126980304718,-0.05422038212418556,-4.977577276576994e-05,0
0.11999999731779099,0.11980362981557846,-0.07227086275815964,-5.664265348315212e-05,0
0.15000000596046448,0.14968815445899963,-0.09030897170305252,-6.491053370893951e-05,0
0.18000000715255737,0.17954330146312714,-0.10833405703306198,-7.468060836401946e-05,0
0.20999999344348907,0.20936737954616547,-0.1263454258441925,-8.636152803376262e-05,0
0.23999999463558197,0.23915839195251465,-0.14434222877025604,-0.0001004462476714707,0
0.27000001072883606,0.2689141035079956,-0.16232351958751678,-0.00011768134672252017,0
0.30000001192092896,0.2986319065093994,-0.1802881807088852,-0.00013915636856154379,0
0.33000001311302185,0.32830873131752014,-0.1982349157333374,-0.00016578906635800195,0
0.36000001430511475,0.3579409718513489,-0.21616216003894806,-0.00019967388305985878,0
0.38999998569488525,0.3875243067741394,-0.23406802117824554,-0.00024304490943904966,0
0.41999998688697815,0.41705355048179626,-0.2519502341747284,-0.000299574221628518,0
0.44999998807907104,0.4465223550796509,-0.26980599761009216,-0.0003741872554599013,0
0.47999998927116394,0.47592291235923767,-0.28763172030448914,-0.00047404194634736996,0
0.5099999904632568,0.5052453875541687,-0.3054230213165283,-0.0006096229127763308,0
0.5400000214576721,0.5344772934913635,-0.3231740891933441,-0.0007966013239126823,0
0.5699999928474426,0.5636025667190552,-0.3408774137496948,-0.0010579845954339362,0
0.6000000238418579,0.5926000475883484,-0.35852304100990295,-0.0014285242908442797,0
0.6299999952316284,0.6214416027069092,-0.3760974109172821,-0.0019597667427433407,0
0.6600000262260437,0.6500890254974365,-0.39358195662498474,-0.0027274701771489163,0
0.6899999976158142,0.6784895062446594,-0.410950630903244,-0.003837246603609401,0
0.7200000286102295,0.7065691351890564,-0.4281664490699768,-0.005422405481908754,0
0.75,0.7342227697372437,-0.44517603516578674,-0.007606924236711166,0
0.7799999713897705,0.7613001465797424,-0.46190208196640015,-0.010384470944188706,0
0.8100000023841858,0.7875875234603882,-0.47823312878608704,-0.0133466896447203,0
0.8399999737739563,0.8127890229225159,-0.49401289224624634,-0.015341914349221497,0
0.8700000047683716,0.8365199565887451,-0.5090358853340149,-0.014657245280773168,0
0.8999999761581421,0.8583369255065918,-0.5230634212493896,3.487297021820268e-06,0
0.9300000071525574,0.8778307437896729,-0.5358744263648987,7.523130875597417e-06,8
0.9599999785423279,0.8947439193725586,-0.5473341941833496,0.0048458883452440205,12
0.9900000095367432,0.9090674519538879,-0.5574465394020081,0.0035877989166692714,16
1.0199999809265137,0.9210154414176941,-0.5663479566574097,0.0028762850377006544,19
1.0499999523162842,0.9309160113334656,-0.5742346048355103,0.001788485641554871,21
1.0800000429153442,0.9391238689422607,-0.5813267230987549,0.00133688528762832,23
1.1100000143051147,0.94596266746521,-0.587822437286377,-0.001962382775786864,25
1.1399999856948853,0.9517033100128174,-0.5938807725906372,-0.002020343616493392,29
1.1699999570846558,0.9565629363059998,-0.5996511578559875,-0.002049621870696683,36
1.2000000476837158,0.9607130885124207,-0.6052318215370178,-0.001981437579559042,40
1.2300000190734863,0.9642877578735352,-0.6107092499732971,-0.0019420798570308762,44
1.2599999904632568,0.9673922657966614,-0.6161510348320007,-0.001888501760561212,47
1.2899999618530273,0.9701092839241028,-0.6216102838516235,-0.00010860653191002712,56
1.3200000524520874,0.9725045561790466,-0.6271317005157471,0.00045327136188078043,61
1.350000023841858,0.9746352434158325,-0.6327584385871887,-0.0001554993593799736,67
1.3799999952316284,0.9765447974205017,-0.6385341882705688,-0.001566902545960147,75
1.409999966621399,0.9782480597496033,-0.6444166898727417,-0.0027125458174737105,86
1.440000057220459,0.9797861576080322,-0.6504532098770142,-6.232105226899876e-05,90
1.4700000286102295,0.9811825156211853,-0.6566795706748962,-5.0045431976286636e-05,96
1.5,0.9824594259262085,-0.6631089448928833,-9.659658888949707e-05,101
1.5299999713897705,0.9836271405220032,-0.6697319149971008,-0.0012629114526703233,107
1.559999942779541,0.9846989512443542,-0.676547110080719,0.09612531631296406,118
1.590000033378601,0.9873158931732178,-0.697001039981842,-0.0010297147866822343,124
1.6200000047683716,0.9883546829223633,-0.707036018371582,-3.5185099591217295e-05,129
1.649999976158142,0.9890924692153931,-0.7149940729141235,-5.171303155293572e-05,131
1.6799999475479126,0.9897868633270264,-0.7232021689414978,-0.0010717021306732022,137
1.7100000381469727,0.9904383420944214,-0.7316155433654785,-0.0011343053815835447,139
1.7400000095367432,0.9910531640052795,-0.7402604818344116,-0.0006401604299526298,143
1.7699999809265137,0.9916345477104187,-0.7491480708122253,0.26546230497046963,154
1.7999999523162842,0.9946091771125793,-0.8079136610031128,-0.002758087673328191,157
1.8300000429153442,0.9950277209281921,-0.8183934092521667,-0.007043413906558271,160
1.8600000143051147,0.9953226447105408,-0.8269717693328857,0.001279878493733122,160
1.8899999856948853,0.9950523972511292,-0.8219168186187744,-0.0008571975307631874,161
1.9199999570846558,0.9946655631065369,-0.8148869276046753,-0.00012065231913993557,162
1.9500000476837158,0.9942359924316406,-0.8075656890869141,-7.191049309085429e-05,162
1.9800000190734863,0.9937599897384644,-0.7999622821807861,-5.827791653700842e-05,162
2.009999990463257,0.9932430982589722,-0.7922751903533936,-5.1337686329588905e-05,161
2.0399999618530273,0.9926873445510864,-0.78461754322052,-4.6230586519868666e-05,162
2.069999933242798,0.9920925498008728,-0.7770605683326721,-4.180020300736942e-05,162
2.0999999046325684,0.9914574027061462,-0.7696529626846313,-3.704156546291415e-05,162
2.130000114440918,0.9907798171043396,-0.7624302506446838,-3.347412666698801e-05,162
2.1600000858306885,0.9900569319725037,-0.7554197907447815,-3.150911442162396e-05,162
2.190000057220459,0.9892854690551758,-0.7486433982849121,-0.000416837202806164,161
2.2200000286102295,0.9884619116783142,-0.7421323657035828,-0.0028918002693103517,159
2.25,0.9875810742378235,-0.735889196395874,-6.57989888281918e-05,159
2.2799999713897705,0.9866409301757812,-0.7298865914344788,-1.9888814733803883e-05,160
2.309999942779541,0.9856368899345398,-0.7242087125778198,-1.251607227459317e-05,160
2.3399999141693115,0.9845647811889648,-0.7188351154327393,-7.994759130269813e-06,162
2.369999885559082,0.9834211468696594,-0.7137734889984131,-3.621204939463496e-06,162
2.4000000953674316,0.9822030067443848,-0.7090296745300293,-1.8726545647496096e-06,162
2.430000066757202,0.9809084534645081,-0.7046076655387878,5.110370523198071e-06,162
2.4600000381469727,0.9795365333557129,-0.7005091905593872,8.799576505680307e-06,162
2.490000009536743,0.9780877828598022,-0.6967336535453796,1.2171009757366846e-05,161
2.5199999809265137,0.9765641093254089,-0.6932780742645264,-0.0003994669345956936,162
2.549999952316284,0.974968671798706,-0.6901370882987976,-8.335849827290076e-05,162
2.5799999237060547,0.9733046889305115,-0.6872973442077637,1.6455156014671957e-05,162
2.609999895095825,0.9715844988822937,-0.6847600340843201,1.6280757620279473e-05,162
2.640000104904175,0.9698132276535034,-0.6825070381164551,1.5717838039108756e-05,163
2.6700000762939453,0.968000054359436,-0.6805251240730286,1.236028174389503e-05,164
2.700000047683716,0.9661549925804138,-0.6788002848625183,1.5306400484860205e-05,163
2.7300000190734863,0.9642884135246277,-0.6773192286491394,0.00021965764426568057,163
2.737499952316284,0.9638197422027588,-0.6769854426383972,2.4227217068073514e-06,163
2.7487499713897705,0.9631159901618958,-0.6765103936195374,-4.388810810951327e-05,162
2.765625,0.9620593190193176,-0.6758637428283691,6.146621558400511e-06,162
2.7909374237060547,0.9604761600494385,-0.6750129461288452,9.268869973766414e-06,162
2.820937395095825,0.9586103558540344,-0.6741980314254761,8.083330669705902e-06,161
2.850937604904175,0.9567658305168152,-0.6735830903053284,6.950044166842417e-06,161
2.8809375762939453,0.9549520015716553,-0.6731602549552917,6.114443976912298e-06,161
2.910937547683716,0.9531777501106262,-0.6729233860969543,5.23018769627015e-06,160
2.9409375190734863,0.9514511227607727,-0.6728678345680237,4.644234252282331e-06,160
2.970937490463257,0.9497792720794678,-0.6729903221130371,4.36550197946417e-06,160
3.0009374618530273,0.9481683373451233,-0.6732888221740723,4.030524053177942e-06,160
3.030937433242798,0.9466238021850586,-0.6737624406814575,4.090262279987655e-06,160
3.0609374046325684,0.9451502561569214,-0.6744110584259033,4.273185311376437e-06,160
3.090937614440918,0.9437516331672668,-0.6752347350120544,4.451247207271081e-06,160
3.1209375858306885,0.9424313306808472,-0.67623370885849,6.633215718920837e-06,160
3.150937557220459,0.9411922693252563,-0.6774072647094727,3.990288814748055e-05,159
3.1809375286102295,0.9400370121002197,-0.6787567138671875,1.733277019866364e-05,159
3.2109375,0.938967764377594,-0.6802754402160645,5.38995016086119e-06,159
3.2409374713897705,0.9379865527153015,-0.6819640398025513,5.9455961149978975e-06,159
3.270937442779541,0.9370951056480408,-0.6838185787200928,7.393874852823501e-06,159
3.3009374141693115,0.9362949132919312,-0.6858353018760681,1.1938991406168498e-05,159
3.330937385559082,0.9355872273445129,-0.6880106925964355,2.687302753656695e-05,159
3.3609375953674316,0.9349730610847473,-0.6903415322303772,-0.0001771087061115395,159
3.390937566757202,0.9344531893730164,-0.6928267478942871,0.00022944424267734576,159
3.4209375381469727,0.9340052008628845,-0.6956419348716736,0.0001742059196203627,159
3.450937509536743,0.9336436986923218,-0.6990720629692078,-0.0001218259267261601,158
3.4809374809265137,0.9335033297538757,-0.7002683281898499,2.7351893672422634e-05,158
3.510937452316284,0.9335528612136841,-0.6989778876304626,-0.0018252526920150558,159
3.5409374237060547,0.9335513710975647,-0.6985589265823364,-4.9337522005754586e-05,159
3.570937395095825,0.933535099029541,-0.6985517740249634,0.00035320080087331007,159
3.600937604904175,0.9335033893585205,-0.6990218162536621,0.0014614122387683892,159
3.6309375762939453,0.9334536194801331,-0.7001148462295532,-0.0001896417898024083,159
3.660937547683716,0.9333834648132324,-0.7024612426757812,-0.0033653499815500254,159
3.6909375190734863,0.9333516359329224,-0.705321729183197,-0.0011270534379264063,158
3.720937490463257,0.9333775043487549,-0.7083510160446167,0.0008169790097554142,158
3.7509374618530273,0.9334630966186523,-0.7114445567131042,0.0007840641842449259,158
3.780937433242798,0.9336064457893372,-0.7145578265190125,0.0006199786557772313,158
3.8109374046325684,0.9338047504425049,-0.7176726460456848,-0.0004452738713780491,158
3.840937614440918,0.9340563416481018,-0.7207859754562378,0.0002625159623903528,158
3.8709375858306885,0.9343604445457458,-0.7238972187042236,-0.0006267748685786501,158
3.900937557220459,0.9347142577171326,-0.7269830107688904,-0.0017262073151869117,158
3.9309375286102295,0.9351049065589905,-0.7299537062644958,-0.0016559604314352327,158
3.9609375,0.9355002045631409,-0.7326239347457886,0.0011273429961420334,158
3.9909374713897705,0.9358523488044739,-0.7347661852836609,0.00152311806527905,158
4.020937442779541,0.9361178278923035,-0.7362108826637268,0.00016052365702989846,158
4.050937652587891,0.9362942576408386,-0.7370042204856873,0.0001041229259328702,158
4.080937385559082,0.9361772537231445,-0.7359798550605774,0.0006837646859594315,158
4.110937595367432,0.9360102415084839,-0.7346159815788269,0.0010273484828076107,158
4.140937328338623,0.9357184767723083,-0.7323768734931946,0.0011070587096355666,158
4.170937538146973,0.9353465437889099,-0.7294462323188782,0.00046549024409614503,158
4.200937271118164,0.9349430203437805,-0.7260772585868835,0.00026915326338894374,158
4.230937480926514,0.9345480799674988,-0.7225184440612793,0.0004114797129659564,158
4.260937690734863,0.9341853260993958,-0.7189082503318787,-0.0004425465442636778,158
4.290937423706055,0.9338716864585876,-0.7153257727622986,-0.0013062810216979415,158
4.320937633514404,0.9336225390434265,-0.7118497490882874,-6.505260283340419e-06,158
4.350937366485596,0.9334496259689331,-0.7085801959037781,-1.2544575327844143e-05,158
4.380937576293945,0.9333561062812805,-0.7056425213813782,-1.989592404072482e-05,159
4.410937309265137,0.9333325028419495,-0.703170657157898,2.4912737201399082e-05,159
4.440937519073486,0.9333573579788208,-0.701253354549408,2.1329788804980154e-05,159
4.470937728881836,0.9334057569503784,-0.6998918652534485,1.9287420384372922e-05,159
4.500937461853027,0.9334560632705688,-0.6991113424301147,2.1916927706477907e-05,159
4.530937671661377,0.9334854483604431,-0.699167788028717,-2.5530039701959772e-05,160
4.560937404632568,0.9334877133369446,-0.700192391872406,-6.171437979762828e-05,159
4.590937614440918,0.9334885478019714,-0.7017418146133423,-3.700352620406022e-05,159
4.620937347412109,0.9335088133811951,-0.7037679553031921,1.3004913341774227e-05,159
4.650937557220459,0.9335684776306152,-0.7063013911247253,0.004879400358049679,159
4.68093729019165,0.9336837530136108,-0.7092193961143494,-0.0018819957283540134,159
4.7109375,0.9338648319244385,-0.7124031782150269,-0.0007519809494169749,159
4.74093770980835,0.9341176152229309,-0.7157806754112244,-0.0002877335132325243,159
4.770937442779541,0.934446394443512,-0.7193120718002319,-0.00012501416540544597,159
4.800937652587891,0.9348540902137756,-0.7229731678962708,-6.237514458007354e-05,159
4.830937385559082,0.9353427886962891,-0.7267480492591858,-4.0842028511178796e-05,159
4.860937595367432,0.9359137415885925,-0.7306254506111145,3.370201147845364e-05,159
4.890937328338623,0.9365673065185547,-0.7345969676971436,3.1905843002277834e-05,159
4.920937538146973,0.9373034238815308,-0.738656759262085,3.079477392020635e-05,159
4.950937271118164,0.9381213784217834,-0.7428007125854492,2.972174615933909e-05,159
4.980937480926514,0.9390200972557068,-0.7470259666442871,2.8405579996615415e-05,158
5.010937690734863,0.9399979114532471,-0.7513290643692017,-2.807400693427553e-05,157
5.040937423706055,0.9410523176193237,-0.7557041049003601,3.257257304767336e-05,157
5.070937633514404,0.9421793818473816,-0.7601394057273865,0.00010897515272745295,159
5.100937366485596,0.9433729648590088,-0.7646123170852661,6.898593454707225e-05,159
5.130937576293945,0.9446229934692383,-0.7690814137458801,0.00015379307671992137,159
5.160937309265137,0.9459111094474792,-0.773459792137146,0.0005633455538145427,159
5.190937519073486,0.9471940398216248,-0.777541995048523,-0.001183255204409761,159
5.220937728881836,0.9483520984649658,-0.7808210849761963,-0.0014228981683572783,159
5.250937461853027,0.9492168426513672,-0.7827860116958618,0.0006225238239494502,159
5.280937671661377,0.9499318599700928,-0.784170389175415,-0.0003174985503164862,159
5.310937404632568,0.9507294297218323,-0.7859044075012207,-0.0003889783337740482,159
5.340937614440918,0.9517040848731995,-0.7884020805358887,-0.0009150741077519342,159
5.370937347412109,0.952853262424469,-0.7916795611381531,-0.0010582458314729593,159
5.400937557220459,0.9541330337524414,-0.795537531375885,-0.0006972127521294169,160
5.43093729019165,0.9554809331893921,-0.7996633052825928,0.0005463421215381459,160
5.4609375,0.9567634463310242,-0.8034581542015076,0.002642641386046307,160
5.49093770980835,0.9576234817504883,-0.8055883646011353,0.00027724817778107536,159
5.520937442779541,0.9578210711479187,-0.8054233193397522,-0.0001285347215684851,159
5.550937652587891,0.9576210975646973,-0.8039757609367371,0.0001197395121153022,159
5.580937385559082,0.9571990966796875,-0.801862895488739,8.71700697189226e-05,159
5.610937595367432,0.9566402435302734,-0.7993842363357544,6.661920804162946e-05,159
5.640937328338623,0.9559958577156067,-0.79671710729599,5.3888579145677795e-05,159
5.670937538146973,0.9553035497665405,-0.793986976146698,-4.643907715262685e-05,158
5.700937271118164,0.9545943737030029,-0.7912901043891907,-4.42291034801201e-05,158
5.730937480926514,0.9538937211036682,-0.7887000441551208,-5.173689322646169e-05,158
5.760937690734863,0.9532216191291809,-0.7862698435783386,-6.204527710451657e-05,158
5.790937423706055,0.9525924921035767,-0.7840333580970764,-0.0001835351727095258,159
5.820937633514404,0.9520147442817688,-0.7820034623146057,-7.055765547647752e-05,159
5.850937366485596,0.9514894485473633,-0.7801646590232849,9.973862643164466e-05,159
5.880937576293945,0.9510055780410767,-0.7784495949745178,0.0005521043995031505,159
5.910937309265137,0.9505259990692139,-0.7766662240028381,0.0024715540744182363,159
5.940937519073486,0.9499825835227966,-0.7744269967079163,0.0005385752563142887,159
5.970937728881836,0.9495422840118408,-0.7724311947822571,-6.898997321513889e-05,158
6.000937461853027,0.9491624236106873,-0.7706416249275208,-3.639025914026206e-05,157
6.030937671661377,0.9487802386283875,-0.7688283324241638,2.545737197579001e-05,157
6.060937404632568,0.9483670592308044,-0.7668785452842712,2.6796564043252147e-05,157
6.090937614440918,0.9479081034660339,-0.7647311687469482,2.6825776387795486e-05,157
6.120937347412109,0.9473958611488342,-0.7623528242111206,2.4713161849376775e-05,157
6.150937557220459,0.9468267560005188,-0.7597247362136841,2.3249308185313566e-05,157
6.18093729019165,0.9461983442306519,-0.7568330764770508,4.211438391621414e-05,157
6.2109375,0.9455095529556274,-0.7536683082580566,7.617132337145449e-05,157
6.24093770980835,0.9447628259658813,-0.7502356767654419,9.767762122692147e-05,157
6.270937442779541,0.9439682364463806,-0.7465717196464539,-0.00010898129380620958,157
6.300937652587891,0.9431434869766235,-0.7427445650100708,-9.266231063520536e-05,157
6.330937385559082,0.9423083662986755,-0.7388307452201843,-6.30072186140751e-05,157
6.360937595367432,0.9414791464805603,-0.7348917722702026,-3.863179267682426e-05,157
6.390937328338623,0.940667450428009,-0.7309675812721252,-2.349409919588652e-05,158
6.420937538146973,0.9398810863494873,-0.7270815968513489,1.661903587546476e-05,158
6.450937271118164,0.9391255378723145,-0.723247230052948,1.3761040463577956e-05,157
6.480937480926514,0.9384052157402039,-0.7194724082946777,1.2517049128746294e-05,157
6.510937690734863,0.9377235174179077,-0.715762197971344,1.3175970792644875e-05,156
6.540937423706055,0.9370834231376648,-0.7121204733848572,1.5184574294835329e-05,156
6.570937633514404,0.9364876747131348,-0.7085502743721008,1.781208948159474e-05,156
6.600937366485596,0.9359385371208191,-0.7050548195838928,2.0890626501568477e-05,156
6.630937576293945,0.9354382753372192,-0.7016376852989197,2.42220085056033e-05,156
6.660937309265137,0.9349890351295471,-0.6983034610748291,2.741592243182822e-05,156
6.690937519073486,0.9345932006835938,-0.6950579881668091,3.0967253223934676e-05,156
6.720937728881836,0.9342531561851501,-0.6919090747833252,3.367010572219442e-05,156
6.750937461853027,0.9339715242385864,-0.6888664960861206,3.492382370495761e-05,156
6.780937671661377,0.9337506294250488,-0.6859416961669922,3.456144963820407e-05,156
6.810937404632568,0.9335921406745911,-0.6831472516059875,3.307657175355416e-05,156
6.840937614440918,0.9334961771965027,-0.6804952025413513,3.171184130223992e-05,156
6.870937347412109,0.9334608316421509,-0.6779952645301819,3.338182455081551e-05,157
6.900937557220459,0.9334816336631775,-0.6756518483161926,3.974929029482155e-05,156
6.93093729019165,0.9335516095161438,-0.673462986946106,4.379036369073219e-05,156
6.9609375,0.9336620569229126,-0.6714210510253906,3.548445249634824e-05,156
6.99093770980835,0.933803379535675,-0.6695191264152527,3.309702401566028e-05,156
7.020937442779541,0.9339661002159119,-0.6677615642547607,3.7873945416322385e-05,156
7.050937652587891,0.9341403245925903,-0.6661745309829712,-4.0168849011479324e-05,155
7.080937385559082,0.9343137145042419,-0.6648135185241699,-5.0876720479209325e-05,155
7.110937595367432,0.9344659447669983,-0.6637709140777588,-9.37169379540137e-05,155
7.140937328338623,0.9345647096633911,-0.6631675958633423,-8.309417830787424e-05,154
7.170937538146973,0.9345864057540894,-0.6630514860153198,6.21869386296936e-05,154
7.200937271118164,0.9345585107803345,-0.6632585525512695,0.00013070669251646905,155
7.230937480926514,0.9345545172691345,-0.6634905338287354,0.0002401758247287944,155
7.260937690734863,0.9346681237220764,-0.6634091138839722,0.0002907659851416611,155
7.290937423706055,0.9349789619445801,-0.662733256816864,-0.0027902923377496336,155
7.320937633514404,0.9354773163795471,-0.6614996194839478,-0.0017370148241298011,155
7.350937366485596,0.9361016154289246,-0.6599292159080505,-0.0004908389985303074,155
7.380937576293945,0.9368101954460144,-0.6581602692604065,-0.00014560716454070644,155
7.410937309265137,0.9375759959220886,-0.6562590599060059,-0.00011726181026006088,154
7.440937519073486,0.9383695125579834,-0.654279351234436,-0.0001363502316849008,154
7.470937728881836,0.9391443133354187,-0.6523020267486572,-0.0003124955732118906,154
7.500937461853027,0.9398183226585388,-0.6504729986190796,-0.00023606437525813817,154
7.530937671661377,0.9402759075164795,-0.6490291357040405,0.00011290963853660685,154
7.560937404632568,0.9404354691505432,-0.6481266617774963,-0.0005742099035614956,153
7.590937614440918,0.9402666687965393,-0.647739052772522,-0.0002934297656338458,153
7.620937347412109,0.9398574233055115,-0.6476699709892273,-0.0004466048976610182,153
7.650937557220459,0.9393566846847534,-0.6476678848266602,-0.000895909252221827,153
7.68093729019165,0.9388566017150879,-0.6475852131843567,-0.0018049684949801303,153
7.7109375,0.9384170770645142,-0.6473637819290161,-0.003176543570816648,153
7.74093770980835,0.9381195902824402,-0.6469800472259521,0.0027772321143402223,155
7.770937442779541,0.9381038546562195,-0.6464468836784363,0.003270379777177368,155
7.800937652587891,0.9384511709213257,-0.6459009647369385,0.0021729332543145574,155
7.830937385559082,0.9390156865119934,-0.6454929709434509,-0.00021646602681357763,155
7.860937595367432,0.9396230578422546,-0.6452599763870239,0.0009070561870885285,155
7.890937328338623,0.9401622414588928,-0.6451916694641113,-0.0004450250710306136,155
7.920937538146973,0.9405828714370728,-0.6452469229698181,-0.0003963404195701514,155
7.950937271118164,0.9408817291259766,-0.6453705430030823,-0.0010393079094228597,155
7.980937480926514,0.9410979151725769,-0.6454916596412659,0.005144734841849186,155
8.010937690734863,0.9413201808929443,-0.6455130577087402,-0.005470330667549206,155
8.040937423706055,0.9416815042495728,-0.6453362107276917,-0.0006623328179102828,155
8.070937156677246,0.9422190189361572,-0.6450193524360657,-0.0009809412633785541,155
8.100937843322754,0.942874014377594,-0.644667387008667,0.0002282387139302955,154
8.130937576293945,0.9435734748840332,-0.644324004650116,-0.00010733670330864697,153
8.160937309265137,0.9442349076271057,-0.6440239548683167,-0.000205585741412051,154
8.190937042236328,0.9447274804115295,-0.6438291072845459,0.0012875044990323659,153
8.220937728881836,0.9447982907295227,-0.6438677310943604,0.0008083748421086057,153
8.250937461853027,0.9443814754486084,-0.6441885232925415,-0.0002696998560054453,153
8.280937194824219,0.94376540184021,-0.644676148891449,-0.00010632846289126974,154
8.310937881469727,0.9430778622627258,-0.6452851891517639,-4.7837501199410326e-05,154
8.340937614440918,0.9423472285270691,-0.6460137963294983,-4.863317377612475e-05,154
8.37093734741211,0.9415805339813232,-0.6468697190284729,-4.3516627044937195e-05,154
8.4009370803833,0.9407868981361389,-0.6478572487831116,3.1044792422108e-05,154
8.430937767028809,0.9399807453155518,-0.6489742994308472,-6.572147026417952e-05,154
8.4609375,0.9391802549362183,-0.6502119898796082,-0.0002545826257005501,154
8.490937232971191,0.9384029507637024,-0.6515436172485352,-0.00011299231721295655,154
8.5209379196167,0.937646746635437,-0.652919352054596,2.3337676054779877e-05,154
8.55093765258789,0.9368771314620972,-0.6543262600898743,3.279784840515276e-05,153
8.580937385559082,0.9360654354095459,-0.6557778120040894,2.991709794741837e-05,153
8.610937118530273,0.9351998567581177,-0.6572816371917725,2.8718479029521404e-05,153
8.640937805175781,0.9342769980430603,-0.6588371396064758,2.8031271938289137e-05,153
8.670937538146973,0.933296799659729,-0.6604360342025757,2.4308369518166728e-05,153
8.700937271118164,0.932262659072876,-0.6620597243309021,2.5252445141177304e-05,153
8.730937957763672,0.9311849474906921,-0.6636732816696167,5.3000264813363174e-05,153
8.760937690734863,0.9300850033760071,-0.665219247341156,9.055158903947813e-05,153
8.790937423706055,0.9289968013763428,-0.6666207909584045,0.00010912601720747261,153
8.820937156677246,0.9279585480690002,-0.6678021550178528,9.3588771164832e-05,153
8.850937843322754,0.9269983768463135,-0.6687167286872864,7.530275388489827e-05,153
8.880937576293945,0.9261265397071838,-0.6693623065948486,5.171569881667892e-05,153
8.910937309265137,0.9253365993499756,-0.6697767972946167,3.14105032543921e-05,154
8.940937042236328,0.9246122241020203,-0.6700241565704346,-2.4502588814812043e-05,154
8.970937728881836,0.9239329695701599,-0.6701775789260864,-2.4345866506791936e-05,154
9.000937461853027,0.9232797622680664,-0.6703066229820251,-2.1738109012403584e-05,154
9.030937194824219,0.9226378798484802,-0.6704708337783813,-1.7925128531715018e-05,154
9.060937881469727,0.9219977259635925,-0.67071932554245,-1.4088697597003375e-05,154
9.090937614440918,0.9213559031486511,-0.6710910201072693,-1.798085457949128e-05,154
9.12093734741211,0.9207143187522888,-0.6716132164001465,1.9746250075058924e-05,154
9.1509370803833,0.9200800061225891,-0.672295868396759,-1.7779587125232865e-05,154
9.180937767028809,0.9194627404212952,-0.6731230616569519,1.7463408795492796e-05,154
9.2109375,0.9188723564147949,-0.6740464568138123,2.1267119933554568e-05,154
9.240937232971191,0.9183164238929749,-0.6749867796897888,2.5740668476714745e-05,154
9.2709379196167,0.917799174785614,-0.6758471727371216,-2.8116155405655263e-05,155
9.30093765258789,0.9173219799995422,-0.6765332221984863,-2.6804958508819254e-05,155
9.330937385559082,0.9168858528137207,-0.6769638657569885,2.2752011005877648e-05,155
9.360937118530273,0.9164942502975464,-0.6770703792572021,-1.825584254788737e-05,155
9.390937805175781,0.9161554574966431,-0.6767908334732056,3.5459941898352554e-05,155
9.420937538146973,0.9158845543861389,-0.6760719418525696,5.7625885574452695e-05,155
9.450937271118164,0.9157042503356934,-0.6748817563056946,6.848500396472446e-05,156
9.480937957763672,0.9156422019004822,-0.6732315421104431,5.842561785129874e-05,155
9.510937690734863,0.915724515914917,-0.6711921095848083,3.614435416920969e-05,156
9.540937423706055,0.9159678220748901,-0.6688863635063171,-2.4155258689262382e-05,156
9.570937156677246,0.9163752198219299,-0.6664542555809021,2.0170389007034828e-05,156
9.600937843322754,0.9169382452964783,-0.6640173196792603,-2.043829880449266e-05,156
9.630937576293945,0.9176409840583801,-0.6616631746292114,-2.5904832170908776e-05,156
9.660937309265137,0.9184617400169373,-0.6594489216804504,-2.8049570232724363e-05,156
9.690937042236328,0.9193713665008545,-0.6574137806892395,6.523371246203169e-05,156
9.720937728881836,0.9203251004219055,-0.6555975675582886,-0.00032059656359706423,156
9.750937461853027,0.9212342500686646,-0.6540827751159668,-0.001674188236165719,156
9.780937194824219,0.921862781047821,-0.6531382203102112,0.00047352992714877473,157
9.810937881469727,0.9217974543571472,-0.6532936692237854,0.0004646137413146789,157
9.840937614440918,0.9212768077850342,-0.6542357802391052,6.404381633728917e-05,157
9.87093734741211,0.9206835031509399,-0.6554585099220276,5.236454126134049e-05,157
9.9009370803833,0.920177698135376,-0.6567193269729614,-0.00015410594141940237,158
9.930937767028809,0.9198540449142456,-0.6578046679496765,0.0002079912620729374,157
9.9609375,0.9197682738304138,-0.6585042476654053,0.00017698503643259755,157
9.990937232971191,0.9199172258377075,-0.6587079763412476,0.00019980016759291175,157
10.0209379196167,0.9202494025230408,-0.6584436297416687,-0.0004274769706853476,157
10.05093765258789,0.9206991791725159,-0.6577682495117188,-0.0011203512061683796,156
10.080937385559082,0.9211686849594116,-0.6567186713218689,-0.0022962657492371363,156
10.110937118530273,0.9215302467346191,-0.6556171774864197,-0.0004527722148850444,156
10.140937805175781,0.9218471646308899,-0.6546200513839722,-0.00014429327870857378,156
10.170937538146973,0.9221736192703247,-0.6537268757820129,-8.746186927055533e-05,156
10.200937271118164,0.9225170612335205,-0.6529448628425598,-5.700617793991114e-05,156
10.230937957763672,0.9228638410568237,-0.6522886157035828,5.358324705184714e-05,156
10.260937690734863,0.9231862425804138,-0.6517791152000427,5.673830150954018e-05,157
10.290937423706055,0.9234429001808167,-0.6514447331428528,4.156913780661853e-05,157
10.320937156677246,0.9235773682594299,-0.6513221859931946,3.493758354267129e-05,156
10.350937843322754,0.9235237836837769,-0.651452362537384,0.000140142487907724,156
10.380937576293945,0.9232298731803894,-0.6518626809120178,-0.0007931094514788128,156
10.410937309265137,0.9227051734924316,-0.6525313258171082,-0.00013708669337120227,157
10.440937042236328,0.9223020076751709,-0.6530635952949524,-0.0006649897100032831,157
10.470937728881836,0.9228147268295288,-0.6524057984352112,-0.00030042673165553424,157
10.500937461853027,0.9234450459480286,-0.651563286781311,-0.00010240923029414262,156
10.530937194824219,0.9240456819534302,-0.6507591009140015,2.816928716242728e-05,156
10.560937881469727,0.9245237708091736,-0.6501075029373169,3.6837559662217245e-05,156
10.590937614440918,0.9247399568557739,-0.6497389674186707,9.556816644362698e-05,154
10.62093734741211,0.9244747757911682,-0.6498472690582275,0.00022776787841394253,154
10.6509370803833,0.9236003756523132,-0.6505677103996277,0.0001859768992744648,154
10.680937767028809,0.9223411679267883,-0.6517378091812134,5.621310424430703e-05,154
10.7109375,0.9209436178207397,-0.6531549692153931,-2.768073781567182e-05,154
10.740937232971191,0.9195199012756348,-0.6547244787216187,-2.2580708787245385e-05,154
10.7709379196167,0.9181174039840698,-0.6564067006111145,-3.5029947696330055e-05,153
10.80093765258789,0.9167581796646118,-0.6581835150718689,-1.4263605830677761e-05,153
10.830937385559082,0.9154530763626099,-0.6600449681282043,-1.2558306231369443e-05,153
10.860937118530273,0.914207398891449,-0.661984920501709,1.2422192469330184e-05,153
10.890937805175781,0.9130231738090515,-0.6639979481697083,1.3496927238065837e-05,153
10.920937538146973,0.9119005799293518,-0.6660774946212769,1.259477045323365e-05,153
10.950937271118164,0.9108387231826782,-0.6682150959968567,1.0153366417853249e-05,153
10.980937957763672,0.9098358154296875,-0.6703998446464539,-8.768106454226654e-06,153
11.010937690734863,0.9088894128799438,-0.6726186275482178,8.973198674766536e-06,153
11.040937423706055,0.9079965949058533,-0.6748560070991516,-9.977356910439994e-06,153
11.070937156677246,0.9071536064147949,-0.6770941019058228,-1.1594652846724784e-05,153
11.100937843322754,0.9063553810119629,-0.6793121099472046,-2.6060482241518912e-05,153
11.130937576293945,0.9055945873260498,-0.6814847588539124,-6.953405016929537e-05,152
11.160937309265137,0.9048595428466797,-0.6835789680480957,-0.0003174014854039342,152
11.190937042236328,0.9041359424591064,-0.6855377554893494,-0.00337868467613589,152
11.220937728881836,0.9034485816955566,-0.687217116355896,-0.0022710592297698895,152
11.250937461853027,0.9029390811920166,-0.6883746385574341,0.0001834847276995788,152
11.280937194824219,0.9026315212249756,-0.6891025900840759,0.00023997388063889957,151
11.310937881469727,0.9024699330329895,-0.689538300037384,0.0005020602666263585,151
11.340937614440918,0.9024228453636169,-0.6897030472755432,0.000636538403114173,150
11.37093734741211,0.9024753570556641,-0.6895739436149597,0.0002552023011048732,149
11.4009370803833,0.9026111364364624,-0.6891647577285767,2.8338254139725905e-05,149
11.430937767028809,0.902806282043457,-0.6885549426078796,-2.687534089318433e-05,149
11.4609375,0.9030361771583557,-0.6878505945205688,-2.7423177812124777e-05,149
11.490937232971191,0.9032785892486572,-0.68715500831604,-2.0091738349492516e-05,149
11.5209379196167,0.9035128951072693,-0.6865647435188293,-2.5280472243593977e-05,149
11.55093765258789,0.9037187099456787,-0.6861699819564819,-4.441984981440328e-05,149
11.580937385559082,0.9038779139518738,-0.68604576587677,-6.728437688252598e-05,149
11.610937118530273,0.9039793014526367,-0.6862320303916931,-9.822012685845039e-05,149
11.640937805175781,0.9040226936340332,-0.6867208480834961,-0.00010176645332649059,151
11.670937538146973,0.9040172696113586,-0.6874675154685974,-0.0004923520564261707,151
11.700937271118164,0.9039745330810547,-0.6884176135063171,9.565079164985946e-05,151
11.730937957763672,0.9038649201393127,-0.6893291473388672,-0.0003710145325044323,151
11.760937690734863,0.903762698173523,-0.6891295313835144,0.0004767027344314556,150
11.790937423706055,0.9035833477973938,-0.6894621849060059,0.0006670500101790822,150
11.820937156677246,0.9033448100090027,-0.690410852432251,0.0009681809292487742,150
11.850937843322754,0.9030993580818176,-0.6916598081588745,0.0001398264879526323,150
11.880937576293945,0.9028515219688416,-0.6929830312728882,8.14705160792073e-05,150
11.910937309265137,0.9025790691375732,-0.6943492889404297,-0.0003653247863439901,150
11.940937042236328,0.9022563695907593,-0.695792019367218,-0.000793065621792266,150
11.970937728881836,0.9018603563308716,-0.6973833441734314,0.0010679490451366291,150
12.000937461853027,0.9013888239860535,-0.6992040276527405,0.0011427929903220502,150
12.030937194824219,0.9008839726448059,-0.7012455463409424,-0.00039888787006248094,150
12.060937881469727,0.9004138112068176,-0.7033001184463501,-0.00016508731749809158,150
12.090937614440918,0.9000030755996704,-0.7051735520362854,5.578510257464586e-05,150
12.12093734741211,0.8996323347091675,-0.7068442702293396,-3.342217041790718e-05,150
12.1509370803833,0.8992869257926941,-0.7082616686820984,-5.760293765888491e-05,150
12.180937767028809,0.8989596366882324,-0.7093197703361511,-0.00014436138178552937,150
12.2109375,0.8986490964889526,-0.7098845839500427,-0.00038590086569456616,150
12.240937232971191,0.8983608484268188,-0.7098512649536133,-0.0017066788948341127,152
12.2709379196167,0.8981109261512756,-0.7091730833053589,-2.1193063957980485e-05,152
12.278437614440918,0.8980704545974731,-0.7088706493377686,-1.6313389778588316e-05,153
12.289687156677246,0.8981103301048279,-0.7082332968711853,0.00011064023800599898,153
12.306562423706055,0.8982441425323486,-0.7074260115623474,0.00014650100774815655,153
12.33187484741211,0.8984856009483337,-0.7059194445610046,-7.340206241224223e-05,153
12.3618745803833,0.8988020420074463,-0.7039177417755127,-0.00020211253928437145,153
12.391875267028809,0.8991502523422241,-0.7018916010856628,-0.0003644275214469417,153
12.421875,0.8995342254638672,-0.6999725103378296,-0.0003880791328469968,153
12.451874732971191,0.8999510407447815,-0.6982622742652893,-0.00030283645270401394,153
12.4818754196167,0.900388777256012,-0.6968373656272888,-0.0002037741788853964,153
12.51187515258789,0.900829017162323,-0.6957386136054993,-0.00013781990196548577,153
12.541874885559082,0.9012513160705566,-0.6949701309204102,-0.00015014056992868063,153
12.571874618530273,0.9016357660293579,-0.6945093870162964,-0.0001775424347556509,153
12.601875305175781,0.9019651412963867,-0.6943266987800598,0.0001915491733939234,153
12.631875038146973,0.9022263884544373,-0.6944096684455872,-0.00019734731165499397,153
12.661874771118164,0.9024134278297424,-0.6947779059410095,-0.00023007282561593456,153
12.691875457763672,0.9025300741195679,-0.6954587697982788,-0.0002936290883894799,155
12.721875190734863,0.9025942087173462,-0.6964290142059326,0.0003855555694940449,155
12.751874923706055,0.9026403427124023,-0.6975739002227783,0.0004002205712367868,155
12.781874656677246,0.9027264714241028,-0.6985899806022644,-0.007898718851947706,155
12.811875343322754,0.9029112458229065,-0.6987369060516357,-0.004576185177256775,155
12.841875076293945,0.9031178951263428,-0.6978561282157898,-0.0006713478469464462,155
12.871874809265137,0.9032862782478333,-0.6965816617012024,-1.3211953273639665e-05,155
12.901874542236328,0.9034033417701721,-0.6951108574867249,-7.261291261784208e-05,154
12.931875228881836,0.9034302830696106,-0.6933278441429138,-0.0003312044586891716,152
12.961874961853027,0.9034294486045837,-0.6916970610618591,-7.023288094387681e-05,152
12.991874694824219,0.903419017791748,-0.6902405023574829,-9.434138746655663e-05,151
13.021875381469727,0.9033971428871155,-0.6889565587043762,-0.00011626108818063585,150
13.051875114440918,0.9033615589141846,-0.6878585815429688,-0.00013555502840745248,150
13.08187484741211,0.903308629989624,-0.6869732737541199,-0.00014616635928632604,150
13.1118745803833,0.9032331705093384,-0.6863373517990112,-0.00013271836962758243,150
13.141875267028809,0.9031293392181396,-0.6859906315803528,-0.00011826408046999859,151
13.171875,0.9029935002326965,-0.6859601736068726,-5.630937602063568e-05,151
13.201874732971191,0.902827799320221,-0.6862402558326721,6.423232207453111e-05,151
13.2318754196167,0.9026426076889038,-0.68678218126297,0.00017149310451713973,151
13.26187515258789,0.9024549722671509,-0.6875019669532776,0.0001872893403742637,151
13.291874885559082,0.9022858738899231,-0.6882845759391785,-0.0004392676619318081,151
13.321874618530273,0.9021597504615784,-0.6889333128929138,-3.0078900678631726e-05,153
13.351875305175781,0.902155876159668,-0.6887167692184448,0.00021995989516199188,153
13.381875038146973,0.902306318283081,-0.6875624656677246,-0.0007928259115033143,153
13.411874771118164,0.9025079607963562,-0.6863120794296265,3.557374441243155e-05,154
13.441875457763672,0.9027767181396484,-0.6849557757377625,0.00015825989305540134,154
13.471875190734863,0.9031518697738647,-0.6834021210670471,0.00016525011733392603,154
13.501874923706055,0.9036644697189331,-0.681607723236084,0.00015641628465346002,154
13.531874656677246,0.9043203592300415,-0.6795928478240967,9.579443678831012e-05,155
13.539375305175781,0.9045642614364624,-0.6788950562477112,-3.6048686524736695e-06,155
13.546875,0.9047567248344421,-0.6783603429794312,-3.262967368300451e-06,155
13.554374694824219,0.9049558043479919,-0.6778203845024109,-5.258871226487827e-06,155
13.565625190734863,0.9052661061286926,-0.6770029664039612,-9.013544740810175e-06,155
13.582500457763672,0.9057559967041016,-0.6757665276527405,1.9901814539480256e-05,155
13.607812881469727,0.9065406918525696,-0.6739054918289185,2.395534301058433e-05,155
13.637812614440918,0.9075401425361633,-0.6717157363891602,2.1758902072122055e-05,155
13.66781234741211,0.9086082577705383,-0.6695637702941895,2.1371185987106855e-05,155
13.6978120803833,0.9097394347190857,-0.6674633026123047,-2.100160840612375e-05,155
13.727812767028809,0.9109276533126831,-0.6654245257377625,2.0598083012135504e-05,155
13.7578125,0.912165641784668,-0.6634557843208313,-2.2605961248700623e-05,155
13.787812232971191,0.9134443998336792,-0.6615644693374634,-2.7758248108966654e-05,155
13.8178129196167,0.9147517085075378,-0.6597579121589661,-3.291327999477289e-05,155
13.84781265258789,0.916070282459259,-0.6580446362495422,-3.635585534311758e-05,155
13.877812385559082,0.9173731207847595,-0.6564375162124634,6.766383705780754e-05,155
13.907812118530273,0.9186150431632996,-0.6549619436264038,0.0002621775500415424,155
13.937812805175781,0.919720470905304,-0.6536781787872314,0.0005436411780692652,155
13.967812538146973,0.920601487159729,-0.6527476906776428,0.0006942420232007862,156
13.997812271118164,0.9212794303894043,-0.6522550582885742,-0.00015260806009109729,156
14.027812957763672,0.9219770431518555,-0.6518783569335938,-3.4629113997652894e-05,156
14.057812690734863,0.922712504863739,-0.6515237092971802,-3.190959413679195e-05,156
14.087812423706055,0.9234318733215332,-0.6511838436126709,4.497070693787464e-05,157
14.117812156677246,0.9241019487380981,-0.6508364081382751,-8.344814228422592e-05,158
14.147812843322754,0.9248538017272949,-0.6503385901451111,0.0027149299284019435,156
14.177812576293945,0.9263033270835876,-0.6492788791656494,0.0005969308031126275,155
14.207812309265137,0.9276672005653381,-0.6483296155929565,0.00011852092751496457,154
14.237812042236328,0.9287369847297668,-0.6475294232368469,0.00027626602161490155,153
14.267812728881836,0.9293268918991089,-0.646872341632843,0.00021751800602487492,152
14.297812461853027,0.9293606877326965,-0.6463456153869629,3.40227041988328e-05,152
14.327812194824219,0.9289789199829102,-0.645893394947052,-8.215846492021228e-05,151
14.357812881469727,0.9283549189567566,-0.6454565525054932,-0.00014475422557325146,150
14.387812614440918,0.9275810718536377,-0.6450077891349792,-0.00017728743347333875,150
14.41781234741211,0.9266765713691711,-0.6445538401603699,-0.0001788272498401966,149
14.4478120803833,0.9256163239479065,-0.644131600856781,0.0002735675117264691,148
14.477812767028809,0.9243704676628113,-0.643805742263794,-0.00013682821986549243,148
14.5078125,0.9229904413223267,-0.6436266899108887,8.694486450622207e-05,149
14.537812232971191,0.9215860366821289,-0.6435679793357849,0.00017851649295153038,149
14.5678129196167,0.9202287197113037,-0.6435770392417908,0.00017662548816588242,149
14.59781265258789,0.9189684987068176,-0.6436160206794739,0.00025648528094279754,149
14.627812385559082,0.917840301990509,-0.6436542868614197,-0.00047924345267347235,149
14.657812118530273,0.9168659448623657,-0.6436615586280823,-0.0016726668814044388,149
14.687812805175781,0.9160596132278442,-0.643607497215271,-0.006960421204439626,149
14.717812538146973,0.915428638458252,-0.6434686779975891,-0.012319283456463381,149
14.747812271118164,0.9149660468101501,-0.6432570815086365,-0.005026642523262126,149
14.777812957763672,0.9146263599395752,-0.6430563926696777,nan,nan
#GNA3
0.0,0.0,0.0,3.238281180983904e-07,0
0.05000000074505806,0.04996732622385025,-0.0301348939538002,-0.00033344564914017383,0
0.10000000149011612,0.09986547380685806,-0.0602387934923172,-0.00042081941310101456,0
0.15000000596046448,0.14968882501125336,-0.09030937403440475,-0.000537609737477851,0
0.20000000298023224,0.19943059980869293,-0.12034381926059723,-0.0006974103386596653,0
0.25,0.24908244609832764,-0.15033861994743347,-0.0009208973970658008,0
0.30000001192092896,0.2986339032649994,-0.1802893728017807,-0.0012416516869677707,0
0.3499999940395355,0.34807145595550537,-0.2101903110742569,-0.0017144383080562875,0
0.4000000059604645,0.3973773419857025,-0.24003373086452484,-0.0024328278978771323,0
0.44999998807907104,0.446527361869812,-0.2698090076446533,-0.0035606451409080364,0
0.5,0.4954875409603119,-0.299500972032547,-0.005395771083641421,0
0.550000011920929,0.5442083477973938,-0.32908692955970764,-0.008495837180788612,0
0.6000000238418579,0.592614471912384,-0.3585318326950073,-0.013932462036791549,0
0.6499999761581421,0.640586256980896,-0.3877785801887512,-0.023772412394691855,0
0.699999988079071,0.687924325466156,-0.4167298674583435,1.4543367683472752e-06,0
0.75,0.7342814803123474,-0.44521206617355347,1.7151128304249141e-06,0
0.800000011920929,0.7790306210517883,-0.4729047417640686,-8.55806547406246e-07,0
0.8500000238418579,0.8210577368736267,-0.499225378036499,3.85060189955766e-06,0
0.8999999761581421,0.8586050868034363,-0.5232369899749756,4.607025692848765e-05,5
0.949999988079071,0.889726459980011,-0.5438908338546753,0.00031107822746889724,14
1.0,0.9138199687004089,-0.5609223246574402,7.71502300267457e-05,20
1.0499999523162842,0.9313265681266785,-0.5745748281478882,-0.013967239196972514,22
1.100000023841858,0.9441294074058533,-0.586013674736023,0.008308931354804372,25
1.149999976158142,0.9536517262458801,-0.5961105227470398,-0.007775256160357458,36
1.2000000476837158,0.9609001278877258,-0.6054997444152832,-0.007645514445528079,42
1.25,0.9665528535842896,-0.6146034002304077,0.0005786262574929424,51
1.2999999523162842,0.9711135625839233,-0.6238318681716919,-0.006057654015933167,61
1.350000023841858,0.9747722148895264,-0.6331446170806885,-0.00012589126356488123,72
1.399999976158142,0.9778044819831848,-0.6428057551383972,-0.0003230275682426509,76
1.412500023841858,0.9784823656082153,-0.6452882289886475,0.0006937551594887736,80
1.431249976158142,0.9794426560401917,-0.6490238308906555,-0.0006940057751876338,83
1.459375023841858,0.9792709946632385,-0.6484090089797974,-0.0008169333029854897,82
1.501562476158142,0.9784590005874634,-0.6461229920387268,-0.019211718157009727,84
1.5515625476837158,0.9767119288444519,-0.6417664289474487,0.03836839585551388,86
1.6015625,0.9739147424697876,-0.6346781253814697,-2.4298141624967684e-05,86
1.6046874523162842,0.9738197922706604,-0.6344383358955383,1.7887964759211172e-05,86
1.607812523841858,0.9737716913223267,-0.6343184113502502,4.0604997991522396e-05,86
1.610937476158142,0.973727285861969,-0.6342059969902039,2.9664053272426827e-05,86
1.6140625476837158,0.9737065434455872,-0.6341477632522583,8.44789432790094e-05,86
1.6171875,0.9736977815628052,-0.6341201663017273,4.1318942862744734e-05,86
1.6218750476837158,0.9736850261688232,-0.6340798735618591,2.1507050689706375e-05,86
1.62890625,0.9736604690551758,-0.6340067386627197,4.131948287522391e-06,86
1.6394531726837158,0.9736080765724182,-0.6338599920272827,-5.029316497484615e-05,86
1.6552734375,0.9734910130500793,-0.6335500478744507,-0.00030500123551746583,86
1.6790039539337158,0.973223090171814,-0.6328805088996887,-0.00042781788283718925,84
1.714599609375,0.9727237820625305,-0.6317133903503418,0.00013458194649729194,82
1.7645995616912842,0.9720238447189331,-0.6301051378250122,-0.00043551538709607485,83
1.777099609375,0.972022294998169,-0.6301072239875793,1.574360862832691e-05,83
1.7895996570587158,0.9720146059989929,-0.6301038265228271,-0.007350340720677195,83
1.808349609375,0.9706310033798218,-0.6291126012802124,4.4575940478353004e-05,83
1.8270995616912842,0.9705070853233337,-0.6290644407272339,1.1801960795310151e-06,83
1.845849633216858,0.9703782200813293,-0.6290138363838196,1.3488928516380838e-06,83
1.8739745616912842,0.9701757431030273,-0.628936767578125,0.0001607348057746094,83
1.916162133216858,0.9698554277420044,-0.6288237571716309,0.00025190153246512637,83
1.966162085533142,0.9694550037384033,-0.6286987662315369,0.0002840065355940169,83
2.016162157058716,0.9690368175506592,-0.6285876631736755,0.0003239632848703877,83
2.066162109375,0.9686058759689331,-0.628494143486023,0.0003901607219631842,83
2.116162061691284,0.9681671261787415,-0.6284210681915283,0.00043122777020698777,83
2.1661620140075684,0.9677257537841797,-0.62837153673172,0.0004344368383044639,83
2.2161622047424316,0.967287003993988,-0.6283491849899292,0.0004708635673864592,83
2.266162157058716,0.966856062412262,-0.6283583045005798,0.0005106370624616829,83
2.316162109375,0.9664381146430969,-0.6284032464027405,0.0005425479798759625,83
2.366162061691284,0.9660384654998779,-0.6284881830215454,0.000572272650629202,83
2.4161620140075684,0.9656622409820557,-0.6286168694496155,0.0006011850048821543,83
2.4661622047424316,0.9653143882751465,-0.6287928223609924,0.0006296356057191588,82
2.516162157058716,0.964999794960022,-0.6290196776390076,3.2939879019977525e-06,82
2.566162109375,0.9647233486175537,-0.6293002963066101,3.1944464922162297e-06,82
2.616162061691284,0.9644888043403625,-0.629637598991394,3.2490497119397332e-06,82
2.6661620140075684,0.9643003344535828,-0.6300340294837952,3.3833417774076224e-06,82
2.7161622047424316,0.9641614556312561,-0.6304913759231567,3.633870505836967e-06,82
2.766162157058716,0.9640750885009766,-0.6310105919837952,4.506742584453605e-06,83
2.816162109375,0.9640434980392456,-0.6315914988517761,4.1433738715568325e-06,82
2.866162061691284,0.9640683531761169,-0.6322334408760071,1.1315631013530947e-05,82
2.9161620140075684,0.9641501903533936,-0.6329353451728821,0.00022843159467811347,83
2.9661622047424316,0.9642874598503113,-0.6336110830307007,-0.0001087512292201609,83
3.016162157058716,0.9645662307739258,-0.6347654461860657,-4.062402445015323e-05,83
3.066162109375,0.9648157954216003,-0.6355804204940796,-9.425231831983183e-05,83
3.116162061691284,0.9650737643241882,-0.6363488435745239,-0.00019065562310061068,83
3.1661620140075684,0.9652845859527588,-0.6369560956954956,-9.898344802650172e-05,81
3.2161622047424316,0.9653539657592773,-0.6371694207191467,7.048088912142703e-05,81
3.266162157058716,0.9652102589607239,-0.6367495656013489,-1.0660531586381694e-05,80
3.316162109375,0.9649777412414551,-0.6359912753105164,-5.07853064846131e-06,80
3.366162061691284,0.9647564888000488,-0.6351600885391235,2.282053742419521e-06,80
3.4161620140075684,0.9645795226097107,-0.6343482732772827,1.6735619965402293e-06,80
3.4661622047424316,0.9644577503204346,-0.6335884928703308,1.296480718337989e-06,80
3.516162157058716,0.9643949270248413,-0.6328932642936707,1.0789768225549778e-06,81
3.566162109375,0.9643914103507996,-0.6322669982910156,9.303388992520922e-07,81
3.616162061691284,0.9644460678100586,-0.6317104697227478,9.411998007635702e-07,81
3.6661620140075684,0.9645564556121826,-0.6312222480773926,7.741991225884703e-07,81
3.7161622047424316,0.9647195339202881,-0.6307999491691589,7.1443429305873e-07,81
3.766162157058716,0.9649315476417542,-0.6304405927658081,0.0007516984933886306,81
3.816162109375,0.9651880264282227,-0.6301407217979431,0.0007227218338812236,81
3.866162061691284,0.9654847979545593,-0.6298968195915222,0.0006911463249821281,81
3.9161620140075684,0.965816855430603,-0.6297049522399902,0.0006629334495755757,80
3.9661622047424316,0.9661790132522583,-0.6295617818832397,-7.793011889134505e-06,80
4.016161918640137,0.9665661454200745,-0.6294620633125305,0.0005911447084940846,80
4.066162109375,0.9669724106788635,-0.6294030547142029,0.0005570365877929362,80
4.116162300109863,0.9673929810523987,-0.6293803453445435,0.0005237632847752138,80
4.166162014007568,0.9678221940994263,-0.6293901801109314,0.0004962591501112001,80
4.216162204742432,0.9682548642158508,-0.6294286251068115,0.00047233178435135414,80
4.266161918640137,0.9686856865882874,-0.6294920444488525,0.00045233534206090553,80
4.316162109375,0.9691095948219299,-0.6295768022537231,0.00043693901204733265,80
4.366162300109863,0.9695217609405518,-0.6296796202659607,-3.7186126746746595e-06,81
4.416162014007568,0.9699175953865051,-0.6297973990440369,-4.592800678437925e-06,82
4.466162204742432,0.9702931046485901,-0.6299275755882263,-5.86220841114482e-06,83
4.516161918640137,0.9706456661224365,-0.6300680637359619,0.00029745929714408703,83
4.566162109375,0.9709756970405579,-0.6302183270454407,1.9283436131445342e-05,83
4.616162300109863,0.9712880253791809,-0.6303781867027283,3.271892870770898e-05,83
4.666162014007568,0.9715837836265564,-0.6305476427078247,3.675547702641779e-05,84
4.716162204742432,0.9718500971794128,-0.6307284235954285,-1.517345998536257e-05,85
4.728662014007568,0.9718604683876038,-0.6307727098464966,-5.965540390207025e-05,84
4.747412204742432,0.9717598557472229,-0.630740761756897,-5.914464281886467e-05,84
4.775537014007568,0.9715938568115234,-0.6306822299957275,3.729713853317662e-06,84
4.817724704742432,0.9713249206542969,-0.6305906176567078,1.8831298973509547e-05,84
4.867724418640137,0.9709761142730713,-0.6304827332496643,5.10230117924948e-05,84
4.917724609375,0.9706059098243713,-0.6303791403770447,1.9256038854109647e-05,84
4.967724800109863,0.970224142074585,-0.6302844882011414,0.0002768292999348887,83
5.017724514007568,0.9698265194892883,-0.6302015781402588,2.751027068370604e-06,83
5.067724704742432,0.9694121479988098,-0.6301331520080566,0.000388625884056637,83
5.117724418640137,0.9689841866493225,-0.6300820708274841,0.0004103448477508209,83
5.167724609375,0.9685474038124084,-0.6300516724586487,3.8197072456114256e-05,82
5.217724800109863,0.9681071043014526,-0.6300450563430786,2.0640601121613145e-05,82
5.267724514007568,0.9676682353019714,-0.6300669312477112,0.0004948766620600509,82
5.317724704742432,0.967236340045929,-0.6301196813583374,0.0005305812910023633,82
5.367724418640137,0.9668170809745789,-0.6302080154418945,0.0005660830516376336,82
5.417724609375,0.9664157032966614,-0.630335807800293,0.0006027492624411934,82
5.467724800109863,0.9660375714302063,-0.630507230758667,0.0006398092597237337,82
5.517724514007568,0.9656880497932434,-0.63072669506073,0.0006768286859824002,82
5.567724704742432,0.9653723239898682,-0.6309984922409058,0.0007133181604785932,82
5.617724418640137,0.9650955200195312,-0.6313270926475525,0.0007485723582476567,82
5.667724609375,0.9648624062538147,-0.6317169666290283,0.0007819137086926276,82
5.717724800109863,0.964677631855011,-0.6321725845336914,2.7074031550000655e-06,82
5.767724514007568,0.9645457863807678,-0.6326983571052551,2.8592070862032415e-06,82
5.817724704742432,0.9644700288772583,-0.6332983374595642,2.9214420464995783e-06,81
5.867724418640137,0.9644540548324585,-0.6339763402938843,2.9548323823291867e-06,82
5.917724609375,0.964500367641449,-0.6347358226776123,3.61045272256888e-06,82
5.967724800109863,0.9646106958389282,-0.6355793476104736,3.2629949942020176e-06,83
6.017724514007568,0.9647857546806335,-0.6365085244178772,3.2196076631407777e-06,83
6.067724704742432,0.9650251269340515,-0.6375240087509155,3.332799849431467e-06,83
6.117724418640137,0.9653268456459045,-0.6386243104934692,3.565174949926586e-06,83
6.167724609375,0.9656875133514404,-0.63980633020401,3.943301749131933e-06,83
6.217724800109863,0.9661024808883667,-0.6410648226737976,4.358477383448189e-06,83
6.267724514007568,0.9665663838386536,-0.6423940658569336,3.4893714087047556e-06,83
6.317724704742432,0.9670746922492981,-0.6437894105911255,-2.806887493989052e-06,84
6.367724418640137,0.9676246047019958,-0.645248532295227,-1.3725198357406043e-05,84
6.417724609375,0.9682124257087708,-0.6467625498771667,-3.0402845254684507e-05,84
6.467724800109863,0.9688224792480469,-0.6482887268066406,-5.8395431722146895e-05,85
6.517724514007568,0.9694027900695801,-0.6496860980987549,5.9180739185649145e-05,86
6.567724704742432,0.969815731048584,-0.650589644908905,0.00016616422351489746,88
6.617724418640137,0.9699139595031738,-0.6506395936012268,-2.335626334115659e-06,89
6.630224704742432,0.9698947668075562,-0.6505302786827087,-9.995497305226309e-05,89
6.648974418640137,0.9698349237442017,-0.6502794623374939,-4.8285008631410165e-05,89
6.656005859375,0.9697774052619934,-0.6500924229621887,-2.995049771925551e-05,89
6.666552543640137,0.969687283039093,-0.6498775482177734,0.0005581184970644415,88
6.682373046875,0.9695587158203125,-0.6496570706367493,4.0030821594427834e-05,89
6.706103324890137,0.9693871736526489,-0.6493899822235107,0.00011503615354513386,89
6.74169921875,0.968956708908081,-0.6485599875450134,5.410058071220192e-05,89
6.754199028015137,0.9687370657920837,-0.6481347680091858,8.37270048918981e-05,89
6.758886814117432,0.968631386756897,-0.6479454040527344,0.0002142584347666343,88
6.760644435882568,0.9686042070388794,-0.6479229927062988,0.0005771891318318012,88
6.763281345367432,0.9688080549240112,-0.6484418511390686,-7.427369325796462e-06,88
6.767236232757568,0.9689992666244507,-0.6488798260688782,-1.3605142441974749e-05,88
6.773169040679932,0.9692748785018921,-0.6494899988174438,-6.304636673348796e-05,87
6.782067775726318,0.9696429371833801,-0.6502703428268433,-0.0003033877760003634,87
6.795416355133057,0.9699012041091919,-0.6506874561309814,-0.010240151935192898,88
6.815438747406006,0.9691475629806519,-0.6485001444816589,0.00047786430718588235,88
6.8229475021362305,0.9686068892478943,-0.6470216512680054,-5.47882848422887e-06,88
6.823651313781738,0.9685980081558228,-0.6469912528991699,2.166276260595623e-06,89
6.82470703125,0.9686048626899719,-0.6470001339912415,1.2289273286114621e-05,89
6.826291084289551,0.9686382412910461,-0.6470770239830017,1.039538773284221e-05,89
6.828666687011719,0.9687057137489319,-0.6472420692443848,8.267047064691724e-06,89
6.832230091094971,0.968820333480835,-0.647529661655426,7.716037657701236e-06,89
6.837575435638428,0.969001054763794,-0.6479927897453308,1.5129107339362236e-05,89
6.8455939292907715,0.9692627191543579,-0.6486878991127014,-8.394558471991331e-05,88
6.857620716094971,0.9695304036140442,-0.6494894623756409,0.00159028059533739,89
6.875661373138428,0.969234049320221,-0.6491007804870605,6.034779676156177e-05,89
6.882426738739014,0.9688931107521057,-0.6484355926513672,5.3754994610244466e-05,89
6.884963512420654,0.9687063097953796,-0.6480773091316223,-0.00046599359308174826,88
6.888769149780273,0.9695802927017212,-0.6501412987709045,-4.5532802232628455e-05,87
6.892574787139893,0.9698163270950317,-0.650608479976654,-0.00010122495302766765,89
6.8963799476623535,0.9698988199234009,-0.6505497097969055,-0.00031693258119958045,89
6.900185585021973,0.9696828722953796,-0.6498680114746094,-0.00043928162966722084,87
6.903990745544434,0.969501256942749,-0.649499773979187,-0.0006220264331773251,87
6.909698963165283,0.9691972732543945,-0.6489216685295105,-0.0001728982294935122,86
6.918261528015137,0.968594491481781,-0.6476828455924988,0.00025440551905830944,85
6.93110466003418,0.9673123359680176,-0.6447205543518066,0.0023052405110775,84
6.950369834899902,0.9656002521514893,-0.6400291323661804,-0.0025190764526996645,84
6.979267597198486,0.9644721150398254,-0.6348358392715454,0.003459698135202416,84
7.022614002227783,0.9658433794975281,-0.6309565305709839,0.012916610215725655,85
7.0726141929626465,0.9697231650352478,-0.630284309387207,-0.04471923131927724,84
7.122613906860352,0.9726572632789612,-0.6315575242042542,0.01202354972686237,84
7.1351141929626465,0.9725706577301025,-0.6318460702896118,3.1817489457353076e-05,85
7.147614002227783,0.9722356200218201,-0.6320934295654297,-0.00040696241148907575,84
7.1663641929626465,0.9713237285614014,-0.63242107629776,7.63239110028735e-05,83
7.173395156860352,0.9709337949752808,-0.6324417591094971,4.983139376690815e-06,83
7.1751532554626465,0.9708036780357361,-0.6325160264968872,-1.4417257318655174e-05,84
7.176910877227783,0.9708880186080933,-0.632535457611084,-0.0006220159357326338,84
7.1795477867126465,0.9711436033248901,-0.6324724555015564,2.7201865748338605e-05,84
7.183502674102783,0.9714965224266052,-0.632369875907898,3.773110512383937e-05,85
7.1894354820251465,0.9719522595405579,-0.6322173476219177,0.00020925265772575585,85
7.198334217071533,0.9724371433258057,-0.63196861743927,-0.003081370453287491,85
7.2116827964782715,0.9726650714874268,-0.6315209269523621,-0.024004739272413644,83
7.231705188751221,0.9717647433280945,-0.6306574940681458,-0.03125659781903778,80
7.261739253997803,0.9687801003456116,-0.6295090317726135,-0.003714979276367103,81
7.291772842407227,0.9654932618141174,-0.6298913359642029,0.004803265168902726,80
7.321806907653809,0.9644731283187866,-0.633712649345398,0.057139527673484736,81
7.333069801330566,0.9653527736663818,-0.6371649503707886,-0.023257864683728258,83
7.3372931480407715,0.9647985100746155,-0.6355375647544861,0.04388065829846255,82
7.343628406524658,0.9640774726867676,-0.6323551535606384,0.010822752419187509,82
7.353131294250488,0.9646378755569458,-0.6294071078300476,0.01029509247139515,82
7.3673858642578125,0.9679102301597595,-0.6283890604972839,-0.07879169759144133,80
7.388767242431641,0.9711354374885559,-0.6282360553741455,0.017842171575466637,69
7.396785259246826,0.9611237049102783,-0.6123651266098022,-0.370319957591164,70
7.404803276062012,0.9469195008277893,-0.5983096361160278,0.003314320840900109,72
7.412821292877197,0.9351174235343933,-0.589427649974823,-0.0003672930126867868,74
7.420839309692383,0.9225574731826782,-0.5813339948654175,-0.029292343486986283,73
7.43286657333374,0.9016732573509216,-0.5689951777458191,0.012663368850326151,73
7.450907230377197,0.8696986436843872,-0.5510955452919006,0.0049590287892442575,73
7.477968215942383,0.8312668204307556,-0.5294598340988159,-0.0009471790990573936,74
7.479659557342529,0.8312846422195435,-0.529436469078064,-1.8640142229742196e-06,74
7.481350898742676,0.8313966393470764,-0.5294647812843323,-7.247966141221696e-05,75
7.483888149261475,0.8317521214485168,-0.5296131372451782,-8.674653429352475e-06,75
7.4876933097839355,0.8326061964035034,-0.5300284624099731,1.846486378553891e-05,74
7.493401527404785,0.8341686129570007,-0.5308473110198975,-0.0001048837602866115,73
7.5019636154174805,0.8366100788116455,-0.5321898460388184,-0.0010831619697455608,73
7.514807224273682,0.8402343392372131,-0.5342587828636169,-0.0035054147022037796,73
7.534072399139404,0.845615029335022,-0.5374213457107544,-0.00836011291153227,73
7.562970161437988,0.8538007140159607,-0.5423070788383484,-0.0020746541970311227,74
7.606316566467285,0.8660747408866882,-0.5495989918708801,-0.050978257228052826,73
7.656316757202148,0.875670850276947,-0.5545390248298645,0.00032982087668642635,77
7.668816566467285,0.8768808841705322,-0.5546075701713562,4.8276119287038455e-05,76
7.681316375732422,0.8787379860877991,-0.5549095869064331,-0.02922225439124304,77
7.700066566467285,0.8828848004341125,-0.556053876876831,0.050591090473005806,78
7.728191375732422,0.8902122378349304,-0.5587320923805237,-9.560144582110297e-05,80
7.738738536834717,0.8945915699005127,-0.5605568289756775,0.2569266268837964,81
7.754558563232422,0.8981403112411499,-0.5620733499526978,-0.2961558333161065,81
7.778289318084717,0.9002479910850525,-0.5637708902359009,-0.00811464182038435,81
7.784221649169922,0.8980645537376404,-0.5626810789108276,-0.00014116047304923995,81
7.790154457092285,0.8973469138145447,-0.5624060034751892,-0.004515995817882867,81
7.799053192138672,0.8970006704330444,-0.5623850226402283,0.00434141194887161,80
7.81240177154541,0.8955921530723572,-0.5618858337402344,0.3064044026029933,75
7.832424163818359,0.888018786907196,-0.5585193634033203,-0.031131416088783226,75
7.839932918548584,0.8823560476303101,-0.5561878085136414,-0.11149779464926723,74
7.851195335388184,0.8743343949317932,-0.5534195303916931,0.014483965895124129,81
7.855419158935547,0.8716109395027161,-0.5524611473083496,0.00026470504116105076,82
7.861754417419434,0.8734349012374878,-0.5526568293571472,-0.08587586949761317,82
7.871257305145264,0.8834018707275391,-0.556171715259552,-0.007331319434570105,82
7.874820709228516,0.8890810608863831,-0.558506429195404,-0.013000210966993109,82
7.876157283782959,0.892634391784668,-0.5599859356880188,-0.023529993725560416,82
7.878161430358887,0.8980637788772583,-0.5623226165771484,-0.00755099558045913,82
7.881168365478516,0.9060838222503662,-0.5661482810974121,-0.013823983943552776,83
7.882296085357666,0.909826397895813,-0.5681217312812805,0.004706239392476164,83
7.8839874267578125,0.9145423769950867,-0.5709306001663208,-0.00015628663612687888,82
7.884621620178223,0.9187320470809937,-0.5735486745834351,-0.006486359471864489,81
7.885572910308838,0.9262629151344299,-0.5781971216201782,-0.0011468917847423654,80
7.885929584503174,0.9290642738342285,-0.57977294921875,0.3319237810917457,73
7.886464595794678,0.9238885045051575,-0.5755839943885803,0.017315355622486095,73
7.887267589569092,0.9167447686195374,-0.5701671242713928,0.02077009331469526,71
7.888471603393555,0.9064583778381348,-0.5631328821182251,0.0003956018303128417,66
7.890277862548828,0.8765248656272888,-0.5459484457969666,0.0002424623651222646,66
7.890728950500488,0.870642900466919,-0.5429553985595703,-0.00017123254593798265,66
7.891180515289307,0.8650908470153809,-0.5402560234069824,0.00985990557057903,69
7.891858100891113,0.8574207425117493,-0.5367768406867981,-0.024200980926650573,72
7.892111778259277,0.8515546321868896,-0.5343250632286072,0.002990748939510013,73
7.892492771148682,0.8468048572540283,-0.5325659513473511,0.012077183996552776,73
7.893064498901367,0.8387041687965393,-0.5296298265457153,-0.014203023378627222,73
7.8932785987854,0.8299347162246704,-0.525597870349884,-0.04755917286502154,73
7.893599987030029,0.8169257044792175,-0.5195112824440002,-0.054126571982124005,73
7.894082546234131,0.8012886643409729,-0.5124109387397766,0.0005866830490504071,73
7.894805431365967,0.7854821681976318,-0.5052874088287354,-0.04137882826853456,73
7.895528793334961,0.7581884860992432,-0.4930556118488312,0.45765457048923963,73
7.896252155303955,0.747220516204834,-0.48875296115875244,0.0982665472743065,73
7.896975517272949,0.7419339418411255,-0.48690858483314514,-0.25442921211902103,72
7.897698402404785,0.7201403379440308,-0.48605775833129883,-0.049276310822506275,72
7.898421764373779,0.7243203520774841,-0.4899182617664337,-0.0015258128560340367,72
7.899145126342773,0.7258472442626953,-0.4919475317001343,0.013824891484546242,72
7.899868488311768,0.7268252372741699,-0.4939185678958893,0.047891728462900574,72
7.900139808654785,0.7274929285049438,-0.49517861008644104,0.00020257894084352301,73
7.900241374969482,0.7277049422264099,-0.49588605761528015,7.013062190708297e-05,73
7.900279521942139,0.727315366268158,-0.4962061941623688,-0.0011001217862940393,73
7.900293827056885,0.7268603444099426,-0.49624305963516235,-0.00542004411772723,74
7.900315284729004,0.7261409759521484,-0.49613404273986816,0.0012095490396220043,75
7.9003472328186035,0.7251672744750977,-0.4959670603275299,-0.0014169968453643378,75
7.90039587020874,0.7238780856132507,-0.4956100583076477,-0.012452484328150604,75
7.900467872619629,0.7221370935440063,-0.49500033259391785,0.0016480583819742378,75
7.900576591491699,0.7194434404373169,-0.49405524134635925,0.013563142050600163,75
7.900739669799805,0.7148910164833069,-0.4931415021419525,-0.021005334950132237,81
7.900983810424805,0.7092688679695129,-0.49138373136520386,-0.005927476758415651,81
7.901228427886963,0.7062493562698364,-0.4865737855434418,-0.005112959368261727,81
7.901289463043213,0.7055502533912659,-0.48561856150627136,-0.0028846579275523254,81
7.901350498199463,0.7047103643417358,-0.484619677066803,0.012392544932595229,81
7.901442050933838,0.7033498287200928,-0.4827400743961334,-0.5268150108604459,82
7.901579856872559,0.7031121253967285,-0.47944918274879456,-0.0015839818720451149,86
7.90159273147583,0.7032477259635925,-0.47915294766426086,-0.010711756789532956,86
7.901611804962158,0.7033695578575134,-0.4789636731147766,1.3260310009144405e-05,85
7.901640892028809,0.7034093141555786,-0.47888344526290894,2.5268994932048372e-05,85
7.901669979095459,0.7034376263618469,-0.47887057065963745,-8.593141956225736e-05,85
7.901699066162109,0.7034715414047241,-0.4788704216480255,-0.0008051061004152871,85
7.901742458343506,0.7035325765609741,-0.4789046347141266,-3.413452917300219e-05,85
7.90180778503418,0.7036435604095459,-0.4790372848510742,-0.0006218183828252677,85
7.901905536651611,0.7038384079933167,-0.47949308156967163,-0.001465769764081415,85
7.901942253112793,0.7039259672164917,-0.4798364043235779,0.0013677750521310372,85
7.901997089385986,0.7040563225746155,-0.48049625754356384,-0.0005854902867667988,85
7.902018070220947,0.7041464447975159,-0.4809393882751465,-9.848679988433418e-05,85
7.902048587799072,0.7043251991271973,-0.48165956139564514,0.00014801425732002826,85
7.902060508728027,0.7044655680656433,-0.4821159839630127,-0.0060838470706130465,85
7.902077674865723,0.7047324776649475,-0.4828314781188965,-0.0003987950867667678,85
7.902103900909424,0.7047815918922424,-0.4829483926296234,-9.29386010284361e-06,85
7.902110576629639,0.7049041390419006,-0.48322585225105286,-9.32519401430909e-06,85
7.9021172523498535,0.705035924911499,-0.4835047125816345,2.258956487821706e-05,85
7.902126789093018,0.7052494287490845,-0.48392316699028015,-0.0003162726702043983,85
7.902141571044922,0.7055999636650085,-0.4845445454120636,9.214919995770288e-05,85
7.902163505554199,0.7061769962310791,-0.48544925451278687,0.0013161465518294335,83
7.902196407318115,0.707790732383728,-0.48753121495246887,0.01208489922305489,81
7.9022297859191895,0.7083438038825989,-0.4878343343734741,-9.460120941184869e-05,82
7.902237892150879,0.7083911895751953,-0.48767799139022827,4.043432194578145e-05,82
7.902250289916992,0.7084691524505615,-0.4873475134372711,0.002745165400483529,82
7.902268886566162,0.7086572051048279,-0.4867064654827118,0.028866042423260296,82
7.902297019958496,0.7092320919036865,-0.4857081472873688,0.0035499349764904764,82
7.90233850479126,0.7106842398643494,-0.4846549332141876,0.00014020400200820404,82
7.9023542404174805,0.7119001746177673,-0.48419374227523804,0.00014488618035102263,82
7.902378082275391,0.7137272953987122,-0.48332127928733826,0.013081488016723597,82
7.902383804321289,0.7138893604278564,-0.4834541976451874,0.0018876848914715083,82
7.9023895263671875,0.71401447057724,-0.4835898280143738,0.011099347065055554,82
7.902398586273193,0.714261531829834,-0.48367825150489807,0.00033204607757397753,82
7.902411937713623,0.7147713899612427,-0.4834827184677124,0.0011950435014114191,82
7.902431488037109,0.7163070440292358,-0.48299652338027954,-0.2206359287563373,82
7.902461528778076,0.7219372391700745,-0.48356378078460693,0.26943722957105365,82
7.902505874633789,0.7342464327812195,-0.4876430034637451,-0.00527329926467246,82
7.902523040771484,0.7392284274101257,-0.48964184522628784,-0.01629510413386015,82
7.902547836303711,0.7489486336708069,-0.49335017800331116,-1.2982660321206367,82
7.902585506439209,0.7635883688926697,-0.49897727370262146,4.991519543295908e-05,82
7.902589321136475,0.7644084095954895,-0.4992816746234894,4.048443770443555e-06,82
7.902594566345215,0.7656357288360596,-0.4997658133506775,9.240890648243294e-06,82
7.902602672576904,0.7675157785415649,-0.5005109906196594,-3.5652025701438106e-05,82
7.902614593505859,0.7704405188560486,-0.5016787052154541,0.0003035520919638657,82
7.902632236480713,0.775109052658081,-0.5035644769668579,-0.002532686128915884,82
7.902658939361572,0.7827975153923035,-0.5067347288131714,-0.0020906678068968176,82
7.9026994705200195,0.7944121360778809,-0.5116952657699585,-0.004385522017628318,82
7.902714729309082,0.8023726940155029,-0.5152161121368408,9.600567796042014e-05,82
7.902719974517822,0.8070441484451294,-0.517325222492218,-2.1067474108349415e-05,82
7.90272855758667,0.814278244972229,-0.5206485986709595,0.05396658383574504,82
7.902741432189941,0.8312411904335022,-0.5286714434623718,-0.026184521085269807,82
7.902754306793213,0.8423846960067749,-0.53410404920578,-0.01091596265928274,82
7.902757167816162,0.8449188470840454,-0.5353595018386841,0.0008951504150900291,82
7.902761936187744,0.8488633632659912,-0.5373287796974182,0.014155018120845853,82
7.902769088745117,0.8549851179122925,-0.5404214262962341,0.0029396630711744365,82
7.902780055999756,0.8621655106544495,-0.5441092848777771,0.00185306806497465,82
7.9027838706970215,0.8676160573959351,-0.5469588041305542,-6.681663055019271e-05,81
7.902790069580078,0.8751688599586487,-0.5510159730911255,0.00019754586742237734,84
7.902792453765869,0.8772444725036621,-0.5522370338439941,-0.10513810769975862,85
7.90279483795166,0.8715023398399353,-0.5492841005325317,8.279390976895229e-05,85
7.902796745300293,0.8676437139511108,-0.5473161339759827,0.0014288231507180171,86
7.902800559997559,0.8617134690284729,-0.5443511009216309,0.2524398895611739,86
7.902805328369141,0.8527244329452515,-0.5399991869926453,0.00046376955879168236,86
7.902807235717773,0.8486700057983398,-0.538108766078949,-1.605244835900521e-05,85
7.90280818939209,0.8467488288879395,-0.5372381806373596,0.0019667070537252584,85
7.902809143066406,0.8445626497268677,-0.5362918972969055,5.770452276010474e-05,85
7.9028096199035645,0.8438819646835327,-0.5360317230224609,0.00017607360834404062,83
7.902810096740723,0.8439541459083557,-0.5361766219139099,0.0073940960157869995,82
7.902810573577881,0.8445701599121094,-0.5365046858787537,3.4685334526329825e-05,82
7.902810573577881,0.8458588123321533,-0.5371249914169312,-9.080766216129632e-05,83
7.902811050415039,0.8477296233177185,-0.5379772186279297,0.0008436976622760994,83
7.9028120040893555,0.8510209321975708,-0.5394678115844727,-0.00029365148293436505,84
7.902812480926514,0.8532615900039673,-0.5404798984527588,-0.008999350444810261,84
7.902812480926514,0.8561175465583801,-0.5417294502258301,-0.004254746284686917,84
7.902812957763672,0.8588706254959106,-0.5429491400718689,-0.008697865584281317,87
7.90281343460083,0.8608527779579163,-0.5435593128204346,-0.030243969576304153,87
7.902813911437988,0.8592931628227234,-0.5427992343902588,-0.05912118035735148,87
7.9028143882751465,0.8576834797859192,-0.5422992706298828,-0.15098733075683413,82
7.902814865112305,0.8730951547622681,-0.5510566830635071,-0.0054052914517797035,85
7.902815341949463,0.8708584904670715,-0.5501660108566284,0.0006956435513529868,85
7.902815818786621,0.8693047761917114,-0.5493949055671692,0.010285912282768095,87
7.902815818786621,0.8697426915168762,-0.5492751002311707,0.0014442603733755277,86
7.902816295623779,0.8657110929489136,-0.5469347834587097,-0.008448394929189362,86
7.9028167724609375,0.8604300022125244,-0.5444103479385376,0.06445030982027333,87
7.902817726135254,0.8525625467300415,-0.5412185788154602,0.03939082770011737,86
7.902817726135254,0.8514260649681091,-0.5409349203109741,0.026711241501288896,84
7.902818202972412,0.8570227026939392,-0.5436804294586182,0.004852301034134143,82
7.9028191566467285,0.8662643432617188,-0.5483173131942749,-0.00028613924138198854,81
7.9028191566467285,0.8659999370574951,-0.5482866168022156,4.301216620206105e-05,81
7.9028191566467285,0.8643971681594849,-0.5475777387619019,-0.0018033364301572874,81
7.902819633483887,0.8621036410331726,-0.5465106964111328,0.1102388563981549,85
7.902820110321045,0.8624920845031738,-0.5465400815010071,-0.0830106419157346,84
7.902820587158203,0.8689820766448975,-0.549460232257843,0.007063659989626103,83
7.902820587158203,0.8741824626922607,-0.552005410194397,-9.031871252318524e-05,82
7.902821063995361,0.8774654865264893,-0.5535748600959778,0.009189143031335334,82
7.902821063995361,0.881759762763977,-0.5555187463760376,0.0057736783264772384,77
7.902821063995361,0.8725545406341553,-0.5502781867980957,0.02868737902349494,77
7.9028215408325195,0.8652907013893127,-0.546535313129425,-8.580382169043332e-05,77
7.9028215408325195,0.8579137325286865,-0.5428207516670227,-0.40890992906702195,77
7.902822017669678,0.849288284778595,-0.5385943055152893,0.0002620330201352772,81
7.902822017669678,0.8521073460578918,-0.5398752689361572,0.0024699725063328515,81
7.902822017669678,0.8552041053771973,-0.5413022041320801,-0.029978668972773903,83
7.902822017669678,0.8589816093444824,-0.5430116653442383,-0.02822390256028484,79
7.902822017669678,0.859292209148407,-0.5431196689605713,-0.05740700609067062,79
7.902822494506836,0.8685637712478638,-0.5475770831108093,0.03586982738988809,79
7.902822494506836,0.8748644590377808,-0.5507141947746277,-0.0001579893334451299,79
7.902822494506836,0.8776811361312866,-0.5521760582923889,0.20253089246375566,83
7.902822494506836,0.8679056763648987,-0.5476292371749878,0.2710469628914325,83
7.902822494506836,0.8586905002593994,-0.5432571768760681,-0.03241827368401573,83
7.902822494506836,0.8552854657173157,-0.541679859161377,0.26587824924490633,82
7.902822494506836,0.8550705909729004,-0.5419598817825317,-0.0016660537141888199,82
7.902822494506836,0.8569392561912537,-0.5432990193367004,0.00016088223401311552,82
7.902822494506836,0.8575654029846191,-0.543751060962677,6.746295207449293e-05,82
7.902822494506836,0.8579276204109192,-0.5440534353256226,0.0008964469748207193,83
7.902822494506836,0.8575127124786377,-0.5439737439155579,2.5882131069465686e-05,81
7.902822494506836,0.8575142621994019,-0.5440022349357605,-0.11869580341488017,81
7.902822494506836,0.8592789173126221,-0.5448472499847412,-0.0014494042542310126,81
7.902822494506836,0.8599400520324707,-0.5450661778450012,0.0008298122294592147,81
7.902822494506836,0.8597158789634705,-0.5446764826774597,0.08061664521710554,80
7.902822494506836,0.8596932888031006,-0.5446847081184387,0.07916262937987995,78
7.902822494506836,0.8599289059638977,-0.5450711846351624,5.238974432586474e-05,81
7.902822494506836,0.8596944212913513,-0.5450214743614197,-0.0006685791818199505,81
7.902822494506836,0.8585083484649658,-0.5444857478141785,0.00014296745825959079,81
7.902822494506836,0.8574668169021606,-0.5439789295196533,-0.08428904977199636,82
7.902822494506836,0.8556759357452393,-0.5424064993858337,0.0013346695727705082,82
7.902822494506836,0.8548848032951355,-0.5418348908424377,-0.0008537679930213926,82
7.902822494506836,0.8542788624763489,-0.5413894653320312,0.07474837976565141,83
7.902822494506836,0.8544502854347229,-0.5413192510604858,0.7432802158828054,83
7.902822494506836,0.8669395446777344,-0.547167956829071,0.07121953018236127,81
7.902822494506836,0.8756511807441711,-0.5513259172439575,-2.992336902707393e-05,81
7.902822494506836,0.8773894309997559,-0.5521398782730103,-0.0015356225956111302,79
7.902822494506836,0.8777365684509277,-0.5522071719169617,0.0004120959938518354,79
7.902822494506836,0.8741339445114136,-0.5503449440002441,-0.034694248769937985,79
7.902822494506836,0.8675038814544678,-0.5470598340034485,0.04183488546732406,79
7.902822494506836,0.8587716817855835,-0.5428769588470459,0.0003199924939281118,83
7.902822494506836,0.8583019375801086,-0.5426734685897827,0.0008451218038771913,83
7.902822494506836,0.859056293964386,-0.5430524945259094,0.00213298285439123,81
7.902822494506836,0.8586881160736084,-0.5429028868675232,-0.0007528873322826257,81
7.902822971343994,0.8567388653755188,-0.5420112609863281,0.0005570937919401331,81
7.902822971343994,0.8535911440849304,-0.5405598282814026,0.020413361867213098,81
7.902822971343994,0.8500999212265015,-0.5389584302902222,-0.1639150035680359,77
7.902822971343994,0.853460967540741,-0.540629506111145,-0.0022334980058076326,77
7.902822971343994,0.8637869954109192,-0.5457714796066284,-0.03501928286891598,77
7.902822971343994,0.8785456418991089,-0.5534598231315613,0.0001908553010707692,77
7.902822971343994,0.8792200088500977,-0.5538275837898254,-7.677074194134548e-07,77
7.902822971343994,0.8801552653312683,-0.554344892501831,-9.388906221374782e-06,77
7.902822971343994,0.8813480138778687,-0.5550236701965332,-0.00010578804995020619,79
7.902822971343994,0.8823492527008057,-0.555666983127594,-0.00205022661248222,82
7.902822971343994,0.8799861669540405,-0.554745078086853,-0.07256651937359493,83
7.902822971343994,0.8729984164237976,-0.5514276027679443,0.6345472478686816,84
7.902822971343994,0.8645365834236145,-0.5473524928092957,-0.002917340227269527,83
7.902822971343994,0.8617245554924011,-0.5462957620620728,0.0021561504242981755,81
7.902822971343994,0.8624845743179321,-0.5466945767402649,8.637185055704322e-05,81
7.902822971343994,0.8644655346870422,-0.5476085543632507,0.005507985272515725,82
7.902822971343994,0.8663812279701233,-0.5483892560005188,-0.010198549814958824,87
7.902822971343994,0.8518470525741577,-0.5409964323043823,-0.001458185304500148,87
7.902822971343994,0.8554427027702332,-0.5422475337982178,-0.0006530215438473874,86
7.902822971343994,0.8600842356681824,-0.5442507863044739,0.0018697885495839728,86
7.902822971343994,0.8637128472328186,-0.5459592938423157,-0.011368083695288078,86
7.902822971343994,0.8693418502807617,-0.5488868951797485,-0.0018495149884074635,86
7.902822971343994,0.869182825088501,-0.5492871999740601,1.6398035995734972e-06,86
7.902822971343994,0.8691726922988892,-0.5493027567863464,9.908085530696553e-06,85
7.902822971343994,0.86921226978302,-0.549353301525116,0.00011979236887782463,85
7.902822971343994,0.8695591688156128,-0.5495584011077881,2.3525832915538558e-05,85
7.902822971343994,0.8701335191726685,-0.5498383045196533,-8.766438213569927e-06,85
7.902822971343994,0.8709825277328491,-0.5502272248268127,-1.0663145369349536e-05,85
7.902822971343994,0.872273862361908,-0.5508071184158325,-5.3034707434562733e-05,85
7.902822971343994,0.8741051554679871,-0.5516375303268433,0.0015597016658261964,82
7.902822971343994,0.8748241066932678,-0.5519405603408813,0.005443391743483517,82
7.902822971343994,0.8712803721427917,-0.5501291751861572,0.15580955004520547,82
7.902822971343994,0.8642277121543884,-0.5464269518852234,0.00735369965582322,87
7.902822971343994,0.8576033115386963,-0.5422948598861694,-0.0032951465279893455,87
7.902822971343994,0.8584126830101013,-0.5424851775169373,0.001520672306924098,87
7.902822971343994,0.859398365020752,-0.5428469777107239,-0.03531181585731247,87
7.902822971343994,0.8607894778251648,-0.5435241460800171,-1.347300437760623,84
7.902822971343994,0.8594738841056824,-0.5432387590408325,0.6053221139391098,82
7.902822971343994,0.8505834341049194,-0.5392884016036987,-0.0007585513935737254,82
7.902822971343994,0.8472562432289124,-0.5377687215805054,-2.8477697128437285e-05,82
7.902822971343994,0.8457009792327881,-0.5370571613311768,-0.03495978321188886,82
7.902822971343994,0.8442099094390869,-0.5363224148750305,-5.051222808560851e-05,84
7.902822971343994,0.843681275844574,-0.5360040664672852,-0.0001379587532142068,85
7.902822971343994,0.8443744778633118,-0.5362164378166199,0.01850438313658742,85
7.902822971343994,0.8481051325798035,-0.5378522276878357,5.313064752954233e-05,86
7.902822971343994,0.8510491251945496,-0.5392134785652161,0.00036566384437719535,86
7.902822971343994,0.8561180830001831,-0.5416228175163269,0.004846792347279916,86
7.902822971343994,0.8644700646400452,-0.5457228422164917,0.0001606205885309464,85
7.902822971343994,0.8733114004135132,-0.5502196550369263,-0.015040634747379045,84
7.902822971343994,0.8771487474441528,-0.5521982908248901,0.0040867471211640805,81
7.902822971343994,0.8751732707023621,-0.5510210394859314,0.0006557250781042967,82
7.902822971343994,0.87029629945755,-0.5483825206756592,0.05433052517651049,82
7.902822971343994,0.8621313571929932,-0.5440940260887146,0.00036161172806714603,82
7.902822971343994,0.8576160669326782,-0.5417673587799072,0.017865455583887524,82
7.902822971343994,0.8508473634719849,-0.5383285284042358,0.00020934951726303552,82
7.902822971343994,0.847264289855957,-0.536530613899231,0.03705492559720369,82
7.902822971343994,0.8419196009635925,-0.5338764190673828,-0.0007435601287966165,82
7.902822971343994,0.8293740749359131,-0.5277765393257141,-0.042271862252846404,82
7.902822971343994,0.8177022337913513,-0.5222453474998474,-0.00046233003013185225,82
7.902822971343994,0.8095954060554504,-0.5184909701347351,-0.01398746319273414,82
7.902822971343994,0.8017119765281677,-0.5149215459823608,-0.08017750374096977,82
7.902822971343994,0.7904822826385498,-0.5099942088127136,0.00040225708289653994,82
7.902822971343994,0.7847131490707397,-0.5075395107269287,-0.02244856880588486,82
7.902822971343994,0.7766844630241394,-0.504208505153656,-6.285897478619518e-05,82
7.902822971343994,0.7726001143455505,-0.5025490522384644,-0.0027459987479687697,82
7.902822971343994,0.7669396996498108,-0.50028395652771,-0.014310572607655558,82
7.902822971343994,0.7623568177223206,-0.49847882986068726,0.0006092372973398597,82
7.902822971343994,0.7616795301437378,-0.4982143044471741,-2.8949936449862435e-05,82
7.902822971343994,0.75978022813797,-0.4974760115146637,-4.858853435507626e-05,82
7.902822971343994,0.757901132106781,-0.49675047397613525,-0.0009372501644975273,82
7.902822971343994,0.7551067471504211,-0.4956806004047394,nan,nan
