AMD EPYC 7543 32-Core
Rocky Linux 8.1 (RHEL clone), kernel 4.18.0-553.117.1.el8_10.x86_64
2023, 183150
DDR4, 3200 MT/s
#MNA
0.0,0.0,0.0,-4.688160970545141e-11,0
0.029999999329447746,0.029999999329447746,-0.037375472486019135,9.376321941090282e-11,0
0.05999999865889549,0.05999999865889549,-0.07475094497203827,1.425064510840457e-10,0
0.09000000357627869,0.09000000357627869,-0.1121264174580574,1.915054781420622e-10,0
0.11999999731779099,0.11999999731779099,-0.14950188994407654,2.4510882212780416e-10,0
0.15000000596046448,0.15000000596046448,-0.18687736988067627,2.9410784918582067e-10,0
0.18000000715255737,0.18000000715255737,-0.2242528349161148,3.3855940273497254e-10,0
0.20999999344348907,0.20999999344348907,-0.26162829995155334,3.792592906393111e-10,0
0.23999999463558197,0.23999999463558197,-0.2990037798881531,4.306457412894815e-10,0
0.27000001072883606,0.27000001072883606,-0.3363792598247528,4.833964339923114e-10,0
0.30000001192092896,0.30000001192092896,-0.37375473976135254,5.270521796774119e-10,0
0.33000001311302185,0.33000001311302185,-0.41113021969795227,5.709352990379557e-10,0
0.36000001430511475,0.36000001430511475,-0.4485056698322296,6.082245818106458e-10,0
0.38999998569488525,0.38999998569488525,-0.48588114976882935,6.582467904081568e-10,0
0.41999998688697815,0.41999998688697815,-0.5232565999031067,7.153175829444081e-10,0
0.44999998807907104,0.44999998807907104,-0.5606321096420288,7.637481758138165e-10,0
0.47999998927116394,0.47999998927116394,-0.5980075597763062,8.064944267971441e-10,0
0.5099999904632568,0.5099999904632568,-0.6353830695152283,8.481038094032556e-10,0
0.5400000214576721,0.5400000214576721,-0.6727585196495056,8.917595550883561e-10,0
0.5699999928474426,0.5699999928474426,-0.710133969783783,9.349605534225702e-10,0
0.6000000238418579,0.6000000238418579,-0.7475094795227051,9.881659934762865e-10,0
0.6299999952316284,0.6299999952316284,-0.7848849296569824,1.026819518301636e-09,0
0.6600000262260437,0.6600000262260437,-0.8222604393959045,1.0795702110044658e-09,0
0.6899999976158142,0.6899999976158142,-0.8596358895301819,1.1200427252333611e-09,0
0.7200000286102295,0.7200000286102295,-0.8970113396644592,1.171883923234418e-09,0
0.75,0.75,-0.9343868494033813,1.2191776477266103e-09,0
0.7799999713897705,0.7799999713897705,-0.9717622995376587,-6.659420237475899e-11,0
0.8100000023841858,0.809970498085022,-1.0091204643249512,-9.205950846080668e-08,0
0.8399999737739563,0.83989417552948,-1.0464497804641724,-7.15754140401259e-08,0
0.8700000047683716,0.8698173761367798,-1.083778738975525,-6.684786058031023e-10,0
0.8999999761581421,0.8997344970703125,-1.1211084127426147,-4.676981461670948e-06,0
0.9300000071525574,0.9292067289352417,-1.158257007598877,0.0005631894809994265,0
0.9599999785423279,0.9578032493591309,-1.1950324773788452,2.632835276017431e-06,0
0.9900000095367432,0.9823219180107117,-1.229026198387146,-0.03154528229379139,0
0.9975000023841858,0.9866238236427307,-1.2360438108444214,-0.05331953889117358,0
1.0087499618530273,0.9904767870903015,-1.2440990209579468,-0.284154029794081,0
1.0256249904632568,0.9937587380409241,-1.2541838884353638,0.007285399450665864,0
1.050937533378601,0.9960228800773621,-1.266857624053955,-0.004471182807264995,0
1.0809375047683716,0.9974097013473511,-1.281259298324585,-0.010651920142208837,0
1.110937476158142,0.9982014298439026,-1.295716404914856,0.01801714751536565,0
1.1409374475479126,0.99857497215271,-1.309648036956787,-0.014307337056834513,0
1.1709375381469727,0.9988479614257812,-1.3240314722061157,-0.002219842357590096,0
1.2009375095367432,0.9990594387054443,-1.3391081094741821,-0.026791857017997245,0
1.2309374809265137,0.9992214441299438,-1.3547561168670654,0.22696120835234979,0
1.2609374523162842,0.9993414878845215,-1.3707189559936523,0.0016131112283801485,0
1.2909375429153442,0.999417781829834,-1.3868582248687744,-0.0005357148006623902,0
1.3209375143051147,0.9994840025901794,-1.4035816192626953,-0.004238272197198967,0
1.3509374856948853,0.9995447397232056,-1.4204005002975464,-0.0006596160219487501,0
1.3809374570846558,0.9995912313461304,-1.4377375841140747,0.0024922119432631007,0
1.4109375476837158,0.9996318817138672,-1.455121397972107,-3.501677201711573e-05,0
1.4409375190734863,0.999667227268219,-1.4732134342193604,-1.4243305940908613e-05,0
1.4709374904632568,0.9997006058692932,-1.4919508695602417,-0.00018693041738515603,0
1.5009374618530273,0.9997289180755615,-1.5111082792282104,0.0016716238392291416,0
1.5084375143051147,0.9997358918190002,-1.5154383182525635,-0.001661584187331755,0
1.5159374475479126,0.9997426271438599,-1.5197616815567017,-0.0016551443345633743,0
1.5234375,0.9997493028640747,-1.5240848064422607,-0.001646464822897542,0
1.5309375524520874,0.999755859375,-1.528410792350769,0.0018665290017452207,0
1.5384374856948853,0.9997617602348328,-1.5329055786132812,0.001797242397969967,0
1.5459375381469727,0.9997677803039551,-1.537369966506958,0.0017858380419966124,0
1.5534374713897705,0.9997737407684326,-1.5418205261230469,0.0017883525747492968,0
1.560937523841858,0.9997796416282654,-1.5462778806686401,0.0017865602494566701,0
1.5684374570846558,0.9997854828834534,-1.5507370233535767,2.31884011991923e-10,0
1.568906307220459,0.9728879928588867,-1.5172268152236938,2.1865889654471005e-10,0
1.5693750381469727,0.9727707505226135,-1.5170809030532837,-3.3549256428511143e-10,0
1.5700781345367432,0.9725949764251709,-1.516861915588379,-3.144653287767696e-10,0
1.571132779121399,0.9723313450813293,-1.516533374786377,-3.2454976900408994e-10,0
1.5727148056030273,0.9719358086585999,-1.5160406827926636,-3.00897765037611e-10,0
1.5750879049301147,0.9713425636291504,-1.5153014659881592,-3.3935521059902385e-10,0
1.578647494316101,0.9704526662826538,-1.514192819595337,-3.3182251391039586e-10,0
1.583986759185791,0.9691178202629089,-1.5125298500061035,3.5099545492300877e-10,0
1.5919958353042603,0.967115581035614,-1.5100352764129639,2.963608247696925e-10,0
1.6040093898773193,0.9641121625900269,-1.506293535232544,-3.102652856856736e-10,0
1.6220297813415527,0.9596071243286133,-1.500680923461914,-3.938010473270026e-10,0
1.6490602493286133,0.9528494477272034,-1.4922618865966797,-3.2554570150722384e-10,0
1.6790602207183838,0.9453494548797607,-1.4829180240631104,4.2978201553189876e-10,0
1.7090601921081543,0.9378494620323181,-1.473574161529541,3.8509595512437045e-10,0
1.7390601634979248,0.9303494691848755,-1.4642302989959717,-4.6484135984847796e-10,0
1.7690602540969849,0.9228494763374329,-1.4548864364624023,5.607915798400143e-10,0
1.7990602254867554,0.9153494834899902,-1.445542573928833,6.294353371849581e-10,0
1.8290601968765259,0.9078494906425476,-1.4361987113952637,6.612527747584807e-10,0
1.8590601682662964,0.900349497795105,-1.4268548488616943,7.339329421984786e-10,0
1.8890602588653564,0.8928495049476624,-1.417510986328125,8.034853060667757e-10,0
1.919060230255127,0.885349452495575,-1.4081671237945557,7.81006342931434e-10,0
1.9490602016448975,0.8778494596481323,-1.3988232612609863,9.589370408846776e-10,0
1.979060173034668,0.8703494668006897,-1.389479398727417,1.008600841734264e-09,0
2.0090601444244385,0.8628494739532471,-1.3801355361938477,1.0992491916717029e-09,0
2.039060115814209,0.8553494811058044,-1.3707916736602783,1.1319954418276268e-09,0
2.0690603256225586,0.8478494882583618,-1.361447811126709,1.1767450902588905e-09,0
2.099060297012329,0.8403494954109192,-1.3521039485931396,1.3582819313739947e-09,0
2.1290602684020996,0.8328495025634766,-1.3427600860595703,1.2720032804836023e-09,0
2.15906023979187,0.8253494501113892,-1.3334161043167114,1.4080680232897436e-09,0
2.1890602111816406,0.8178494572639465,-1.324072241783142,1.4827228611569154e-09,0
2.219060182571411,0.8103494644165039,-1.3147283792495728,1.5765794225686136e-09,0
2.2490601539611816,0.8028494715690613,-1.3053845167160034,1.5928340590942724e-09,0
2.279060125350952,0.7953494787216187,-1.296040654182434,1.7844533628519343e-09,0
2.3090600967407227,0.787849485874176,-1.2866967916488647,1.7149563713569904e-09,0
2.3390603065490723,0.7803494930267334,-1.2773529291152954,1.7465584534193113e-09,0
2.3690602779388428,0.7728495001792908,-1.268009066581726,1.8264793288924608e-09,0
2.3990602493286133,0.7653494477272034,-1.2586652040481567,1.9123982120117233e-09,0
2.429060220718384,0.7578494548797607,-1.2493213415145874,1.9742088797070068e-09,0
2.4590601921081543,0.7503494620323181,-1.239977478981018,1.9971356790549066e-09,0
2.489060163497925,0.7428494691848755,-1.2306336164474487,2.1499367286459403e-09,0
2.5190601348876953,0.7353494763374329,-1.2212897539138794,2.198437071276871e-09,0
2.549060106277466,0.7278494834899902,-1.21194589138031,2.226070244804035e-09,0
2.5790603160858154,0.7203494906425476,-1.2026020288467407,2.2962121093428323e-09,0
2.609060287475586,0.712849497795105,-1.1932581663131714,2.3767769696814156e-09,0
2.6390602588653564,0.7053495049476624,-1.183914303779602,2.4166990630902774e-09,0
2.669060230255127,0.697849452495575,-1.1745704412460327,2.5136933645697468e-09,0
2.6990602016448975,0.6903494596481323,-1.1652265787124634,2.54363213825215e-09,0
2.729060173034668,0.6828494668006897,-1.155882716178894,2.691588341097173e-09,0
2.7590601444244385,0.6753494739532471,-1.1465388536453247,2.628771034185462e-09,0
2.789060115814209,0.6678494811058044,-1.1371948719024658,2.791013642422513e-09,0
2.8190603256225586,0.6603494882583618,-1.1278510093688965,2.8684366271125583e-09,0
2.849060297012329,0.6528494954109192,-1.1185071468353271,2.902689477668474e-09,0
2.8790602684020996,0.6453495025634766,-1.1091632843017578,2.9642407139984783e-09,0
2.90906023979187,0.6378494501113892,-1.0998194217681885,3.0532473493938284e-09,0
2.9390602111816406,0.6303494572639465,-1.0904755592346191,3.1191423333076784e-09,0
2.969060182571411,0.6228494644165039,-1.0811316967010498,3.2130695049037428e-09,0
2.9990601539611816,0.6153494715690613,-1.0717878341674805,3.2561616458703924e-09,0
3.029060125350952,0.6078494787216187,-1.0624439716339111,3.2529988147622646e-09,0
3.0590600967407227,0.600349485874176,-1.0531001091003418,3.4495377387866455e-09,0
3.0890603065490723,0.5928494930267334,-1.0437562465667725,3.423492711540632e-09,0
3.1190602779388428,0.5853495001792908,-1.0344123840332031,3.5351949145834283e-09,0
3.1490602493286133,0.5778494477272034,-1.0250685214996338,3.577748208805076e-09,0
3.179060220718384,0.5703494548797607,-1.0157246589660645,3.6352625909508163e-09,0
3.2090601921081543,0.5628494620323181,-1.0063807964324951,3.76182873740305e-09,0
3.239060163497925,0.5553494691848755,-0.997036874294281,3.806900406022606e-09,0
3.2690601348876953,0.5478494763374329,-0.9876930117607117,3.882424048917699e-09,0
3.299060106277466,0.5403494834899902,-0.9783491492271423,3.9806409835030365e-09,0
3.3290603160858154,0.5328494906425476,-0.969005286693573,4.012163323796614e-09,0
3.359060287475586,0.525349497795105,-0.9596614241600037,4.04350031235623e-09,0
3.3890602588653564,0.5178495049476624,-0.9503175616264343,4.160642552708538e-09,0
3.419060230255127,0.510349452495575,-0.940973699092865,4.274849807472947e-09,0
3.4490602016448975,0.5028494596481323,-0.9316298365592957,4.262368569207808e-09,0
3.479060173034668,0.4953494668006897,-0.9222859740257263,4.448978740967391e-09,0
3.5090601444244385,0.48784947395324707,-0.912942111492157,4.45855474762169e-09,0
3.539060115814209,0.48034948110580444,-0.9035981893539429,4.5006419702176e-09,0
3.5690603256225586,0.4728494882583618,-0.8942543268203735,4.592850821882877e-09,0
3.599060297012329,0.4653494656085968,-0.8849104642868042,4.652757235046323e-09,0
3.6290602684020996,0.4578494727611542,-0.8755666017532349,4.733915537347144e-09,0
3.65906023979187,0.45034947991371155,-0.8662227392196655,4.881447412952156e-09,0
3.6890602111816406,0.4428494870662689,-0.8568788766860962,4.827691413300528e-09,0
3.719060182571411,0.4353494644165039,-0.8475350141525269,4.950262755265555e-09,0
3.7490601539611816,0.4278494715690613,-0.8381911516189575,5.0558633946096165e-09,0
3.779060125350952,0.42034947872161865,-0.8288472890853882,4.996343005991832e-09,0
3.8090600967407227,0.412849485874176,-0.8195034265518188,5.207505926474454e-09,0
3.8390603065490723,0.405349463224411,-0.8101595640182495,5.22380483314322e-09,0
3.8690602779388428,0.3978494703769684,-0.8008156418800354,5.250833823300383e-09,0
3.8990602493286133,0.39034947752952576,-0.7914717793464661,5.3505980757151406e-09,0
3.929060220718384,0.38284948468208313,-0.7821279168128967,5.425713989204439e-09,0
3.9590601921081543,0.3753494620323181,-0.7727840542793274,5.530186253377423e-09,0
3.989060163497925,0.3678494691848755,-0.7634401917457581,5.549913251190475e-09,0
4.019060134887695,0.36034947633743286,-0.7540963292121887,5.6396202707809096e-09,0
4.049060344696045,0.35284948348999023,-0.7447524666786194,5.701377869815616e-09,0
4.079060077667236,0.3453494608402252,-0.73540860414505,5.678960746102746e-09,0
4.109060287475586,0.3378494679927826,-0.7260647416114807,5.880748554787374e-09,0
4.139060020446777,0.33034947514533997,-0.7167208790779114,5.884245202203431e-09,0
4.169060230255127,0.32284948229789734,-0.7073769569396973,6.019544640523122e-09,0
4.199060440063477,0.3153494894504547,-0.6980330944061279,6.059865831353761e-09,0
4.229060173034668,0.3078494668006897,-0.6886892318725586,6.096094740115632e-09,0
4.259060382843018,0.30034947395324707,-0.6793453693389893,6.223733417520805e-09,0
4.289060115814209,0.29284948110580444,-0.6700015068054199,6.231345439644542e-09,0
4.319060325622559,0.2853494882583618,-0.6606576442718506,6.326756007979384e-09,0
4.34906005859375,0.2778494656085968,-0.6513137817382812,6.32433838632096e-09,0
4.3790602684021,0.2703494727611542,-0.6419699192047119,6.387851136935296e-09,0
4.409060001373291,0.26284947991371155,-0.6326260566711426,6.633178228909742e-09,0
4.439060211181641,0.2553494870662689,-0.6232821941375732,6.630058946299755e-09,0
4.46906042098999,0.2478494793176651,-0.6139382719993591,6.736368796111947e-09,0
4.499060153961182,0.24034947156906128,-0.6045944094657898,6.7862303554377945e-09,0
4.529060363769531,0.23284947872161865,-0.5952505469322205,6.790651818633364e-09,0
4.559060096740723,0.22534947097301483,-0.5859066843986511,6.925016671210926e-09,0
4.589060306549072,0.2178494781255722,-0.5765628218650818,6.968210786162388e-09,0
4.619060039520264,0.21034947037696838,-0.5672189593315125,7.103068799807488e-09,0
4.649060249328613,0.20284947752952576,-0.5578750967979431,7.079890673722389e-09,0
4.679059982299805,0.19534946978092194,-0.5485312342643738,7.18646875341733e-09,0
4.709060192108154,0.1878494769334793,-0.5391873717308044,7.2842460951960675e-09,0
4.739060401916504,0.1803494691848755,-0.5298435091972351,7.3732565608608525e-09,0
4.769060134887695,0.17284947633743286,-0.5204996466636658,7.378471611474424e-09,0
4.799060344696045,0.16534946858882904,-0.5111557245254517,7.485754349723095e-09,0
4.829060077667236,0.1578494757413864,-0.5018118619918823,7.527037659826874e-09,0
4.859060287475586,0.1503494828939438,-0.492467999458313,7.560932102634865e-09,0
4.889060020446777,0.14284947514533997,-0.48312413692474365,7.639480381627095e-09,0
4.919060230255127,0.13534948229789734,-0.4737802743911743,7.794581424747093e-09,0
4.949060440063477,0.12784947454929352,-0.464436411857605,7.713885641358331e-09,0
4.979060173034668,0.1203494742512703,-0.45509254932403564,7.868518170361938e-09,0
5.009060382843018,0.11284947395324707,-0.4457486569881439,7.972560389646333e-09,0
5.039060115814209,0.10534947365522385,-0.4364047944545746,7.952400404853677e-09,0
5.069060325622559,0.09784947335720062,-0.42706093192100525,8.07720956785829e-09,0
5.09906005859375,0.0903494730591774,-0.4177170693874359,8.065223933151344e-09,0
5.1290602684021,0.08284947276115417,-0.4083732068538666,8.013211649782193e-09,0
5.159060001373291,0.07534947246313095,-0.39902931451797485,8.028943065951921e-09,0
5.189060211181641,0.06784947216510773,-0.3896854519844055,7.957926762003353e-09,0
5.21906042098999,0.0603494755923748,-0.3803415894508362,7.96962618121455e-09,0
5.249060153961182,0.05284947529435158,-0.37099772691726685,7.958025127763335e-09,0
5.279060363769531,0.045349474996328354,-0.3616538643836975,7.91874599226361e-09,0
5.309060096740723,0.03784947469830513,-0.3523099720478058,7.84421028132698e-09,0
5.339060306549072,0.030349476262927055,-0.34296610951423645,7.87570886284783e-09,0
5.369060039520264,0.02284947596490383,-0.3336222469806671,7.823767633752254e-09,0
5.399060249328613,0.015349475666880608,-0.3242783844470978,7.774848764796616e-09,0
5.429059982299805,0.007849475368857384,-0.31493452191352844,7.73158770339677e-09,0
5.459060192108154,0.0003494755655992776,-0.3055906593799591,7.713668037645505e-09,0
5.489060401916504,-0.007150524295866489,-0.2962467670440674,7.703718662988024e-09,0
5.519060134887695,-0.014650524593889713,-0.28690290451049805,7.660630574335414e-09,0
5.549060344696045,-0.022150523960590363,-0.2775590419769287,7.63036711592946e-09,0
5.579060077667236,-0.029650524258613586,-0.2682151794433594,7.562768411517595e-09,0
5.609060287475586,-0.03715052455663681,-0.25887131690979004,7.547972802335323e-09,0
5.639060020446777,-0.044650524854660034,-0.2495274394750595,7.548796698841898e-09,0
5.669060230255127,-0.05215052515268326,-0.24018356204032898,7.486078645868588e-09,0
5.699060440063477,-0.05965052545070648,-0.23083969950675964,7.50894668666291e-09,0
5.729060173034668,-0.0671505257487297,-0.2214958369731903,7.48265860384123e-09,0
5.759060382843018,-0.07465052604675293,-0.21215195953845978,7.3848577253343706e-09,0
5.789060115814209,-0.08215052634477615,-0.20280809700489044,7.39210193057005e-09,0
5.819060325622559,-0.08965052664279938,-0.1934642195701599,7.346233399374569e-09,0
5.84906005859375,-0.0971505269408226,-0.18412035703659058,7.309621241624598e-09,0
5.8790602684021,-0.10465052723884583,-0.17477649450302124,7.277343394562763e-09,0
5.909060001373291,-0.11215052753686905,-0.1654326170682907,7.22092852178946e-09,0
5.939060211181641,-0.11965052783489227,-0.15608875453472137,7.226057086029414e-09,0
5.96906042098999,-0.1271505206823349,-0.14674487709999084,7.133602597519939e-09,0
5.999060153961182,-0.13465052843093872,-0.1374010145664215,7.160111170634309e-09,0
6.029060363769531,-0.14215052127838135,-0.12805715203285217,7.093629683652125e-09,0
6.059060096740723,-0.14965052902698517,-0.11871328204870224,7.081075059645059e-09,0
6.089060306549072,-0.1571505218744278,-0.10936941206455231,7.045873218203269e-09,0
6.119060039520264,-0.16465052962303162,-0.10002554208040237,7.0249022154911245e-09,0
6.149060249328613,-0.17215052247047424,-0.09068167209625244,6.993364110030598e-09,0
6.179059982299805,-0.17965053021907806,-0.08133780211210251,7.003284174800228e-09,0
6.209060192108154,-0.1871505230665207,-0.07199393957853317,6.902838523004107e-09,0
6.239060401916504,-0.1946505308151245,-0.06265006959438324,6.924936180041641e-09,0
6.269060134887695,-0.20215052366256714,-0.05330619961023331,6.913167815980614e-09,0
6.299060344696045,-0.20965053141117096,-0.04396233335137367,6.823440923398039e-09,0
6.329060077667236,-0.2171505242586136,-0.03461846336722374,6.8000338693252615e-09,0
6.359060287475586,-0.2246505171060562,-0.025274595245718956,6.740952240846809e-09,0
6.389060020446777,-0.23215052485466003,-0.015930727124214172,6.738005486894849e-09,0
6.419060230255127,-0.23965051770210266,-0.006586858537048101,6.703233523808194e-09,0
6.449060440063477,-0.24715052545070648,0.002757009817287326,6.669762520061795e-09,0
6.479060173034668,-0.2546505331993103,0.012100878171622753,6.688578579883142e-09,0
6.509060382843018,-0.26215052604675293,0.02144474722445011,6.565381349687982e-09,0
6.539060115814209,-0.26965051889419556,0.030788615345954895,6.567187238459837e-09,0
6.569060325622559,-0.2771505117416382,0.04013248160481453,6.569255805999319e-09,0
6.59906005859375,-0.2846505343914032,0.04947635158896446,6.524873530366904e-09,0
6.6290602684021,-0.2921505272388458,0.058820221573114395,6.456174705959938e-09,0
6.659060001373291,-0.29965052008628845,0.06816408783197403,6.4558454138108345e-09,0
6.689060211181641,-0.3071505129337311,0.07750795781612396,6.373407357429528e-09,0
6.71906042098999,-0.3146505355834961,0.0868518278002739,6.3741967260000365e-09,0
6.749060153961182,-0.3221505284309387,0.09619569033384323,6.368191307615234e-09,0
6.779060363769531,-0.32965052127838135,0.10553956031799316,6.33239460867685e-09,0
6.809060096740723,-0.337150514125824,0.1148834303021431,6.2838163561451665e-09,0
6.839060306549072,-0.344650536775589,0.12422730028629303,6.2636107411861985e-09,0
6.869060039520264,-0.3521505296230316,0.13357116281986237,6.240850281002963e-09,0
6.899060249328613,-0.35965052247047424,0.1429150402545929,6.226341664472557e-09,0
6.929059982299805,-0.36715051531791687,0.15225890278816223,6.153054066260211e-09,0
6.959060192108154,-0.3746505379676819,0.16160276532173157,6.157148790819633e-09,0
6.989060401916504,-0.3821505308151245,0.1709466427564621,6.108734407206384e-09,0
7.019060134887695,-0.38965052366256714,0.18029050529003143,6.0797997747386034e-09,0
7.049060344696045,-0.39715051651000977,0.18963438272476196,6.043021194557241e-09,0
7.079060077667236,-0.4046505391597748,0.1989782452583313,6.0085189046432674e-09,0
7.109060287475586,-0.4121505320072174,0.20832210779190063,5.992344953575923e-09,0
7.139060020446777,-0.41965052485466003,0.21766598522663116,5.968504912523542e-09,0
7.169060230255127,-0.42715051770210266,0.2270098477602005,5.945166026144477e-09,0
7.199060440063477,-0.4346505105495453,0.23635372519493103,5.94253679597756e-09,0
7.229060173034668,-0.4421505331993103,0.24569758772850037,5.8554792126130906e-09,0
7.259060382843018,-0.44965052604675293,0.2550414502620697,5.869993158214015e-09,0
7.289060115814209,-0.45715051889419556,0.26438531279563904,5.8332051411369434e-09,0
7.319060325622559,-0.4646505117416382,0.27372920513153076,5.825420368310574e-09,0
7.34906005859375,-0.4721505343914032,0.2830730676651001,5.813240444574319e-09,0
7.3790602684021,-0.4796505272388458,0.29241693019866943,5.754253407097565e-09,0
7.409060001373291,-0.48715052008628845,0.30176079273223877,5.738385766562715e-09,0
7.439060211181641,-0.4946505129337311,0.3111046552658081,5.749120846054723e-09,0
7.46906042098999,-0.5021505355834961,0.32044854760169983,5.6592757147200246e-09,0
7.499060153961182,-0.5096505284309387,0.32979241013526917,5.7132609754262376e-09,0
7.529060363769531,-0.5171505212783813,0.3391362726688385,5.7334528236197e-09,0
7.559060096740723,-0.524650514125824,0.34848013520240784,5.764661636931123e-09,0
7.589060306549072,-0.5321505069732666,0.3578239977359772,5.772129441083962e-09,0
7.619060039520264,-0.5396504998207092,0.3671678602695465,5.762105459439226e-09,0
7.649060249328613,-0.5471505522727966,0.37651175260543823,5.823720172770663e-09,0
7.679059982299805,-0.5546505451202393,0.38585561513900757,5.848677986364237e-09,0
7.709060192108154,-0.5621505379676819,0.3951994776725769,5.8700369010011855e-09,0
7.739060401916504,-0.5696505308151245,0.40454334020614624,5.8501896660345665e-09,0
7.769060134887695,-0.5771505236625671,0.4138872027397156,5.9302358579316206e-09,0
7.799060344696045,-0.5846505165100098,0.4232310950756073,-1.24236976262182e-09,0
7.829060077667236,-0.59213787317276,0.4325675368309021,-8.878942026058212e-08,0
7.859060287475586,-0.5996202826499939,0.44190075993537903,-9.720815796754323e-08,0
7.889060020446777,-0.607102632522583,0.45123398303985596,-1.056114342645742e-07,0
7.919060230255127,-0.6145849823951721,0.4605671465396881,-1.1412612366257235e-07,0
7.949060440063477,-0.6220672130584717,0.4699002802371979,-1.227253960678354e-07,0
7.979060173034668,-0.6295494437217712,0.47923338413238525,-1.313896973442752e-07,0
8.00905990600586,-0.637031614780426,0.48856645822525024,-1.4009265214554034e-07,0
8.039060592651367,-0.644513726234436,0.49789947271347046,-1.488119778514374e-07,0
8.069060325622559,-0.6519957780838013,0.5072324872016907,-1.5752857507322915e-07,0
8.09906005859375,-0.6594777703285217,0.5165655016899109,-1.6622016119072214e-07,0
8.129059791564941,-0.6669597029685974,0.5258983969688416,-1.7486672732047737e-07,0
8.15906047821045,-0.6744416356086731,0.535231351852417,-1.8345190255786292e-07,0
8.18906021118164,-0.681923508644104,0.5445642471313477,-1.9195067579858005e-07,0
8.219059944152832,-0.6894053220748901,0.5538970828056335,-2.0035349734826013e-07,0
8.24906063079834,-0.6968870759010315,0.5632299184799194,-2.0863990357611328e-07,0
8.279060363769531,-0.7043688297271729,0.5725627541542053,-2.167967068089638e-07,0
8.309060096740723,-0.7118504643440247,0.5818955302238464,-2.248052624054253e-07,0
8.339059829711914,-0.7193321585655212,0.5912282466888428,-2.3265420168172568e-07,0
8.369060516357422,-0.7268137335777283,0.6005609631538391,-2.4033170120674185e-07,0
8.399060249328613,-0.7342953085899353,0.6098936796188354,-2.4782684704405256e-07,0
8.429059982299805,-0.7417768239974976,0.619226336479187,-2.551250872784294e-07,0
8.459060668945312,-0.749258279800415,0.6285589933395386,nan,nan
#GNA1
0.0,0.0,0.0,-7.114845423927818e-07,0
0.009999999776482582,0.00999870803207159,-0.006029327865689993,-6.061582400462839e-07,0
0.019999999552965164,0.01999480277299881,-0.012057479470968246,-7.224855238519012e-07,0
0.029999999329447746,0.029988249763846397,-0.018084440380334854,-6.79233060907336e-07,0
0.03999999910593033,0.039979007095098495,-0.02411019429564476,-7.092305942535404e-07,0
0.05000000074505806,0.04996704310178757,-0.03013472445309162,-7.704537345887275e-07,0
0.05999999865889549,0.05995230749249458,-0.036158014088869095,-7.389654790301847e-07,0
0.07000000029802322,0.06993477046489716,-0.04218004643917084,-6.677319674963655e-07,0
0.07999999821186066,0.07991437613964081,-0.048200804740190506,-6.528069889100152e-07,0
0.09000000357627869,0.08989108353853226,-0.05422027036547661,-6.897683348938699e-07,0
0.10000000149011612,0.09986485540866852,-0.06023842468857765,-7.183234060903487e-07,0
0.10999999940395355,0.10983563214540482,-0.06625524163246155,-7.274959656911051e-07,0
0.11999999731779099,0.11980336904525757,-0.0722707062959671,-7.661243088818992e-07,0
0.12999999523162842,0.1297680139541626,-0.07828480005264282,-7.009586653339284e-07,0
0.14000000059604645,0.13972951471805573,-0.08429748564958572,-6.93124071915463e-07,0
0.15000000596046448,0.14968779683113098,-0.0903087630867958,-6.094157924962929e-07,0
0.1599999964237213,0.15964283049106598,-0.09631858766078949,-7.769178438365998e-07,0
0.17000000178813934,0.16959454119205475,-0.10232693701982498,6.877086775602947e-07,0
0.18000000715255737,0.17954285442829132,-0.10833379626274109,-6.029466845802745e-07,0
0.1899999976158142,0.18948772549629211,-0.11433912068605423,6.045750637895253e-07,0
0.20000000298023224,0.19942906498908997,-0.12034289538860321,6.294112608884461e-07,0
0.20999999344348907,0.2093668133020401,-0.12634508311748505,7.677144822082482e-07,0
0.2199999988079071,0.21930089592933655,-0.13234566152095795,6.665226806035207e-07,0
0.23000000417232513,0.22923122346401215,-0.13834457099437714,6.52829555747303e-07,0
0.23999999463558197,0.23915770649909973,-0.14434181153774261,7.222080853352963e-07,0
0.25,0.24908028542995453,-0.1503373235464096,7.202588676591404e-07,0
0.25999999046325684,0.258998841047287,-0.15633106231689453,7.586932611047814e-07,0
0.27000001072883606,0.26891326904296875,-0.1623230129480362,9.678597052698024e-07,0
0.2800000011920929,0.27882352471351624,-0.16831310093402863,8.778488336247392e-07,0
0.28999999165534973,0.2887294292449951,-0.17430131137371063,8.841304861562094e-07,0
0.30000001192092896,0.29863089323043823,-0.18028756976127625,9.338806421510526e-07,0
0.3100000023841858,0.3085278272628784,-0.18627183139324188,9.824344715525513e-07,0
0.3199999928474426,0.31842008233070374,-0.19225406646728516,1.0105121646120097e-06,0
0.33000001311302185,0.32830750942230225,-0.1982341706752777,1.0514336281630676e-06,0
0.3400000035762787,0.3381899893283844,-0.20421212911605835,1.1518609426275361e-06,0
0.3499999940395355,0.34806737303733826,-0.2101878523826599,1.3225430564034468e-06,0
0.36000001430511475,0.3579395115375519,-0.21616126596927643,1.5169733842412825e-06,0
0.3700000047683716,0.36780619621276855,-0.22213231027126312,1.7777940399810177e-06,0
0.3799999952316284,0.37766727805137634,-0.22810091078281403,1.999391315621324e-06,0
0.38999998569488525,0.38752254843711853,-0.23406696319580078,2.1798953184770653e-06,0
0.4000000059604645,0.3973717987537384,-0.24003039300441742,2.499008417089499e-06,0
0.4099999964237213,0.40721485018730164,-0.2459910809993744,2.748414459574633e-06,0
0.41999998688697815,0.41705143451690674,-0.2519489526748657,3.0230001186737354e-06,0
0.4300000071525574,0.4268812835216522,-0.2579038739204407,3.4063906753090123e-06,0
0.4399999976158142,0.43670418858528137,-0.2638557553291321,3.7966452453019883e-06,0
0.44999998807907104,0.44651979207992554,-0.2698044180870056,4.193057662860156e-06,0
0.46000000834465027,0.4563278257846832,-0.2757497727870941,4.641467171495606e-06,0
0.4699999988079071,0.4661279618740082,-0.28169164061546326,5.177340653972351e-06,0
0.47999998927116394,0.47591981291770935,-0.2876298427581787,5.749548392941506e-06,0
0.49000000953674316,0.4857029616832733,-0.29356423020362854,6.315281211755064e-06,0
0.5,0.4954770505428314,-0.29949456453323364,6.951465707061288e-06,0
0.5099999904632568,0.5052415728569031,-0.3054206967353821,7.605081265182889e-06,0
0.5199999809265137,0.5149960517883301,-0.31134232878685,8.346649167378928e-06,0
0.5299999713897705,0.5247399210929871,-0.317259281873703,9.184173535459195e-06,0
0.5400000214576721,0.5344725847244263,-0.3231711983680725,1.0036322521500551e-05,0
0.550000011920929,0.5441934466362,-0.3290778398513794,1.1053700319507698e-05,0
0.5600000023841858,0.553901731967926,-0.3349788188934326,1.2081777384764791e-05,0
0.5699999928474426,0.5635966658592224,-0.3408738076686859,1.3209924958346164e-05,0
0.5799999833106995,0.573277473449707,-0.34676238894462585,1.4477864112905081e-05,0
0.5899999737739563,0.5829430818557739,-0.3526441156864166,1.5735987972220755e-05,0
0.6000000238418579,0.5925925970077515,-0.35851848125457764,1.7206049477636043e-05,0
0.6100000143051147,0.6022248268127441,-0.3643849194049835,1.8621016522502032e-05,0
0.6200000047683716,0.6118384003639221,-0.3702428340911865,2.0359455191965026e-05,0
0.6299999952316284,0.6214320659637451,-0.37609153985977173,2.2134615534241675e-05,0
0.6399999856948853,0.6310041546821594,-0.38193029165267944,2.4015844530822505e-05,0
0.6499999761581421,0.6405529975891113,-0.38775819540023804,2.604609966283533e-05,0
0.6600000262260437,0.6500765681266785,-0.3935743272304535,2.825552149943178e-05,0
0.6700000166893005,0.6595727801322937,-0.39937758445739746,3.064173051825492e-05,0
0.6800000071525574,0.6690391898155212,-0.40516674518585205,3.3119841702955455e-05,0
0.6899999976158142,0.6784730553627014,-0.4109404981136322,3.5818253422803537e-05,0
0.699999988079071,0.6878713369369507,-0.41669729351997375,3.871601296623339e-05,0
0.7099999785423279,0.6972305774688721,-0.42243534326553345,4.176692584678676e-05,0
0.7200000286102295,0.7065469622612,-0.42815276980400085,4.504567567664708e-05,0
0.7300000190734863,0.715816080570221,-0.4338472783565521,4.853736396626118e-05,0
0.7400000095367432,0.7250330448150635,-0.4395163655281067,5.223107064011856e-05,0
0.75,0.7341923713684082,-0.4451572299003601,5.6339121044857166e-05,0
0.7599999904632568,0.7432878017425537,-0.4507666230201721,6.061792606715244e-05,0
0.7699999809265137,0.7523123025894165,-0.45634087920188904,6.535319300837727e-05,0
0.7799999713897705,0.761258065700531,-0.46187591552734375,7.04253636172325e-05,0
0.7900000214576721,0.7701161503791809,-0.4673670828342438,7.616375984298429e-05,0
0.800000011920929,0.778876781463623,-0.47280919551849365,8.265601348966811e-05,0
0.8100000023841858,0.7875289916992188,-0.47819647192955017,9.008044025904383e-05,0
0.8199999928474426,0.7960606813430786,-0.4835225045681,9.865181385748656e-05,0
0.8299999833106995,0.8044586777687073,-0.48878026008605957,0.00010853898720597499,0
0.8399999737739563,0.8127085566520691,-0.49396201968193054,0.00011999646460481017,0
0.8500000238418579,0.8207950592041016,-0.49905964732170105,0.00013303175813916823,0
0.8600000143051147,0.8287020325660706,-0.5040644407272339,0.00014769912917245165,0
0.8700000047683716,0.8364128470420837,-0.508967399597168,0.00016364954382197539,0
0.8799999952316284,0.8439106941223145,-0.5137594938278198,0.0001800766686415045,0
0.8899999856948853,0.8511791825294495,-0.5184318423271179,0.00019628752266953597,0
0.8999999761581421,0.8582026958465576,-0.5229759812355042,0.00021083432642399202,0
0.9100000262260437,0.8649671673774719,-0.5273844003677368,0.00022220673389483636,0
0.9200000166893005,0.871460497379303,-0.5316506624221802,0.0002290968051283926,0
0.9300000071525574,0.8776732087135315,-0.5357697010040283,0.00023136539925872057,0
0.9399999976158142,0.8835987448692322,-0.5397379994392395,0.00023588828446463594,4
0.949999988079071,0.8892338871955872,-0.5435551404953003,0.00021744240831367279,8
0.9599999785423279,0.8945780396461487,-0.54721999168396,0.0002069615734967556,10
0.9700000286102295,0.8996343612670898,-0.550734281539917,0.00019104689778259853,12
0.9800000190734863,0.9044084548950195,-0.5541034936904907,0.00014649183140136302,12
0.9900000095367432,0.9089081883430481,-0.5573312640190125,0.00011716419010099344,14
1.0,0.9131437540054321,-0.5604238510131836,0.00020316642030593357,16
1.0099999904632568,0.9171268939971924,-0.56340092420578,2.0962489543308038e-05,16
1.0199999809265137,0.9215161204338074,-0.5667338967323303,1.3878187701266143e-06,18
1.0299999713897705,0.9249925017356873,-0.5694459080696106,4.910065331387159e-05,18
1.0399999618530273,0.9282569289207458,-0.5720570683479309,-3.4003276994098997e-05,20
1.0499999523162842,0.9313228726387024,-0.5745728015899658,-7.897076085328081e-05,20
1.059999942779541,0.934203565120697,-0.5770021677017212,-7.486930547884185e-05,20
1.0700000524520874,0.9369110465049744,-0.579352080821991,-9.305250262059417e-05,21
1.0800000429153442,0.9394574761390686,-0.5816300511360168,-0.00010843536324500747,22
1.090000033378601,0.9418540000915527,-0.5838431715965271,-0.00012303244176337103,23
1.100000023841858,0.9441112279891968,-0.5859979391098022,-0.00014058420214269063,23
1.1100000143051147,0.9462389945983887,-0.5881009697914124,-0.0002470616930168035,23
1.1200000047683716,0.9482463598251343,-0.5901633501052856,-1.7801902401970437e-05,24
1.1299999952316284,0.9501497745513916,-0.5921684503555298,2.0955587842763634e-05,25
1.1399999856948853,0.9519534111022949,-0.5941634774208069,-0.0001702156726537396,25
1.149999976158142,0.9536480903625488,-0.5961093306541443,-0.00016715738797756785,25
1.159999966621399,0.9552530646324158,-0.5980269312858582,-0.00018729550572516018,30
1.1699999570846558,0.9567747116088867,-0.5999210476875305,-0.0001772323897739625,33
1.1799999475479126,0.9582185745239258,-0.6017945408821106,-0.00018776758628291645,35
1.190000057220459,0.9595900774002075,-0.6036512851715088,-0.00017543084021554023,36
1.2000000476837158,0.9608940482139587,-0.6054943799972534,-0.0001877484057217771,38
1.2100000381469727,0.9621350169181824,-0.6073262095451355,-0.00019216464539795197,39
1.2200000286102295,0.9633170962333679,-0.609150230884552,-0.00017474745976642225,41
1.2300000190734863,0.9644439816474915,-0.6109683513641357,-0.00018216118411373827,42
1.2400000095367432,0.965519368648529,-0.6127826571464539,-0.0003188319076912194,42
1.25,0.9665464758872986,-0.6145963072776794,0.0004754066451937433,44
1.2599999904632568,0.967568039894104,-0.6164851784706116,-0.00017590855617299894,45
1.2699999809265137,0.9685056805610657,-0.6183012127876282,-0.0001709015573396755,46
1.2799999713897705,0.9694033861160278,-0.6201212406158447,-0.00017600119201688358,48
1.2899999618530273,0.9702636003494263,-0.6219465732574463,-2.3648265710107808e-06,51
1.2999999523162842,0.9710894823074341,-0.6237819790840149,-0.0001683362767721519,54
1.309999942779541,0.9718812108039856,-0.6256229877471924,-1.4216665817912144e-06,56
1.3200000524520874,0.9726415276527405,-0.627474308013916,-8.047598839766579e-06,59
1.3300000429153442,0.9733740091323853,-0.6293390989303589,6.990164649778308e-06,60
1.340000033378601,0.9740779399871826,-0.6312149167060852,-1.1582797014852986e-06,61
1.350000023841858,0.9747544527053833,-0.6331006288528442,-1.3306417372405122e-06,61
1.3600000143051147,0.9754060506820679,-0.6350007653236389,1.8660440446183202e-06,65
1.3700000047683716,0.9760339260101318,-0.6369147896766663,6.363573425005598e-05,68
1.3799999952316284,0.9767656922340393,-0.6392583847045898,-0.00015572981993727808,70
1.3899999856948853,0.9773457050323486,-0.6412081122398376,-0.00016119514401680135,72
1.399999976158142,0.9779057502746582,-0.6431751847267151,-3.1828473140649294e-05,76
1.409999966621399,0.9784470796585083,-0.6451619267463684,-0.0006215998156449132,78
1.4199999570846558,0.9789702892303467,-0.6471612453460693,8.411306873767899e-05,83
1.4299999475479126,0.9794765114784241,-0.6491910815238953,4.795024551640381e-06,83
1.4306249618530273,0.9794813990592957,-0.6492104530334473,5.882960749659105e-06,83
1.4315625429153442,0.9794907569885254,-0.6492489576339722,3.252828958011378e-05,83
1.4329687356948853,0.9795053005218506,-0.6493103504180908,8.520947324086592e-05,83
1.4350781440734863,0.9795215725898743,-0.6493831276893616,-2.2309775431494927e-06,83
1.4382421970367432,0.9795318841934204,-0.6494373679161072,-2.4523431534362317e-06,84
1.4429882764816284,0.9795363545417786,-0.6494755148887634,-1.3615119769383455e-06,84
1.450107455253601,0.9795361161231995,-0.649505615234375,-2.1449852170007944e-06,84
1.460107445716858,0.9795300364494324,-0.6495274305343628,-2.2137379005471303e-06,84
1.4701074361801147,0.979519784450531,-0.6495351195335388,-2.373070515204745e-06,84
1.4801074266433716,0.9795061945915222,-0.6495318412780762,-2.651272211551259e-06,84
1.4901074171066284,0.9794895052909851,-0.6495189666748047,-3.037507099179493e-06,84
1.5001074075698853,0.9794701337814331,-0.6494974493980408,-3.4881985584434005e-06,84
1.510107398033142,0.9794482588768005,-0.6494680047035217,-4.453784015368001e-06,84
1.520107388496399,0.9794239401817322,-0.6494312882423401,-5.763532897162804e-06,84
1.5301073789596558,0.9793974757194519,-0.649387776851654,-6.000302221309539e-06,84
1.5401073694229126,0.9793689250946045,-0.6493382453918457,3.3694029582420626e-05,84
1.550107479095459,0.979338526725769,-0.6492863893508911,0.0003173389144990324,84
1.5601074695587158,0.9793201684951782,-0.6493232846260071,0.00020439269655980752,84
1.5701074600219727,0.9793195724487305,-0.6493708491325378,0.00010234118468588349,84
1.5801074504852295,0.9793152213096619,-0.6494024991989136,5.276894381722741e-05,84
1.5901074409484863,0.9793067574501038,-0.6494195461273193,2.4166821390281257e-05,84
1.6001074314117432,0.9792943000793457,-0.6494234204292297,6.150025399165315e-06,84
1.610107421875,0.9792782664299011,-0.6494153141975403,9.240126132681326e-06,84
1.6201074123382568,0.9792589545249939,-0.6493961215019226,2.1439038050630188e-05,84
1.6301074028015137,0.9792366623878479,-0.6493663787841797,3.502954825762572e-05,84
1.6401073932647705,0.9792115688323975,-0.6493262648582458,5.195485073272721e-05,83
1.6501073837280273,0.9791838526725769,-0.649275541305542,7.391749113594415e-05,83
1.6601073741912842,0.9791537523269653,-0.6492136716842651,0.00010355743495438219,83
1.670107364654541,0.9791213274002075,-0.6491395235061646,0.00014468525171196234,83
1.6801074743270874,0.9790867567062378,-0.6490514278411865,7.594468678462363e-05,83
1.6901074647903442,0.9790502786636353,-0.648945152759552,0.00010515042703218569,83
1.700107455253601,0.979012131690979,-0.6488201022148132,0.00015594810969332684,84
1.710107445716858,0.9789726734161377,-0.6486704349517822,9.619283008532875e-05,84
1.7201074361801147,0.9789327383041382,-0.64848792552948,0.000136127243251849,84
1.7301074266433716,0.978893518447876,-0.6482696533203125,0.00017613246598102705,84
1.7401074171066284,0.9788568615913391,-0.6480108499526978,0.0001848347113195814,84
1.7501074075698853,0.9788250923156738,-0.6477161645889282,0.0001470157325229593,84
1.760107398033142,0.9787997007369995,-0.6473995447158813,8.933577186098773e-05,84
1.770107388496399,0.9787807464599609,-0.6470773816108704,0.00020306860892560508,84
1.7801073789596558,0.9787670373916626,-0.6467609405517578,0.00011257970953693075,84
1.7901073694229126,0.9787579774856567,-0.6464547514915466,5.337367463198461e-05,84
1.800107479095459,0.9787521958351135,-0.6461611390113831,0.00032894717656972716,84
1.8101074695587158,0.9787487983703613,-0.6458802819252014,0.00020117232588745537,84
1.8201074600219727,0.9787477254867554,-0.6456122398376465,9.658762331810067e-05,84
1.8301074504852295,0.9787483811378479,-0.6453570127487183,-3.4959325489580806e-05,84
1.8401074409484863,0.9787505865097046,-0.6451154351234436,-0.00010239638896791803,84
1.8501074314117432,0.9787542223930359,-0.6448889970779419,-0.00025578897776767917,84
1.860107421875,0.9787592887878418,-0.6446808576583862,-0.0005508088942178802,84
1.8701074123382568,0.978766143321991,-0.6444962024688721,0.0003178267912176125,84
1.8801074028015137,0.9787759184837341,-0.6443508267402649,-0.00014332088881019445,83
1.8901073932647705,0.9787876605987549,-0.644252359867096,-0.00016446233098577068,83
1.9001073837280273,0.9788030385971069,-0.6442334055900574,0.00015199557884670867,83
1.9101073741912842,0.9788201451301575,-0.6443011164665222,0.0001857878460214124,83
1.920107364654541,0.9788374304771423,-0.6444284915924072,-7.733043565849584e-05,83
1.9301074743270874,0.9788550138473511,-0.6446014046669006,0.000275664572484402,83
1.9401074647903442,0.9788729548454285,-0.6448086500167847,0.00019121627803997399,83
1.950107455253601,0.9788907170295715,-0.6450355648994446,0.00011897141007466416,83
1.960107445716858,0.9789084792137146,-0.645276665687561,6.73948458711493e-05,82
1.9701074361801147,0.9789263606071472,-0.6455275416374207,3.5986171781132725e-05,82
1.9801074266433716,0.9789444208145142,-0.6457854509353638,-4.735169102332293e-05,82
1.9901074171066284,0.9789627194404602,-0.6460484862327576,-8.29246666853578e-05,82
2.000107526779175,0.9789814949035645,-0.6463152170181274,-0.00012678737806481877,82
2.0101075172424316,0.9790008664131165,-0.6465842723846436,-0.00018107689396629212,82
2.0201075077056885,0.979020893573761,-0.6468544602394104,-0.00024823902521120544,82
2.0301074981689453,0.9790418148040771,-0.6471243500709534,-0.000330027449535919,82
2.040107488632202,0.9790637493133545,-0.6473924517631531,-0.000427332074309561,82
2.050107479095459,0.9790867567062378,-0.6476566791534424,-0.0005385923939229542,82
2.060107469558716,0.9791109561920166,-0.6479145288467407,-0.00018106009309803994,82
2.0701074600219727,0.9791359305381775,-0.648164689540863,-7.983889435081437e-05,82
2.0801074504852295,0.9791622161865234,-0.6484022736549377,-0.00012394627549383586,82
2.0901074409484863,0.9791898727416992,-0.6486234664916992,-8.21881795900481e-05,83
2.100107431411743,0.9792188405990601,-0.6488248705863953,-7.533762453704185e-05,83
2.110107421875,0.9792502522468567,-0.6489923000335693,-0.0042306375639782345,84
2.120107412338257,0.9792391061782837,-0.6485354900360107,0.00022621699741876,84
2.1301074028015137,0.9792258739471436,-0.6483122706413269,0.00012530680851341458,83
2.1401073932647705,0.9792052507400513,-0.6480891704559326,9.932027739978366e-05,83
2.1501073837280273,0.9791828393936157,-0.6478516459465027,8.14129719515222e-05,83
2.160107374191284,0.9791593551635742,-0.6476004719734192,0.00040237795803932386,83
2.170107364654541,0.9791350960731506,-0.6473376750946045,0.00037114151649575433,83
2.180107355117798,0.9791110754013062,-0.6470643877983093,0.0003322933245613058,83
2.1901073455810547,0.9790872931480408,-0.6467835903167725,0.00029309369540442276,84
2.2001073360443115,0.9790641069412231,-0.646497368812561,0.00025479491154101197,84
2.2101073265075684,0.9790416359901428,-0.6462078094482422,0.0002188168537600177,85
2.220107316970825,0.9790199995040894,-0.6459164619445801,0.00018595670525201058,85
2.230107307434082,0.9789990782737732,-0.6456245183944702,0.00015695555282491114,85
2.240107536315918,0.9789788722991943,-0.6453327536582947,0.00013199041927691724,85
2.250107526779175,0.978959321975708,-0.6450419425964355,0.00011054256913212157,85
2.2601075172424316,0.9789403676986694,-0.6447523832321167,9.246942806839797e-05,85
2.2701075077056885,0.9789218306541443,-0.644464373588562,7.718279323398747e-05,85
2.2801074981689453,0.9789037108421326,-0.6441781520843506,6.457161913431264e-05,85
2.290107488632202,0.9788858890533447,-0.6438938975334167,5.38227286028814e-05,85
2.300107479095459,0.9788682460784912,-0.6436116099357605,4.486565148908994e-05,85
2.310107469558716,0.9788508415222168,-0.6433315873146057,3.7146082604522235e-05,85
2.3201074600219727,0.9788335561752319,-0.6430538296699524,3.072655135838431e-05,85
2.3301074504852295,0.9788162708282471,-0.6427785158157349,2.509254568394681e-05,85
2.3401074409484863,0.9787991046905518,-0.6425058841705322,2.0399632887802e-05,85
2.350107431411743,0.9787818789482117,-0.6422361731529236,1.6185759818654333e-05,85
2.360107421875,0.9787646532058716,-0.6419696807861328,1.2481685075727e-05,85
2.370107412338257,0.9787473678588867,-0.6417068243026733,8.984461203453975e-06,85
2.3801074028015137,0.9787300229072571,-0.6414480805397034,5.910733705150051e-06,85
2.3901073932647705,0.9787126183509827,-0.6411941051483154,3.018035329205304e-06,85
2.4001073837280273,0.978695273399353,-0.6409456729888916,-3.949951519643946e-06,85
2.410107374191284,0.9786778688430786,-0.6407036185264587,-5.401015698680567e-06,85
2.420107364654541,0.9786605834960938,-0.6404690742492676,-6.8122292304906296e-06,85
2.430107355117798,0.9786434769630432,-0.6402430534362793,-7.78711313387248e-06,85
2.4401073455810547,0.9786266088485718,-0.6400266289710999,-8.649989297282445e-06,85
2.4501073360443115,0.9786100387573242,-0.6398205757141113,-9.19192439141625e-06,85
2.4601073265075684,0.9785939455032349,-0.6396254301071167,-9.468278904023464e-06,85
2.470107316970825,0.9785782694816589,-0.6394412517547607,-9.327946770554263e-06,85
2.480107307434082,0.9785629510879517,-0.6392677426338196,-9.386931196786463e-06,85
2.490107536315918,0.9785480499267578,-0.639104425907135,-1.006591759278308e-05,85
2.500107526779175,0.9785332679748535,-0.6389507055282593,-1.1916140067569359e-05,85
2.5101075172424316,0.978518545627594,-0.6388063430786133,-1.575877922732616e-05,85
2.5201075077056885,0.9785036444664001,-0.6386718153953552,-2.1216641641785827e-05,85
2.5301074981689453,0.9784884452819824,-0.6385482549667358,-2.8190100579195132e-05,85
2.540107488632202,0.978472888469696,-0.638437807559967,-3.652967177458777e-05,85
2.550107479095459,0.9784570336341858,-0.6383435726165771,-4.421193983716876e-05,85
2.560107469558716,0.978441059589386,-0.6382690668106079,-4.800415877070918e-05,85
2.5701074600219727,0.978425145149231,-0.6382169127464294,-4.54568144618861e-05,85
2.5801074504852295,0.9784095287322998,-0.6381881833076477,-3.744111722880916e-05,85
2.5901074409484863,0.9783944487571716,-0.6381816267967224,-2.7182338669717865e-05,85
2.600107431411743,0.9783799648284912,-0.6381942629814148,-1.7764838617040368e-05,85
2.610107421875,0.9783660173416138,-0.6382224559783936,-9.920462673562724e-06,85
2.620107412338257,0.9783526062965393,-0.6382625699043274,-4.987795080069191e-06,86
2.6301074028015137,0.9783396124839783,-0.6383112668991089,1.1888682820426766e-06,86
2.6401073932647705,0.9783269166946411,-0.6383659243583679,3.9673042806498415e-06,86
2.6501073837280273,0.9783145189285278,-0.6384240984916687,6.880881244342163e-06,86
2.660107374191284,0.9783023595809937,-0.6384839415550232,9.710455401545914e-06,86
2.670107364654541,0.9782904386520386,-0.6385436654090881,1.2947592608725245e-05,86
2.680107355117798,0.9782788157463074,-0.6386018395423889,1.6881338183338812e-05,86
2.6901073455810547,0.9782675504684448,-0.6386570930480957,2.1967523650801013e-05,86
2.7001073360443115,0.9782567620277405,-0.6387080550193787,2.8644701728808286e-05,86
2.7101073265075684,0.9782465100288391,-0.6387535333633423,3.7999291691903636e-05,86
2.720107316970825,0.9782370924949646,-0.6387922167778015,5.1003328223941935e-05,86
2.730107307434082,0.9782286882400513,-0.6388226747512817,7.01419281199378e-05,86
2.740107536315918,0.9782214760780334,-0.6388434171676636,0.00010166061258587433,86
2.750107526779175,0.9782156944274902,-0.6388521194458008,0.00017498598748488803,86
2.7601075172424316,0.978211522102356,-0.6388425827026367,0.00023934277834314344,86
2.7701075077056885,0.9782067537307739,-0.6387282013893127,0.0001739059945293775,86
2.7801074981689453,0.9781990647315979,-0.63841712474823,-5.317401132742816e-06,86
2.790107488632202,0.9781941771507263,-0.6381869316101074,-4.071768159974454e-06,86
2.800107479095459,0.9781898856163025,-0.6379608511924744,-4.3790867039206205e-06,86
2.810107469558716,0.9781862497329712,-0.6377387046813965,-5.008666050798638e-06,86
2.8201074600219727,0.9781831502914429,-0.6375203728675842,-5.568415758716583e-06,86
2.8301074504852295,0.9781806468963623,-0.6373058557510376,-6.087578981350816e-06,86
2.8401074409484863,0.9781786203384399,-0.6370950937271118,-6.555886329806526e-06,86
2.850107431411743,0.9781770706176758,-0.6368879675865173,-6.935146245723445e-06,86
2.860107421875,0.978175938129425,-0.6366844773292542,-7.39128319082738e-06,86
2.870107412338257,0.978175163269043,-0.6364846229553223,-7.815660239884892e-06,85
2.8801074028015137,0.9781747460365295,-0.6362883448600769,-7.995689202289213e-06,85
2.8901073932647705,0.9781746864318848,-0.6360956430435181,-8.44479745865101e-06,85
2.9001073837280273,0.9781749248504639,-0.635906457901001,-8.655646809074824e-06,85
2.910107374191284,0.9781754016876221,-0.6357209086418152,-9.056624207914865e-06,85
2.920107364654541,0.9781762361526489,-0.6355389952659607,-9.422875109521556e-06,85
2.930107355117798,0.9781773090362549,-0.6353607773780823,-9.89825781516629e-06,85
2.9401073455810547,0.9781786799430847,-0.6351864337921143,-1.0426905021176935e-05,85
2.9501073360443115,0.9781802892684937,-0.6350160241127014,-1.0962699775518558e-05,85
2.9601073265075684,0.9781822562217712,-0.6348498463630676,-1.1684143487400434e-05,85
2.970107316970825,0.9781845808029175,-0.6346881985664368,-1.2551670238281076e-05,85
2.980107307434082,0.9781872034072876,-0.6345313787460327,-1.3680855545317172e-05,85
2.990107536315918,0.9781903028488159,-0.634380042552948,-1.4969689232202654e-05,85
3.000107526779175,0.9781938791275024,-0.6342347860336304,-1.672249999273845e-05,84
3.0101075172424316,0.9781980514526367,-0.634096622467041,-1.8977587615154334e-05,84
3.0201075077056885,0.9782029390335083,-0.6339668035507202,-2.2070610327773466e-05,84
3.0301074981689453,0.9782087206840515,-0.633847177028656,-2.6295406769349938e-05,84
3.040107488632202,0.9782156348228455,-0.6337400674819946,-3.2067816448488884e-05,84
3.050107479095459,0.9782238006591797,-0.6336489319801331,-3.962848171568112e-05,84
3.060107469558716,0.9782336950302124,-0.6335782408714294,-4.912519017352679e-05,84
3.0701074600219727,0.9782453775405884,-0.633533775806427,-5.780535047961166e-05,84
3.0801074504852295,0.9782591462135315,-0.6335214972496033,-6.146330355250029e-05,83
3.0901074409484863,0.9782747030258179,-0.6335457563400269,-5.615286363536143e-05,83
3.100107431411743,0.9782915711402893,-0.6336066722869873,-4.400109895641435e-05,83
3.110107421875,0.9783090353012085,-0.6336998343467712,-3.084413521037277e-05,83
3.120107412338257,0.9783264398574829,-0.6338187456130981,-2.0077413807939593e-05,83
3.1301074028015137,0.9783434271812439,-0.6339570879936218,-1.2114196977108804e-05,83
3.1401073932647705,0.9783597588539124,-0.6341098546981812,-6.307975638719654e-06,83
3.1501073837280273,0.9783753156661987,-0.6342734694480896,-2.04804956638327e-06,83
3.160107374191284,0.9783900380134583,-0.6344454288482666,1.5779496607137844e-06,83
3.170107364654541,0.9784039258956909,-0.6346237659454346,4.350914878159529e-06,83
3.180107355117798,0.978416919708252,-0.634807288646698,6.6967946281693e-06,83
3.1901073455810547,0.9784290790557861,-0.6349949240684509,8.832911305489688e-06,83
3.2001073360443115,0.9784404039382935,-0.635185956954956,1.0878808552661212e-05,83
3.2101073265075684,0.9784508347511292,-0.6353798508644104,1.2878619031653216e-05,83
3.220107316970825,0.9784604907035828,-0.635576069355011,1.4746758267847326e-05,83
3.230107307434082,0.9784693121910095,-0.6357743740081787,1.667693902618339e-05,82
3.240107536315918,0.9784772992134094,-0.6359743475914001,1.8550381696513796e-05,82
3.250107526779175,0.9784844517707825,-0.6361758708953857,2.045584045617943e-05,82
3.2601075172424316,0.9784908294677734,-0.6363787651062012,2.2381778421731724e-05,82
3.2701075077056885,0.9784963726997375,-0.6365827918052673,2.4248139936844382e-05,82
3.2801074981689453,0.9785012006759644,-0.6367878913879395,2.625056140459492e-05,82
3.290107488632202,0.9785051941871643,-0.6369940042495728,2.8127875054906326e-05,82
3.300107479095459,0.9785084128379822,-0.6372010111808777,3.01072187767204e-05,82
3.310107469558716,0.9785109162330627,-0.6374088525772095,3.203821171382515e-05,82
3.3201074600219727,0.9785126447677612,-0.6376174688339233,3.4230072515128995e-05,82
3.3301074504852295,0.9785135984420776,-0.6378268003463745,3.62270536129472e-05,82
3.3401074409484863,0.9785138368606567,-0.638036847114563,3.82643987109077e-05,82
3.350107431411743,0.9785133004188538,-0.638247549533844,4.049214555834624e-05,82
3.360107421875,0.9785120487213135,-0.6384588479995728,4.282479335415701e-05,82
3.370107412338257,0.9785100221633911,-0.6386706829071045,4.5081073949404527e-05,82
3.3801074028015137,0.9785072803497314,-0.638883113861084,4.746777960917825e-05,82
3.3901073932647705,0.9785038232803345,-0.6390959620475769,4.999727809718024e-05,82
3.4001073837280273,0.9784995913505554,-0.639309287071228,5.260353327685152e-05,82
3.410107374191284,0.9784947037696838,-0.6395229697227478,5.531932430358211e-05,82
3.420107364654541,0.9784890413284302,-0.6397369503974915,5.816610087094887e-05,82
3.430107355117798,0.9784826636314392,-0.639951229095459,6.120524676589412e-05,83
3.4401073455810547,0.9784755110740662,-0.6401657462120056,6.420503063964134e-05,83
3.4501073360443115,0.9784677028656006,-0.6403803825378418,6.746069453811288e-05,83
3.4601073265075684,0.9784591794013977,-0.6405950784683228,7.096001434092614e-05,82
3.470107316970825,0.9784500002861023,-0.6408098340034485,7.452075578839867e-05,82
3.480107307434082,0.9784401059150696,-0.6410245299339294,7.828591952829811e-05,82
3.490107536315918,0.9784295558929443,-0.6412391066551208,8.21055721189623e-05,82
3.500107526779175,0.9784183502197266,-0.6414535045623779,8.595990777848783e-05,82
3.5101075172424316,0.9784064888954163,-0.6416677236557007,8.961056727230243e-05,82
3.5201075077056885,0.9783940315246582,-0.6418816447257996,9.295633060446562e-05,82
3.5301074981689453,0.9783810377120972,-0.6420953869819641,9.581327839214282e-05,83
3.540107488632202,0.9783675074577332,-0.6423088312149048,9.811343028331976e-05,83
3.550107479095459,0.9783535003662109,-0.6425220370292664,9.9310944563058e-05,83
3.560107469558716,0.9783390164375305,-0.6427351832389832,9.820265285043206e-05,83
3.5701074600219727,0.9783241152763367,-0.6429482698440552,9.367362326884177e-05,83
3.5801074504852295,0.9783088564872742,-0.6431615352630615,8.372472092332828e-05,83
3.5901074409484863,0.9782933592796326,-0.6433752775192261,6.55371568427654e-05,83
3.600107431411743,0.9782776236534119,-0.6435899138450623,3.322897896396171e-05,83
3.610107421875,0.9782617688179016,-0.643805980682373,-2.3451260403817287e-05,83
3.620107412338257,0.9782458543777466,-0.6440243124961853,-0.0001201418477307925,83
3.6301074028015137,0.9782301187515259,-0.6442461609840393,-0.0002913070637760029,83
3.6401073932647705,0.9782146215438843,-0.6444734930992126,-0.000596209718537466,83
3.6501073837280273,0.97819983959198,-0.6447094678878784,-0.0002856220829698941,83
3.660107374191284,0.9781845808029175,-0.6449584364891052,-0.00026573113569838824,83
3.670107364654541,0.9781703948974609,-0.6452323794364929,-0.0001599893215029624,83
3.680107355117798,0.9781567454338074,-0.6455593109130859,-4.3891095117487566e-05,83
3.682607412338257,0.9781528115272522,-0.6456590890884399,-4.7177323040159536e-05,83
3.685107469558716,0.9781497716903687,-0.6457701921463013,-4.575933735395665e-05,83
3.6869823932647705,0.9781476259231567,-0.6458659768104553,-7.196282922450337e-06,83
3.6873340606689453,0.9781468510627747,-0.6458825469017029,-5.0627261316549266e-06,83
3.6875977516174316,0.9781466126441956,-0.6458939909934998,-4.2806463511624315e-06,83
3.687795400619507,0.9781464338302612,-0.645902693271637,-3.4855952435464133e-06,83
3.687943696975708,0.9781463146209717,-0.6459093689918518,-2.6915611783806526e-06,83
3.6880550384521484,0.9781461954116821,-0.6459143757820129,-1.6074873201432638e-06,83
3.6880757808685303,0.9781461954116821,-0.6459150910377502,-7.910530769095203e-06,83
3.688077211380005,0.9781461954116821,-0.6459150910377502,-1.581857959820354e-05,83
3.6880784034729004,0.9781461954116821,-0.6459150910377502,1.5820049370063316e-05,83
3.688080310821533,0.9781461954116821,-0.6459150910377502,-1.5818602960848693e-05,83
3.6880834102630615,0.9781461954116821,-0.645915150642395,-5.362178967516229e-07,83
3.6880877017974854,0.9781461358070374,-0.645915150642395,2.0810599608012126e-06,83
3.6880943775177,0.9781461358070374,-0.6459150910377502,-7.119352858353523e-07,83
3.6881041526794434,0.9781461358070374,-0.6459150314331055,1.7859842955658678e-06,83
3.6881191730499268,0.9781461358070374,-0.6459149718284607,5.3848664265387924e-06,83
3.6881203651428223,0.9781461358070374,-0.6459149718284607,1.1877489058065294e-05,83
3.688122510910034,0.9781461358070374,-0.6459149718284607,-1.434549568557486e-05,83
3.6881256103515625,0.9781461358070374,-0.6459149718284607,1.4344925276077447e-05,83
3.6881303787231445,0.9781461358070374,-0.6459149718284607,2.9684401852136943e-06,83
3.6881375312805176,0.9781461358070374,-0.6459149718284607,2.99279213322734e-06,83
3.688148021697998,0.9781461358070374,-0.6459149718284607,7.20689058653079e-07,83
3.6881637573242188,0.9781461358070374,-0.6459150314331055,-1.5607934642503096e-06,83
3.688187599182129,0.9781461954116821,-0.6459150910377502,2.3632037819965035e-06,83
3.6881966590881348,0.9781461954116821,-0.6459150910377502,-1.284204358853458e-06,83
3.688199996948242,0.9781461358070374,-0.645915150642395,1.99575307391342e-06,83
3.6882050037384033,0.9781461358070374,-0.645915150642395,-3.2293064577970654e-07,83
3.6882123947143555,0.9781461358070374,-0.6459150910377502,1.0897638276219368e-06,83
3.6882238388061523,0.9781461358070374,-0.6459150314331055,1.7686011801743007e-06,83
3.6882407665252686,0.9781461358070374,-0.6459148526191711,6.865062836425295e-06,83
3.688242197036743,0.9781461358070374,-0.6459148526191711,9.239127699345318e-06,83
3.688244581222534,0.9781461358070374,-0.6459148526191711,9.237995961086654e-06,83
3.6882481575012207,0.9781461358070374,-0.6459148526191711,-2.5816150355240097e-06,83
3.68825364112854,0.9781461358070374,-0.6459148526191711,-2.5773806555662304e-06,83
3.6882615089416504,0.9781461358070374,-0.6459148526191711,4.630928742699325e-07,83
3.6882736682891846,0.9781461358070374,-0.6459149122238159,-1.0337100775359431e-06,83
3.6882917881011963,0.9781461358070374,-0.6459149718284607,2.801625441861688e-06,83
3.6883187294006348,0.9781461954116821,-0.6459150910377502,-6.184298612765815e-06,83
3.688321352005005,0.9781461954116821,-0.6459150910377502,-1.3268276561007042e-05,83
3.6883251667022705,0.9781461954116821,-0.6459150910377502,-1.3265804710727025e-05,83
3.688330888748169,0.9781461954116821,-0.6459150910377502,-1.326808158808035e-05,83
3.6883394718170166,0.9781461954116821,-0.645915150642395,2.6524987237763753e-06,83
3.688352346420288,0.9781461358070374,-0.645915150642395,2.6424407959524387e-06,83
3.6883716583251953,0.9781461358070374,-0.645915150642395,5.193634535771707e-07,83
3.6884007453918457,0.9781461358070374,-0.6459150910377502,1.4576596640836215e-06,83
3.688444137573242,0.9781461358070374,-0.6459149718284607,-1.7541728425385372e-06,83
3.688509225845337,0.9781461358070374,-0.6459147930145264,-8.358628150517688e-06,83
3.6885154247283936,0.9781461358070374,-0.6459147930145264,8.353189535625916e-06,83
3.6885244846343994,0.9781461358070374,-0.6459147930145264,8.352743520845252e-06,83
3.6885383129119873,0.9781461358070374,-0.6459147334098816,2.944362904599984e-06,83
3.68855881690979,0.9781461358070374,-0.6459147334098816,-2.9461273243214237e-06,83
3.6885898113250732,0.9781461358070374,-0.6459147334098816,2.37352501031296e-06,83
3.688636302947998,0.9781461358070374,-0.6459147930145264,-1.2029573355221146e-06,83
3.6887059211730957,0.9781461358070374,-0.6459148526191711,1.3275696346681798e-06,83
3.688810110092163,0.9781461954116821,-0.6459150314331055,7.5292077781341504e-06,83
3.6888198852539062,0.9781461954116821,-0.6459150314331055,1.0133093681474747e-05,83
3.6888346672058105,0.9781461954116821,-0.6459150314331055,1.0133233757869675e-05,83
3.688856601715088,0.9781461954116821,-0.6459150314331055,-2.419531938357977e-06,83
3.688889741897583,0.9781461358070374,-0.6459150910377502,-2.4120956823026063e-06,83
3.688939332962036,0.9781461358070374,-0.6459150314331055,-5.856875873178069e-07,83
3.6890134811401367,0.9781461358070374,-0.6459150314331055,1.2375505775708007e-06,83
3.6891250610351562,0.9781461358070374,-0.6459149718284607,1.80087624812586e-06,83
3.6892921924591064,0.9781461358070374,-0.6459147930145264,6.784783124658134e-06,83
3.689307928085327,0.9781461358070374,-0.6459147930145264,1.1777954540548308e-05,83
3.689331531524658,0.9781461358070374,-0.6459147930145264,-1.1778960171682229e-05,83
3.689366579055786,0.9781461358070374,-0.6459147930145264,2.3684881398366997e-06,83
3.6894195079803467,0.9781461358070374,-0.6459147334098816,-2.3622694698133273e-06,83
3.6894989013671875,0.9781461358070374,-0.6459147930145264,-2.682778490026294e-06,83
3.689617872238159,0.9781461358070374,-0.6459147930145264,-9.709959272186097e-07,83
3.6897964477539062,0.9781461358070374,-0.6459148526191711,2.520855900911556e-06,83
3.6900644302368164,0.9781461954116821,-0.6459150314331055,6.112679841407953e-06,83
3.690089464187622,0.9781461954116821,-0.6459150314331055,1.3120853068926408e-05,83
3.69012713432312,0.9781461954116821,-0.6459150314331055,-1.3116045423089417e-05,83
3.690183639526367,0.9781461954116821,-0.6459150314331055,-1.3116032143045686e-05,83
3.6902682781219482,0.9781461954116821,-0.6459150314331055,2.647461087690317e-06,83
3.6903955936431885,0.9781461358070374,-0.6459150314331055,-2.668509978320799e-06,83
3.6905860900878906,0.9781461358070374,-0.6459150314331055,5.911343237130495e-07,83
3.6908721923828125,0.9781461358070374,-0.6459149718284607,1.5210624724204536e-06,83
3.691301107406616,0.9781461358070374,-0.6459149122238159,-1.849661884989473e-06,83
3.6919445991516113,0.9781461358070374,-0.6459146738052368,8.261600335401909e-06,83
3.692004919052124,0.9781461358070374,-0.6459146738052368,-8.262547538606668e-06,83
3.6920955181121826,0.9781461358070374,-0.6459146738052368,8.259956686629266e-06,83
3.6922311782836914,0.9781461358070374,-0.6459146738052368,-2.9073098630760796e-06,83
3.692434787750244,0.9781461358070374,-0.645914614200592,-2.9102297958161216e-06,83
3.6927402019500732,0.9781461358070374,-0.6459146738052368,2.598619872173913e-06,83
3.6931984424591064,0.9781461358070374,-0.6459146738052368,-9.409301924279134e-07,83
3.693885564804077,0.9781461358070374,-0.6459147334098816,-1.8514168118599628e-06,83
3.6949164867401123,0.9781461954116821,-0.6459149122238159,-7.440562669103201e-06,83
3.6950130462646484,0.9781461954116821,-0.6459149122238159,-1.0018215881757442e-05,83
3.695158004760742,0.9781461954116821,-0.6459149122238159,-1.0021471204879617e-05,83
3.695375442504883,0.9781461954116821,-0.6459149122238159,2.342158495594049e-06,83
3.6957015991210938,0.9781461954116821,-0.6459149122238159,-2.3514398890256416e-06,83
3.69619083404541,0.9781461358070374,-0.6459149122238159,-5.033664933762338e-07,83
3.6969246864318848,0.9781461358070374,-0.6459148526191711,1.3284245028444275e-06,83
3.6980252265930176,0.9781461358070374,-0.6459147930145264,1.6033471297305368e-06,83
3.699676513671875,0.9781461358070374,-0.645914614200592,6.711990856445027e-06,83
3.699831247329712,0.9781461358070374,-0.645914614200592,1.1643485059664727e-05,83
3.700063467025757,0.9781461358070374,-0.645914614200592,1.1647582958573821e-05,83
3.700411796569824,0.9781461358070374,-0.6459145545959473,2.445904101477936e-06,83
3.7009341716766357,0.9781461358070374,-0.6459145545959473,2.434592715871986e-06,83
3.7017178535461426,0.9781461358070374,-0.6459145545959473,-2.6534664954169784e-06,83
3.7028932571411133,0.9781461358070374,-0.645914614200592,-1.775679947968456e-06,83
3.7046563625335693,0.9781461358070374,-0.6459146738052368,-2.3650163569755023e-06,83
3.707301139831543,0.9781461954116821,-0.6459147930145264,6.042609356882167e-06,83
3.7075490951538086,0.9781461954116821,-0.6459147930145264,-1.296850784626713e-05,83
3.707921028137207,0.9781461954116821,-0.6459147930145264,-1.2972116934406586e-05,83
3.7084789276123047,0.9781461954116821,-0.6459147930145264,-1.2976911293094417e-05,83
3.709315776824951,0.9781461954116821,-0.6459147930145264,-2.7615797080216e-06,83
3.710571050643921,0.9781461954116821,-0.6459148526191711,-2.7829998998640804e-06,83
3.712453842163086,0.9781461358070374,-0.6459147930145264,-2.1082664716232102e-06,83
3.715278148651123,0.9781461358070374,-0.6459147334098816,1.5893193676674855e-06,83
3.7195146083831787,0.9781461358070374,-0.6459146738052368,1.7886086993712524e-06,83
3.7258691787719727,0.9781461358070374,-0.6459144353866577,8.16472912390509e-06,83
3.7264647483825684,0.9781461358070374,-0.6459144353866577,8.165198764231718e-06,83
3.72735857963562,0.9781461358070374,-0.6459144353866577,8.165801439474762e-06,83
3.728698968887329,0.9781461358070374,-0.6459144353866577,-3.0125352168397512e-06,83
3.7307095527648926,0.9781461358070374,-0.6459143757820129,2.9865868782508187e-06,83
3.7337255477905273,0.9781461358070374,-0.6459144353866577,-2.6522163452114e-06,83
3.7382493019104004,0.9781461358070374,-0.6459144353866577,-1.0228737181705583e-06,83
3.745035409927368,0.9781461954116821,-0.6459144949913025,2.4305112731326517e-06,83
3.755035400390625,0.9781461954116821,-0.6459146738052368,2.414045454202096e-06,83
3.757535219192505,0.9781461954116821,-0.6459146738052368,4.550995788221712e-06,83
3.7584729194641113,0.9781461954116821,-0.6459146738052368,-3.0430840070039267e-06,83
3.7598791122436523,0.9781461954116821,-0.6459147334098816,3.020930080310791e-06,83
3.761988401412964,0.9781461358070374,-0.6459146738052368,-1.930018733276029e-06,83
3.7651524543762207,0.9781461358070374,-0.6459146738052368,nan,nan
#GNA2
0.0,0.0,0.0,-3.3223035700302717e-07,0
0.029999999329447746,0.029988305643200874,-0.01808447390794754,-3.832489625565927e-05,0
0.05999999865889549,0.059952426701784134,-0.036158084869384766,-4.366268002087281e-05,0
0.09000000357627869,0.08989126980304718,-0.05422038212418556,-4.951980587719618e-05,0
0.11999999731779099,0.11980362981557846,-0.07227086275815964,-5.663792100563114e-05,0
0.15000000596046448,0.14968815445899963,-0.09030897170305252,-6.488947957450364e-05,0
0.18000000715255737,0.17954330146312714,-0.10833405703306198,-7.468498723994799e-05,0
0.20999999344348907,0.20936737954616547,-0.1263454258441925,-8.63744746482098e-05,0
0.23999999463558197,0.23915839195251465,-0.14434222877025604,-0.00010047010295011205,0
0.27000001072883606,0.2689141035079956,-0.16232351958751678,-0.00011768237540366044,0
0.30000001192092896,0.2986319065093994,-0.1802881807088852,-0.00013909805963407962,0
0.33000001311302185,0.32830873131752014,-0.1982349157333374,-0.00016577614874790925,0
0.36000001430511475,0.3579409718513489,-0.21616216003894806,-0.0001996605405736318,0
0.38999998569488525,0.3875243067741394,-0.23406802117824554,-0.00024308202310407978,0
0.41999998688697815,0.41705355048179626,-0.2519502341747284,-0.00029954475826343696,0
0.44999998807907104,0.4465223550796509,-0.26980599761009216,-0.0003741884136729823,0
0.47999998927116394,0.47592291235923767,-0.28763172030448914,-0.00047404612917034683,0
0.5099999904632568,0.5052453875541687,-0.3054230213165283,-0.0006096120266363414,0
0.5400000214576721,0.5344772934913635,-0.3231740891933441,-0.0007965401679541628,0
0.5699999928474426,0.5636025667190552,-0.3408774137496948,-0.0010579524935110385,0
0.6000000238418579,0.5926000475883484,-0.35852304100990295,-0.001428551944826495,0
0.6299999952316284,0.6214416027069092,-0.3760974109172821,-0.001959819827618503,0
0.6600000262260437,0.6500890254974365,-0.39358195662498474,-0.0027275189742681505,0
0.6899999976158142,0.6784895062446594,-0.410950630903244,-0.003837321656533277,0
0.7200000286102295,0.7065691351890564,-0.4281664490699768,-0.00542241649867492,0
0.75,0.7342227697372437,-0.44517603516578674,-0.007606922866045807,0
0.7799999713897705,0.7613001465797424,-0.46190208196640015,-0.010384465833681134,0
0.8100000023841858,0.7875875234603882,-0.47823312878608704,-0.013346659725073096,0
0.8399999737739563,0.8127890229225159,-0.49401289224624634,-0.015341977399089046,0
0.8700000047683716,0.8365199565887451,-0.5090358853340149,-0.014657152163977116,0
0.8999999761581421,0.8583369255065918,-0.5230634212493896,3.5352138070265937e-06,0
0.9300000071525574,0.8778307437896729,-0.5358744263648987,7.474829487819079e-06,8
0.9599999785423279,0.8947439193725586,-0.5473341941833496,0.00484595406965127,12
0.9900000095367432,0.9090674519538879,-0.5574465394020081,0.0035878144187790895,16
1.0199999809265137,0.9210154414176941,-0.5663479566574097,0.002876281577755435,19
1.0499999523162842,0.9309160113334656,-0.5742346048355103,0.0017884381979911268,21
1.0800000429153442,0.9391238689422607,-0.5813267230987549,0.0013368359514061012,23
1.1100000143051147,0.94596266746521,-0.587822437286377,-0.0019624624288212544,25
1.1399999856948853,0.9517033100128174,-0.5938807725906372,-0.0020206463917133988,29
1.1699999570846558,0.9565629363059998,-0.5996511578559875,-0.0020496032706773804,36
1.2000000476837158,0.9607130885124207,-0.6052318215370178,-0.00198150104074557,40
1.2300000190734863,0.9642877578735352,-0.6107092499732971,-0.0019420897018562755,44
1.2599999904632568,0.9673922657966614,-0.6161510348320007,-0.0018883830858840156,47
1.2899999618530273,0.9701092839241028,-0.6216102838516235,-0.00010860048564609315,56
1.3200000524520874,0.9725045561790466,-0.6271317005157471,-0.0004532557431033979,61
1.350000023841858,0.9746352434158325,-0.6327584385871887,-0.0001556023340185675,67
1.3799999952316284,0.9765447974205017,-0.6385341882705688,-0.0015669268009901316,75
1.409999966621399,0.9782480597496033,-0.6444166898727417,-0.0027124871315322707,86
1.440000057220459,0.9797861576080322,-0.6504532098770142,-6.236860241415343e-05,90
1.4700000286102295,0.9811825156211853,-0.6566795706748962,-5.016203658669838e-05,96
1.5,0.9824594259262085,-0.6631089448928833,-9.655074859438173e-05,101
1.5299999713897705,0.9836271405220032,-0.6697319149971008,-0.0012628806923089542,107
1.559999942779541,0.9846989512443542,-0.676547110080719,0.09570577877843789,118
1.590000033378601,0.9873159527778625,-0.6970016360282898,-0.000866664755903912,124
1.6200000047683716,0.9883456230163574,-0.7069430351257324,-3.3162101885864104e-05,129
1.649999976158142,0.9890838861465454,-0.7148969173431396,-4.895913349400871e-05,131
1.6799999475479126,0.9897783994674683,-0.7230970859527588,-0.0010721460586751164,137
1.7100000381469727,0.9904303550720215,-0.7315075397491455,-0.0011356542116800483,139
1.7400000095367432,0.9910455346107483,-0.7401494979858398,-0.00041736016385129915,143
1.7699999809265137,0.9916274547576904,-0.749032199382782,-0.00026787895933466643,146
1.7999999523162842,0.9922873377799988,-0.7599859237670898,-0.0010466324985145548,148
1.8300000429153442,0.9928067922592163,-0.7693631052970886,-0.0010391080972453892,152
1.8600000143051147,0.9933016896247864,-0.7789689898490906,-0.0010639462365134023,152
1.8899999856948853,0.9937742352485657,-0.7888010144233704,-0.0010884293008075474,153
1.9199999570846558,0.9942262768745422,-0.7988584637641907,-0.0011459597722591752,154
1.9500000476837158,0.9946596026420593,-0.8091400861740112,-0.0012076855614395754,157
1.9800000190734863,0.9950757026672363,-0.8196423649787903,0.00014259113163461734,159
2.009999990463257,0.9954760074615479,-0.8303641676902771,-0.0001573468094306918,162
2.0399999618530273,0.9958659410476685,-0.8414272665977478,-0.0013277140310492541,164
2.069999933242798,0.996238112449646,-0.8525800704956055,-0.0011550067105758899,163
2.0999999046325684,0.9965976476669312,-0.8639464378356934,-0.0010861487492661581,166
2.130000114440918,0.9969456195831299,-0.8755220174789429,-0.0010868065715499142,166
2.1600000858306885,0.9972829222679138,-0.8873043656349182,-0.0011018118503329788,166
2.190000057220459,0.997610330581665,-0.8992906808853149,-0.0011192198527396613,167
2.2200000286102295,0.9979284405708313,-0.9114797115325928,-0.0011514209719507562,171
2.25,0.9982380270957947,-0.9238658547401428,-0.00029080249674962033,171
2.2799999713897705,0.9985395073890686,-0.9364531636238098,-0.00021266840201406012,173
2.309999942779541,0.998833954334259,-0.9492416381835938,-0.0011179185219134524,174
2.3399999141693115,0.9991211891174316,-0.9622070789337158,-0.0011441380690371261,173
2.369999885559082,0.999401867389679,-0.975360095500946,-0.0011561785833578142,173
2.4000000953674316,0.9996764659881592,-0.9886974692344666,-0.0012235984432322766,174
2.430000066757202,0.999945342540741,-1.00221586227417,0.0038314644972388123,174
2.4600000381469727,1.0002100467681885,-1.016025424003601,0.007102279347094509,175
2.490000009536743,1.0004819631576538,-1.0306206941604614,-0.0011778576559322573,177
2.5199999809265137,1.0007363557815552,-1.044677972793579,-0.001194044846840825,177
2.549999952316284,1.0009856224060059,-1.0589057207107544,-0.0012090852291066767,177
2.5799999237060547,1.0012308359146118,-1.0733009576797485,-0.001297930991654539,177
2.609999895095825,1.0014721155166626,-1.0878616571426392,-0.001905506780133237,177
2.640000104904175,1.0017098188400269,-1.1025835275650024,-0.0012425009399521514,178
2.6700000762939453,1.0019440650939941,-1.1174649000167847,-0.0012472290179630363,177
2.700000047683716,1.0021750926971436,-1.1325032711029053,-0.0012659583607614877,176
2.7300000190734863,1.0024031400680542,-1.1476958990097046,-0.0013103450886546852,177
2.759999990463257,1.0026284456253052,-1.1630398035049438,-0.0013553695839050306,177
2.7899999618530273,1.002850890159607,-1.178532600402832,-0.0016497128979153786,177
2.819999933242798,1.0030709505081177,-1.1941672563552856,-0.0016491508795866139,177
2.820117235183716,1.0030709505081177,-1.1941672563552856,-0.0016485057444697304,177
2.8202929496765137,1.0030709505081177,-1.1941672563552856,-0.0016472782717755763,177
2.820556640625,1.0030709505081177,-1.1941672563552856,-0.0016457028522722794,177
2.8209521770477295,1.0030709505081177,-1.1941673755645752,-0.0016432438993092546,177
2.821545362472534,1.0030709505081177,-1.1941673755645752,-0.0016395482395523686,177
2.8224353790283203,1.0030709505081177,-1.1941674947738647,-0.0016374397179674816,177
2.8227689266204834,1.0030709505081177,-1.1941676139831543,-0.0016342892335501347,177
2.8232696056365967,1.0030709505081177,-1.1941676139831543,-0.0016325392062981336,177
2.8234572410583496,1.0030709505081177,-1.1941677331924438,-0.0016298415613391626,177
2.8237388134002686,1.0030709505081177,-1.1941678524017334,-0.0016258279127896458,177
2.8241612911224365,1.0030709505081177,-1.194167971611023,-0.0016236603648280834,177
2.82431960105896,1.0030709505081177,-1.194167971611023,-0.0016201335609480338,177
2.824557065963745,1.0030709505081177,-1.1941680908203125,-0.001618405431543124,177
2.824646234512329,1.0030709505081177,-1.194168210029602,-0.0016155369602302017,177
2.824779987335205,1.0030709505081177,-1.194168210029602,-0.0016139174308591464,177
2.8248300552368164,1.0030709505081177,-1.1941683292388916,-0.0016115046017262102,177
2.8249051570892334,1.0030709505081177,-1.1941683292388916,-0.0016078058108064397,177
2.8250179290771484,1.0030709505081177,-1.1941684484481812,-0.0016058733529575875,177
2.8250601291656494,1.0030709505081177,-1.1941685676574707,-0.0016027850741693328,177
2.8251235485076904,1.0030709505081177,-1.1941685676574707,-0.001601215362882158,177
2.8251473903656006,1.0030709505081177,-1.1941686868667603,-0.0015985052239102515,177
2.825183153152466,1.0030709505081177,-1.1941688060760498,-0.0015948772684168944,177
2.8252365589141846,1.0030709505081177,-1.1941689252853394,-0.00159250177011927,177
2.825256586074829,1.0030709505081177,-1.1941689252853394,-0.0015892590154180652,177
2.825286865234375,1.0030709505081177,-1.194169044494629,-0.0015875599798391704,177
2.8252980709075928,1.0030709505081177,-1.194169044494629,-0.0015847799591597322,177
2.825314998626709,1.0030709505081177,-1.1941691637039185,-0.0015831858717660907,177
2.8253214359283447,1.0030709505081177,-1.194169282913208,-0.0015809572709031272,177
2.825330972671509,1.0030709505081177,-1.194169282913208,-0.001577471113989759,177
2.825345039367676,1.0030709505081177,-1.1941694021224976,-0.0015755523961047402,177
2.825350522994995,1.0030709505081177,-1.1941694021224976,-0.0015725430654356387,177
2.8253586292266846,1.0030709505081177,-1.194169521331787,-0.0015709803307686343,177
2.825361490249634,1.0030709505081177,-1.1941696405410767,-0.001568517513135248,177
2.8253660202026367,1.0030709505081177,-1.1941696405410767,-0.0015648199980091704,177
2.8253729343414307,1.0030709505081177,-1.1941697597503662,-0.0015627666637101356,177
2.8253753185272217,1.0030709505081177,-1.1941698789596558,-0.00155959962887664,177
2.8253791332244873,1.0030709505081177,-1.1941699981689453,-0.0015578713598642935,177
2.825380563735962,1.0030709505081177,-1.1941699981689453,-0.001555281158687194,177
2.825382709503174,1.0030709505081177,-1.1941701173782349,-0.0015513498492509825,177
2.8253860473632812,1.0030709505081177,-1.1941702365875244,-0.0015491506005673727,177
2.8253872394561768,1.0030709505081177,-1.1941702365875244,-0.00154575937079926,177
2.8253891468048096,1.0030709505081177,-1.194170355796814,-0.0015439019859400105,177
2.8253896236419678,1.0030709505081177,-1.1941704750061035,-0.0015411205817486007,177
2.8253908157348633,1.0030709505081177,-1.1941704750061035,-0.001539593798668193,177
2.8253910541534424,1.0030709505081177,-1.194170594215393,-0.0015372129630577547,177
2.8253917694091797,1.0030709505081177,-1.194170594215393,-0.001533520278371725,177
2.825392484664917,1.0030709505081177,-1.1941707134246826,-0.0015316325241201412,177
2.825392961502075,1.0030709505081177,-1.1941708326339722,-0.0015286666825318207,177
2.8253934383392334,1.0030709505081177,-1.1941708326339722,-0.0015269410559426433,177
2.8253934383392334,1.0030709505081177,-1.1941709518432617,-0.0015243408061564878,177
2.8253939151763916,1.0030709505081177,-1.1941710710525513,-0.001520700010019027,177
2.8253941535949707,1.0030709505081177,-1.1941711902618408,-0.001518426034294862,177
2.82539439201355,1.0030709505081177,-1.1941711902618408,-0.0015153084447092624,177
2.825394630432129,1.0030709505081177,-1.1941713094711304,-0.0015134787294073249,177
2.825394630432129,1.0030709505081177,-1.1941713094711304,-0.001510761607448785,177
2.825394868850708,1.0030709505081177,-1.19417142868042,-0.0015091671093614423,177
2.825394868850708,1.0030709505081177,-1.19417142868042,-0.0015069571890080624,177
2.825394868850708,1.0030709505081177,-1.1941715478897095,-0.0015036153618552817,177
2.825395107269287,1.0030709505081177,-1.194171667098999,-0.0015017258657508137,177
2.825395107269287,1.0030709505081177,-1.194171667098999,-0.0014987422942454032,177
2.825395107269287,1.0030709505081177,-1.1941717863082886,-0.0014971964011465388,177
2.825395107269287,1.0030709505081177,-1.1941719055175781,-0.0014946472552992418,177
2.825395107269287,1.0030709505081177,-1.1941719055175781,-0.0014910476905924952,177
2.825395345687866,1.0030709505081177,-1.1941720247268677,-0.0014889653327827546,177
2.825395345687866,1.0030709505081177,-1.1941721439361572,-0.0014858959398225124,177
2.825395345687866,1.0030709505081177,-1.1941721439361572,-0.0014842660625049575,177
2.825395345687866,1.0030709505081177,-1.1941722631454468,-0.0014815409459743023,177
2.825395345687866,1.0030709505081177,-1.1941722631454468,-0.0014777461976223094,177
2.825395345687866,1.0030709505081177,-1.1941723823547363,-0.0014754284606510737,177
2.825395345687866,1.0030709505081177,-1.1941725015640259,-0.0014722525397701247,177
2.825395345687866,1.0030709505081177,-1.1941726207733154,-0.0014703753660114671,177
2.825395345687866,1.0030709505081177,-1.1941726207733154,-0.0014676635436785546,177
2.825395345687866,1.0030709505081177,-1.194172739982605,-0.001466058488915678,177
2.825395345687866,1.0030709505081177,-1.194172739982605,-0.0014636238943808166,177
2.825395345687866,1.0030709505081177,-1.1941728591918945,-0.0014601787620449613,177
2.825395345687866,1.0030709505081177,-1.194172978401184,-0.0014581098226358336,177
2.825395345687866,1.0030709505081177,-1.194172978401184,-0.0014551887819607146,177
2.825395345687866,1.0030709505081177,-1.1941730976104736,-0.0014535096509575851,177
2.825395345687866,1.0030709505081177,-1.1941732168197632,-0.0014510640768321537,177
2.825395345687866,1.0030709505081177,-1.1941732168197632,-0.0014472491911305951,177
2.825395345687866,1.0030709505081177,-1.1941733360290527,-0.0014452196903107506,177
2.825395345687866,1.0030709505081177,-1.1941734552383423,-0.0014419165202639306,177
2.825395345687866,1.0030709505081177,-1.1941735744476318,-0.0014402099200765406,177
2.825395345687866,1.0030709505081177,-1.1941735744476318,-0.0014376249985161849,177
2.825395345687866,1.0030709505081177,-1.1941736936569214,-0.0014336218218318209,177
2.825395345687866,1.0030709505081177,-1.194173812866211,-0.0014313232693439204,177
2.825395345687866,1.0030709505081177,-1.194173812866211,-0.0014278510449798887,177
2.825395345687866,1.0030709505081177,-1.1941739320755005,-0.0014260340976761654,177
2.825395345687866,1.0030709505081177,-1.19417405128479,-0.001423175120066844,177
2.825395345687866,1.0030709505081177,-1.19417405128479,-0.0014215604236369472,177
2.825395345687866,1.0030709505081177,-1.1941741704940796,-0.0014191818307836002,177
2.825395345687866,1.0030709505081177,-1.1941741704940796,-0.0014155699736306815,177
2.825395345687866,1.0030709505081177,-1.1941742897033691,-0.0014134888708667859,177
2.825395345687866,1.0030709505081177,-1.1941744089126587,-0.0014104441112294808,177
2.825395345687866,1.0030709505081177,-1.1941745281219482,-0.0014087306708461256,177
2.825395345687866,1.0030709505081177,-1.1941745281219482,-0.0014062676476669367,177
2.825395345687866,1.0030709505081177,-1.1941746473312378,-0.0014023825767139897,177
2.825395345687866,1.0030709505081177,-1.1941747665405273,-0.0014001794617684027,177
2.825395345687866,1.0030709505081177,-1.1941747665405273,-0.0013969498007782022,177
2.825395345687866,1.0030709505081177,-1.194174885749817,-0.0013951205120292798,177
2.825395345687866,1.0030709505081177,-1.1941750049591064,-0.0013923009315703894,177
2.825395345687866,1.0030709505081177,-1.1941750049591064,-0.0013907900175809118,177
2.825395345687866,1.0030709505081177,-1.194175124168396,-0.001388507180479337,177
2.825395345687866,1.0030709505081177,-1.194175124168396,-0.0013850063865561424,177
2.825395345687866,1.0030709505081177,-1.1941752433776855,-0.0013831092041982629,177
2.825395345687866,1.0030710697174072,-1.194175362586975,-0.001380187515394482,177
2.825395345687866,1.0030710697174072,-1.194175362586975,-0.001378530272916123,177
2.825395345687866,1.0030710697174072,-1.1941754817962646,-0.0013760836865230885,177
2.825395345687866,1.0030710697174072,-1.1941754817962646,-0.0013723362390010152,177
2.825395345687866,1.0030710697174072,-1.1941756010055542,-0.001370241342499412,177
2.825395345687866,1.0030710697174072,-1.1941757202148438,-0.001367113311630419,177
2.825395345687866,1.0030710697174072,-1.1941758394241333,-0.0013654118761792233,177
2.825395345687866,1.0030710697174072,-1.1941758394241333,-0.0013627706421743824,177
2.825395345687866,1.0030710697174072,-1.1941759586334229,-0.0013587844273956762,177
2.825395345687866,1.0030710697174072,-1.1941760778427124,-0.0013564650204216377,177
2.825395345687866,1.0030710697174072,-1.1941760778427124,-0.0013532191067611166,177
2.825395345687866,1.0030710697174072,-1.194176197052002,-0.0013512664060613133,177
2.825395345687866,1.0030710697174072,-1.1941763162612915,-0.0013485284879379833,177
2.825395345687866,1.0030710697174072,-1.194176435470581,-0.0013468915915950674,177
2.825395345687866,1.0030710697174072,-1.194176435470581,-0.0013445095481756653,177
2.825395345687866,1.0030710697174072,-1.1941765546798706,-0.001340984065052453,177
2.825395345687866,1.0030710697174072,-1.1941765546798706,-0.0013389552458988874,177
2.825395345687866,1.0030710697174072,-1.1941766738891602,-0.0013359824019971711,177
2.825395345687866,1.0030710697174072,-1.1941767930984497,-0.0013342924622747887,177
2.825395345687866,1.0030710697174072,-1.1941767930984497,-0.0013317244203108203,177
2.825395345687866,1.0030710697174072,-1.1941769123077393,-0.0013279151997380723,177
2.825395345687866,1.0030710697174072,-1.1941770315170288,-0.0013258449005206785,177
2.825395345687866,1.0030710697174072,-1.1941770315170288,-0.0013226029757902324,177
2.825395345687866,1.0030710697174072,-1.1941771507263184,-0.0013207204685841134,177
2.825395345687866,1.0030710697174072,-1.194177269935608,-0.0013179881212295186,177
2.825395345687866,1.0030710697174072,-1.194177269935608,-0.0013164787241635167,177
2.825395345687866,1.0030710697174072,-1.1941773891448975,-0.0013142196524427163,177
2.825395345687866,1.0030710697174072,-1.1941773891448975,-0.0013106856302442793,177
2.825395345687866,1.0030710697174072,-1.194177508354187,-0.0013089165339010833,177
2.825395345687866,1.0030710697174072,-1.1941776275634766,-0.0013059811957418788,177
2.825395345687866,1.0030710697174072,-1.1941776275634766,-0.0013043923485724918,177
2.825395345687866,1.0030710697174072,-1.1941777467727661,-0.001301801814747705,177
2.825395345687866,1.0030710697174072,-1.1941777467727661,-0.0012982703397028672,177
2.825395345687866,1.0030710697174072,-1.1941778659820557,-0.001296152597035416,177
2.825395345687866,1.0030710697174072,-1.1941779851913452,-0.0012930591357758203,177
2.825395345687866,1.0030710697174072,-1.1941781044006348,-0.0012913440647821517,177
2.825395345687866,1.0030710697174072,-1.1941781044006348,-0.0012887286795830732,177
2.825395345687866,1.0030710697174072,-1.1941782236099243,-0.0012847939668176878,177
2.825395345687866,1.0030710697174072,-1.1941783428192139,-0.0012825807440890458,177
2.825395345687866,1.0030710697174072,-1.1941783428192139,-0.0012792233052323354,177
2.825395345687866,1.0030710697174072,-1.1941784620285034,-0.001277436603231763,177
2.825395345687866,1.0030710697174072,-1.194178581237793,-0.0012747051945325438,177
2.825395345687866,1.0030710697174072,-1.194178581237793,-0.0012730863582532947,177
2.825395345687866,1.0030710697174072,-1.1941787004470825,-0.0012708383815152047,177
2.825395345687866,1.0030710697174072,-1.1941787004470825,-0.0012671992588479952,177
2.825395345687866,1.0030710697174072,-1.194178819656372,-0.0012651612916556587,177
2.825395345687866,1.0030710697174072,-1.1941789388656616,-0.001262204689965074,177
2.825395345687866,1.0030710697174072,-1.1941790580749512,-0.0012605629390236572,177
2.825395345687866,1.0030710697174072,-1.1941790580749512,-0.0012580274603806174,177
2.825395345687866,1.0030710697174072,-1.1941791772842407,-0.0012542875599592662,177
2.825395345687866,1.0030710697174072,-1.1941792964935303,-0.0012521961983793517,177
2.825395345687866,1.0030710697174072,-1.1941792964935303,-0.0012489904187305,177
2.825395345687866,1.0030710697174072,-1.1941794157028198,-0.0012471748374878189,177
2.825395345687866,1.0030710697174072,-1.1941794157028198,-0.0012444760437233526,177
2.825395345687866,1.0030710697174072,-1.1941795349121094,-0.0012405282758436442,177
2.825395345687866,1.0030710697174072,-1.194179654121399,-0.0012383223369170082,177
2.825395345687866,1.0030710697174072,-1.1941797733306885,-0.0012349788880214874,177
2.825395345687866,1.0030710697174072,-1.194179892539978,-0.0012330648644365283,177
2.825395345687866,1.0030710697174072,-1.194179892539978,-0.001230081762514601,177
2.825395345687866,1.0030710697174072,-1.1941800117492676,-0.0012274852641667167,177
2.825395345687866,1.0030710697174072,-1.1941800117492676,-0.0012236070426752121,177
2.825395345687866,1.0030710697174072,-1.1941801309585571,-0.0012196076851296311,177
2.825395345687866,1.0030710697174072,-1.1941802501678467,-7.447785220450612,177
2.825395345687866,1.0030710697174072,-1.1941802501678467,nan,nan
#GNA3
0.0,0.0,0.0,3.713720104769891e-07,0
0.05000000074505806,0.04996732622385025,-0.0301348939538002,-0.0003335835563831324,0
0.10000000149011612,0.09986547380685806,-0.0602387934923172,-0.0004208525429945098,0
0.15000000596046448,0.14968882501125336,-0.09030937403440475,-0.0005376397508030095,0
0.20000000298023224,0.19943059980869293,-0.12034381926059723,-0.0006974012088107884,0
0.25,0.24908244609832764,-0.15033861994743347,-0.0009209495582780391,0
0.30000001192092896,0.2986339032649994,-0.1802893728017807,-0.001241679472713031,0
0.3499999940395355,0.34807145595550537,-0.2101903110742569,-0.001714436912493511,0
0.4000000059604645,0.3973773419857025,-0.24003373086452484,-0.0024327286288894356,0
0.44999998807907104,0.446527361869812,-0.2698090076446533,-0.003560675315014805,0
0.5,0.4954875409603119,-0.299500972032547,-0.005395766918297795,0
0.550000011920929,0.5442083477973938,-0.32908692955970764,-0.008495869610555928,0
0.6000000238418579,0.592614471912384,-0.3585318326950073,-0.013932416516183821,0
0.6499999761581421,0.640586256980896,-0.3877785801887512,-0.023772316356541978,0
0.699999988079071,0.687924325466156,-0.4167298674583435,1.4470041946879064e-06,0
0.75,0.7342814803123474,-0.44521206617355347,1.7261186826544872e-06,0
0.800000011920929,0.7790306210517883,-0.4729047417640686,-8.709012035978958e-07,0
0.8500000238418579,0.8210577368736267,-0.499225378036499,3.903442745922803e-06,0
0.8999999761581421,0.8586050868034363,-0.5232369899749756,4.595047192879065e-05,5
0.949999988079071,0.889726459980011,-0.5438908338546753,0.00031109422229746997,14
1.0,0.9138200879096985,-0.5609224438667297,7.730680175654925e-05,20
1.0499999523162842,0.9313266277313232,-0.574574887752533,-0.01396589033379314,22
1.100000023841858,0.944129467010498,-0.5860137343406677,0.008308880398999463,25
1.149999976158142,0.9536517262458801,-0.5961105823516846,-0.007775181270517351,36
1.2000000476837158,0.9609001278877258,-0.605499804019928,-0.007645515302158401,42
1.25,0.9665529131889343,-0.6146034598350525,0.0005803813241982425,51
1.2999999523162842,0.9711137413978577,-0.6238322854042053,-0.006057595366314672,61
1.350000023841858,0.9747723937034607,-0.6331450343132019,-0.0001258372235497518,72
1.399999976158142,0.9778046011924744,-0.6428061723709106,-0.0003231727734487322,76
1.412500023841858,0.9784824848175049,-0.6452886462211609,0.0006951806552137896,80
1.431249976158142,0.9794426560401917,-0.6490238904953003,-0.0006970851568439684,83
1.459375023841858,0.9792708158493042,-0.6484085321426392,-0.0008199169159297526,82
1.501562476158142,0.9784586429595947,-0.6461219191551208,-0.01929499870249174,84
1.5515625476837158,0.9767112135887146,-0.6417646408081055,0.03838800462369818,86
1.6015625,0.9739137291908264,-0.6346758008003235,-2.6123724694571138e-05,86
1.6046874523162842,0.9738177061080933,-0.6344331502914429,1.9788558120126254e-05,86
1.607812523841858,0.9737696051597595,-0.6343132257461548,4.466478128506424e-05,86
1.610937476158142,0.9737257957458496,-0.6342020034790039,0.00027689501774830205,86
1.6140625476837158,0.9737058877944946,-0.6341460943222046,8.17088539974975e-05,86
1.6171875,0.9736974835395813,-0.6341192126274109,4.069524430860838e-05,86
1.6218750476837158,0.9736846685409546,-0.6340788006782532,2.1468503348387458e-05,86
1.62890625,0.9736600518226624,-0.6340054273605347,3.898937279700476e-06,86
1.6394531726837158,0.9736074209213257,-0.6338582038879395,-5.0447413912024786e-05,86
1.6552734375,0.9734899997711182,-0.6335474252700806,-0.00030480886687200837,86
1.6790039539337158,0.9732216000556946,-0.6328769326210022,-0.00042398395214604534,84
1.714599609375,0.9727223515510559,-0.6317100524902344,0.00014647420141500334,82
1.7645995616912842,0.9720237851142883,-0.6301049590110779,8.250710072843503e-05,83
1.814599633216858,0.9720123410224915,-0.630172073841095,-0.0003022708515914019,82
1.864599585533142,0.9719945192337036,-0.6301985383033752,-0.0020332218188059414,86
1.9145996570587158,0.9734244346618652,-0.6335698962211609,0.00022635109792190633,86
1.964599609375,0.9737316370010376,-0.6342172622680664,1.7802591628424125e-05,86
1.9677245616912842,0.9737257361412048,-0.6342007517814636,2.5961947358155157e-05,86
1.970849633216858,0.973719596862793,-0.6341842412948608,1.7564715733442426e-05,86
1.973974585533142,0.97371506690979,-0.6341716051101685,9.629598372384862e-05,86
1.978662133216858,0.9737098813056946,-0.6341565251350403,8.123418041350305e-05,86
1.985693335533142,0.9737041592597961,-0.6341389417648315,5.62070981686702e-05,86
1.996240258216858,0.973696768283844,-0.6341156959533691,3.5767149938692455e-05,86
2.0120606422424316,0.9736853837966919,-0.6340802311897278,2.1912176578098297e-05,86
2.0357909202575684,0.9736645817756653,-0.6340183615684509,9.119415551595011e-06,86
2.0713868141174316,0.973622739315033,-0.6339000463485718,-1.5402969154365564e-05,86
2.121386766433716,0.9735399484634399,-0.6336776614189148,-3.0818107575214526e-05,86
2.17138671875,0.973427951335907,-0.6333885788917542,-3.836425668168886e-05,86
2.221386671066284,0.973288357257843,-0.633040189743042,-3.306908661215857e-05,85
2.2713866233825684,0.9731296300888062,-0.6326556205749512,-2.0343339144801575e-05,85
2.3213868141174316,0.9729613661766052,-0.6322584748268127,-1.0898177777107776e-05,84
2.371386766433716,0.9727886915206909,-0.6318607926368713,-6.926071762336505e-06,84
2.42138671875,0.9726145267486572,-0.6314696073532104,-2.9300890616923425e-05,84
2.471386671066284,0.9724444150924683,-0.631101131439209,-0.00041709808687073746,84
2.5213866233825684,0.9723073840141296,-0.630827009677887,-8.840279326705058e-05,84
2.5713868141174316,0.9722387194633484,-0.6307171583175659,2.3935162403176946e-06,84
2.621386766433716,0.9721990823745728,-0.6306777596473694,3.2995263836710365e-06,84
2.67138671875,0.9721693992614746,-0.630666196346283,0.0001570858701711586,84
2.721386671066284,0.9721430540084839,-0.6306679248809814,7.567018286636085e-05,84
2.7713866233825684,0.9721174240112305,-0.6306770443916321,3.54350625002553e-05,84
2.8213868141174316,0.972091019153595,-0.6306904554367065,1.4260011710121034e-05,84
2.871386766433716,0.9720631837844849,-0.6307066082954407,-2.0235793328993168e-05,84
2.92138671875,0.9720335006713867,-0.6307246088981628,-2.5949672078695585e-05,84
2.971386671066284,0.9720016717910767,-0.6307437419891357,-2.8500179610091436e-05,84
3.0213866233825684,0.9719675779342651,-0.6307637095451355,-2.9290746283550106e-05,84
3.0713868141174316,0.9719310998916626,-0.6307841539382935,-2.920758748814478e-05,84
3.121386766433716,0.9718921780586243,-0.6308049559593201,-2.8352275933229976e-05,84
3.17138671875,0.9718508124351501,-0.630825936794281,-2.733025451107096e-05,84
3.221386671066284,0.9718069434165955,-0.6308470368385315,-2.6001350477145024e-05,84
3.2713866233825684,0.971760630607605,-0.630868136882782,-2.4641081267873233e-05,84
3.3213868141174316,0.9717117547988892,-0.6308891773223877,-2.3281701203359262e-05,84
3.371386766433716,0.9716604948043823,-0.6309101581573486,-2.1725969872932183e-05,84
3.42138671875,0.9716067314147949,-0.6309310793876648,-2.0562885595154512e-05,84
3.471386671066284,0.9715505838394165,-0.6309518218040466,-1.9162223622970487e-05,84
3.5213866233825684,0.9714920520782471,-0.6309725046157837,-1.793123044535605e-05,84
3.5713868141174316,0.9714311361312866,-0.6309930086135864,-1.6645994094233174e-05,84
3.621386766433716,0.9713679552078247,-0.6310134530067444,-1.544176063816849e-05,84
3.67138671875,0.9713025093078613,-0.631033718585968,-1.434285559298587e-05,84
3.721386671066284,0.9712347984313965,-0.6310539245605469,-1.3367709982503584e-05,84
3.7713866233825684,0.971164882183075,-0.631074070930481,-1.2318302083258459e-05,84
3.8213868141174316,0.9710928797721863,-0.6310941576957703,-1.1318541112359526e-05,84
3.871386766433716,0.9710187911987305,-0.6311141848564148,-1.038156597132911e-05,84
3.92138671875,0.9709426164627075,-0.6311342120170593,-9.561894330545329e-06,84
3.971386671066284,0.970864474773407,-0.6311542987823486,-8.644456102047116e-06,84
4.021386623382568,0.9707844257354736,-0.6311744451522827,-7.97162459775791e-06,84
4.071386814117432,0.9707024693489075,-0.6311946511268616,-7.205296014944906e-06,84
4.121386528015137,0.9706186652183533,-0.63121497631073,-6.363319926094846e-06,84
4.17138671875,0.9705330729484558,-0.6312354803085327,-5.74239129491616e-06,84
4.221386909484863,0.9704458117485046,-0.6312561631202698,-7.330933328830724e-06,83
4.271386623382568,0.9703568816184998,-0.6312771439552307,-0.00012781472275946726,84
4.321386814117432,0.9703361392021179,-0.6312883496284485,8.427729426330188e-06,84
4.371386528015137,0.970341145992279,-0.6312843561172485,6.252467926515237e-06,84
4.42138671875,0.9703464508056641,-0.6312773823738098,4.670558610087028e-06,84
4.471386909484863,0.9703502058982849,-0.6312686800956726,2.890157304591412e-06,84
4.521386623382568,0.9703493118286133,-0.6312595009803772,1.4977813407313079e-06,84
4.571386814117432,0.970340371131897,-0.631251335144043,8.37668267195113e-07,84
4.621386528015137,0.9703202247619629,-0.6312457919120789,-7.395148031719145e-07,84
4.67138671875,0.9702877402305603,-0.6312438249588013,-7.600225444548414e-07,84
4.721386909484863,0.9702436923980713,-0.6312459111213684,-6.095107210057904e-07,84
4.771386623382568,0.9701899886131287,-0.631251871585846,-4.2526505694695516e-07,84
4.821386814117432,0.9701287746429443,-0.6312611699104309,5.059969794274366e-07,84
4.871386528015137,0.970061719417572,-0.6312733888626099,5.760871317761485e-07,84
4.92138671875,0.9699901342391968,-0.6312881112098694,6.710904472129187e-07,84
4.971386909484863,0.9699148535728455,-0.6313050389289856,2.7304324248689227e-05,84
5.021386623382568,0.9698364734649658,-0.6313239336013794,2.6320137862967385e-05,84
5.071386814117432,0.9697556495666504,-0.6313446760177612,2.531772400971022e-05,84
5.121386528015137,0.9696726202964783,-0.6313671469688416,2.4625803803246527e-05,84
5.17138671875,0.9695876836776733,-0.6313912272453308,2.3854949972701434e-05,84
5.221386909484863,0.9695010781288147,-0.6314168572425842,2.2889746276177902e-05,84
5.271386623382568,0.9694130420684814,-0.631443977355957,2.196431677248256e-05,84
5.321386814117432,0.9693237543106079,-0.6314725279808044,2.0861030236574152e-05,84
5.371386528015137,0.9692333936691284,-0.6315024495124817,1.9609205025972187e-05,84
5.42138671875,0.9691421389579773,-0.6315337419509888,7.053077411001141e-07,84
5.471386909484863,0.9690501689910889,-0.6315662860870361,6.358355904012569e-07,84
5.521386623382568,0.9689577221870422,-0.631600022315979,6.252259368011437e-07,84
5.571386814117432,0.9688649773597717,-0.6316348314285278,6.934713496775657e-07,84
5.621386528015137,0.968772292137146,-0.6316704750061035,8.818905143925804e-07,84
5.67138671875,0.9686800241470337,-0.6317067742347717,9.259416628992767e-07,84
5.721386909484863,0.9685889482498169,-0.6317431330680847,1.4063866160540783e-06,84
5.771386623382568,0.9685001969337463,-0.6317787170410156,2.301295012330229e-06,85
5.821386814117432,0.968416154384613,-0.631811797618866,-8.693045174368308e-06,85
5.871386528015137,0.9683431386947632,-0.6318378448486328,-3.904924665221188e-05,85
5.92138671875,0.9683040976524353,-0.6318421363830566,1.2557483444197715e-05,84
5.971386909484863,0.9683476090431213,-0.6318010687828064,6.092665955748089e-06,84
6.021386623382568,0.9684305787086487,-0.6317464113235474,3.5527596082829405e-06,84
6.071386814117432,0.9685247540473938,-0.6316906809806824,2.4423917466265266e-06,84
6.121386528015137,0.9686236381530762,-0.6316362619400024,1.623911089154717e-06,84
6.17138671875,0.96872478723526,-0.6315838694572449,1.0960378062918608e-06,84
6.221386909484863,0.9688271284103394,-0.6315337419509888,7.853975603211438e-07,84
6.271386623382568,0.9689298272132874,-0.6314859390258789,-7.726285389253462e-07,84
6.321386814117432,0.9690325856208801,-0.6314404010772705,-7.126073455765436e-07,84
6.371386528015137,0.9691349864006042,-0.6313968896865845,-5.771484552496986e-07,84
6.42138671875,0.9692368507385254,-0.6313554644584656,-5.564447178585397e-07,84
6.471386909484863,0.969338059425354,-0.6313158273696899,4.208284383366845e-05,84
6.521386623382568,0.9694384932518005,-0.6312780380249023,3.950317534417991e-05,84
6.571386814117432,0.9695379734039307,-0.6312418580055237,3.801766382593996e-05,84
6.621386528015137,0.9696364402770996,-0.631207287311554,3.694617350902263e-05,84
6.67138671875,0.9697338342666626,-0.6311742067337036,3.630525583275812e-05,84
6.721386909484863,0.9698300361633301,-0.6311424970626831,3.5841867202179856e-05,84
6.771386623382568,0.969925045967102,-0.6311120986938477,3.5370960745240154e-05,84
6.821386814117432,0.970018744468689,-0.6310829520225525,3.501874545008832e-05,84
6.871386528015137,0.970111072063446,-0.6310549974441528,3.4940750424539146e-05,84
6.92138671875,0.9702019691467285,-0.6310281157493591,3.491164522984036e-05,84
6.971386909484863,0.9702914357185364,-0.6310023665428162,3.490645849524299e-05,84
7.021386623382568,0.9703793525695801,-0.6309775710105896,3.507416556658427e-05,84
7.071386814117432,0.9704656600952148,-0.6309537887573242,3.5349122867955884e-05,84
7.121386528015137,0.9705502986907959,-0.6309309005737305,3.5684247905010125e-05,84
7.17138671875,0.9706332683563232,-0.6309088468551636,3.603353428616174e-05,84
7.221386909484863,0.9707145094871521,-0.6308876872062683,3.6661350350186694e-05,84
7.271386623382568,0.9707939624786377,-0.6308673024177551,3.7205899900527584e-05,84
7.321386814117432,0.97087162733078,-0.630847692489624,3.793096880144731e-05,84
7.371386528015137,0.9709473848342896,-0.630828857421875,3.8794422664523154e-05,84
7.42138671875,0.9710211753845215,-0.6308107376098633,3.9684669502548786e-05,84
7.471386909484863,0.9710931181907654,-0.6307932734489441,4.0873322177503724e-05,84
7.521386623382568,0.9711630344390869,-0.630776584148407,4.209994136772366e-05,84
7.571386814117432,0.9712309241294861,-0.6307604908943176,4.3761591371094255e-05,84
7.621386528015137,0.9712967872619629,-0.6307451725006104,4.5389258673367294e-05,84
7.67138671875,0.9713605642318726,-0.6307305693626404,4.741725746271186e-05,84
7.721386909484863,0.9714222550392151,-0.6307166218757629,4.9776763603404106e-05,84
7.771386623382568,0.9714818596839905,-0.6307035088539124,5.2476117048172455e-05,83
7.821386814117432,0.971539318561554,-0.6306911706924438,5.5687765836864855e-05,83
7.871386528015137,0.9715946912765503,-0.6306796669960022,5.926087811758407e-05,83
7.92138671875,0.9716479182243347,-0.630669116973877,6.375123859925225e-05,83
7.971386909484863,0.971699059009552,-0.6306596398353577,6.895667689832408e-05,83
8.021387100219727,0.9717480540275574,-0.6306512951850891,7.506890250397191e-05,83
8.071386337280273,0.9717950224876404,-0.6306442618370056,8.252464141378368e-05,83
8.121386528015137,0.971839964389801,-0.6306387782096863,9.165665477439688e-05,83
8.17138671875,0.9718829989433289,-0.6306350827217102,-1.4848270666334429e-06,83
8.221386909484863,0.9719240665435791,-0.6306334137916565,-1.8365456639912736e-06,83
8.271387100219727,0.9719633460044861,-0.6306343078613281,-2.1724287080360227e-06,83
8.321386337280273,0.9720008373260498,-0.6306381225585938,-2.8567355343511736e-06,83
8.371386528015137,0.9720367193222046,-0.6306455731391907,-4.10791494687146e-06,83
8.42138671875,0.9720708131790161,-0.6306571364402771,-6.7457329464559734e-06,83
8.471386909484863,0.9721028804779053,-0.6306735277175903,-1.3375974731388851e-05,83
8.521387100219727,0.972131609916687,-0.630694568157196,-3.7789774921748176e-05,83
8.571386337280273,0.9721522927284241,-0.6307172179222107,-7.549352187652403e-05,82
8.621386528015137,0.9721473455429077,-0.6307269930839539,2.0778156908818346e-05,82
8.67138671875,0.9721079468727112,-0.6307151317596436,-1.2809574798211543e-05,82
8.721386909484863,0.9720668196678162,-0.6307081580162048,-3.873304876833572e-06,82
8.771387100219727,0.9720271825790405,-0.6307092905044556,-1.3327602346180356e-06,82
8.821386337280273,0.971988320350647,-0.6307165622711182,1.2103411677344411e-06,82
8.871386528015137,0.9719492793083191,-0.6307283043861389,1.2574195693559886e-06,82
8.92138671875,0.9719094634056091,-0.6307430863380432,1.3809998904434906e-06,82
8.971386909484863,0.9718682765960693,-0.6307600736618042,1.2407059557517641e-06,82
9.021387100219727,0.9718254804611206,-0.6307786107063293,4.235337740965406e-05,82
9.071386337280273,0.9717808365821838,-0.6307981014251709,3.2708597302644193e-05,82
9.121386528015137,0.9717341661453247,-0.6308184266090393,2.5481848297204124e-05,82
9.17138671875,0.9716854095458984,-0.6308392286300659,-2.2539878386851342e-05,82
9.221386909484863,0.9716343879699707,-0.6308603286743164,-2.25519887635528e-05,82
9.271387100219727,0.9715811610221863,-0.630881667137146,-2.3000454802968306e-05,82
9.321386337280273,0.9715256094932556,-0.6309030652046204,-2.2847868649478187e-05,82
9.371386528015137,0.9714678525924683,-0.6309245824813843,-2.2399976728593174e-05,82
9.42138671875,0.9714077115058899,-0.6309460401535034,-2.187331631375855e-05,82
9.471386909484863,0.9713453650474548,-0.6309674978256226,-2.1286836386025243e-05,82
9.521387100219727,0.9712806940078735,-0.6309889554977417,-2.0330520499101112e-05,82
9.571386337280273,0.9712138772010803,-0.6310103535652161,-1.94607976595762e-05,82
9.621386528015137,0.9711447954177856,-0.6310316920280457,-1.8495500285098387e-05,82
9.67138671875,0.971073567867279,-0.6310530304908752,-1.755892196797504e-05,82
9.721386909484863,0.9710002541542053,-0.6310743689537048,-1.6595029705968045e-05,82
9.771387100219727,0.9709247946739197,-0.6310957670211792,-1.5617968131209636e-05,82
9.821386337280273,0.9708473086357117,-0.6311171650886536,-1.4686457234347472e-05,82
9.871386528015137,0.9707678556442261,-0.6311386227607727,-1.3726363704336109e-05,82
9.92138671875,0.9706864953041077,-0.6311601996421814,-1.2817091942451952e-05,82
9.971386909484863,0.9706031680107117,-0.6311818957328796,-1.185213926646611e-05,82
10.021387100219727,0.9705180525779724,-0.631203830242157,-1.0799457299981441e-05,82
10.071386337280273,0.9704312086105347,-0.6312259435653687,-9.88998721140888e-06,82
10.121386528015137,0.9703425765037537,-0.6312483549118042,-9.099492615405325e-06,82
10.17138671875,0.9702523350715637,-0.6312710046768188,-8.074986851624999e-06,82
10.221386909484863,0.9701604843139648,-0.6312940120697021,-7.254341880980064e-06,82
10.271387100219727,0.9700670838356018,-0.6313174366950989,7.590788982270169e-06,82
10.321386337280273,0.9699721932411194,-0.631341278553009,8.302662536152638e-06,82
10.371386528015137,0.9698759317398071,-0.6313655972480774,8.966171947122348e-06,82
10.42138671875,0.969778299331665,-0.6313904523849487,9.792473804282054e-06,82
10.471386909484863,0.9696794152259827,-0.6314159035682678,1.044251837356569e-05,82
10.521387100219727,0.9695793390274048,-0.6314419507980347,1.1179742045897001e-05,82
10.571386337280273,0.9694781303405762,-0.6314687132835388,1.2021860186450795e-05,82
10.621386528015137,0.9693758487701416,-0.6314961314201355,1.272384861294995e-05,82
10.67138671875,0.9692724943161011,-0.631524384021759,1.3490374556113238e-05,82
10.721386909484863,0.9691683053970337,-0.6315534114837646,1.4048432717572723e-05,82
10.771387100219727,0.9690632224082947,-0.6315833330154419,1.4980028993250016e-05,82
10.821386337280273,0.9689573049545288,-0.6316141486167908,1.5533011321622325e-05,82
10.871386528015137,0.9688507318496704,-0.6316459774971008,1.6344097502951627e-05,82
10.92138671875,0.9687435030937195,-0.6316788196563721,1.696430371112001e-05,82
10.971386909484863,0.9686357378959656,-0.6317127346992493,1.7688837488094578e-05,82
11.021387100219727,0.9685274362564087,-0.631747841835022,1.8197138615505537e-05,82
11.071386337280273,0.9684187173843384,-0.6317840814590454,1.899847870845406e-05,82
11.121386528015137,0.9683096408843994,-0.6318216323852539,1.9697845345945098e-05,82
11.17138671875,0.9682002663612366,-0.6318604350090027,2.0609860769127408e-05,82
11.221386909484863,0.9680907130241394,-0.6319006085395813,2.1489803316399048e-05,82
11.271387100219727,0.9679810404777527,-0.6319422721862793,2.2732550405635266e-05,82
11.321386337280273,0.9678713083267212,-0.6319854259490967,2.405787495263212e-05,82
11.371386528015137,0.9677615761756897,-0.6320301294326782,2.5454456135776127e-05,82
11.42138671875,0.967651903629303,-0.6320765018463135,2.6966076063672517e-05,82
11.471386909484863,0.9675424098968506,-0.632124662399292,2.8829166751620505e-05,82
11.521387100219727,0.9674330949783325,-0.6321746706962585,3.13613587081818e-05,82
11.571386337280273,0.9673241376876831,-0.6322265863418579,3.408306980645648e-05,82
11.621386528015137,0.9672154784202576,-0.6322805881500244,3.6968783547308703e-05,82
11.67138671875,0.9671072959899902,-0.6323368549346924,3.9852502027315495e-05,82
11.721386909484863,0.9669995903968811,-0.6323953866958618,4.254656693092329e-05,82
11.771387100219727,0.9668925404548645,-0.6324564814567566,8.228361139117624e-07,82
11.821386337280273,0.9667861461639404,-0.6325202584266663,9.38705113640026e-07,82
11.871386528015137,0.9666805267333984,-0.6325867772102356,9.053948133441736e-07,82
11.92138671875,0.9665758609771729,-0.6326561570167542,9.451062510379415e-07,82
11.971386909484863,0.9664721488952637,-0.6327285170555115,4.104840002128185e-05,82
12.021387100219727,0.9663695096969604,-0.6328038573265076,3.8039155299429694e-05,82
12.071386337280273,0.9662680625915527,-0.6328821182250977,3.498024017289936e-05,82
12.121386528015137,0.9661678671836853,-0.6329634189605713,3.24566609606336e-05,82
12.17138671875,0.9660689830780029,-0.6330476403236389,3.027166678748472e-05,82
12.221386909484863,0.9659714102745056,-0.6331348419189453,3.0432535595537047e-05,82
12.271387100219727,0.9658752679824829,-0.6332249641418457,3.2159356294414465e-05,82
12.321386337280273,0.96578049659729,-0.6333180665969849,3.398519942265921e-05,82
12.371386528015137,0.9656872749328613,-0.6334141492843628,3.558977658713047e-05,82
12.42138671875,0.9655956029891968,-0.6335132718086243,3.705487188199186e-05,82
12.471386909484863,0.9655055403709412,-0.6336153745651245,3.815989964550681e-05,82
12.521387100219727,0.9654171466827393,-0.6337205171585083,3.947835932649468e-05,81
12.571386337280273,0.9653304815292358,-0.6338287591934204,4.078495430803741e-05,81
12.621386528015137,0.9652456045150757,-0.6339401602745056,4.202804177566577e-05,81
12.67138671875,0.9651626348495483,-0.6340547204017639,4.307164783767803e-05,81
12.721386909484863,0.9650815725326538,-0.6341724991798401,4.4116850347108993e-05,81
12.771387100219727,0.9650025367736816,-0.6342934966087341,4.505177776081837e-05,81
12.821386337280273,0.9649255275726318,-0.6344178318977356,4.596871895046206e-05,81
12.871386528015137,0.9648507237434387,-0.6345455050468445,4.6688700535924e-05,81
12.92138671875,0.9647780656814575,-0.6346765756607056,4.739592299074502e-05,81
12.971386909484863,0.9647077322006226,-0.6348111033439636,4.782093850508318e-05,81
13.021387100219727,0.9646397233009338,-0.6349491477012634,4.844376422852292e-05,81
13.071386337280273,0.9645741581916809,-0.6350907683372498,4.859433062165408e-05,81
13.121386528015137,0.964510977268219,-0.6352360844612122,4.879188395534584e-05,81
13.17138671875,0.9644503593444824,-0.6353850364685059,4.899168067140636e-05,81
13.221386909484863,0.964392364025116,-0.6355378031730652,4.888227476840257e-05,81
13.271387100219727,0.9643369913101196,-0.6356943845748901,4.866590734309284e-05,81
13.321386337280273,0.9642843008041382,-0.635854959487915,4.807624503655461e-05,81
13.371386528015137,0.9642343521118164,-0.6360194683074951,4.773414809733367e-05,81
13.42138671875,0.9641871452331543,-0.6361880898475647,4.7723864042836794e-05,81
13.471386909484863,0.9641427993774414,-0.6363608837127686,4.783092828120061e-05,81
13.521387100219727,0.9641013145446777,-0.6365379691123962,4.788941942024394e-05,81
13.571386337280273,0.9640627503395081,-0.6367193460464478,4.7857956019470294e-05,81
13.621386528015137,0.9640270471572876,-0.6369051933288574,4.7637978070724785e-05,81
13.67138671875,0.9639943242073059,-0.6370955109596252,4.748651349473221e-05,81
13.721386909484863,0.9639645218849182,-0.6372904181480408,4.7069551385447994e-05,81
13.771387100219727,0.9639376401901245,-0.6374900341033936,4.645314487561336e-05,80
13.821386337280273,0.9639137387275696,-0.6376943588256836,4.5457356975475705e-05,80
13.871386528015137,0.9638927578926086,-0.6379035115242004,4.438582169541405e-05,80
13.92138671875,0.9638746976852417,-0.6381174325942993,4.318661865454487e-05,80
13.971386909484863,0.963859498500824,-0.638336181640625,4.1354377458446834e-05,80
14.021387100219727,0.9638471603393555,-0.6385597586631775,3.91474586649565e-05,80
14.071386337280273,0.9638375639915466,-0.638788104057312,6.102203542468487e-07,80
14.121386528015137,0.9638307094573975,-0.6390212178230286,6.698305128338689e-07,80
14.17138671875,0.9638264775276184,-0.639258861541748,6.957246228012082e-07,80
14.221386909484863,0.9638247489929199,-0.6395008563995361,6.553573257406242e-07,79
14.271387100219727,0.9638254046440125,-0.6397470831871033,7.183612069638912e-07,79
14.321386337280273,0.9638283252716064,-0.639997124671936,7.962378845149942e-07,79
14.371386528015137,0.9638333320617676,-0.6402506232261658,7.258194045789423e-07,79
14.42138671875,0.9638403058052063,-0.640507161617279,8.238631608037394e-07,79
14.471386909484863,0.963848888874054,-0.6407660245895386,8.218482321353804e-07,79
14.521387100219727,0.963858962059021,-0.6410265564918518,9.283037343266187e-07,80
14.571386337280273,0.9638702869415283,-0.6412878632545471,1.0129882070941676e-06,80
14.621386528015137,0.9638825058937073,-0.6415489912033081,1.0504515444154094e-06,80
14.67138671875,0.9638954997062683,-0.6418089866638184,1.0209922152171202e-06,80
14.721386909484863,0.9639090299606323,-0.6420671939849854,9.800950806493347e-07,80
14.771387100219727,0.9639230966567993,-0.6423236131668091,6.661493330284429e-07,80
14.821386337280273,0.9639377593994141,-0.6425789594650269,4.2418122347953613e-07,80
14.871386528015137,0.96395343542099,-0.6428348422050476,-3.8867244711582316e-07,80
14.92138671875,0.963970422744751,-0.6430931091308594,-6.861155270598829e-07,80
14.971386909484863,0.9639890789985657,-0.643355131149292,-7.518121378780052e-07,80
15.021387100219727,0.9640095233917236,-0.6436213254928589,-8.413210252911085e-07,80
15.071386337280273,0.9640316963195801,-0.6438907384872437,6.28331974894536e-07,80
15.121386528015137,0.9640552401542664,-0.6441614031791687,6.854133403066953e-07,80
15.17138671875,0.9640792608261108,-0.64443039894104,8.791637924332463e-07,79
15.221386909484863,0.9641027450561523,-0.6446938514709473,1.2075322501914343e-06,79
15.271387100219727,0.9641241431236267,-0.6449471116065979,1.4706967021993478e-06,79
15.321386337280273,0.9641419053077698,-0.6451849341392517,1.6544316281397187e-06,79
15.371386528015137,0.9641541242599487,-0.6454017758369446,1.8528497776060249e-06,79
15.42138671875,0.9641594886779785,-0.6455926895141602,1.8082084238812968e-06,80
15.471386909484863,0.964156985282898,-0.6457542181015015,1.7659652371548873e-06,80
15.521387100219727,0.9641463160514832,-0.6458850502967834,1.5539081914539565e-06,80
15.571386337280273,0.9641276597976685,-0.64598548412323,1.3651546169057838e-06,80
15.621386528015137,0.9641016721725464,-0.6460574269294739,1.0697235666157212e-06,80
15.67138671875,0.964069128036499,-0.64610356092453,9.289205422646774e-07,80
15.721386909484863,0.964030921459198,-0.6461268663406372,7.491192377528932e-07,80
15.771387100219727,0.9639877676963806,-0.6461303234100342,6.903975418026675e-07,80
15.821386337280273,0.9639403820037842,-0.6461169719696045,4.7003493364172755e-07,80
15.871386528015137,0.963889479637146,-0.646089494228363,5.001442104912712e-07,80
15.92138671875,0.9638354778289795,-0.646050214767456,-4.467385110729083e-07,80
15.971386909484863,0.9637787938117981,-0.646001398563385,4.934536264045164e-07,80
16.021387100219727,0.9637195467948914,-0.6459447145462036,-3.791815288423095e-07,80
16.071386337280273,0.9636578559875488,-0.6458812952041626,5.286540272209095e-07,80
16.121387481689453,0.9635934233665466,-0.6458116769790649,6.499053597508464e-07,80
16.17138671875,0.9635260105133057,-0.6457357406616211,7.447641223734536e-07,80
16.221385955810547,0.9634551405906677,-0.6456528902053833,8.137982945299882e-07,80
16.271387100219727,0.9633804559707642,-0.6455618739128113,9.215497129844152e-07,80
16.321386337280273,0.963301956653595,-0.6454616785049438,9.909083473758074e-07,80
16.371387481689453,0.9632197022438049,-0.6453512907028198,1.0459022519171413e-06,80
16.42138671875,0.9631341099739075,-0.6452300548553467,8.297561180370394e-07,80
16.471385955810547,0.9630456566810608,-0.6450977921485901,7.372087793555693e-07,80
16.521387100219727,0.9629551768302917,-0.6449547410011292,6.920064379301039e-07,80
16.571386337280273,0.9628632068634033,-0.6448013782501221,5.007377126275969e-07,81
16.621387481689453,0.9627704620361328,-0.6446382999420166,5.0059884415532e-07,81
16.67138671875,0.9626775979995728,-0.6444662809371948,-4.131991317990469e-07,81
16.721385955810547,0.9625850915908813,-0.6442862153053284,3.7129626662135706e-07,81
16.771387100219727,0.9624935388565063,-0.6440989375114441,-4.060817673234851e-07,81
16.821386337280273,0.9624032378196716,-0.6439052224159241,-3.103189101238968e-07,81
16.871387481689453,0.9623147249221802,-0.6437058448791504,-3.3158130463561974e-07,81
16.92138671875,0.9622282385826111,-0.6435016393661499,2.9783882382616866e-07,81
16.971385955810547,0.9621440172195435,-0.6432932615280151,-3.165666839777259e-07,81
17.021387100219727,0.962062418460846,-0.6430813670158386,-3.3352739592373837e-07,81
17.071386337280273,0.9619835615158081,-0.6428666710853577,-4.0746277818470844e-07,81
17.121387481689453,0.9619076251983643,-0.6426497101783752,5.281823501945837e-05,81
17.17138671875,0.9618347883224487,-0.6424310803413391,5.738360613349869e-05,81
17.221385955810547,0.9617651104927063,-0.6422111392021179,6.117069233368966e-05,81
17.271387100219727,0.9616987705230713,-0.6419905424118042,6.435469731513876e-05,81
17.321386337280273,0.9616357684135437,-0.6417695879936218,6.701544890574951e-05,81
17.371387481689453,0.9615762233734131,-0.641548752784729,6.916321757444166e-05,81
17.42138671875,0.9615201354026794,-0.6413283348083496,7.102634111788575e-05,81
17.471385955810547,0.9614675045013428,-0.6411087512969971,7.251577392253239e-05,81
17.521387100219727,0.9614184498786926,-0.64089035987854,7.359216772329091e-05,81
17.571386337280273,0.9613729119300842,-0.6406733393669128,7.459036902446314e-05,81
17.621387481689453,0.9613308906555176,-0.6404580473899841,7.553927025583107e-05,81
17.67138671875,0.9612924456596375,-0.640244722366333,7.6377838524877e-05,81
17.721385955810547,0.9612574577331543,-0.6400336623191833,7.717964007269984e-05,81
17.771387100219727,0.9612260460853577,-0.6398251056671143,7.799539764619112e-05,81
17.821386337280273,0.9611980319023132,-0.6396192312240601,7.873249813883376e-05,81
17.871387481689453,0.9611735343933105,-0.6394163370132446,7.947313252998356e-05,81
17.92138671875,0.9611523747444153,-0.6392167210578918,8.059892610390307e-05,81
17.971385955810547,0.961134672164917,-0.6390206813812256,-6.078273031562276e-07,81
18.021387100219727,0.9611202478408813,-0.638828456401825,-7.494794544982142e-07,81
18.071386337280273,0.9611091613769531,-0.6386405825614929,-7.135022315196693e-07,81
18.121387481689453,0.961101233959198,-0.6384575963020325,-8.96642234238243e-07,81
18.17138671875,0.9610965251922607,-0.6382802724838257,-1.1777953545788478e-06,82
18.221385955810547,0.9610947966575623,-0.6381096839904785,-1.5740862409074907e-06,82
18.271387100219727,0.9610960483551025,-0.6379478573799133,-2.4395327500315034e-06,82
18.321386337280273,0.9611000418663025,-0.6377981305122375,-3.993662687662436e-06,82
18.371387481689453,0.9611063599586487,-0.637667715549469,-6.406234945188771e-06,82
18.42138671875,0.9611141681671143,-0.6375741362571716,-1.6778444717147067e-05,82
18.471385955810547,0.9611209034919739,-0.6375574469566345,-1.0999022606483777e-05,82
18.521387100219727,0.9611238837242126,-0.6376373767852783,3.868422709274455e-06,81
18.571386337280273,0.9611250162124634,-0.637765109539032,2.237353839973366e-06,81
18.621387481689453,0.9611266851425171,-0.6379109025001526,1.2673973515120451e-06,81
18.67138671875,0.961129903793335,-0.6380637288093567,7.123716159185278e-07,81
18.721385955810547,0.9611352682113647,-0.6382189989089966,7.049326882224705e-07,81
18.771387100219727,0.9611430168151855,-0.6383742094039917,-9.12093753413501e-07,81
18.821386337280273,0.9611533880233765,-0.638527512550354,-1.2662699191423599e-06,81
18.871387481689453,0.9611664414405823,-0.6386774778366089,-1.6933491906456766e-06,81
18.92138671875,0.9611821174621582,-0.6388223171234131,-2.2408723339140124e-06,81
18.971385955810547,0.9612003564834595,-0.6389601826667786,-3.4771090327012644e-06,81
19.021387100219727,0.9612209796905518,-0.6390881538391113,-5.99375556475934e-06,81
19.071386337280273,0.9612435102462769,-0.6392017602920532,-1.3674192985035916e-05,81
19.121387481689453,0.9612667560577393,-0.6392924785614014,-4.8762087089926354e-05,81
19.17138671875,0.9612876772880554,-0.6393401026725769,-0.0001648688733553172,80
19.221385955810547,0.9612953662872314,-0.6392880082130432,-1.0399774907909887e-05,80
19.271387100219727,0.9612790942192078,-0.6391253471374512,-3.6368445535117644e-06,80
19.321386337280273,0.961256206035614,-0.6389496326446533,1.3418166986411961e-06,80
19.371387481689453,0.961233377456665,-0.6387749910354614,9.71027702689753e-07,80
19.42138671875,0.9612125158309937,-0.6386026740074158,6.568829462594294e-07,80
19.471385955810547,0.9611943364143372,-0.6384323239326477,-3.448778898018645e-07,80
19.521387100219727,0.961179256439209,-0.6382635235786438,-4.656233727473591e-07,80
19.571386337280273,0.9611673951148987,-0.6380959153175354,-5.217487455411174e-07,80
19.621387481689453,0.9611589312553406,-0.6379292011260986,-5.120659238855296e-07,80
19.67138671875,0.9611539244651794,-0.6377631425857544,-5.876839850316173e-07,81
19.721385955810547,0.9611523747444153,-0.6375976800918579,-6.973037898205803e-07,81
19.771387100219727,0.9611542820930481,-0.6374327540397644,-6.871463256175048e-07,81
19.821386337280273,0.9611596465110779,-0.6372683048248291,9.105662041974938e-05,81
19.871387481689453,0.9611684679985046,-0.6371044516563416,9.197791280257661e-05,81
19.92138671875,0.9611807465553284,-0.6369410753250122,9.256620171527175e-05,81
19.971385955810547,0.9611964225769043,-0.6367784142494202,9.269709539694304e-05,81
20.021387100219727,0.9612154364585876,-0.6366164088249207,9.263860908959032e-05,81
20.071386337280273,0.9612377882003784,-0.636455237865448,9.208714698161202e-05,81
20.121387481689453,0.9612633585929871,-0.636294960975647,9.137445533724531e-05,81
20.17138671875,0.9612921476364136,-0.6361356377601624,9.051866322806745e-05,81
20.221385955810547,0.961324155330658,-0.6359774470329285,8.937236924566605e-05,81
20.271387100219727,0.9613592624664307,-0.6358205080032349,8.821577580420126e-05,81
20.321386337280273,0.9613974094390869,-0.6356648802757263,8.683785091534446e-05,81
20.371387481689453,0.9614385962486267,-0.6355107426643372,8.551602854822704e-05,81
20.42138671875,0.9614827632904053,-0.6353580951690674,8.393460251454599e-05,81
20.471385955810547,0.9615297913551331,-0.6352071166038513,8.264214460496078e-05,81
20.521387100219727,0.9615796804428101,-0.6350579261779785,8.115453243817683e-05,81
20.571386337280273,0.9616323709487915,-0.6349105834960938,7.988137951997487e-05,81
20.621387481689453,0.9616878032684326,-0.6347652077674866,7.856528054617229e-05,81
20.67138671875,0.9617459177970886,-0.6346219182014465,7.740102677189498e-05,81
20.721385955810547,0.9618065357208252,-0.6344807147979736,7.650547883031322e-05,81
20.771387100219727,0.9618697166442871,-0.6343416571617126,7.593565680963366e-05,81
20.821386337280273,0.9619353413581848,-0.6342049241065979,7.55264642293696e-05,81
20.871387481689453,0.9620032906532288,-0.6340703964233398,7.53574274199309e-05,81
20.92138671875,0.9620734453201294,-0.6339382529258728,7.554907398343857e-05,81
20.971385955810547,0.9621458053588867,-0.633808434009552,7.607611883031495e-05,81
21.021387100219727,0.9622201323509216,-0.6336808800697327,7.723444446128269e-05,81
21.071386337280273,0.9622963666915894,-0.6335557103157043,7.921786550468823e-05,81
21.121387481689453,0.9623742699623108,-0.6334327459335327,-9.697945984044054e-07,81
21.17138671875,0.9624537229537964,-0.633311927318573,-1.2482107649702812e-06,81
21.221385955810547,0.9625342488288879,-0.6331931948661804,-1.6266430975520052e-06,81
21.271387100219727,0.9626154899597168,-0.6330764889717102,-2.13281282412936e-06,81
21.321386337280273,0.9626967906951904,-0.632961630821228,-2.3131518105401483e-06,81
21.371387481689453,0.9627775549888611,-0.6328486800193787,7.159756023611408e-07,81
21.42138671875,0.9628581404685974,-0.6327372789382935,4.037367489218013e-06,81
21.471385955810547,0.9629402756690979,-0.6326269507408142,4.1479693777546345e-06,81
21.521387100219727,0.9630255103111267,-0.6325185298919678,2.6158277819376963e-06,81
21.571386337280273,0.9631137251853943,-0.6324134469032288,1.4572818827218725e-06,81
21.621387481689453,0.9632041454315186,-0.632312536239624,8.340703629983182e-07,81
21.67138671875,0.9632962346076965,-0.6322159767150879,-7.462158464477398e-07,81
21.721385955810547,0.9633896946907043,-0.6321237087249756,-7.16947852197336e-07,81
21.771387100219727,0.9634842276573181,-0.632035493850708,-8.708005907465122e-07,81
21.821386337280273,0.9635796546936035,-0.6319511532783508,-7.042613106023055e-07,81
21.871387481689453,0.963675856590271,-0.631870448589325,-7.77180844124814e-07,81
21.92138671875,0.9637726545333862,-0.631793200969696,-7.757664093333005e-07,81
21.971385955810547,0.9638699889183044,-0.6317192316055298,-7.040489435894415e-07,81
22.021387100219727,0.9639676809310913,-0.6316485404968262,-7.829894457245246e-07,81
22.071386337280273,0.9640656113624573,-0.6315809488296509,6.514906027632605e-05,81
22.121387481689453,0.964163601398468,-0.6315164566040039,6.421066660777797e-05,81
22.17138671875,0.9642615914344788,-0.6314549446105957,-6.853921377114602e-07,81
22.221385955810547,0.9643594026565552,-0.631396472454071,-8.78204616583389e-07,81
22.271387100219727,0.9644567966461182,-0.6313411593437195,-8.118817049762583e-07,81
22.321386337280273,0.9645535349845886,-0.6312892436981201,-9.636465279072581e-07,81
22.371387481689453,0.9646492600440979,-0.6312410831451416,-1.241289169229276e-06,82
22.42138671875,0.9647430777549744,-0.6311978697776794,-1.9025146684725769e-06,82
22.471385955810547,0.9648325443267822,-0.6311631202697754,-6.088519171498774e-06,83
22.521387100219727,0.9648829698562622,-0.6311715841293335,2.9097847004777577e-05,82
22.571386337280273,0.9648028016090393,-0.6312447190284729,1.773051224063238e-06,82
22.621387481689453,0.9647135138511658,-0.6313137412071228,9.650175911701808e-07,82
22.67138671875,0.9646223783493042,-0.6313828825950623,1.4986260907789983e-06,82
22.721385955810547,0.964531660079956,-0.6314526796340942,2.060753502064472e-06,82
22.771387100219727,0.9644433259963989,-0.6315228343009949,2.1194753117015352e-06,82
22.821386337280273,0.9643601775169373,-0.6315922737121582,2.5263664724661794e-06,82
22.871387481689453,0.9642857313156128,-0.6316584944725037,3.310456122562755e-06,82
22.92138671875,0.9642211198806763,-0.6317194700241089,1.6339402009180048e-06,82
22.971385955810547,0.9641624689102173,-0.6317762732505798,7.553722412012576e-07,82
23.021387100219727,0.9641040563583374,-0.6318320035934448,6.8009796905244e-07,82
23.071386337280273,0.9640425443649292,-0.6318888664245605,6.852249043731717e-07,82
23.121387481689453,0.9639768600463867,-0.6319478154182434,6.007722959111561e-07,82
23.17138671875,0.9639072418212891,-0.6320090293884277,5.872286692465423e-07,82
23.221385955810547,0.9638344645500183,-0.6320725083351135,5.759267196481233e-07,82
23.271387100219727,0.9637591242790222,-0.6321381330490112,5.783521714874951e-07,82
23.321386337280273,0.9636818766593933,-0.6322057247161865,5.932080284765107e-07,82
23.371387481689453,0.9636033177375793,-0.6322751641273499,6.144435360511125e-07,82
23.42138671875,0.9635237455368042,-0.6323464512825012,5.728199994337047e-07,82
23.471385955810547,0.9634435772895813,-0.6324195265769958,5.4882338531569985e-05,82
23.521387100219727,0.963362991809845,-0.632494330406189,5.3757293983380805e-05,82
23.571386337280273,0.9632824063301086,-0.6325708627700806,5.268051762641335e-05,82
23.621387481689453,0.9632018208503723,-0.6326490640640259,5.183019550258905e-05,82
23.67138671875,0.9631215333938599,-0.6327289938926697,5.13026799922045e-05,82
23.721385955810547,0.9630417227745056,-0.6328105330467224,5.0923804792546434e-05,82
23.771387100219727,0.9629624485969543,-0.6328937411308289,5.056156351201935e-05,82
23.821386337280273,0.9628838896751404,-0.632978618144989,5.0706317210824636e-05,82
23.871387481689453,0.9628061652183533,-0.6330651044845581,5.098761772615035e-05,82
23.92138671875,0.9627293944358826,-0.6331532001495361,5.1387573307692946e-05,82
23.971385955810547,0.9626536965370178,-0.6332428455352783,5.1639300409078714e-05,82
24.021387100219727,0.9625791907310486,-0.6333341002464294,5.226858530704703e-05,82
24.071386337280273,0.9625059366226196,-0.6334269046783447,5.274312565006767e-05,82
24.121387481689453,0.9624341130256653,-0.6335212588310242,nan,nan
