Intel® Xeon® W-2235 CPU @ 3.80GHz
Windows 11 Pro, 26200
2023, 183150
DDR4, 2934 MT/s
#MNA
0.0,0.0,0.0,5.310596407070989e-11,0
0.029999999329447746,0.029999999329447746,-0.037375472486019135,1.1192469173693098e-10,0
0.05999999865889549,0.05999999865889549,-0.07475094497203827,1.673470251262188e-10,0
0.09000000357627869,0.09000000357627869,-0.1121264174580574,2.1782398107461631e-10,0
0.11999999731779099,0.11999999731779099,-0.14950188994407654,2.75349520961754e-10,0
0.15000000596046448,0.15000000596046448,-0.18687736988067627,3.3071501093218103e-10,0
0.18000000715255737,0.18000000715255737,-0.2242528349161148,3.715285856742412e-10,0
0.20999999344348907,0.20999999344348907,-0.26162829995155334,4.254161467542872e-10,0
0.23999999463558197,0.23999999463558197,-0.2990037798881531,4.918092599837109e-10,0
0.27000001072883606,0.27000001072883606,-0.3363792598247528,5.32054400537163e-10,0
0.30000001192092896,0.30000001192092896,-0.37375473976135254,5.854872142663226e-10,0
0.33000001311302185,0.33000001311302185,-0.41113021969795227,6.264144758461043e-10,0
0.36000001430511475,0.36000001430511475,-0.4485056698322296,6.759819370927289e-10,0
0.38999998569488525,0.38999998569488525,-0.48588114976882935,7.339622243307531e-10,0
0.41999998688697815,0.41999998688697815,-0.5232565999031067,7.794369594193995e-10,0
0.44999998807907104,0.44999998807907104,-0.5606321096420288,8.290044206660241e-10,0
0.47999998927116394,0.47999998927116394,-0.5980075597763062,8.690221875440329e-10,0
0.5099999904632568,0.5099999904632568,-0.6353830695152283,9.19044396141544e-10,0
0.5400000214576721,0.5400000214576721,-0.6727585196495056,9.736140782479197e-10,0
0.5699999928474426,0.5699999928474426,-0.710133969783783,1.0195435606874526e-09,0
0.6000000238418579,0.6000000238418579,-0.7475094795227051,1.083662937162444e-09,0
0.6299999952316284,0.6299999952316284,-0.7848849296569824,1.1368683772161603e-09,0
0.6600000262260437,0.6600000262260437,-0.8222604393959045,1.1868905858136714e-09,0
0.6899999976158142,0.6899999976158142,-0.8596358895301819,1.2378222891129553e-09,0
0.7200000286102295,0.7200000286102295,-0.8970113396644592,1.2955752026755363e-09,0
0.75,0.75,-0.9343868494033813,1.343323674518615e-09,0
0.7799999713897705,0.7799999713897705,-0.9717622995376587,-5.751843445978011e-11,0
0.8100000023841858,0.809970498085022,-1.0091204643249512,-9.205950846080668e-08,0
0.8399999737739563,0.83989417552948,-1.0464497804641724,-7.157586878747679e-08,0
0.8700000047683716,0.8698173761367798,-1.083778738975525,-6.716618372593075e-10,0
0.8999999761581421,0.8997344970703125,-1.1211084127426147,-4.676980552176246e-06,0
0.9300000071525574,0.9292067289352417,-1.158257007598877,0.0005631894787256897,0
0.9599999785423279,0.9578032493591309,-1.1950324773788452,2.6328380045015365e-06,0
0.9900000095367432,0.9823219180107117,-1.229026198387146,-0.031545282290608156,0
0.9975000023841858,0.9866238236427307,-1.2360438108444214,-0.05331953888980934,0
1.0087499618530273,0.9904767870903015,-1.2440990209579468,-0.28415402979953797,0
1.0256249904632568,0.9937587380409241,-1.2541838884353638,0.007285399450211116,0
1.050937533378601,0.9960228800773621,-1.266857624053955,-0.004471182805900753,0
1.0809375047683716,0.9974097013473511,-1.281259298324585,-0.010651920142208837,0
1.110937476158142,0.9982014298439026,-1.295716404914856,0.018017147515820398,0
1.1409374475479126,0.99857497215271,-1.309648036956787,-0.014307337057744007,0
1.1709375381469727,0.9988479614257812,-1.3240314722061157,-0.0022198423553163593,0
1.2009375095367432,0.9990594387054443,-1.3391081094741821,-0.026791857017542497,0
1.2309374809265137,0.9992214441299438,-1.3547561168670654,0.22696120835280453,0
1.2609374523162842,0.9993414878845215,-1.3707189559936523,0.0016131112297443906,0
1.2909375429153442,0.999417781829834,-1.3868582248687744,-0.0005357148020266322,0
1.3209375143051147,0.9994840025901794,-1.4035816192626953,-0.0042382721981084615,0
1.3509374856948853,0.9995447397232056,-1.4204005002975464,-0.0006596160219487501,0
1.3809374570846558,0.9995912313461304,-1.4377375841140747,0.00249221194508209,0
1.4109375476837158,0.9996318817138672,-1.455121397972107,-3.501677429085248e-05,0
1.4409375190734863,0.999667227268219,-1.4732134342193604,-1.4243305031413911e-05,0
1.4709374904632568,0.9997006058692932,-1.4919508695602417,-0.00018693041738515603,0
1.5009374618530273,0.9997289180755615,-1.5111082792282104,0.001671623838319647,0
1.5084375143051147,0.9997358918190002,-1.5154383182525635,-0.0016615841846032708,0
1.5159374475479126,0.9997426271438599,-1.5197616815567017,-0.0016551443372918584,0
1.5234375,0.9997493028640747,-1.5240848064422607,-0.0016464648247165314,0
1.5309375524520874,0.999755859375,-1.528410792350769,0.0018665290026547154,0
1.5384374856948853,0.9997617602348328,-1.5329055786132812,0.001797242399334209,0
1.5459375381469727,0.9997677803039551,-1.537369966506958,0.0017858380429061071,0
1.5534374713897705,0.9997737407684326,-1.5418205261230469,0.0017883525715660653,0
1.560937523841858,0.9997796416282654,-1.5462778806686401,0.001786560248092428,0
1.5684374570846558,0.9997854828834534,-1.5507370233535767,2.780780050670728e-10,0
1.568906307220459,0.9728879928588867,-1.5172268152236938,2.7841906558023766e-10,0
1.5693750381469727,0.9727707505226135,-1.5170809030532837,-3.09562431244359e-10,0
1.5700781345367432,0.9725949764251709,-1.516861915588379,2.9598565265409604e-10,0
1.571132779121399,0.9723313450813293,-1.516533374786377,2.760316419880837e-10,0
1.5727148056030273,0.9719358086585999,-1.5160406827926636,-3.2053890097749616e-10,0
1.5750879049301147,0.9713425636291504,-1.5153014659881592,3.754167809955078e-10,0
1.578647494316101,0.9704526662826538,-1.514192819595337,-3.988259444920317e-10,0
1.583986759185791,0.9691178202629089,-1.5125298500061035,-3.058685527079774e-10,0
1.5919958353042603,0.967115581035614,-1.5100352764129639,-3.623546185327342e-10,0
1.6040093898773193,0.9641121625900269,-1.506293535232544,-3.4919006575151457e-10,0
1.6220297813415527,0.9596071243286133,-1.500680923461914,4.1202108391757974e-10,0
1.6490602493286133,0.9528494477272034,-1.4922618865966797,3.4842784213395817e-10,0
1.6790602207183838,0.9453494548797607,-1.4829180240631104,-3.591505426392416e-10,0
1.7090601921081543,0.9378494620323181,-1.473574161529541,4.4633122198156627e-10,0
1.7390601634979248,0.9303494691848755,-1.4642302989959717,4.3079323441830297e-10,0
1.7690602540969849,0.9228494763374329,-1.4548864364624023,6.408381048039757e-10,0
1.7990602254867554,0.9153494834899902,-1.445542573928833,6.252124373773427e-10,0
1.8290601968765259,0.9078494906425476,-1.4361987113952637,6.497984927911205e-10,0
1.8590601682662964,0.900349497795105,-1.4268548488616943,6.676813546491189e-10,0
1.8890602588653564,0.8928495049476624,-1.417510986328125,7.987146499743858e-10,0
1.919060230255127,0.885349452495575,-1.4081671237945557,8.55738868654754e-10,0
1.9490602016448975,0.8778494596481323,-1.3988232612609863,7.693685688536789e-10,0
1.979060173034668,0.8703494668006897,-1.389479398727417,8.949407881431171e-10,0
2.0090601444244385,0.8628494739532471,-1.3801355361938477,9.301278636186794e-10,0
2.039060115814209,0.8553494811058044,-1.3707916736602783,9.807494816271856e-10,0
2.0690603256225586,0.8478494882583618,-1.361447811126709,1.0682996154365298e-09,0
2.099060297012329,0.8403494954109192,-1.3521039485931396,1.1245401276838152e-09,0
2.1290602684020996,0.8328495025634766,-1.3427600860595703,1.170629926328104e-09,0
2.15906023979187,0.8253494501113892,-1.3334161043167114,1.2157014284142065e-09,0
2.1890602111816406,0.8178494572639465,-1.324072241783142,1.184971121226397e-09,0
2.219060182571411,0.8103494644165039,-1.3147283792495728,1.335029087279338e-09,0
2.2490601539611816,0.8028494715690613,-1.3053845167160034,1.343637867634584e-09,0
2.279060125350952,0.7953494787216187,-1.296040654182434,1.4693669614374016e-09,0
2.3090600967407227,0.787849485874176,-1.2866967916488647,1.4617177468423392e-09,0
2.3390603065490723,0.7803494930267334,-1.2773529291152954,1.4340210130470155e-09,0
2.3690602779388428,0.7728495001792908,-1.268009066581726,1.557809103935881e-09,0
2.3990602493286133,0.7653494477272034,-1.2586652040481567,1.5830458055532404e-09,0
2.429060220718384,0.7578494548797607,-1.2493213415145874,-1.6121109447375659e-09,0
2.4590601921081543,0.7503494620323181,-1.239977478981018,-1.6972868666087493e-09,0
2.489060163497925,0.7428494691848755,-1.2306336164474487,1.7786189188129242e-09,0
2.5190601348876953,0.7353494763374329,-1.2212897539138794,-1.8414091362828344e-09,0
2.549060106277466,0.7278494834899902,-1.21194589138031,1.9078391089166757e-09,0
2.5790603160858154,0.7203494906425476,-1.2026020288467407,1.9329789990862878e-09,0
2.609060287475586,0.712849497795105,-1.1932581663131714,2.0158805735803753e-09,0
2.6390602588653564,0.7053495049476624,-1.183914303779602,1.9994795819044953e-09,0
2.669060230255127,0.697849452495575,-1.1745704412460327,-2.1272386352411132e-09,0
2.6990602016448975,0.6903494596481323,-1.1652265787124634,-2.1626858082157696e-09,0
2.729060173034668,0.6828494668006897,-1.155882716178894,2.1422970064577385e-09,0
2.7590601444244385,0.6753494739532471,-1.1465388536453247,2.2273878297340843e-09,0
2.789060115814209,0.6678494811058044,-1.1371948719024658,-2.322946224264655e-09,0
2.8190603256225586,0.6603494882583618,-1.1278510093688965,-2.408131749565001e-09,0
2.849060297012329,0.6528494954109192,-1.1185071468353271,2.4220394578833293e-09,0
2.8790602684020996,0.6453495025634766,-1.1091632843017578,2.4232293949211225e-09,0
2.90906023979187,0.6378494501113892,-1.0998194217681885,-2.5105688639115442e-09,0
2.9390602111816406,0.6303494572639465,-1.0904755592346191,-2.5731831110320513e-09,0
2.969060182571411,0.6228494644165039,-1.0811316967010498,-2.7207542330209833e-09,0
2.9990601539611816,0.6153494715690613,-1.0717878341674805,-2.7302092808767497e-09,0
3.029060125350952,0.6078494787216187,-1.0624439716339111,-2.8003541707732893e-09,0
3.0590600967407227,0.600349485874176,-1.0531001091003418,-2.7396327428874656e-09,0
3.0890603065490723,0.5928494930267334,-1.0437562465667725,-2.8789280404062367e-09,0
3.1190602779388428,0.5853495001792908,-1.0344123840332031,-3.02556957265665e-09,0
3.1490602493286133,0.5778494477272034,-1.0250685214996338,-3.092268052728997e-09,0
3.179060220718384,0.5703494548797607,-1.0157246589660645,-3.1829318625220537e-09,0
3.2090601921081543,0.5628494620323181,-1.0063807964324951,-3.179903562688935e-09,0
3.239060163497925,0.5553494691848755,-0.997036874294281,-3.2353399403994842e-09,0
3.2690601348876953,0.5478494763374329,-0.9876930117607117,-3.336016018984367e-09,0
3.299060106277466,0.5403494834899902,-0.9783491492271423,-3.4114175928579016e-09,0
3.3290603160858154,0.5328494906425476,-0.969005286693573,-3.4700504691898004e-09,0
3.359060287475586,0.525349497795105,-0.9596614241600037,-3.514125324066697e-09,0
3.3890602588653564,0.5178495049476624,-0.9503175616264343,-3.4851032060245757e-09,0
3.419060230255127,0.510349452495575,-0.940973699092865,-3.540471693597169e-09,0
3.4490602016448975,0.5028494596481323,-0.9316298365592957,-3.612013688147897e-09,0
3.479060173034668,0.4953494668006897,-0.9222859740257263,-3.7196871138789334e-09,0
3.5090601444244385,0.48784947395324707,-0.912942111492157,-3.7081633319502316e-09,0
3.539060115814209,0.48034948110580444,-0.9035981893539429,-3.7738066005488236e-09,0
3.5690603256225586,0.4728494882583618,-0.8942543268203735,-3.8480197916967995e-09,0
3.599060297012329,0.4653494656085968,-0.8849104642868042,-3.897695055599115e-09,0
3.6290602684020996,0.4578494727611542,-0.8755666017532349,-3.966794448473365e-09,0
3.65906023979187,0.45034947991371155,-0.8662227392196655,-4.025514477312697e-09,0
3.6890602111816406,0.4428494870662689,-0.8568788766860962,-4.102492012769687e-09,0
3.719060182571411,0.4353494644165039,-0.8475350141525269,-4.160674804687403e-09,0
3.7490601539611816,0.4278494715690613,-0.8381911516189575,-4.202622694293723e-09,0
3.779060125350952,0.42034947872161865,-0.8288472890853882,-4.309342660491211e-09,0
3.8090600967407227,0.412849485874176,-0.8195034265518188,-4.295360622741384e-09,0
3.8390603065490723,0.405349463224411,-0.8101595640182495,-4.434848377421474e-09,0
3.8690602779388428,0.3978494703769684,-0.8008156418800354,-4.543124432210277e-09,0
3.8990602493286133,0.39034947752952576,-0.7914717793464661,-4.540416487230914e-09,0
3.929060220718384,0.38284948468208313,-0.7821279168128967,-4.499377981304065e-09,0
3.9590601921081543,0.3753494620323181,-0.7727840542793274,-4.636253270184909e-09,0
3.989060163497925,0.3678494691848755,-0.7634401917457581,-4.638326944750304e-09,0
4.019060134887695,0.36034947633743286,-0.7540963292121887,-4.72232764003877e-09,0
4.049060344696045,0.35284948348999023,-0.7447524666786194,-4.845522871832486e-09,0
4.079060077667236,0.3453494608402252,-0.73540860414505,-4.861524738331013e-09,0
4.109060287475586,0.3378494679927826,-0.7260647416114807,-4.873957570872278e-09,0
4.139060020446777,0.33034947514533997,-0.7167208790779114,-4.9453501294038915e-09,0
4.169060230255127,0.32284948229789734,-0.7073769569396973,-5.001428271533825e-09,0
4.199060440063477,0.3153494894504547,-0.6980330944061279,-5.008573111808801e-09,0
4.229060173034668,0.3078494668006897,-0.6886892318725586,-5.216926668438759e-09,0
4.259060382843018,0.30034947395324707,-0.6793453693389893,-5.096037147822585e-09,0
4.289060115814209,0.29284948110580444,-0.6700015068054199,-5.1295809821994e-09,0
4.319060325622559,0.2853494882583618,-0.6606576442718506,-5.2700660502225105e-09,0
4.34906005859375,0.2778494656085968,-0.6513137817382812,-5.3058761828594925e-09,0
4.3790602684021,0.2703494727611542,-0.6419699192047119,-5.4384445835609085e-09,0
4.409060001373291,0.26284947991371155,-0.6326260566711426,-5.4374438285265114e-09,0
4.439060211181641,0.2553494870662689,-0.6232821941375732,-5.401968761198361e-09,0
4.46906042098999,0.2478494793176651,-0.6139382719993591,-5.484557363821807e-09,0
4.499060153961182,0.24034947156906128,-0.6045944094657898,-5.483618226165277e-09,0
4.529060363769531,0.23284947872161865,-0.5952505469322205,-5.491825438852516e-09,0
4.559060096740723,0.22534947097301483,-0.5859066843986511,-5.570808481181189e-09,0
4.589060306549072,0.2178494781255722,-0.5765628218650818,-5.591875851251871e-09,0
4.619060039520264,0.21034947037696838,-0.5672189593315125,-5.551778148316089e-09,0
4.649060249328613,0.20284947752952576,-0.5578750967979431,5.607167397059243e-09,0
4.679059982299805,0.19534946978092194,-0.5485312342643738,5.5954187949680545e-09,0
4.709060192108154,0.1878494769334793,-0.5391873717308044,5.662790680815988e-09,0
4.739060401916504,0.1803494691848755,-0.5298435091972351,5.64738256159103e-09,0
4.769060134887695,0.17284947633743286,-0.5204996466636658,5.653995938104117e-09,0
4.799060344696045,0.16534946858882904,-0.5111557245254517,5.729918761687713e-09,0
4.829060077667236,0.1578494757413864,-0.5018118619918823,5.664643865088692e-09,0
4.859060287475586,0.1503494828939438,-0.492467999458313,5.711087602833231e-09,0
4.889060020446777,0.14284947514533997,-0.48312413692474365,-5.757055610011719e-09,0
4.919060230255127,0.13534948229789734,-0.4737802743911743,-5.7931448527170915e-09,0
4.949060440063477,0.12784947454929352,-0.464436411857605,-5.817437975785822e-09,0
4.979060173034668,0.1203494742512703,-0.45509254932403564,-5.807828995507691e-09,0
5.009060382843018,0.11284947395324707,-0.4457486569881439,-5.962742744003435e-09,0
5.039060115814209,0.10534947365522385,-0.4364047944545746,-5.870980146482907e-09,0
5.069060325622559,0.09784947335720062,-0.42706093192100525,-5.964826299553749e-09,0
5.09906005859375,0.0903494730591774,-0.4177170693874359,-6.034097999041421e-09,0
5.1290602684021,0.08284947276115417,-0.4083732068538666,-5.99122984556999e-09,0
5.159060001373291,0.07534947246313095,-0.39902931451797485,-6.050377310273802e-09,0
5.189060211181641,0.06784947216510773,-0.3896854519844055,-5.998505026028056e-09,0
5.21906042098999,0.0603494755923748,-0.3803415894508362,-5.973911032519652e-09,0
5.249060153961182,0.05284947529435158,-0.37099772691726685,-5.950255066444754e-09,0
5.279060363769531,0.045349474996328354,-0.3616538643836975,-5.987454754219357e-09,0
5.309060096740723,0.03784947469830513,-0.3523099720478058,-5.95995897079149e-09,0
5.339060306549072,0.030349476262927055,-0.34296610951423645,-5.910263167763219e-09,0
5.369060039520264,0.02284947596490383,-0.3336222469806671,-5.899643773510377e-09,0
5.399060249328613,0.015349475666880608,-0.3242783844470978,-5.965724358958369e-09,0
5.429059982299805,0.007849475368857384,-0.31493452191352844,-5.936880320689397e-09,0
5.459060192108154,0.0003494755655992776,-0.3055906593799591,-5.9338006730413895e-09,0
5.489060401916504,-0.007150524295866489,-0.2962467670440674,-5.947148884466458e-09,0
5.519060134887695,-0.014650524593889713,-0.28690290451049805,-5.902221156262044e-09,0
5.549060344696045,-0.022150523960590363,-0.2775590419769287,-5.9294703591561415e-09,0
5.579060077667236,-0.029650524258613586,-0.2682151794433594,-5.87423676368104e-09,0
5.609060287475586,-0.03715052455663681,-0.25887131690979004,-5.921992340951476e-09,0
5.639060020446777,-0.044650524854660034,-0.2495274394750595,-5.8473434982886374e-09,0
5.669060230255127,-0.05215052515268326,-0.24018356204032898,-5.877741848792084e-09,0
5.699060440063477,-0.05965052545070648,-0.23083969950675964,-5.806429448362849e-09,0
5.729060173034668,-0.0671505257487297,-0.2214958369731903,-5.839361993942305e-09,0
5.759060382843018,-0.07465052604675293,-0.21215195953845978,-5.848898920746137e-09,0
5.789060115814209,-0.08215052634477615,-0.20280809700489044,-5.785469214814043e-09,0
5.819060325622559,-0.08965052664279938,-0.1934642195701599,-5.815090853289462e-09,0
5.84906005859375,-0.0971505269408226,-0.18412035703659058,-5.792174073704359e-09,0
5.8790602684021,-0.10465052723884583,-0.17477649450302124,-5.827567650662502e-09,0
5.909060001373291,-0.11215052753686905,-0.1654326170682907,-5.775711131583705e-09,0
5.939060211181641,-0.11965052783489227,-0.15608875453472137,-5.812467174237668e-09,0
5.96906042098999,-0.1271505206823349,-0.14674487709999084,-5.818092674303443e-09,0
5.999060153961182,-0.13465052843093872,-0.1374010145664215,-5.779628664548397e-09,0
6.029060363769531,-0.14215052127838135,-0.12805715203285217,-5.7508526829508355e-09,0
6.059060096740723,-0.14965052902698517,-0.11871328204870224,-5.745503073306679e-09,0
6.089060306549072,-0.1571505218744278,-0.10936941206455231,-5.769772215558078e-09,0
6.119060039520264,-0.16465052962303162,-0.10002554208040237,-5.7493512173323325e-09,0
6.149060249328613,-0.17215052247047424,-0.09068167209625244,-5.721698670413389e-09,0
6.179059982299805,-0.17965053021907806,-0.08133780211210251,-5.7026473543331235e-09,0
6.209060192108154,-0.1871505230665207,-0.07199393957853317,-5.694627658314744e-09,0
6.239060401916504,-0.1946505308151245,-0.06265006959438324,-5.744063003021438e-09,0
6.269060134887695,-0.20215052366256714,-0.05330619961023331,-5.634855915204184e-09,0
6.299060344696045,-0.20965053141117096,-0.04396233335137367,-5.659108737177121e-09,0
6.329060077667236,-0.2171505242586136,-0.03461846336722374,-5.6446829432843515e-09,0
6.359060287475586,-0.2246505171060562,-0.025274595245718956,-5.625593879621249e-09,0
6.389060020446777,-0.23215052485466003,-0.015930727124214172,-5.623152721234703e-09,0
6.419060230255127,-0.23965051770210266,-0.006586858537048101,-5.6373936629938726e-09,0
6.449060440063477,-0.24715052545070648,0.002757009817287326,-5.605086728088793e-09,0
6.479060173034668,-0.2546505331993103,0.012100878171622753,-5.663665758603997e-09,0
6.509060382843018,-0.26215052604675293,0.02144474722445011,-5.5380465768806175e-09,0
6.539060115814209,-0.26965051889419556,0.030788615345954895,-5.591758722722773e-09,0
6.569060325622559,-0.2771505117416382,0.04013248160481453,-5.565675809116044e-09,0
6.59906005859375,-0.2846505343914032,0.04947635158896446,-5.5443848401282025e-09,0
6.6290602684021,-0.2921505272388458,0.058820221573114395,-5.544822267999905e-09,0
6.659060001373291,-0.29965052008628845,0.06816408783197403,-5.544130932122471e-09,0
6.689060211181641,-0.3071505129337311,0.07750795781612396,-5.521390233909074e-09,0
6.71906042098999,-0.3146505355834961,0.0868518278002739,-5.502238997756592e-09,0
6.749060153961182,-0.3221505284309387,0.09619569033384323,-5.494592891785999e-09,0
6.779060363769531,-0.32965052127838135,0.10553956031799316,5.520602641695405e-09,0
6.809060096740723,-0.337150514125824,0.1148834303021431,5.522797330570484e-09,0
6.839060306549072,-0.344650536775589,0.12422730028629303,-5.513952960889412e-09,0
6.869060039520264,-0.3521505296230316,0.13357116281986237,5.496181954001145e-09,0
6.899060249328613,-0.35965052247047424,0.1429150402545929,5.542082903708945e-09,0
6.929059982299805,-0.36715051531791687,0.15225890278816223,5.567964089792099e-09,0
6.959060192108154,-0.3746505379676819,0.16160276532173157,5.545000680839962e-09,0
6.989060401916504,-0.3821505308151245,0.1709466427564621,5.540995551278627e-09,0
7.019060134887695,-0.38965052366256714,0.18029050529003143,5.5654226782664296e-09,0
7.049060344696045,-0.39715051651000977,0.18963438272476196,5.5526278019968345e-09,0
7.079060077667236,-0.4046505391597748,0.1989782452583313,5.580557016493515e-09,0
7.109060287475586,-0.4121505320072174,0.20832210779190063,5.582963757966297e-09,0
7.139060020446777,-0.41965052485466003,0.21766598522663116,5.620796050820331e-09,0
7.169060230255127,-0.42715051770210266,0.2270098477602005,5.6575918394585756e-09,0
7.199060440063477,-0.4346505105495453,0.23635372519493103,5.568283056867074e-09,0
7.229060173034668,-0.4421505331993103,0.24569758772850037,5.635383493185486e-09,0
7.259060382843018,-0.44965052604675293,0.2550414502620697,5.706021988238774e-09,0
7.289060115814209,-0.45715051889419556,0.26438531279563904,5.641742628625934e-09,0
7.319060325622559,-0.4646505117416382,0.27372920513153076,5.663721602822136e-09,0
7.34906005859375,-0.4721505343914032,0.2830730676651001,5.65744462388551e-09,0
7.3790602684021,-0.4796505272388458,0.29241693019866943,5.740053543590307e-09,0
7.409060001373291,-0.48715052008628845,0.30176079273223877,5.693514659732557e-09,0
7.439060211181641,-0.4946505129337311,0.3111046552658081,5.705220074148087e-09,0
7.46906042098999,-0.5021505355834961,0.32044854760169983,5.725267371303744e-09,0
7.499060153961182,-0.5096505284309387,0.32979241013526917,5.71287561701439e-09,0
7.529060363769531,-0.5171505212783813,0.3391362726688385,5.745151798741688e-09,0
7.559060096740723,-0.524650514125824,0.34848013520240784,5.735937835815719e-09,0
7.589060306549072,-0.5321505069732666,0.3578239977359772,5.765916522015857e-09,0
7.619060039520264,-0.5396504998207092,0.3671678602695465,5.795936397490209e-09,0
7.649060249328613,-0.5471505522727966,0.37651175260543823,5.82573622676108e-09,0
7.679059982299805,-0.5546505451202393,0.38585561513900757,5.801746305600375e-09,0
7.709060192108154,-0.5621505379676819,0.3951994776725769,5.763003851910753e-09,0
7.739060401916504,-0.5696505308151245,0.40454334020614624,5.827535232150183e-09,0
7.769060134887695,-0.5771505236625671,0.4138872027397156,5.825872784193109e-09,0
7.799060344696045,-0.5846505165100098,0.4232310950756073,-1.2437340046744794e-09,0
7.829060077667236,-0.59213787317276,0.4325675368309021,-8.8789875007933e-08,0
7.859060287475586,-0.5996202826499939,0.44190075993537903,-9.7209067462245e-08,0
7.889060020446777,-0.607102632522583,0.45123398303985596,-1.0561279850662686e-07,0
7.919060230255127,-0.6145849823951721,0.4605671465396881,-1.1412521416787058e-07,0
7.949060440063477,-0.6220672130584717,0.4699002802371979,-1.227253960678354e-07,0
7.979060173034668,-0.6295494437217712,0.47923338413238525,-1.3138878784957342e-07,0
8.00905990600586,-0.637031614780426,0.48856645822525024,-1.4009219739818946e-07,0
8.039060592651367,-0.644513726234436,0.49789947271347046,-1.4881334209349006e-07,0
8.069060325622559,-0.6519957780838013,0.5072324872016907,-1.5752857507322915e-07,0
8.09906005859375,-0.6594777703285217,0.5165655016899109,-1.6622016119072214e-07,0
8.129059791564941,-0.6669597029685974,0.5258983969688416,-1.7486718206782825e-07,0
8.15906047821045,-0.6744416356086731,0.535231351852417,-1.8345008356845938e-07,0
8.18906021118164,-0.681923508644104,0.5445642471313477,-1.9195158529328182e-07,0
8.219059944152832,-0.6894053220748901,0.5538970828056335,-2.003548615903128e-07,0
8.24906063079834,-0.6968870759010315,0.5632299184799194,-2.0864035832346417e-07,0
8.279060363769531,-0.7043688297271729,0.5725627541542053,-2.167967068089638e-07,0
8.309060096740723,-0.7118504643440247,0.5818955302238464,-2.248057171527762e-07,0
8.339059829711914,-0.7193321585655212,0.5912282466888428,-2.3265511117642745e-07,0
8.369060516357422,-0.7268137335777283,0.6005609631538391,-2.4033124645939097e-07,0
8.399060249328613,-0.7342953085899353,0.6098936796188354,-2.4782639229670167e-07,0
8.429059982299805,-0.7417768239974976,0.619226336479187,-2.5512417778372765e-07,0
8.459060668945312,-0.749258279800415,0.6285589933395386,nan,nan
#GNA1
0.0,0.0,0.0,-7.114961766419015e-07,0
0.009999999776482582,0.00999870803207159,-0.006029327865689993,-6.130891687661233e-07,0
0.019999999552965164,0.01999480277299881,-0.012057479470968246,-7.177309502282014e-07,0
0.029999999329447746,0.029988249763846397,-0.018084440380334854,-6.6676852483738e-07,0
0.03999999910593033,0.039979007095098495,-0.02411019429564476,-6.532293319594373e-07,0
0.05000000074505806,0.04996704310178757,-0.03013472445309162,-6.92657451395462e-07,0
0.05999999865889549,0.05995230749249458,-0.036158014088869095,-8.424435868903402e-07,0
0.07000000029802322,0.06993477046489716,-0.04218004643917084,-7.263089258913169e-07,0
0.07999999821186066,0.07991437613964081,-0.048200804740190506,-7.071643111089543e-07,0
0.09000000357627869,0.08989108353853226,-0.05422027036547661,-6.936741669960611e-07,0
0.10000000149011612,0.09986485540866852,-0.06023842468857765,-7.968069510866371e-07,0
0.10999999940395355,0.10983563214540482,-0.06625524163246155,-7.314136851732655e-07,0
0.11999999731779099,0.11980336904525757,-0.0722707062959671,-7.615497779056568e-07,0
0.12999999523162842,0.1297680139541626,-0.07828480005264282,-7.936101127370421e-07,0
0.14000000059604645,0.13972951471805573,-0.08429748564958572,-6.577661366691245e-07,0
0.15000000596046448,0.14968779683113098,-0.0903087630867958,-6.238542482606135e-07,0
0.1599999964237213,0.15964283049106598,-0.09631858766078949,-7.004076820749106e-07,0
0.17000000178813934,0.16959454119205475,-0.10232693701982498,6.660154667770257e-07,0
0.18000000715255737,0.17954285442829132,-0.10833379626274109,7.278461566784244e-07,0
0.1899999976158142,0.18948772549629211,-0.11433912068605423,-7.136111435102066e-07,0
0.20000000298023224,0.19942906498908997,-0.12034289538860321,-6.363437421441631e-07,0
0.20999999344348907,0.2093668133020401,-0.12634508311748505,6.645473717981076e-07,0
0.2199999988079071,0.21930089592933655,-0.13234566152095795,6.737974445059081e-07,0
0.23000000417232513,0.22923122346401215,-0.13834457099437714,6.311291826932575e-07,0
0.23999999463558197,0.23915770649909973,-0.14434181153774261,7.458334039256442e-07,0
0.25,0.24908028542995453,-0.1503373235464096,7.779519251016609e-07,0
0.25999999046325684,0.258998841047287,-0.15633106231689453,7.867723184062925e-07,0
0.27000001072883606,0.26891326904296875,-0.1623230129480362,7.955402452353155e-07,0
0.2800000011920929,0.27882352471351624,-0.16831310093402863,8.440409828835982e-07,0
0.28999999165534973,0.2887294292449951,-0.17430131137371063,8.278917675852426e-07,0
0.30000001192092896,0.29863089323043823,-0.18028756976127625,9.683016060080263e-07,0
0.3100000023841858,0.3085278272628784,-0.18627183139324188,9.034210961544886e-07,0
0.3199999928474426,0.31842008233070374,-0.19225406646728516,1.021572188619757e-06,0
0.33000001311302185,0.32830750942230225,-0.1982341706752777,1.026884888233326e-06,0
0.3400000035762787,0.3381899893283844,-0.20421212911605835,1.12667672169664e-06,0
0.3499999940395355,0.34806737303733826,-0.2101878523826599,1.419592194906727e-06,0
0.36000001430511475,0.3579395115375519,-0.21616126596927643,1.5231643146762508e-06,0
0.3700000047683716,0.36780619621276855,-0.22213231027126312,1.7764843107670458e-06,0
0.3799999952316284,0.37766727805137634,-0.22810091078281403,1.942568189861049e-06,0
0.38999998569488525,0.38752254843711853,-0.23406696319580078,2.219397146063784e-06,0
0.4000000059604645,0.3973717987537384,-0.24003039300441742,2.4454981542021414e-06,0
0.4099999964237213,0.40721485018730164,-0.2459910809993744,2.7230279613377206e-06,0
0.41999998688697815,0.41705143451690674,-0.2519489526748657,3.0481984083507996e-06,0
0.4300000071525574,0.4268812835216522,-0.2579038739204407,3.4329570723912184e-06,0
0.4399999976158142,0.43670418858528137,-0.2638557553291321,3.7510357060455135e-06,0
0.44999998807907104,0.44651979207992554,-0.2698044180870056,4.199228754941942e-06,0
0.46000000834465027,0.4563278257846832,-0.2757497727870941,4.651031503044578e-06,0
0.4699999988079071,0.4661279618740082,-0.28169164061546326,5.1022058471517084e-06,0
0.47999998927116394,0.47591981291770935,-0.2876298427581787,5.729345787131024e-06,0
0.49000000953674316,0.4857029616832733,-0.29356423020362854,6.221675022288764e-06,0
0.5,0.4954770505428314,-0.29949456453323364,7.003097550750681e-06,0
0.5099999904632568,0.5052415728569031,-0.3054206967353821,7.5830816115285415e-06,0
0.5199999809265137,0.5149960517883301,-0.31134232878685,8.347711201395214e-06,0
0.5299999713897705,0.5247399210929871,-0.317259281873703,9.198724171710637e-06,0
0.5400000214576721,0.5344725847244263,-0.3231711983680725,1.0045271864100869e-05,0
0.550000011920929,0.5441934466362,-0.3290778398513794,1.1033267384163992e-05,0
0.5600000023841858,0.553901731967926,-0.3349788188934326,1.2065532473570784e-05,0
0.5699999928474426,0.5635966658592224,-0.3408738076686859,1.3203126485450412e-05,0
0.5799999833106995,0.573277473449707,-0.34676238894462585,1.4490291846414038e-05,0
0.5899999737739563,0.5829430818557739,-0.3526441156864166,1.569386978417242e-05,0
0.6000000238418579,0.5925925970077515,-0.35851848125457764,1.7204780931479036e-05,0
0.6100000143051147,0.6022248268127441,-0.3643849194049835,1.863716613570432e-05,0
0.6200000047683716,0.6118384003639221,-0.3702428340911865,2.0328177100736866e-05,0
0.6299999952316284,0.6214320659637451,-0.37609153985977173,2.2078438433936753e-05,0
0.6399999856948853,0.6310041546821594,-0.38193029165267944,2.4047102613167226e-05,0
0.6499999761581421,0.6405529975891113,-0.38775819540023804,2.606296425256005e-05,0
0.6600000262260437,0.6500765681266785,-0.3935743272304535,2.8287768259360746e-05,0
0.6700000166893005,0.6595727801322937,-0.39937758445739746,3.0624148109836824e-05,0
0.6800000071525574,0.6690391898155212,-0.40516674518585205,3.315241434620475e-05,0
0.6899999976158142,0.6784730553627014,-0.4109404981136322,3.583656172168048e-05,0
0.699999988079071,0.6878713369369507,-0.41669729351997375,3.868822983577047e-05,0
0.7099999785423279,0.6972305774688721,-0.42243534326553345,4.174567698100873e-05,0
0.7200000286102295,0.7065469622612,-0.42815276980400085,4.504836778096433e-05,0
0.7300000190734863,0.715816080570221,-0.4338472783565521,4.853127990145367e-05,0
0.7400000095367432,0.7250330448150635,-0.4395163655281067,5.2256649667015154e-05,0
0.75,0.7341923713684082,-0.4451572299003601,5.622651406156365e-05,0
0.7599999904632568,0.7432878017425537,-0.4507666230201721,6.056225595330034e-05,0
0.7699999809265137,0.7523123025894165,-0.45634087920188904,6.526310937715607e-05,0
0.7799999713897705,0.761258065700531,-0.46187591552734375,7.044512000220493e-05,0
0.7900000214576721,0.7701161503791809,-0.4673670828342438,7.61695603159751e-05,0
0.800000011920929,0.778876781463623,-0.47280919551849365,8.267120335858635e-05,0
0.8100000023841858,0.7875289916992188,-0.47819647192955017,9.01147662943913e-05,0
0.8199999928474426,0.7960606813430786,-0.4835225045681,9.859313473725706e-05,0
0.8299999833106995,0.8044586777687073,-0.48878026008605957,0.00010851044470427951,0
0.8399999737739563,0.8127085566520691,-0.49396201968193054,0.00012000504415254909,0
0.8500000238418579,0.8207950592041016,-0.49905964732170105,0.0001330875454073066,0
0.8600000143051147,0.8287020325660706,-0.5040644407272339,0.00014775734740624102,0
0.8700000047683716,0.8364128470420837,-0.508967399597168,0.00016362480664611212,0
0.8799999952316284,0.8439106941223145,-0.5137594938278198,0.00018012424015978468,0
0.8899999856948853,0.8511791825294495,-0.5184318423271179,0.00019627340122951864,0
0.8999999761581421,0.8582026958465576,-0.5229759812355042,0.00021074751538208147,0
0.9100000262260437,0.8649671673774719,-0.5273844003677368,0.0002221673259441559,0
0.9200000166893005,0.871460497379303,-0.5316506624221802,0.000229197135809045,0
0.9300000071525574,0.8776732087135315,-0.5357697010040283,0.00023127842160874934,0
0.9399999976158142,0.8835987448692322,-0.5397379994392395,0.00023585359139133288,4
0.949999988079071,0.8892338871955872,-0.5435551404953003,0.00021743097090620722,8
0.9599999785423279,0.8945780396461487,-0.54721999168396,0.0002069878605084341,10
0.9700000286102295,0.8996343612670898,-0.550734281539917,0.00019102512504787228,12
0.9800000190734863,0.9044084548950195,-0.5541034936904907,0.00014650352369471875,12
0.9900000095367432,0.9089081883430481,-0.5573312640190125,0.0001171698650637154,14
1.0,0.9131437540054321,-0.5604238510131836,0.00020303526616771705,16
1.0099999904632568,0.9171268939971924,-0.56340092420578,2.0964995030681166e-05,16
1.0199999809265137,0.9215161204338074,-0.5667338967323303,1.4081130075283e-06,18
1.0299999713897705,0.9249925017356873,-0.5694459080696106,4.906792514702829e-05,18
1.0399999618530273,0.9282569289207458,-0.5720570683479309,-3.4026697221634095e-05,20
1.0499999523162842,0.9313228726387024,-0.5745728015899658,-7.890234508067806e-05,20
1.059999942779541,0.934203565120697,-0.5770021677017212,-7.487967098995796e-05,20
1.0700000524520874,0.9369111061096191,-0.579352080821991,-9.295930817643239e-05,21
1.0800000429153442,0.9394574761390686,-0.5816300511360168,-0.00010854096234425015,22
1.090000033378601,0.9418540000915527,-0.5838431715965271,-0.00012299233577550694,23
1.100000023841858,0.9441112279891968,-0.5859979391098022,-0.00014063044261547475,23
1.1100000143051147,0.9462389945983887,-0.5881009697914124,-0.0002470438441832812,23
1.1200000047683716,0.9482463598251343,-0.5901633501052856,-1.7851884990705003e-05,24
1.1299999952316284,0.9501497745513916,-0.5921684503555298,2.0950556233856332e-05,25
1.1399999856948853,0.9519534111022949,-0.5941634774208069,-0.0001700894778196016,25
1.149999976158142,0.9536480903625488,-0.5961093306541443,-0.00016718502899948362,25
1.159999966621399,0.9552530646324158,-0.5980269312858582,-0.0001873046458058525,30
1.1699999570846558,0.9567747116088867,-0.5999210476875305,-0.00017715190966782757,33
1.1799999475479126,0.9582185745239258,-0.6017945408821106,-0.00018781072571982804,35
1.190000057220459,0.9595900774002075,-0.6036512851715088,-0.00017535003178181796,36
1.2000000476837158,0.9608940482139587,-0.6054943799972534,-0.00018766369021250284,38
1.2100000381469727,0.9621350169181824,-0.6073262095451355,-0.00019210028034422066,39
1.2200000286102295,0.9633170962333679,-0.609150230884552,-0.0001747077305935818,41
1.2300000190734863,0.9644439816474915,-0.6109683513641357,-0.00018220946668634497,42
1.2400000095367432,0.965519368648529,-0.6127826571464539,-0.0003188421405866393,42
1.25,0.9665464758872986,-0.6145963072776794,0.00047548697494903536,44
1.2599999904632568,0.967568039894104,-0.6164851784706116,-0.00017590376836551513,45
1.2699999809265137,0.9685056805610657,-0.6183012127876282,-0.00017084696673919098,46
1.2799999713897705,0.9694033861160278,-0.6201212406158447,-0.00017604384174774168,48
1.2899999618530273,0.9702636003494263,-0.6219465732574463,-2.3072436192705936e-06,51
1.2999999523162842,0.9710894823074341,-0.6237819790840149,-0.00016829464885859124,54
1.309999942779541,0.9718812108039856,-0.6256229877471924,-1.4540111692440405e-06,56
1.3200000524520874,0.9726415276527405,-0.627474308013916,8.04426059630714e-06,59
1.3300000429153442,0.9733740091323853,-0.6293391585350037,7.006953183008591e-06,60
1.340000033378601,0.9740779995918274,-0.6312149167060852,-1.110657365188672e-06,61
1.350000023841858,0.9747544527053833,-0.6331006288528442,-1.2833611435780767e-06,61
1.3600000143051147,0.9754060506820679,-0.6350007653236389,1.941519542469905e-06,65
1.3700000047683716,0.9760339260101318,-0.6369147896766663,6.366137654367776e-05,68
1.3799999952316284,0.9767657518386841,-0.6392585039138794,-0.0001557448150606433,70
1.3899999856948853,0.9773457646369934,-0.6412081718444824,-0.0001612076525248085,72
1.399999976158142,0.977905809879303,-0.6431753039360046,-3.18828138574645e-05,76
1.409999966621399,0.9784470796585083,-0.645162045955658,-0.0006218413341230189,78
1.4199999570846558,0.9789703488349915,-0.6471613645553589,8.418517171548956e-05,83
1.4299999475479126,0.9794765710830688,-0.6491912007331848,4.8773553089631605e-06,83
1.4306249618530273,0.9794813990592957,-0.6492106318473816,5.95093058564089e-06,83
1.4315625429153442,0.9794908165931702,-0.6492491364479065,3.259048594372871e-05,83
1.4329687356948853,0.9795053601264954,-0.6493105292320251,8.490842520814113e-05,83
1.4350781440734863,0.9795215725898743,-0.6493831872940063,-2.3525001893176523e-06,83
1.4382421970367432,0.9795318841934204,-0.649437427520752,-2.511197294552403e-06,84
1.4429882764816284,0.9795363545417786,-0.6494755744934082,-1.3428570468931866e-06,84
1.450107455253601,0.9795361161231995,-0.649505615234375,-2.1507560177269625e-06,84
1.460107445716858,0.9795300364494324,-0.6495274305343628,-2.2458848434325773e-06,84
1.4701074361801147,0.979519784450531,-0.6495351195335388,-2.431026359772659e-06,84
1.4801074266433716,0.9795061349868774,-0.6495318412780762,-2.6887580020229507e-06,84
1.4901074171066284,0.9794895052909851,-0.6495189666748047,-2.9587666858787998e-06,84
1.5001074075698853,0.9794701337814331,-0.6494974493980408,-3.5048016684413597e-06,84
1.510107398033142,0.9794481992721558,-0.6494680047035217,-4.484451608277595e-06,84
1.520107388496399,0.9794239401817322,-0.6494312882423401,-5.892826095532655e-06,84
1.5301073789596558,0.9793974757194519,-0.649387776851654,-5.966145295133174e-06,84
1.5401073694229126,0.9793689250946045,-0.6493382453918457,3.371601189883222e-05,84
1.550107479095459,0.979338526725769,-0.6492863297462463,0.00031704319201253384,84
1.5601074695587158,0.9793201684951782,-0.6493234038352966,0.00020410782667568128,84
1.5701074600219727,0.9793195724487305,-0.6493709683418274,0.00010215804053359534,84
1.5801074504852295,0.9793152213096619,-0.6494025588035583,5.264729333021023e-05,84
1.5901074409484863,0.979306697845459,-0.6494196057319641,2.418423821382021e-05,84
1.6001074314117432,0.9792942404747009,-0.6494234204292297,6.094970956382895e-06,84
1.610107421875,0.9792782068252563,-0.6494153141975403,9.270891098367429e-06,84
1.6201074123382568,0.9792588949203491,-0.6493960618972778,2.1440425030050392e-05,84
1.6301074028015137,0.9792366027832031,-0.6493663191795349,3.516518864898899e-05,84
1.6401073932647705,0.9792115092277527,-0.6493261456489563,5.204125818636385e-05,83
1.6501073837280273,0.9791837930679321,-0.6492754817008972,7.39402307203818e-05,83
1.6601073741912842,0.9791536927223206,-0.6492135524749756,0.0001035955404518063,83
1.670107364654541,0.9791212677955627,-0.6491393446922302,0.00014480008098871622,83
1.6801074743270874,0.979086697101593,-0.6490512490272522,7.588014784687402e-05,83
1.6901074647903442,0.9790502190589905,-0.6489449143409729,0.00010523078339019776,83
1.700107455253601,0.9790120124816895,-0.6488198041915894,0.0001560028950962078,84
1.710107445716858,0.9789725542068481,-0.6486700773239136,9.622184546742574e-05,84
1.7201074361801147,0.9789326786994934,-0.6484875082969666,0.00013627734330157182,84
1.7301074266433716,0.9788934588432312,-0.6482691764831543,0.00017615030611750626,84
1.7401074171066284,0.9788568019866943,-0.6480103135108948,0.00018468695651563394,84
1.7501074075698853,0.978825032711029,-0.6477155685424805,0.0001469001810505688,84
1.760107398033142,0.9787996411323547,-0.6473989486694336,8.916907665934559e-05,84
1.770107388496399,0.9787806868553162,-0.6470767259597778,0.0002028229248480784,84
1.7801073789596558,0.9787670373916626,-0.6467602849006653,0.0001123606148212275,84
1.7901073694229126,0.9787579774856567,-0.6464541554450989,5.327454243797547e-05,84
1.800107479095459,0.9787521958351135,-0.6461606025695801,0.00032878561705729226,84
1.8101074695587158,0.9787487983703613,-0.6458796858787537,0.00020081724539977586,84
1.8201074600219727,0.9787477254867554,-0.6456117033958435,9.648692190467045e-05,84
1.8301074504852295,0.9787484407424927,-0.6453565359115601,-3.495148627052913e-05,84
1.8401074409484863,0.9787505865097046,-0.6451149582862854,-0.0001025559062100001,84
1.8501074314117432,0.9787542223930359,-0.6448885798454285,-0.0002562697890198251,84
1.860107421875,0.9787593483924866,-0.6446804404258728,-0.0005517403753856343,84
1.8701074123382568,0.978766143321991,-0.6444959044456482,0.00031863991978298145,84
1.8801074028015137,0.9787759184837341,-0.6443505883216858,-0.00014377220082906206,83
1.8901073932647705,0.9787876605987549,-0.6442522406578064,-0.00016439464434370166,83
1.9001073837280273,0.9788030385971069,-0.6442334651947021,0.00015105899478840001,83
1.9101073741912842,0.9788202047348022,-0.6443012952804565,0.0001869129285978488,83
1.920107364654541,0.9788374900817871,-0.6444288492202759,-7.725258984692118e-05,83
1.9301074743270874,0.9788550734519958,-0.6446018218994141,0.00027547514235948256,83
1.9401074647903442,0.9788730144500732,-0.6448091268539429,0.00019100855195119948,83
1.950107455253601,0.9788907766342163,-0.6450360417366028,0.0001187342606385755,83
1.960107445716858,0.9789085388183594,-0.6452771425247192,6.733826967320056e-05,82
1.9701074361801147,0.978926420211792,-0.6455280184745789,3.592677245478626e-05,82
1.9801074266433716,0.9789444208145142,-0.6457859873771667,-4.745331170852296e-05,82
1.9901074171066284,0.978962779045105,-0.6460490226745605,-8.291561050555174e-05,82
2.000107526779175,0.9789815545082092,-0.6463157534599304,-0.0001268257636297676,82
2.0101075172424316,0.9790009260177612,-0.6465848088264465,-0.00018119621967116473,82
2.0201075077056885,0.9790209531784058,-0.6468549966812134,-0.0002483484135495928,82
2.0301074981689453,0.9790418744087219,-0.6471249461174011,-0.00033017226007814315,82
2.040107488632202,0.9790638089179993,-0.647392988204956,-0.00042750764231413996,82
2.050107479095459,0.9790868163108826,-0.6476571559906006,-0.0005388703610833545,82
2.060107469558716,0.9791110157966614,-0.6479150652885437,-0.0001813554098930581,82
2.0701074600219727,0.9791359901428223,-0.648165225982666,-7.985435274804331e-05,82
2.0801074504852295,0.9791622757911682,-0.648402750492096,-0.00012401638008441296,82
2.0901074409484863,0.979189932346344,-0.6486238837242126,-8.225072895129415e-05,83
2.100107431411743,0.9792189002037048,-0.6488252282142639,-7.530900569463483e-05,83
2.110107421875,0.9792503118515015,-0.6489925384521484,-0.005712094034720394,84
2.120107412338257,0.9792287945747375,-0.6484236121177673,0.00019694730968922158,84
2.1301074028015137,0.9792147874832153,-0.6481921672821045,0.00010988364482500401,83
2.1401073932647705,0.9791931509971619,-0.6479610800743103,8.883629089950773e-05,83
2.1501073837280273,0.9791700839996338,-0.6477159261703491,0.0004195832088385032,83
2.160107374191284,0.9791460633277893,-0.6474584341049194,0.00038875790176007285,83
2.170107364654541,0.9791219234466553,-0.6471893787384033,0.0003501214300740685,83
2.180107355117798,0.9790980219841003,-0.6469116806983948,0.00031086582691841613,84
2.1901073455810547,0.9790745377540588,-0.64662766456604,0.00027197289210789677,84
2.2001073360443115,0.9790517687797546,-0.6463394165039062,0.00023470166286188032,84
2.2101073265075684,0.9790297150611877,-0.6460487246513367,0.00020042687913246482,85
2.220107316970825,0.9790084958076477,-0.6457569003105164,0.00016965271368007961,85
2.230107307434082,0.978987991809845,-0.6454649567604065,0.000142800142100441,85
2.240107536315918,0.9789681434631348,-0.6451736688613892,0.00011977290353115677,85
2.250107526779175,0.9789488911628723,-0.6448835134506226,0.00010029011508549956,85
2.2601075172424316,0.9789301753044128,-0.6445947289466858,8.376813826771468e-05,85
2.2701075077056885,0.9789118766784668,-0.6443077325820923,6.999936891816105e-05,85
2.2801074981689453,0.9788939356803894,-0.644022524356842,5.844766525342493e-05,85
2.290107488632202,0.9788762331008911,-0.6437393426895142,4.867319336199216e-05,85
2.300107479095459,0.9788587093353271,-0.6434583067893982,4.043086022420539e-05,85
2.310107469558716,0.9788413643836975,-0.6431794762611389,3.3542574612965836e-05,85
2.3201074600219727,0.9788240790367126,-0.6429030299186707,2.7553472705221793e-05,85
2.3301074504852295,0.9788068532943726,-0.6426291465759277,2.2451155700764502e-05,85
2.3401074409484863,0.9787896871566772,-0.642358124256134,1.805668352972134e-05,85
2.350107431411743,0.9787724614143372,-0.6420900821685791,1.4153285462725762e-05,85
2.360107421875,0.9787551760673523,-0.6418255567550659,1.0543829716880282e-05,85
2.370107412338257,0.9787378907203674,-0.6415648460388184,7.2394468588754535e-06,85
2.3801074028015137,0.9787205457687378,-0.641308605670929,4.320431230553368e-06,85
2.3901073932647705,0.9787031412124634,-0.641057550907135,-3.2060420949164836e-06,85
2.4001073837280273,0.978685736656189,-0.6408125162124634,-4.777621370521956e-06,85
2.410107374191284,0.9786684513092041,-0.6405744552612305,-6.2276602648125845e-06,85
2.420107364654541,0.978651225566864,-0.6403444409370422,-7.341611024003214e-06,85
2.430107355117798,0.978634238243103,-0.6401235461235046,-8.212248417294177e-06,85
2.4401073455810547,0.9786174893379211,-0.6399126648902893,-9.050121093423513e-06,85
2.4501073360443115,0.9786011576652527,-0.6397125720977783,-9.40079200972832e-06,85
2.4601073265075684,0.9785853028297424,-0.639523446559906,-9.406279730228562e-06,85
2.470107316970825,0.9785698652267456,-0.6393451690673828,-9.354093890578952e-06,85
2.480107307434082,0.9785547852516174,-0.6391772627830505,-9.659668990025239e-06,85
2.490107536315918,0.9785399436950684,-0.639019250869751,-1.0734828606473457e-05,85
2.500107526779175,0.9785252213478088,-0.6388706564903259,-1.378040121835511e-05,85
2.5101075172424316,0.9785103797912598,-0.6387315392494202,-1.845066924488492e-05,85
2.5201075077056885,0.9784953594207764,-0.6386027932167053,-2.4694886803899863e-05,85
2.5301074981689453,0.9784799814224243,-0.6384860873222351,-3.280097524793746e-05,85
2.540107488632202,0.9784642457962036,-0.6383841037750244,-4.098064914614952e-05,85
2.550107479095459,0.9784483313560486,-0.6383001804351807,-4.702988724147872e-05,85
2.560107469558716,0.978432297706604,-0.6382376551628113,-4.741277746234118e-05,85
2.5701074600219727,0.9784165620803833,-0.6381983160972595,-4.1497225481634814e-05,85
2.5801074504852295,0.978401243686676,-0.6381819844245911,-3.190281552178931e-05,85
2.5901074409484863,0.9783864617347717,-0.6381863951683044,-2.1706805512167193e-05,85
2.600107431411743,0.9783722758293152,-0.6382080316543579,-1.323798085195449e-05,85
2.610107421875,0.9783586263656616,-0.6382431387901306,-1.0464640865848196e-05,85
2.620107412338257,0.9783454537391663,-0.6382883191108704,-2.1178788642828295e-06,86
2.6301074028015137,0.9783326387405396,-0.6383405923843384,2.4925196271397e-06,86
2.6401073932647705,0.9783201217651367,-0.6383973956108093,5.485343478994764e-06,86
2.6501073837280273,0.978307843208313,-0.6384567022323608,8.35323857018011e-06,86
2.660107374191284,0.9782958030700684,-0.6385166645050049,1.1451631166892184e-05,86
2.670107364654541,0.9782840609550476,-0.6385757327079773,1.5032108137802425e-05,86
2.680107355117798,0.9782726168632507,-0.6386324763298035,1.943869642673235e-05,86
2.6901073455810547,0.9782615900039673,-0.6386855244636536,2.5307169153165887e-05,86
2.7001073360443115,0.9782510995864868,-0.6387336850166321,3.3303711461485364e-05,86
2.7101073265075684,0.9782412648200989,-0.6387755870819092,4.454316825786009e-05,86
2.720107316970825,0.9782323241233826,-0.6388099789619446,6.050585193406732e-05,86
2.730107307434082,0.9782245755195618,-0.6388353705406189,8.510627247915181e-05,86
2.740107536315918,0.978218138217926,-0.6388499140739441,0.00013128545549534465,86
2.750107526779175,0.9782132506370544,-0.6388500332832336,0.00031624879051150856,86
2.7601075172424316,0.9782096147537231,-0.6388185620307922,-0.0016030039315637623,87
2.7701075077056885,0.978215754032135,-0.6390339136123657,-6.188987595123763e-05,87
2.7801074981689453,0.9782236814498901,-0.6392792463302612,5.336600167993311e-06,87
2.790107488632202,0.9782323837280273,-0.6395255327224731,-2.0212709159750375e-06,87
2.800107479095459,0.9782419204711914,-0.6397745013237,-2.847614155143674e-06,87
2.810107469558716,0.9782523512840271,-0.640025794506073,-4.485041756652208e-06,87
2.8201074600219727,0.9782636165618896,-0.6402790546417236,-6.3577672904102656e-06,87
2.8301074504852295,0.9782755374908447,-0.6405335664749146,-8.66839599211744e-06,87
2.8401074409484863,0.9782881736755371,-0.640788733959198,-1.1213337813842372e-05,87
2.850107431411743,0.9783012270927429,-0.6410437226295471,-1.3921511424541677e-05,87
2.860107421875,0.9783146381378174,-0.6412979364395142,-1.670945408704938e-05,87
2.870107412338257,0.9783282279968262,-0.641550600528717,-1.9706347643477784e-05,87
2.8801074028015137,0.978341817855835,-0.6418010592460632,-2.2847033108064352e-05,87
2.8901073932647705,0.9783552885055542,-0.6420490145683289,-2.616206768379925e-05,87
2.9001073837280273,0.9783684015274048,-0.6422939896583557,-2.959670672453285e-05,87
2.910107374191284,0.9783810377120972,-0.6425359845161438,-3.3137758521206706e-05,87
2.920107364654541,0.9783931970596313,-0.6427749395370483,-3.699792364386667e-05,87
2.930107355117798,0.9784047603607178,-0.6430109739303589,-4.11051154856068e-05,87
2.9401073455810547,0.9784157276153564,-0.6432443261146545,-4.579879049515512e-05,87
2.9501073360443115,0.9784259796142578,-0.643475353717804,-5.10943879135084e-05,87
2.9601073265075684,0.9784355759620667,-0.643704354763031,-5.763907387290601e-05,87
2.970107316970825,0.9784444570541382,-0.6439318060874939,-6.56098891909096e-05,87
2.980107307434082,0.978452742099762,-0.6441581845283508,-7.597781439017126e-05,87
2.990107536315918,0.9784603714942932,-0.6443839073181152,-8.960302585592217e-05,87
3.000107526779175,0.9784674644470215,-0.6446093916893005,-0.0001087682164211401,87
3.0101075172424316,0.978473961353302,-0.6448352932929993,-0.00013623346882241094,87
3.0201075077056885,0.9784799814224243,-0.6450620293617249,-0.00017815772076801295,87
3.0301074981689453,0.9784855842590332,-0.6452903151512146,-0.00024531892756840534,87
3.040107488632202,0.9784908294677734,-0.6455209255218506,-0.0003613275447946762,88
3.050107479095459,0.9784958958625793,-0.6457549929618835,-0.0005807359709706361,88
3.060107469558716,0.9785009622573853,-0.6459945440292358,-0.00019831643527368215,88
3.0701074600219727,0.9785056114196777,-0.6462423205375671,-0.00020188827511447016,88
3.0801074504852295,0.9785119891166687,-0.6465108394622803,-0.0001490279180984544,88
3.0901074409484863,0.9785267114639282,-0.6468485593795776,-0.00013788251408186625,87
3.100107431411743,0.9786022901535034,-0.6472578048706055,-0.00010586759043462735,87
3.110107421875,0.9786989092826843,-0.6475669741630554,-2.934226182560451e-05,87
3.120107412338257,0.9787935018539429,-0.6478540897369385,-7.89936223100085e-06,87
3.1301074028015137,0.9788856506347656,-0.6481307148933411,-2.9187838208599715e-06,87
3.1401073932647705,0.9789752960205078,-0.6484003067016602,-1.4031068644726474e-06,87
3.1501073837280273,0.9790623188018799,-0.6486639380455017,-8.953784913501295e-07,87
3.160107374191284,0.9791468977928162,-0.6489217877388,-6.54270706945681e-07,88
3.170107364654541,0.9792288541793823,-0.6491739749908447,-4.787311809195671e-07,88
3.180107355117798,0.9793083071708679,-0.649420440196991,-4.372543003228202e-07,88
3.1901073455810547,0.9793851971626282,-0.6496609449386597,-3.632337097769778e-07,88
3.2001073360443115,0.9794594645500183,-0.649895429611206,-3.115834488198743e-07,88
3.2101073265075684,0.9795311689376831,-0.650123655796051,-3.7297309063433204e-07,88
3.220107316970825,0.9796001315116882,-0.6503453254699707,-3.5476932680467144e-07,88
3.230107307434082,0.9796664714813232,-0.6505600810050964,3.6347955756355077e-07,88
3.240107536315918,0.9797300696372986,-0.6507676839828491,2.934600615844829e-07,88
3.250107526779175,0.9797908067703247,-0.6509677171707153,3.241091235395288e-07,88
3.2601075172424316,0.9798487424850464,-0.6511597633361816,-3.2869331789697753e-07,88
3.2701075077056885,0.9799037575721741,-0.6513434052467346,-3.747111350094201e-07,88
3.2801074981689453,0.9799557328224182,-0.6515181064605713,-3.4744385857266025e-07,88
3.290107488632202,0.9800046682357788,-0.6516834497451782,-5.371320526137424e-07,87
3.300107479095459,0.9800503849983215,-0.6518388986587524,-3.832049060292775e-07,87
3.310107469558716,0.9800928831100464,-0.6519838571548462,3.72582690033596e-07,87
3.3201074600219727,0.9801320433616638,-0.6521178483963013,-3.5811939369523316e-07,88
3.3301074504852295,0.9801676869392395,-0.6522402763366699,-3.784093678405043e-07,88
3.3401074409484863,0.9801998138427734,-0.6523507237434387,-4.0359242348131374e-07,88
3.350107431411743,0.9802283048629761,-0.6524485349655151,-4.386958494251303e-07,88
3.360107421875,0.9802531003952026,-0.6525333523750305,-5.38734695965104e-07,88
3.370107412338257,0.9802741408348083,-0.6526048183441162,-7.056501090119127e-07,88
3.3801074028015137,0.9802913069725037,-0.6526625156402588,-9.136952598964854e-07,88
3.3901073932647705,0.9803045988082886,-0.652706503868103,-1.4716197256348096e-06,88
3.4001073837280273,0.980314314365387,-0.6527373194694519,-0.0003983462561905071,88
3.410107374191284,0.9803216457366943,-0.6527604460716248,-3.0168075682013296e-07,87
3.420107364654541,0.9803086519241333,-0.6526980996131897,0.00011450741578755697,88
3.430107355117798,0.9803131818771362,-0.6527155637741089,-0.00013464987091538205,88
3.4401073455810547,0.9803069233894348,-0.6526880860328674,-0.0001846880368816528,88
3.4501073360443115,0.9802960157394409,-0.6526435017585754,-0.00022323848548921887,88
3.4601073265075684,0.9802809953689575,-0.652583658695221,7.589357551296416e-07,88
3.470107316970825,0.9802619218826294,-0.6525094509124756,6.570730874955188e-07,88
3.480107307434082,0.9802389740943909,-0.6524212956428528,6.007609272273839e-07,88
3.490107536315918,0.9802122712135315,-0.6523196697235107,5.788164685327502e-07,88
3.500107526779175,0.980181872844696,-0.6522051095962524,5.55122653622675e-07,87
3.5101075172424316,0.9801478981971741,-0.6520781517028809,6.562273711097077e-07,87
3.5201075077056885,0.9801104068756104,-0.6519392728805542,8.15344094462489e-07,87
3.5301074981689453,0.9800695180892944,-0.6517890095710754,1.6013374875001318e-06,88
3.540107488632202,0.9800253510475159,-0.6516277194023132,5.214315990542673e-06,88
3.550107479095459,0.9799780249595642,-0.6514557600021362,4.700164174664678e-05,88
3.560107469558716,0.979927659034729,-0.6512722373008728,-0.0008736529488828637,88
3.5701074600219727,0.9798835515975952,-0.651064395904541,1.734883880999405e-06,88
3.5801074504852295,0.9798777103424072,-0.6510159373283386,1.2862743687946931e-06,88
3.5901074409484863,0.9798715114593506,-0.6509697437286377,6.356610242619354e-07,88
3.600107431411743,0.9798640012741089,-0.6509225964546204,3.341315846228099e-07,88
3.610107421875,0.9798548221588135,-0.6508733034133911,-3.227532943128608e-07,88
3.620107412338257,0.9798437356948853,-0.6508210301399231,3.2749221645644866e-07,88
3.6301074028015137,0.9798306822776794,-0.6507651209831238,-3.43642739153438e-07,88
3.6401073932647705,0.9798154234886169,-0.6507048606872559,-4.3060725829491275e-07,89
3.6501073837280273,0.979797899723053,-0.650639533996582,-4.723378879134543e-07,89
3.660107374191284,0.9797778129577637,-0.650568425655365,-5.081051313027274e-07,89
3.670107364654541,0.9797551035881042,-0.6504907608032227,-5.43734927305195e-07,89
3.680107355117798,0.9797294735908508,-0.650405764579773,-5.863373644388048e-07,89
3.6901073455810547,0.9797008037567139,-0.6503124833106995,-7.341532182181254e-07,89
3.7001073360443115,0.9796687960624695,-0.6502101421356201,-8.722294637664163e-07,89
3.7101073265075684,0.9796332120895386,-0.6500977277755737,-9.117698596128321e-07,89
3.720107316970825,0.9795938730239868,-0.6499742269515991,-9.153586120191903e-07,89
3.730107307434082,0.9795504212379456,-0.6498386859893799,-1.124694222198741e-06,89
3.740107536315918,0.9795026779174805,-0.6496900916099548,-1.337404967216571e-06,89
3.750107526779175,0.9794504046440125,-0.6495274901390076,-1.5506897739214764e-06,89
3.7601075172424316,0.979393482208252,-0.6493501663208008,-1.6753281215642346e-06,89
3.7701075077056885,0.9793317317962646,-0.6491577625274658,-2.0133887801421224e-06,89
3.7801074981689453,0.9792653322219849,-0.6489500999450684,-2.203087376528856e-06,89
3.790107488632202,0.9791944026947021,-0.6487278938293457,-2.388733946645516e-06,89
3.800107479095459,0.9791194200515747,-0.648492157459259,-2.659409915395372e-06,88
3.810107469558716,0.9790408611297607,-0.6482445001602173,-2.9524173896788852e-06,89
3.8201074600219727,0.9789593815803528,-0.6479869484901428,-3.353753527335357e-06,89
3.8301074504852295,0.9788756370544434,-0.6477216482162476,-4.240016608036967e-06,89
3.8401074409484863,0.9787901639938354,-0.6474503874778748,-6.353495848543389e-06,89
3.850107431411743,0.978703498840332,-0.6471747756004333,-1.2040185140449466e-05,89
3.860107421875,0.9786159992218018,-0.6468957662582397,-3.07927587073209e-05,88
3.870107412338257,0.9785280227661133,-0.6466132402420044,0.00011485016898404865,88
3.8801074028015137,0.9784398078918457,-0.6463229060173035,3.983075970381833e-05,88
3.8826074600219727,0.9784179329872131,-0.6462392210960388,3.198974229690066e-05,88
3.8851075172424316,0.9783963561058044,-0.6461483240127563,4.373309133143266e-05,88
3.8876073360443115,0.9783770442008972,-0.6460321545600891,5.337156062523718e-05,88
3.8894824981689453,0.9783677458763123,-0.6459246277809143,3.6119532239808905e-05,88
3.8908886909484863,0.978364109992981,-0.6458474397659302,2.8454611822326115e-05,88
3.8919434547424316,0.9783623218536377,-0.6457950472831726,2.510159873736484e-05,88
3.892997980117798,0.9783608913421631,-0.6457464694976807,2.5589170377315895e-05,88
3.894052743911743,0.9783597588539124,-0.6457009315490723,3.069659629773014e-05,88
3.8951075077056885,0.9783587455749512,-0.6456577181816101,4.3374560391384875e-05,88
3.8961620330810547,0.9783579111099243,-0.6456162929534912,3.169360837773638e-05,88
3.897216796875,0.978357195854187,-0.6455764174461365,2.2884602572048607e-05,88
3.8982715606689453,0.9783565998077393,-0.645537793636322,4.43337029309987e-05,88
3.8993260860443115,0.978355884552002,-0.6455000638961792,3.5468332725940854e-05,88
3.900380849838257,0.978355348110199,-0.6454633474349976,2.8168980065856886e-05,88
3.901435613632202,0.9783548712730408,-0.6454272866249084,2.239438833839813e-05,88
3.9024901390075684,0.9783543944358826,-0.6453918814659119,6.324782890487768e-05,88
3.9035449028015137,0.9783537983894348,-0.6453568935394287,5.536279917350839e-05,88
3.904599666595459,0.9783533811569214,-0.6453225612640381,6.698884413935957e-05,88
3.906181573867798,0.9783526659011841,-0.6452716588973999,7.393791076992784e-05,88
3.908554792404175,0.9783517122268677,-0.6451967358589172,7.141056255477451e-05,88
3.912114143371582,0.9783504009246826,-0.6450868844985962,5.810190702959517e-05,88
3.9174535274505615,0.9783484935760498,-0.6449260115623474,0.00043034831867316825,88
3.9254627227783203,0.9783454537391663,-0.6446905732154846,0.00033009216156187904,88
3.935462713241577,0.9783421158790588,-0.6444045901298523,0.00021035237728028733,88
3.945462703704834,0.9783386588096619,-0.644124448299408,0.0001410990108183796,88
3.955462694168091,0.9783350825309753,-0.6438484191894531,9.832270546894506e-05,88
3.9654626846313477,0.9783312678337097,-0.6435756087303162,7.058811701199375e-05,88
3.9754626750946045,0.9783273339271545,-0.6433055400848389,5.169580600750123e-05,88
3.9854626655578613,0.9783231616020203,-0.6430379152297974,3.848796467309512e-05,88
3.995462656021118,0.9783188700675964,-0.6427724957466125,2.9012603874889464e-05,88
4.005462646484375,0.9783143401145935,-0.6425091028213501,2.1847803168384416e-05,88
4.015462875366211,0.9783096313476562,-0.6422476768493652,1.6456318689961336e-05,88
4.025462627410889,0.9783047437667847,-0.6419880986213684,1.2687457854099193e-05,88
4.035462856292725,0.9782996773719788,-0.6417303681373596,9.880782215532236e-06,88
4.045462608337402,0.9782944321632385,-0.6414743661880493,7.5873437026530155e-06,88
4.055462837219238,0.9782889485359192,-0.6412201523780823,5.721382024148625e-06,88
4.065462589263916,0.9782833456993103,-0.6409677267074585,4.266594203272689e-06,88
4.075462818145752,0.9782775640487671,-0.6407170295715332,2.9790667213092092e-06,88
4.08546257019043,0.9782716035842896,-0.6404680609703064,-2.168461207929795e-06,88
4.095462799072266,0.9782655239105225,-0.6402208805084229,-3.0089261713328597e-06,88
4.105462551116943,0.978259265422821,-0.6399755477905273,-3.830446416941413e-06,88
4.115462779998779,0.9782529473304749,-0.6397320032119751,-4.476003596209921e-06,88
4.125462532043457,0.9782465100288391,-0.6394903063774109,-5.05487400914717e-06,88
4.135462760925293,0.9782400131225586,-0.6392505168914795,-5.685356484264048e-06,88
4.145462512969971,0.9782334566116333,-0.6390127539634705,-6.2711618511457345e-06,88
4.155462741851807,0.9782268404960632,-0.6387770175933838,-6.687412053452135e-06,88
4.165462493896484,0.9782202839851379,-0.6385433673858643,-7.311048307201418e-06,88
4.17546272277832,0.9782137274742126,-0.6383119821548462,-7.800970536209206e-06,88
4.185462474822998,0.9782072901725769,-0.6380829215049744,-8.286336651508464e-06,88
4.195462703704834,0.9782009720802307,-0.6378562450408936,-8.793653648808686e-06,88
4.205462455749512,0.9781947731971741,-0.6376321911811829,-9.444046440876264e-06,88
4.215462684631348,0.9781888127326965,-0.6374107599258423,-1.0099799737872672e-05,88
4.225462436676025,0.9781830310821533,-0.6371921896934509,-1.063928669964298e-05,88
4.235462665557861,0.978177547454834,-0.6369765996932983,-1.1265621878919774e-05,88
4.245462417602539,0.9781723618507385,-0.6367641687393188,-1.2030362370296643e-05,88
4.255462646484375,0.9781675338745117,-0.6365550756454468,-1.258863204611771e-05,88
4.265462875366211,0.9781630635261536,-0.6363494396209717,-1.3525184499485476e-05,88
4.275462627410889,0.9781590104103088,-0.6361473798751831,-1.4038523488579813e-05,88
4.285462856292725,0.9781553149223328,-0.6359491348266602,-1.476798922794842e-05,88
4.295462608337402,0.9781520962715149,-0.6357548236846924,-1.542183389346974e-05,87
4.305462837219238,0.9781493544578552,-0.6355644464492798,-1.6172743812603585e-05,87
4.315462589263916,0.9781469702720642,-0.6353781819343567,-1.6983011278171034e-05,87
4.325462818145752,0.9781450033187866,-0.6351960301399231,-1.734643961981419e-05,87
4.33546257019043,0.9781433939933777,-0.6350179314613342,-1.7647751064941986e-05,87
4.345462799072266,0.9781420826911926,-0.6348438858985901,-1.7886154182633618e-05,87
4.355462551116943,0.9781411290168762,-0.6346737146377563,-1.802424839070227e-05,87
4.365462779998779,0.9781403541564941,-0.6345073580741882,-1.8189570027971058e-05,87
4.375462532043457,0.9781396985054016,-0.6343445181846619,-1.802537843786922e-05,87
4.385462760925293,0.9781391620635986,-0.6341850161552429,-1.783258261411902e-05,87
4.395462512969971,0.9781386852264404,-0.6340284943580627,-1.7592638698715746e-05,87
4.405462741851807,0.9781380891799927,-0.633874773979187,-1.725052067058641e-05,87
4.415462493896484,0.9781373739242554,-0.6337234377861023,-1.674236790449868e-05,87
4.42546272277832,0.9781364798545837,-0.6335741877555847,-1.6304588882576354e-05,87
4.435462474822998,0.978135347366333,-0.6334268450737,-1.5695383353886427e-05,87
4.445462703704834,0.9781339764595032,-0.6332810521125793,-1.5400141990085103e-05,87
4.455462455749512,0.9781321883201599,-0.6331366300582886,-1.4933154488971923e-05,87
4.465462684631348,0.9781301617622375,-0.6329935789108276,-1.4638300967817486e-05,87
4.475462436676025,0.9781277179718018,-0.6328516602516174,-1.4393925539479824e-05,87
4.485462665557861,0.9781249761581421,-0.6327110528945923,-1.424396526772398e-05,87
4.495462417602539,0.9781218767166138,-0.632571816444397,-1.4198970518464193e-05,87
4.505462646484375,0.9781184792518616,-0.632434070110321,-1.4323060611332039e-05,87
4.515462875366211,0.978114902973175,-0.6322979927062988,-1.4470812971012492e-05,87
4.525462627410889,0.9781110882759094,-0.6321640014648438,-1.4740176936811622e-05,87
4.535462856292725,0.9781071543693542,-0.6320322751998901,-1.5019078148270637e-05,87
4.545462608337402,0.9781031012535095,-0.6319032907485962,-1.541205426747183e-05,87
4.555462837219238,0.9780990481376648,-0.631777286529541,-1.595749802163482e-05,87
4.565462589263916,0.9780950546264648,-0.6316547393798828,-1.6845568097778596e-05,87
4.575462818145752,0.9780911207199097,-0.631536066532135,-1.7475755782925262e-05,87
4.58546257019043,0.9780873656272888,-0.6314217448234558,-1.8501233569168107e-05,87
4.595462799072266,0.9780838489532471,-0.6313122510910034,-1.9597072935084725e-05,87
4.605462551116943,0.9780805706977844,-0.6312081217765808,-2.072762691796015e-05,87
4.615462779998779,0.9780776500701904,-0.631109893321991,-2.1953934890461824e-05,87
4.625462532043457,0.9780750274658203,-0.6310181021690369,-2.3352923506081424e-05,87
4.635462760925293,0.9780728220939636,-0.6309333443641663,-2.490019733158988e-05,87
4.645462512969971,0.9780710339546204,-0.6308561563491821,-2.624406067752716e-05,87
4.655462741851807,0.9780696034431458,-0.6307869553565979,-2.7667278118315153e-05,87
4.665462493896484,0.9780685901641846,-0.6307260990142822,-2.9141131562937517e-05,87
4.67546272277832,0.9780678749084473,-0.630673885345459,-3.054600455243417e-05,87
4.685462474822998,0.9780675172805786,-0.630630373954773,-3.1774559715813666e-05,87
4.695462703704834,0.9780673384666443,-0.6305954456329346,-3.3156031804537633e-05,87
4.705462455749512,0.9780672788619995,-0.6305687427520752,-3.4300319441626925e-05,87
4.715462684631348,0.9780672192573547,-0.6305494904518127,-3.502687957279704e-05,87
4.725462436676025,0.9780669808387756,-0.6305365562438965,-3.336405671916509e-05,87
4.735462665557861,0.9780662059783936,-0.6305273771286011,-2.3729860174626083e-05,87
4.745462417602539,0.9780640602111816,-0.6305144429206848,1.3059819139016327e-05,87
4.755462646484375,0.9780566692352295,-0.6304638385772705,5.0421433059000265e-05,87
4.765462875366211,0.9780385494232178,-0.6303215026855469,nan,nan
#GNA2
0.0,0.0,0.0,3.366071652521896e-07,0
0.029999999329447746,0.029988305643200874,-0.01808447390794754,-3.8360262880843266e-05,0
0.05999999865889549,0.059952426701784134,-0.036158084869384766,-4.3592426692384834e-05,0
0.09000000357627869,0.08989126980304718,-0.05422038212418556,-4.963970626192804e-05,0
0.11999999731779099,0.11980362981557846,-0.07227086275815964,-5.6639005016734245e-05,0
0.15000000596046448,0.14968815445899963,-0.09030897170305252,-6.487194444559918e-05,0
0.18000000715255737,0.17954330146312714,-0.10833405703306198,-7.471287980820307e-05,0
0.20999999344348907,0.20936737954616547,-0.1263454258441925,-8.642818559678744e-05,0
0.23999999463558197,0.23915839195251465,-0.14434222877025604,-0.00010042462851345135,0
0.27000001072883606,0.2689141035079956,-0.16232351958751678,-0.00011772969942569489,0
0.30000001192092896,0.2986319065093994,-0.1802881807088852,-0.00013911354935203235,0
0.33000001311302185,0.32830873131752014,-0.1982349157333374,-0.00016582726891556376,0
0.36000001430511475,0.3579409718513489,-0.21616216003894806,-0.0001996839957882912,0
0.38999998569488525,0.3875243067741394,-0.23406802117824554,-0.00024303272678594112,0
0.41999998688697815,0.41705355048179626,-0.2519502341747284,-0.00029958430462784236,0
0.44999998807907104,0.4465223550796509,-0.26980599761009216,-0.0003741291150447523,0
0.47999998927116394,0.47592291235923767,-0.28763172030448914,-0.00047400446200640545,0
0.5099999904632568,0.5052453875541687,-0.3054230213165283,-0.0006096356870273212,0
0.5400000214576721,0.5344772934913635,-0.3231740891933441,-0.0007966281470430658,0
0.5699999928474426,0.5636025667190552,-0.3408774137496948,-0.0010580105145834295,0
0.6000000238418579,0.5926000475883484,-0.35852304100990295,-0.0014285349620593024,0
0.6299999952316284,0.6214416027069092,-0.3760974109172821,-0.001959829765496579,0
0.6600000262260437,0.6500890254974365,-0.39358195662498474,-0.0027274245649095974,0
0.6899999976158142,0.6784895062446594,-0.410950630903244,-0.0038373236572510905,0
0.7200000286102295,0.7065691351890564,-0.4281664490699768,-0.00542237487110242,0
0.75,0.7342227697372437,-0.44517603516578674,-0.0076069720528835205,0
0.7799999713897705,0.7613001465797424,-0.46190208196640015,-0.010384463252307796,0
0.8100000023841858,0.7875875234603882,-0.47823312878608704,-0.01334665834599491,0
0.8399999737739563,0.8127890229225159,-0.49401289224624634,-0.015342029334476592,0
0.8700000047683716,0.8365199565887451,-0.5090358853340149,-0.014657256222392334,0
0.8999999761581421,0.8583369255065918,-0.5230634212493896,3.4624052318577014e-06,0
0.9300000071525574,0.8778307437896729,-0.5358744263648987,7.444265918366e-06,8
0.9599999785423279,0.8947439193725586,-0.5473341941833496,0.00484594256931814,12
0.9900000095367432,0.9090674519538879,-0.5574465394020081,0.0035878447235973,16
1.0199999809265137,0.9210154414176941,-0.5663479566574097,0.0028762863091742474,19
1.0499999523162842,0.9309160113334656,-0.5742346048355103,0.0017883881923808076,21
1.0800000429153442,0.9391238689422607,-0.5813267230987549,0.0013368856145916652,23
1.1100000143051147,0.94596266746521,-0.587822437286377,-0.0019621969051968335,25
1.1399999856948853,0.9517033100128174,-0.5938807725906372,-0.0020204974995863267,29
1.1699999570846558,0.9565629363059998,-0.5996511578559875,-0.002049705174385963,36
1.2000000476837158,0.9607130885124207,-0.6052318215370178,-0.001981545815624486,40
1.2300000190734863,0.9642877578735352,-0.6107092499732971,-0.0019420959532681081,44
1.2599999904632568,0.9673922657966614,-0.6161510348320007,-0.0018884820032667449,47
1.2899999618530273,0.9701092839241028,-0.6216102838516235,0.00010860382349164865,56
1.3200000524520874,0.9725045561790466,-0.6271317005157471,0.0004532687773188826,61
1.350000023841858,0.9746352434158325,-0.6327584385871887,-0.00015546351863804375,67
1.3799999952316284,0.9765447974205017,-0.6385341882705688,-0.0015669065624592804,75
1.409999966621399,0.9782480597496033,-0.6444166898727417,-0.0027124849586925848,86
1.440000057220459,0.9797861576080322,-0.6504532098770142,-6.250298736176774e-05,90
1.4700000286102295,0.9811825156211853,-0.6566795706748962,-4.998480505946645e-05,96
1.5,0.9824594259262085,-0.6631089448928833,-9.659696587505096e-05,101
1.5299999713897705,0.9836271405220032,-0.6697319149971008,-0.0012628123737385977,107
1.559999942779541,0.9846989512443542,-0.676547110080719,0.09575650170131667,118
1.590000033378601,0.9873159527778625,-0.697001576423645,-0.0008849901316807518,124
1.6200000047683716,0.9883466958999634,-0.7069541215896606,-3.341791870070665e-05,129
1.649999976158142,0.9890848994255066,-0.7149084210395813,-4.9267301506006334e-05,131
1.6799999475479126,0.9897793531417847,-0.7231094837188721,-0.0010720415683067586,137
1.7100000381469727,0.9904313087463379,-0.7315202951431274,-0.001135475020305421,139
1.7400000095367432,0.9910464286804199,-0.7401625514030457,-0.00043622985077718113,143
1.7699999809265137,0.9916283488273621,-0.7490457892417908,0.00041564075115729793,146
1.7999999523162842,0.9923117756843567,-0.7604124546051025,-0.0010426985293179314,148
1.8300000429153442,0.9928300976753235,-0.769800066947937,-0.001019173891563696,152
1.8600000143051147,0.9933239221572876,-0.7794167995452881,-0.0010654412351414067,152
1.8899999856948853,0.9937954545021057,-0.7892592549324036,-0.0010907534373814087,153
1.9199999570846558,0.9942466616630554,-0.7993270754814148,-0.0011457787798008212,154
1.9500000476837158,0.9946791529655457,-0.8096189498901367,-0.0012245280044567153,157
1.9800000190734863,0.9950944781303406,-0.8201311826705933,4.9185460284206783e-05,159
2.009999990463257,0.99549400806427,-0.8308612108230591,-0.00010586532482648181,162
2.0399999618530273,0.9958801865577698,-0.8418427109718323,-0.0013508393552683629,164
2.069999933242798,0.9962518215179443,-0.8530035018920898,-0.0011431590535266878,163
2.0999999046325684,0.9966109395027161,-0.8643777966499329,-0.0010860721293397546,166
2.130000114440918,0.9969584941864014,-0.875961184501648,-0.0010869746427601967,166
2.1600000858306885,0.9972953796386719,-0.8877512216567993,-0.0011051826106722729,166
2.190000057220459,0.9976224303245544,-0.8997451066970825,-0.0011083456865890184,167
2.2200000286102295,0.9979402422904968,-0.9119420647621155,-0.0011615950612053894,171
2.25,0.9982495307922363,-0.9243356585502625,-0.00032338968463818674,171
2.2799999713897705,0.9985509514808655,-0.9369414448738098,-0.00023350953756562376,173
2.309999942779541,0.9988459944725037,-0.9497750401496887,-0.0011153117136473156,174
2.3399999141693115,0.9991329908370972,-0.9627482891082764,-0.0011441977736126319,173
2.369999885559082,0.9994133710861206,-0.9759089946746826,-0.001157100736747907,173
2.4000000953674316,0.999687671661377,-0.9892539978027344,-0.0012325277210152308,174
2.430000066757202,0.9999563694000244,-1.0027797222137451,0.001803481347849356,174
2.4600000381469727,1.000220537185669,-1.0165640115737915,0.0011987191661546603,175
2.490000009536743,1.0004847049713135,-1.0307433605194092,-0.0011508153968406987,177
2.5199999809265137,1.000738501548767,-1.044801950454712,-0.0011942999275902366,177
2.549999952316284,1.0009877681732178,-1.0590312480926514,-0.00120886099892914,177
2.5799999237060547,1.0012329816818237,-1.0734279155731201,-0.0013029720656732025,177
2.609999895095825,1.001474142074585,-1.0879900455474854,-0.0019493129107672758,177
2.640000104904175,1.0017118453979492,-1.1027133464813232,-0.0012415152488074455,178
2.6700000762939453,1.0019460916519165,-1.11759614944458,-0.0012471997842453675,177
2.700000047683716,1.002177119255066,-1.1326359510421753,-0.001265971172870195,176
2.7300000190734863,1.0024051666259766,-1.1478297710418701,-0.0013108686313216822,177
2.759999990463257,1.002630352973938,-1.1631749868392944,-0.001358159222206723,177
2.7899999618530273,1.0028529167175293,-1.1786690950393677,-0.0016408725342103025,177
2.819999933242798,1.0030728578567505,-1.194305181503296,-0.001640381681056624,177
2.820117235183716,1.0030728578567505,-1.194305181503296,-0.0016395829934481299,177
2.8202929496765137,1.0030728578567505,-1.194305181503296,-0.0016385726331122896,177
2.820556640625,1.0030728578567505,-1.1943053007125854,-0.001636862546718021,177
2.8209521770477295,1.0030728578567505,-1.1943053007125854,-0.0016344292724852494,177
2.821545362472534,1.0030728578567505,-1.194305419921875,-0.0016307343038874933,177
2.8224353790283203,1.0030728578567505,-1.1943055391311646,-0.0016284982038996532,177
2.8227689266204834,1.0030728578567505,-1.1943055391311646,-0.0016253706500606313,177
2.8232696056365967,1.0030728578567505,-1.194305658340454,-0.001623644381709255,177
2.8234572410583496,1.0030728578567505,-1.1943057775497437,-0.0016210817240107644,177
2.8237388134002686,1.0030728578567505,-1.1943057775497437,-0.0016169808484391979,177
2.8241612911224365,1.0030728578567505,-1.1943058967590332,-0.0016147414979172936,177
2.82431960105896,1.0030728578567505,-1.1943060159683228,-0.001611375043978569,177
2.824557065963745,1.0030728578567505,-1.1943061351776123,-0.0016094398888526484,177
2.824646234512329,1.0030728578567505,-1.1943061351776123,-0.0016066596394921362,177
2.824779987335205,1.0030728578567505,-1.1943062543869019,-0.0016051540486046179,177
2.8248300552368164,1.0030728578567505,-1.1943062543869019,-0.0016026868577228015,177
2.8249051570892334,1.0030728578567505,-1.1943063735961914,-0.0015989844639534567,177
2.8250179290771484,1.0030728578567505,-1.194306492805481,-0.0015970354648402463,177
2.8250601291656494,1.0030728578567505,-1.194306492805481,-0.0015941056312840374,177
2.8251235485076904,1.0030728578567505,-1.1943066120147705,-0.0015922728157420352,177
2.8251473903656006,1.0030728578567505,-1.19430673122406,-0.001589752221548224,177
2.825183153152466,1.0030728578567505,-1.19430673122406,-0.0015859041201338187,177
2.8252365589141846,1.0030728578567505,-1.1943068504333496,-0.001583732140545635,177
2.825256586074829,1.0030728578567505,-1.1943069696426392,-0.00158046838367909,177
2.825286865234375,1.0030728578567505,-1.1943070888519287,-0.0015786839443308054,177
2.8252980709075928,1.0030728578567505,-1.1943070888519287,-0.001575837782581857,177
2.825314998626709,1.0030728578567505,-1.1943072080612183,-0.0015744146872975762,177
2.8253214359283447,1.0030728578567505,-1.1943072080612183,-0.0015721099047709686,177
2.825330972671509,1.0030728578567505,-1.1943073272705078,-0.0015686748757843816,177
2.825345039367676,1.0030728578567505,-1.1943074464797974,-0.0015667235081764375,177
2.825350522994995,1.0030728578567505,-1.1943074464797974,-0.001563814463338531,177
2.8253586292266846,1.0030728578567505,-1.194307565689087,-0.001562095131703245,177
2.825361490249634,1.0030728578567505,-1.194307565689087,-0.0015597138917655684,177
2.8253660202026367,1.0030728578567505,-1.1943076848983765,-0.0015560357123831636,177
2.8253729343414307,1.0030728578567505,-1.194307804107666,-0.0015539386326395288,177
2.8253753185272217,1.0030728578567505,-1.194307804107666,-0.001550888496240077,177
2.8253791332244873,1.0030728578567505,-1.1943079233169556,-0.0015491009586980908,177
2.825380563735962,1.0030728578567505,-1.1943080425262451,-0.0015464549724129029,177
2.825382709503174,1.0030728578567505,-1.1943080425262451,-0.0015423823767264366,177
2.8253860473632812,1.0030728578567505,-1.1943081617355347,-0.0015401639981291737,177
2.8253872394561768,1.0030728578567505,-1.1943082809448242,-0.0015368921528988722,177
2.8253891468048096,1.0030728578567505,-1.1943084001541138,-0.0015351043242048945,177
2.8253896236419678,1.0030728578567505,-1.1943084001541138,-0.0015323177941013455,177
2.8253908157348633,1.0030728578567505,-1.1943085193634033,-0.0015307387237726289,177
2.8253910541534424,1.0030728578567505,-1.1943085193634033,-0.0015284187803672467,177
2.8253917694091797,1.0030728578567505,-1.1943086385726929,-0.0015247172387944374,177
2.825392484664917,1.0030728578567505,-1.1943087577819824,-0.001522806798163856,177
2.825392961502075,1.0030728578567505,-1.1943087577819824,-0.0015197415389707203,177
2.8253934383392334,1.0030728578567505,-1.194308876991272,-0.0015180852551566204,177
2.8253934383392334,1.0030728578567505,-1.1943089962005615,-0.0015155705355596183,177
2.8253939151763916,1.0030728578567505,-1.1943089962005615,-0.001511773693152918,177
2.8253941535949707,1.0030728578567505,-1.194309115409851,-0.0015095918427618926,177
2.82539439201355,1.0030728578567505,-1.1943092346191406,-0.0015063712615983604,177
2.825394630432129,1.0030728578567505,-1.1943092346191406,-0.001504599589168265,177
2.825394630432129,1.0030728578567505,-1.1943093538284302,-0.0015019214177414142,177
2.825394868850708,1.0030728578567505,-1.1943094730377197,-0.0015003724075199898,177
2.825394868850708,1.0030728578567505,-1.1943094730377197,-0.0014981538202505362,177
2.825394868850708,1.0030728578567505,-1.1943095922470093,-0.0014947268202831765,177
2.825395107269287,1.0030728578567505,-1.1943095922470093,-0.0014926847395599907,177
2.825395107269287,1.0030728578567505,-1.1943097114562988,-0.0014899096647695842,177
2.825395107269287,1.0030728578567505,-1.1943098306655884,-0.0014882807652725205,177
2.825395107269287,1.0030728578567505,-1.1943098306655884,-0.0014857771978995515,177
2.825395107269287,1.0030728578567505,-1.194309949874878,-0.0014822591990650835,177
2.825395345687866,1.0030728578567505,-1.1943100690841675,-0.0014800728355339743,177
2.825395345687866,1.0030728578567505,-1.1943100690841675,-0.0014771485730307177,177
2.825395345687866,1.0030728578567505,-1.194310188293457,-0.0014754428356695826,177
2.825395345687866,1.0030728578567505,-1.194310188293457,-0.0014727534680218923,177
2.825395345687866,1.0030728578567505,-1.1943103075027466,-0.0014688292397408986,177
2.825395345687866,1.0030728578567505,-1.1943104267120361,-0.0014665759076706308,177
2.825395345687866,1.0030728578567505,-1.1943105459213257,-0.0014633503463414854,177
2.825395345687866,1.0030728578567505,-1.1943106651306152,-0.001461467730109689,177
2.825395345687866,1.0030728578567505,-1.1943106651306152,-0.0014587385498998628,177
2.825395345687866,1.0030728578567505,-1.1943107843399048,-0.0014571437437211898,177
2.825395345687866,1.0030728578567505,-1.1943107843399048,-0.001454874505270709,177
2.825395345687866,1.0030728578567505,-1.1943109035491943,-0.0014513722561559916,177
2.825395345687866,1.0030728578567505,-1.1943110227584839,-0.0014493685661136624,177
2.825395345687866,1.00307297706604,-1.1943110227584839,-0.0014463042872421283,177
2.825395345687866,1.00307297706604,-1.1943111419677734,-0.0014447522749492236,177
2.825395345687866,1.00307297706604,-1.1943111419677734,-0.001442179342802774,177
2.825395345687866,1.00307297706604,-1.194311261177063,-0.0014384963574229914,177
2.825395345687866,1.00307297706604,-1.1943113803863525,-0.0014362787500772356,177
2.825395345687866,1.00307297706604,-1.1943113803863525,-0.001433243648136795,177
2.825395345687866,1.00307297706604,-1.194311499595642,-0.0014313410889599254,177
2.825395345687866,1.00307297706604,-1.1943116188049316,-0.0014286144454445093,177
2.825395345687866,1.00307297706604,-1.1943116188049316,-0.0014247037152586017,177
2.825395345687866,1.00307297706604,-1.1943117380142212,-0.0014224333014567492,177
2.825395345687866,1.00307297706604,-1.1943118572235107,-0.0014191437563226827,177
2.825395345687866,1.00307297706604,-1.1943119764328003,-0.0014172342712299724,177
2.825395345687866,1.00307297706604,-1.1943119764328003,-0.0014142562615120369,177
2.825395345687866,1.00307297706604,-1.1943120956420898,-0.0014127517299584724,177
2.825395345687866,1.00307297706604,-1.1943120956420898,-0.0014103722735967494,177
2.825395345687866,1.00307297706604,-1.1943122148513794,-0.0014066750861729815,177
2.825395345687866,1.00307297706604,-1.194312334060669,-0.0014047033816382282,177
2.825395345687866,1.00307297706604,-1.1943124532699585,-0.0014016764492907896,177
2.825395345687866,1.00307297706604,-1.1943124532699585,-0.0013998459145909692,177
2.825395345687866,1.00307297706604,-1.194312572479248,-0.001397269835536008,177
2.825395345687866,1.00307297706604,-1.194312572479248,-0.0013936425822862475,177
2.825395345687866,1.00307297706604,-1.1943126916885376,-0.0013913493452264447,177
2.825395345687866,1.00307297706604,-1.1943128108978271,-0.0013880488061204233,177
2.825395345687866,1.00307297706604,-1.1943129301071167,-0.0013861704093187655,177
2.825395345687866,1.00307297706604,-1.1943129301071167,-0.0013835223971341293,177
2.825395345687866,1.00307297706604,-1.1943130493164062,-0.0013820032647231528,177
2.825395345687866,1.00307297706604,-1.1943130493164062,-0.0013796317429637384,177
2.825395345687866,1.00307297706604,-1.1943131685256958,-0.0013762442336542335,177
2.825395345687866,1.00307297706604,-1.1943132877349854,-0.0013742764343191993,177
2.825395345687866,1.00307297706604,-1.1943132877349854,-0.0013713315100289947,177
2.825395345687866,1.00307297706604,-1.194313406944275,-0.0013696581673343644,177
2.825395345687866,1.00307297706604,-1.194313406944275,-0.0013671160955368578,177
2.825395345687866,1.00307297706604,-1.1943135261535645,-0.0013634747002129188,177
2.825395345687866,1.00307297706604,-1.194313645362854,-0.0013614972314712759,177
2.825395345687866,1.00307297706604,-1.1943137645721436,-0.0013583099813558874,177
2.825395345687866,1.00307297706604,-1.1943137645721436,-0.0013565407747364588,177
2.825395345687866,1.00307297706604,-1.194313883781433,-0.0013538537432964404,177
2.825395345687866,1.00307297706604,-1.194313883781433,-0.001349953119984093,177
2.825395345687866,1.00307297706604,-1.1943141222000122,-0.0013476617216952036,177
2.825395345687866,1.00307297706604,-1.1943141222000122,-0.001344265044963322,177
2.825395345687866,1.00307297706604,-1.1943142414093018,-0.0013424418031604546,177
2.825395345687866,1.00307297706604,-1.1943142414093018,-0.0013397078295156462,177
2.825395345687866,1.00307297706604,-1.1943143606185913,-0.0013380154045989912,177
2.825395345687866,1.00307297706604,-1.1943144798278809,-0.001335702893754842,177
2.825395345687866,1.00307297706604,-1.1943144798278809,-0.0013321564335342373,177
2.825395345687866,1.00307297706604,-1.1943145990371704,-0.001329981005483205,177
2.825395345687866,1.00307297706604,-1.19431471824646,-0.0013270001234104711,177
2.825395345687866,1.00307297706604,-1.19431471824646,-0.0013254088648864126,177
2.825395345687866,1.00307297706604,-1.1943148374557495,-0.0013228535630673832,177
2.825395345687866,1.00307297706604,-1.1943148374557495,-0.001319015998717532,177
2.825395345687866,1.00307297706604,-1.194314956665039,-0.0013169163917154947,177
2.825395345687866,1.00307297706604,-1.1943150758743286,-0.0013137059989958288,177
2.825395345687866,1.00307297706604,-1.1943151950836182,-0.001311942455515691,177
2.825395345687866,1.00307297706604,-1.1943151950836182,-0.0013091943314975651,177
2.825395345687866,1.00307297706604,-1.1943153142929077,-0.001307654006438952,177
2.825395345687866,1.00307297706604,-1.1943153142929077,-0.001305371668195221,177
2.825395345687866,1.00307297706604,-1.1943154335021973,-0.0013019215671192796,177
2.825395345687866,1.00307297706604,-1.1943155527114868,-0.0013000716232909326,177
2.825395345687866,1.00307297706604,-1.1943155527114868,-0.0012970786844448412,177
2.825395345687866,1.00307297706604,-1.1943156719207764,-0.0012954640769180514,177
2.825395345687866,1.00307297706604,-1.1943156719207764,-0.00129306814113761,177
2.825395345687866,1.00307297706604,-1.194315791130066,-0.0012892889928934892,177
2.825395345687866,1.00307297706604,-1.1943159103393555,-0.0012872419094378529,177
2.825395345687866,1.00307297706604,-1.194316029548645,-0.0012841055527132994,177
2.825395345687866,1.00307297706604,-1.194316029548645,-0.00128247964471484,177
2.825395345687866,1.00307297706604,-1.1943161487579346,-0.001279897898029958,177
2.825395345687866,1.00307297706604,-1.1943161487579346,-0.001275958948212974,177
2.825395345687866,1.00307297706604,-1.1943162679672241,-0.0012737824964119682,177
2.825395345687866,1.00307297706604,-1.1943163871765137,-0.0012704762274893255,177
2.825395345687866,1.00307297706604,-1.1943165063858032,-0.0012685740135225387,177
2.825395345687866,1.00307297706604,-1.1943165063858032,-0.0012658740949973435,177
2.825395345687866,1.00307297706604,-1.1943166255950928,-0.00126432156946521,177
2.825395345687866,1.00307297706604,-1.1943166255950928,-0.001261740743188966,177
2.825395345687866,1.00307297706604,-1.1943167448043823,-0.0012583675022028729,177
2.825395345687866,1.00307297706604,-1.1943168640136719,-0.0012562889996274862,177
2.825395345687866,1.00307297706604,-1.1943168640136719,-0.0012533344913663313,177
2.825395345687866,1.00307297706604,-1.1943169832229614,-0.0012516096310832836,177
2.825395345687866,1.00307297706604,-1.194317102432251,-0.001249264778664383,177
2.825395345687866,1.00307297706604,-1.194317102432251,-0.0012453990809149218,177
2.825395345687866,1.00307297706604,-1.1943172216415405,-0.0012431894066935456,177
2.825395345687866,1.00307297706604,-1.19431734085083,-0.0012401907938510703,177
2.825395345687866,1.00307297706604,-1.1943174600601196,-0.0012383715387045413,177
2.825395345687866,1.00307297706604,-1.1943174600601196,-0.0012356991013007246,177
2.825395345687866,1.00307297706604,-1.1943175792694092,-0.001231596800494117,177
2.825395345687866,1.00307297706604,-1.1943176984786987,-0.0012294180118601616,177
2.825395345687866,1.00307297706604,-1.1943176984786987,-0.0012259929712286066,177
2.825395345687866,1.00307297706604,-1.1943178176879883,-0.0012240773606322364,177
2.825395345687866,1.00307297706604,-1.1943179368972778,-0.0012212348009370544,177
2.825395345687866,1.00307297706604,-1.1943179368972778,-0.0012185824770654108,177
2.825395345687866,1.00307297706604,-1.1943180561065674,-0.0012146225337232863,177
2.825395345687866,1.00307297706604,-1.194318175315857,-0.0012105691909027883,177
2.825395345687866,1.00307297706604,-1.1943182945251465,-7.767334928199034,177
2.825395345687866,1.00307297706604,-1.1943182945251465,nan,nan
#GNA3
0.0,0.0,0.0,-3.767510605712232e-07,0
0.05000000074505806,0.04996732622385025,-0.0301348939538002,-0.00033343729418788826,0
0.10000000149011612,0.09986547380685806,-0.0602387934923172,-0.0004207114534793277,0
0.15000000596046448,0.14968882501125336,-0.09030937403440475,-0.0005376207209195627,0
0.20000000298023224,0.19943059980869293,-0.12034381926059723,-0.0006974192913986599,0
0.25,0.24908244609832764,-0.15033861994743347,-0.0009209179839899662,0
0.30000001192092896,0.2986339032649994,-0.1802893728017807,-0.0012416079380841438,0
0.3499999940395355,0.34807145595550537,-0.2101903110742569,-0.001714386325858186,0
0.4000000059604645,0.3973773419857025,-0.24003373086452484,-0.002432722442506474,0
0.44999998807907104,0.446527361869812,-0.2698090076446533,-0.003560625935591588,0
0.5,0.4954875409603119,-0.299500972032547,-0.005395777680263336,0
0.550000011920929,0.5442083477973938,-0.32908692955970764,-0.0084958482763966,0
0.6000000238418579,0.592614471912384,-0.3585318326950073,-0.013932416419493165,0
0.6499999761581421,0.640586256980896,-0.3877785801887512,-0.0237723745447056,0
0.699999988079071,0.687924325466156,-0.4167298674583435,1.487149859258352e-06,0
0.75,0.7342814803123474,-0.44521206617355347,1.7251515487259894e-06,0
0.800000011920929,0.7790306210517883,-0.4729047417640686,8.481288205075543e-07,0
0.8500000238418579,0.8210577368736267,-0.499225378036499,3.844845537059882e-06,0
0.8999999761581421,0.8586050868034363,-0.5232369899749756,4.591897982209048e-05,5
0.949999988079071,0.889726459980011,-0.5438908338546753,0.0003109698834578012,14
1.0,0.9138200283050537,-0.560922384262085,7.728089099146018e-05,20
1.0499999523162842,0.9313265681266785,-0.5745748281478882,-0.013966970642513843,22
1.100000023841858,0.9441294074058533,-0.586013674736023,0.00830892402950667,25
1.149999976158142,0.9536517262458801,-0.5961105227470398,-0.007775151168516459,36
1.2000000476837158,0.9609001278877258,-0.6054997444152832,-0.007645546796652525,42
1.25,0.9665528535842896,-0.6146034002304077,0.0005787348300145823,51
1.2999999523162842,0.9711135625839233,-0.6238319277763367,-0.0060577101583589865,61
1.350000023841858,0.9747722744941711,-0.6331446766853333,-0.00012598919352058147,72
1.399999976158142,0.9778044819831848,-0.642805814743042,-0.00032314994831494914,76
1.412500023841858,0.9784823656082153,-0.6452882885932922,0.0006938847128594716,80
1.431249976158142,0.9794426560401917,-0.6490238308906555,-0.000694422992012278,83
1.459375023841858,0.9792709350585938,-0.6484089493751526,-0.0008172975870479604,82
1.501562476158142,0.9784589409828186,-0.6461228728294373,-0.01922187035074785,84
1.5515625476837158,0.9767118692398071,-0.6417661905288696,0.0383708018246125,86
1.6015625,0.9739145636558533,-0.6346778273582458,-2.4522616172362177e-05,86
1.6046874523162842,0.9738194942474365,-0.6344377398490906,1.8129129728094995e-05,86
1.607812523841858,0.9737714529037476,-0.6343177556991577,4.1121271465272e-05,86
1.610937476158142,0.9737271070480347,-0.6342054605484009,2.9157745700558735e-05,86
1.6140625476837158,0.9737064838409424,-0.634147584438324,8.39839996729097e-05,86
1.6171875,0.9736977219581604,-0.6341200470924377,4.130913254130064e-05,86
1.6218750476837158,0.9736849665641785,-0.6340797543525696,2.148624838582691e-05,86
1.62890625,0.973660409450531,-0.6340065598487854,4.052538940868544e-06,86
1.6394531726837158,0.9736080169677734,-0.6338597536087036,-5.026857076018132e-05,86
1.6552734375,0.9734908938407898,-0.6335497498512268,-0.00030497147298547134,86
1.6790039539337158,0.9732229113578796,-0.6328800320625305,-0.0004273122848417188,84
1.714599609375,0.9727236032485962,-0.6317129731178284,0.00013592162883924175,82
1.7645995616912842,0.9720238447189331,-0.6301050782203674,-0.00043600513367891836,83
1.777099609375,0.972022294998169,-0.6301072239875793,1.5687660720686836e-05,83
1.7895996570587158,0.9720146059989929,-0.6301038265228271,2.9645045742654474e-06,83
1.794287085533142,0.9720088243484497,-0.6301023364067078,0.0001157694575226742,84
1.8013184070587158,0.9720156192779541,-0.6301460266113281,-0.0003129134593109484,83
1.811865210533142,0.9720190167427063,-0.6301610469818115,-9.994863660267583e-06,83
1.8276855945587158,0.9719861745834351,-0.630116879940033,0.00013599226616634041,81
1.851415991783142,0.9710369110107422,-0.6281629204750061,-2.631018099918947e-05,80
1.8870117664337158,0.9700384140014648,-0.6261720657348633,-0.0004806189528494542,80
1.93701171875,0.968583881855011,-0.6235098838806152,-0.005482423486796506,80
1.9870116710662842,0.9671238660812378,-0.6211543679237366,-0.002208205072065539,80
2.0370116233825684,0.9659295082092285,-0.619541585445404,2.9428855214064242e-05,79
2.0870118141174316,0.9647029042243958,-0.6180683374404907,-0.004696184346471455,78
2.137011766433716,0.9625762104988098,-0.6156420707702637,-0.0003020103146695874,78
2.18701171875,0.9607506394386292,-0.6136155128479004,-3.610050123370456e-05,78
2.237011671066284,0.9587395191192627,-0.6114497780799866,-2.512595341386259e-05,78
2.2870116233825684,0.9565950632095337,-0.6092080473899841,-2.0188448615954258e-05,78
2.3370118141174316,0.9543502330780029,-0.6069316267967224,-1.7432645790904644e-05,78
2.387011766433716,0.9520230293273926,-0.6046424508094788,-1.1013410301075055e-05,77
2.43701171875,0.9496259093284607,-0.6023524403572083,-6.5202740984204866e-06,77
2.487011671066284,0.9471663236618042,-0.6000670790672302,-7.879114264142117e-06,76
2.5370116233825684,0.9446457624435425,-0.5977898240089417,-1.063896934283548e-05,76
2.5870118141174316,0.9420544505119324,-0.5955206751823425,-8.724315705421759e-06,76
2.637011766433716,0.939369261264801,-0.593255341053009,2.769776790501055e-05,75
2.68701171875,0.9365924000740051,-0.5910243391990662,0.0010817884817129197,75
2.737011671066284,0.9342111945152283,-0.5893463492393494,-0.00375717346332749,74
2.7870116233825684,0.9360970854759216,-0.5912681818008423,0.00016270195652623443,74
2.8370118141174316,0.9388567209243774,-0.5936805009841919,2.685042022676498e-05,73
2.887011766433716,0.9416570067405701,-0.5961544513702393,-9.9342367434474e-06,75
2.93701171875,0.9443243145942688,-0.5985970497131348,-2.9476067197720113e-05,76
2.987011671066284,0.9468788504600525,-0.6010302901268005,-2.5969369289668975e-05,75
3.0370116233825684,0.9493517279624939,-0.603471577167511,-2.5840520322617522e-05,75
3.0870118141174316,0.9517356753349304,-0.6058997511863708,-1.9892656439424172e-05,76
3.137011766433716,0.9539868831634521,-0.6082590222358704,-7.743313915398176e-06,78
3.18701171875,0.9560392498970032,-0.6104703545570374,1.1433503118496446e-05,77
3.237011671066284,0.9578315019607544,-0.6124553084373474,2.696997398743406e-06,76
3.2870116233825684,0.9594129920005798,-0.614247739315033,-0.001002835752046849,76
3.3370118141174316,0.9612642526626587,-0.6163662075996399,-0.00015071158833279696,75
3.387011766433716,0.9633973240852356,-0.6188530325889587,-3.04321945918673e-05,76
3.43701171875,0.9653269648551941,-0.6211783289909363,-5.76387139972212e-05,76
3.487011671066284,0.9669109582901001,-0.6231279969215393,-0.00022295538002481408,76
3.5370116233825684,0.9678654670715332,-0.6241965293884277,0.0007262463661845686,73
3.5870118141174316,0.9675899744033813,-0.6233687996864319,-0.00012398736157592793,71
3.637011766433716,0.9664134383201599,-0.6213033199310303,-5.9999642417096766e-05,69
3.68701171875,0.9649581909179688,-0.6189855933189392,-2.0145880171185127e-05,69
3.737011671066284,0.963350236415863,-0.6165955662727356,-1.9525824143329373e-05,69
3.7870116233825684,0.9616172313690186,-0.6141822934150696,-6.0931895006888226e-05,68
3.8370118141174316,0.9597914814949036,-0.6118099093437195,-0.00021192224340893517,68
3.887011766433716,0.9579640626907349,-0.609606921672821,-0.00032163130697426823,68
3.93701171875,0.9562984704971313,-0.6077470779418945,-0.00028279393524144325,68
3.987011671066284,0.9549263715744019,-0.6063182950019836,-0.00013980389934431514,68
4.037011623382568,0.9537977576255798,-0.6052099466323853,-0.00014048665116206394,68
4.087011814117432,0.9526892900466919,-0.6041643023490906,-0.001160664542169343,69
4.137011528015137,0.9512935876846313,-0.6028519868850708,-0.00017481026037557967,70
4.18701171875,0.9495285153388977,-0.6012327075004578,0.00033983697232997656,71
4.237011909484863,0.9477965831756592,-0.5997456908226013,0.0002666199594614227,72
4.287011623382568,0.9466853141784668,-0.5988008975982666,3.218027791263012e-05,74
4.337011814117432,0.9465939402580261,-0.5986374020576477,4.351243779865399e-05,73
4.387011528015137,0.9470000863075256,-0.5988362431526184,4.9585073384150746e-05,71
4.43701171875,0.9473817944526672,-0.5989904999732971,8.826412368989622e-05,70
4.487011909484863,0.9474077820777893,-0.5988234877586365,9.59122072572427e-05,70
4.537011623382568,0.9469150304794312,-0.5981929898262024,-6.0375576026672206e-05,70
4.587011814117432,0.9459458589553833,-0.5971446633338928,-8.099208730527607e-05,70
4.637011528015137,0.9458014369010925,-0.5971081852912903,1.9661526266645524e-05,70
4.68701171875,0.9454157948493958,-0.5969416499137878,2.1793388896185206e-05,70
4.737011909484863,0.9447926878929138,-0.5966677069664001,-3.078363369013459e-05,68
4.787011623382568,0.9439284801483154,-0.5962947010993958,-2.5225261595096526e-05,67
4.837011814117432,0.9428086876869202,-0.5957998633384705,-3.3717649330355925e-06,67
4.887011528015137,0.9414302706718445,-0.5951678156852722,5.914325356570771e-06,67
4.93701171875,0.9398101568222046,-0.5944046974182129,5.622223852697061e-06,66
4.987011909484863,0.9379746317863464,-0.5935265421867371,4.625800272606284e-06,66
5.037011623382568,0.9359508752822876,-0.5925509929656982,3.7138136690373358e-06,66
5.087011814117432,0.9337638020515442,-0.5914947390556335,2.9565869112957444e-06,66
5.137011528015137,0.9314354658126831,-0.5903728604316711,2.405903842372936e-06,66
5.18701171875,0.9289852380752563,-0.5891988277435303,2.0335281760708313e-06,66
5.237011909484863,0.926430344581604,-0.5879848003387451,1.6516120808773849e-06,66
5.287011623382568,0.9237862229347229,-0.5867416858673096,1.4439232245422318e-06,66
5.337011814117432,0.9210671782493591,-0.5854792594909668,1.229332553975837e-06,66
5.387011528015137,0.9182870388031006,-0.5842068791389465,1.0926740969807724e-06,66
5.43701171875,0.9154595732688904,-0.5829330086708069,1.0049597563011048e-06,66
5.487011909484863,0.9125986099243164,-0.5816659331321716,8.397308306484774e-07,65
5.537011623382568,0.9097182154655457,-0.5804134607315063,7.797408443366294e-07,65
5.587011814117432,0.9068323373794556,-0.5791832804679871,7.649514373042621e-07,65
5.637011528015137,0.9039550423622131,-0.5779825448989868,7.105257395778608e-07,65
5.68701171875,0.9010999798774719,-0.5768182873725891,7.224736009447952e-07,65
5.737011909484863,0.8982806205749512,-0.5756971836090088,-7.839102771356465e-07,65
5.787011623382568,0.8955098986625671,-0.5746257305145264,-9.520828410103377e-07,65
5.837011814117432,0.892800509929657,-0.5736100673675537,1.107738594186003e-06,65
5.887011528015137,0.8901645541191101,-0.5726562142372131,1.2533680928683566e-06,65
5.93701171875,0.8876135945320129,-0.5717697143554688,1.3970821894915275e-06,65
5.987011909484863,0.8851587176322937,-0.5709561109542847,-1.5098043775196857e-06,65
6.037011623382568,0.8828104138374329,-0.5702204704284668,-1.5837621845093963e-06,65
6.087011814117432,0.8805784583091736,-0.5695675611495972,-1.607599370512247e-06,65
6.137011528015137,0.878471851348877,-0.5690017342567444,-1.6117256151915171e-06,65
6.18701171875,0.8764986991882324,-0.5685268044471741,1.544442615131203e-06,65
6.237011909484863,0.8746660351753235,-0.5681461095809937,-1.4365995610887694e-06,65
6.287011623382568,0.8729795813560486,-0.567861795425415,-1.2878679491734601e-06,65
6.337011814117432,0.871443510055542,-0.5676748752593994,1.053924531646544e-06,65
6.387011528015137,0.8700602054595947,-0.5675839781761169,-1.9011308154404105e-06,65
6.43701171875,0.8688295483589172,-0.5675837993621826,-5.109557548621524e-06,65
6.487011909484863,0.8677484393119812,-0.5676605105400085,-1.3752927600307885e-05,65
6.537011623382568,0.8668104410171509,-0.5677808523178101,-2.8054826429979585e-05,65
6.587011814117432,0.8660088777542114,-0.5678688287734985,-1.2988237699573801e-05,65
6.637011528015137,0.8653448224067688,-0.5678028464317322,7.91422036172662e-06,65
6.68701171875,0.8647942543029785,-0.5675436854362488,8.711765985935926e-06,65
6.737011909484863,0.8642744421958923,-0.5671833157539368,3.870557134177943e-05,65
6.787011623382568,0.8637199401855469,-0.566860556602478,6.544001098518493e-05,65
6.837011814117432,0.8631314039230347,-0.5667983293533325,5.5593067429526855e-05,65
6.887011528015137,0.8626598119735718,-0.5671945810317993,2.5485210301212646e-05,64
6.93701171875,0.8624371290206909,-0.5679494142532349,6.700345466015278e-06,63
6.987011909484863,0.862453281879425,-0.568942666053772,2.3773137201033023e-06,63
7.037011623382568,0.8626829981803894,-0.5701203346252441,2.630730833175221e-06,63
7.087011814117432,0.8631024360656738,-0.5714446902275085,3.838826116542293e-06,63
7.137011528015137,0.8636791706085205,-0.5728683471679688,-6.096111363262935e-06,63
7.18701171875,0.8643579483032227,-0.574308454990387,-1.6947744825301925e-05,61
7.237011909484863,0.8650299906730652,-0.5755908489227295,2.309201147454587e-05,61
7.287011623382568,0.865482747554779,-0.5763431191444397,1.9364576758107432e-05,60
7.337011814117432,0.8655667304992676,-0.5762814283370972,-4.55809056347789e-05,61
7.387011528015137,0.865480363368988,-0.5757534503936768,-2.004760978024933e-05,61
7.43701171875,0.8654035925865173,-0.5750753879547119,-8.520923586274876e-06,62
7.487011909484863,0.8654130697250366,-0.5743836760520935,-4.3904360040869506e-06,62
7.537011623382568,0.8655412197113037,-0.573740541934967,-2.7878330683961394e-06,62
7.587011814117432,0.8658002018928528,-0.5731794834136963,-2.8962377882635337e-06,62
7.637011528015137,0.8661901950836182,-0.5727208256721497,-3.0446203140854777e-06,62
7.68701171875,0.8667076826095581,-0.5723749995231628,-0.0002436113097701309,62
7.737011909484863,0.8673804402351379,-0.5721309781074524,-0.0003977209155436867,62
7.787011623382568,0.8682340979576111,-0.5719738006591797,-5.40160135642509e-06,62
7.837011814117432,0.8692052364349365,-0.5719071626663208,2.110034174052089e-06,62
7.887011528015137,0.8702890872955322,-0.5719142556190491,5.268752772735752e-06,62
7.93701171875,0.8715159893035889,-0.5719816088676453,3.0823013617009565e-06,62
7.987011909484863,0.8729036450386047,-0.5721138715744019,-1.934555484695011e-06,61
8.037012100219727,0.8744505047798157,-0.5723223686218262,1.2897314718429698e-06,61
8.087011337280273,0.876150369644165,-0.5726150870323181,8.989481123933274e-07,61
8.137011528015137,0.8779969811439514,-0.5729953050613403,8.296871136792561e-07,61
8.18701171875,0.8799837231636047,-0.5734633207321167,7.447482381905957e-07,61
8.237011909484863,0.882103681564331,-0.5740174651145935,6.504293619258306e-07,61
8.287012100219727,0.8843491673469543,-0.5746548175811768,-5.593446310570016e-07,61
8.337011337280273,0.8867118954658508,-0.5753718018531799,-4.624609637460253e-07,61
8.387011528015137,0.8891827464103699,-0.5761640071868896,4.889217279924196e-07,61
8.43701171875,0.8917516469955444,-0.5770264267921448,4.616107389665558e-07,61
8.487011909484863,0.8944075703620911,-0.577953577041626,4.744666171063727e-07,61
8.537012100219727,0.8971384167671204,-0.5789392590522766,5.277638592815492e-07,61
8.587011337280273,0.8999311923980713,-0.5799767971038818,4.568711915453605e-07,61
8.637011528015137,0.9027714133262634,-0.5810587406158447,-5.096251101122107e-07,61
8.68701171875,0.9056430459022522,-0.582176685333252,6.578271012358528e-07,61
8.737011909484863,0.9085267782211304,-0.5833204388618469,-1.7567825807418558e-06,61
8.787012100219727,0.9113964438438416,-0.5844762325286865,-1.031744153578984e-05,61
8.837011337280273,0.914202094078064,-0.5856178402900696,0.0017661461322546756,62
8.887011528015137,0.9166492223739624,-0.5865985751152039,-7.520768986069015e-05,61
8.899511337280273,0.9166236519813538,-0.5865595936775208,-3.0431640084316314e-05,61
8.918261528015137,0.9157987833023071,-0.5861812233924866,-1.623860100607999e-05,60
8.946386337280273,0.9143126606941223,-0.5855294466018677,-7.872545495501981e-06,60
8.988574028015137,0.9119545817375183,-0.5845222473144531,-1.911139690946584e-06,60
9.03857421875,0.9090968370437622,-0.5833322405815125,-3.8305180005693273e-07,60
9.088574409484863,0.9062187671661377,-0.5821637511253357,5.238766220827529e-07,60
9.138574600219727,0.9033451080322266,-0.5810270309448242,5.065268169346382e-07,60
9.188573837280273,0.9004935026168823,-0.5799303650856018,5.521250727724691e-07,60
9.238574028015137,0.8976790308952332,-0.5788812637329102,5.13117356604198e-07,60
9.28857421875,0.8949156403541565,-0.5778870582580566,4.696042310570192e-07,60
9.338574409484863,0.8922165632247925,-0.5769549012184143,5.797584776701115e-07,60
9.388574600219727,0.8895949125289917,-0.5760917067527771,4.5170742168920697e-07,60
9.438573837280273,0.8870633244514465,-0.5753042101860046,4.672018683038459e-07,60
9.488574028015137,0.8846341967582703,-0.5745989680290222,-5.318918567809305e-07,60
9.53857421875,0.8823195695877075,-0.5739820599555969,-5.894423722452302e-07,60
9.588574409484863,0.8801308870315552,-0.5734590291976929,-6.23497875551493e-07,60
9.638574600219727,0.8780787587165833,-0.5730351209640503,-6.696248964210838e-07,60
9.688573837280273,0.8761731386184692,-0.5727147459983826,6.990955951913236e-07,60
9.738574028015137,0.8744227886199951,-0.5725018382072449,-7.299332824839411e-07,60
9.78857421875,0.8728353381156921,-0.5723995566368103,7.434625097779701e-07,60
9.838574409484863,0.8714171051979065,-0.572410523891449,7.227456162439694e-07,60
9.888574600219727,0.8701730966567993,-0.5725366473197937,-6.686639508757253e-07,60
9.938573837280273,0.8691065907478333,-0.5727791786193848,6.913588777024415e-07,61
9.988574028015137,0.8682191967964172,-0.5731388330459595,8.752580242799013e-07,61
10.03857421875,0.8675104975700378,-0.5736161470413208,-3.2755681900198397e-06,61
10.088574409484863,0.8669775128364563,-0.574211597442627,-2.4045549366746855e-05,62
10.138574600219727,0.8666123747825623,-0.5749250054359436,-4.4106940492838476e-05,62
10.188573837280273,0.8663727641105652,-0.5756317377090454,0.00034562671442017745,63
10.238574028015137,0.8663232922554016,-0.5751989483833313,6.606535919218004e-06,63
10.28857421875,0.8664502501487732,-0.5746286511421204,1.6801876085992262e-06,63
10.338574409484863,0.866733193397522,-0.5740844011306763,1.028883843900985e-06,63
10.388574600219727,0.8671741485595703,-0.5736086368560791,-9.088628871722904e-07,63
10.438573837280273,0.8677722811698914,-0.5732194781303406,-9.06046409454575e-07,63
10.488574028015137,0.8685259819030762,-0.5729256868362427,-7.7017836019877e-07,63
10.53857421875,0.8694345355033875,-0.5727308988571167,6.451140848184878e-07,63
10.588574409484863,0.8704994320869446,-0.5726367235183716,9.75002478753595e-07,63
10.638574600219727,0.8717244267463684,-0.5726444125175476,1.0870572282328794e-06,63
10.688573837280273,0.8731136918067932,-0.5727552175521851,1.0110621815329068e-06,63
10.738574028015137,0.8746696710586548,-0.5729703307151794,-9.12415544007672e-07,63
10.78857421875,0.8763915300369263,-0.5732906460762024,-7.34082334474806e-07,63
10.838574409484863,0.8782749176025391,-0.5737158060073853,6.709999809118017e-07,63
10.888574600219727,0.880312442779541,-0.5742446780204773,6.537985370869137e-07,63
10.938573837280273,0.8824942111968994,-0.5748751759529114,6.036892230554258e-07,63
10.988574028015137,0.8848089575767517,-0.5756047964096069,6.643046788212814e-07,63
11.03857421875,0.8872442245483398,-0.5764309763908386,7.394317691478136e-07,63
11.088574409484863,0.8897868394851685,-0.5773518085479736,-9.35130604062806e-07,63
11.138574600219727,0.8924229741096497,-0.578366756439209,-1.331485885103234e-06,63
11.188573837280273,0.895137369632721,-0.5794774293899536,-2.1030297663315878e-06,63
11.238574028015137,0.8979112505912781,-0.5806892514228821,-3.651752074063097e-06,64
11.28857421875,0.900715172290802,-0.5820114016532898,-1.0413400048037147e-05,64
11.338574409484863,0.9034846425056458,-0.583444356918335,-2.7593239281031856e-05,64
11.388574600219727,0.9060897827148438,-0.5849155187606812,-2.0855541436048952e-05,64
11.438573837280273,0.9085373282432556,-0.5862773060798645,-1.652321174105964e-05,64
11.488574028015137,0.911064863204956,-0.5875110030174255,1.3173818388168002e-05,64
11.53857421875,0.9136859774589539,-0.5886475443840027,-5.729222948502866e-06,64
11.588574409484863,0.9163314700126648,-0.5897175073623657,-2.8970448511245195e-06,64
11.638574600219727,0.9189568161964417,-0.5907391905784607,-1.7231695892405696e-06,64
11.688573837280273,0.9215363264083862,-0.5917192697525024,-2.1885128944632015e-06,64
11.738574028015137,0.9240509271621704,-0.592654824256897,-4.8185818855017715e-06,64
11.78857421875,0.9264737963676453,-0.5935323238372803,3.425120667088777e-07,64
11.801074028015137,0.9270568490028381,-0.593738317489624,0.00021668935352181506,64
11.81982421875,0.9278585910797119,-0.5940136313438416,7.93407537571511e-05,66
11.826855659484863,0.9277680516242981,-0.5939727425575256,-7.597325463848392e-06,66
11.83740234375,0.9272938370704651,-0.593799352645874,-5.486242741881142e-06,67
11.853222846984863,0.9264238476753235,-0.5934798121452332,-0.00012866981705883518,67
11.876953125,0.9249998331069946,-0.5929405689239502,-2.7502716477556532e-05,67
11.912549018859863,0.9227635264396667,-0.5920901894569397,-3.502555350110015e-05,67
11.962549209594727,0.9192372560501099,-0.5907878279685974,-2.9021537500284467e-05,67
12.012548446655273,0.9154574275016785,-0.5893623232841492,0.0001744306453019817,67
12.062548637390137,0.9116381406784058,-0.5877613425254822,-0.0005992378942210053,67
12.112548828125,0.9079836010932922,-0.5858368277549744,-5.5104702084918245e-05,67
12.162549018859863,0.9040725827217102,-0.5836219191551208,4.709724981921681e-05,65
12.212549209594727,0.8998845815658569,-0.5815811157226562,-9.391105038503156e-06,65
12.262548446655273,0.8957216739654541,-0.5797958374023438,-4.347604772192426e-06,65
12.312548637390137,0.8916741609573364,-0.5782264471054077,-2.686198513401905e-06,65
12.362548828125,0.8878019452095032,-0.5768631100654602,1.914689576665296e-06,65
12.412549018859863,0.884158194065094,-0.5757110714912415,-2.1164715917620924e-06,65
12.462549209594727,0.8807935118675232,-0.5747819542884827,2.4306733621415333e-06,65
12.512548446655273,0.8777564167976379,-0.5740883946418762,2.931068138423143e-06,65
12.562548637390137,0.875091552734375,-0.5736401677131653,4.183547048342007e-06,65
12.612548828125,0.8728357553482056,-0.5734401941299438,7.379537521501334e-06,65
12.662549018859863,0.8710120916366577,-0.5734800100326538,1.1068934327340685e-05,65
12.712549209594727,0.8696247339248657,-0.5737356543540955,1.7616132197417755e-05,65
12.762548446655273,0.8686711192131042,-0.574158787727356,0.005049963766850851,63
12.812548637390137,0.8683275580406189,-0.5745488405227661,-0.09736852117202943,63
12.862548828125,0.8724286556243896,-0.5735169649124146,-0.004629156376040555,63
12.912549018859863,0.8747411966323853,-0.5735321044921875,-3.517637821914832e-06,63
12.962549209594727,0.8774208426475525,-0.5738011598587036,-3.1671165174884663e-06,63
13.012548446655273,0.8804405927658081,-0.5743113160133362,-2.876461735468183e-06,63
13.062548637390137,0.8837672472000122,-0.5750464200973511,-2.59527860180242e-06,63
13.112548828125,0.887363076210022,-0.5759876370429993,-2.179284535941406e-06,63
13.162549018859863,0.891187846660614,-0.5771141648292542,-1.8841359974430816e-06,63
13.212549209594727,0.8951995372772217,-0.5784038305282593,-1.5010256220193696e-06,64
13.262548446655273,0.8993544578552246,-0.5798335075378418,-1.2692757422883005e-06,64
13.312548637390137,0.903607189655304,-0.5813794136047363,-1.130836324136908e-06,64
13.362548828125,0.9079092741012573,-0.5830172300338745,-1.469539654408436e-06,64
13.412549018859863,0.912207841873169,-0.5847218036651611,-2.517660334433458e-06,64
13.462549209594727,0.9164422750473022,-0.5864664912223816,-5.415832845301338e-06,64
13.512548446655273,0.920538604259491,-0.5882217288017273,-1.1842118624372233e-05,64
13.562548637390137,0.924399197101593,-0.5899501442909241,-2.2358416117640445e-05,64
13.612548828125,0.9278957843780518,-0.591601550579071,-0.00010411199559712259,64
13.662549018859863,0.9308986067771912,-0.5931278467178345,0.00166654315894732,64
13.712549209594727,0.9331380128860474,-0.5944076776504517,-0.0013624160383756134,66
13.762548446655273,0.9336336255073547,-0.5947257280349731,0.0038897333037084536,66
13.812548637390137,0.931104838848114,-0.5932897329330444,0.0007037490062202778,67
13.862548828125,0.9273117780685425,-0.5914822816848755,-1.3875168804133864e-05,67
13.912549018859863,0.9232537746429443,-0.5897130370140076,4.580835422984819e-06,66
13.962549209594727,0.9190409183502197,-0.5879529118537903,4.00986039039708e-06,66
14.012548446655273,0.9147204160690308,-0.5862014293670654,2.7034532763536845e-06,66
14.062548637390137,0.9103363752365112,-0.5844751596450806,2.059321161596017e-06,66
14.112548828125,0.9059388637542725,-0.5827987194061279,1.7394435189999058e-06,66
14.162549018859863,0.9015787839889526,-0.5811983942985535,1.423591015736747e-06,66
14.212549209594727,0.8973042368888855,-0.5796992778778076,1.1885722983606684e-06,66
14.262548446655273,0.893160343170166,-0.5783247947692871,1.0174650810768071e-06,66
14.312548637390137,0.8891894817352295,-0.5770969986915588,9.569826175948037e-07,66
14.362548828125,0.885432243347168,-0.5760366916656494,-1.0213360894795187e-06,66
14.412549018859863,0.8819275498390198,-0.5751634836196899,-1.2045497328472266e-06,66
14.462549209594727,0.878713071346283,-0.5744956135749817,-1.4332031810226908e-06,66
14.512548446655273,0.8758251667022705,-0.574049711227417,1.4933350485080155e-06,66
14.562548637390137,0.8732983469963074,-0.5738401412963867,2.013887183238694e-06,66
14.612548828125,0.8711642622947693,-0.5738784074783325,2.3285317070076417e-06,66
14.662549018859863,0.8694501519203186,-0.5741721987724304,2.278114436649048e-06,66
14.712549209594727,0.8681759238243103,-0.5747250914573669,2.6387953653284058e-06,66
14.762548446655273,0.8673505783081055,-0.575535774230957,-4.257830823917175e-06,66
14.812548637390137,0.8669670820236206,-0.5765984654426575,-1.2274533730760595e-05,65
14.862548828125,0.8669968247413635,-0.5779052376747131,8.082060023184567e-05,66
14.912549018859863,0.8673770427703857,-0.5794491767883301,-0.008894351054522076,66
14.962549209594727,0.8678748607635498,-0.581142246723175,-0.21019366442760656,67
15.012548446655273,0.8663710951805115,-0.5797861814498901,1.5091006730472145e-05,67
15.062548637390137,0.8657322525978088,-0.5783479809761047,9.751484469688876e-06,67
15.112548828125,0.8654296398162842,-0.5769897699356079,8.954589134191338e-06,68
15.162549018859863,0.8655042052268982,-0.5757894515991211,6.728287814894429e-06,68
15.212549209594727,0.8659741282463074,-0.5747885704040527,4.713449015980586e-06,68
15.262548446655273,0.8668565154075623,-0.5740166306495667,3.1459059073313256e-06,68
15.312548637390137,0.8681612014770508,-0.5734943151473999,2.2041470515432593e-06,68
15.362548828125,0.8698872923851013,-0.573233962059021,2.1612044491803317e-06,68
15.412549018859863,0.8720222115516663,-0.573239803314209,2.021326878320906e-06,68
15.462549209594727,0.8745437860488892,-0.5735095739364624,-1.938294474257418e-06,67
15.512548446655273,0.8774222731590271,-0.574036180973053,-1.8423015717417002e-06,67
15.562548637390137,0.8806222677230835,-0.5748099088668823,-2.1906894964729418e-06,68
15.612548828125,0.884104311466217,-0.5758209824562073,-3.1809788243464254e-06,68
15.662549018859863,0.8878246545791626,-0.5770634412765503,-5.2381048778471495e-06,68
15.712549209594727,0.8917328119277954,-0.5785437822341919,5.236541664999095e-05,68
15.762548446655273,0.8957555890083313,-0.5803096294403076,0.0200406502781334,69
15.812548637390137,0.8995246291160583,-0.5826363563537598,-0.0434243049885481,69
15.862548828125,0.900269627571106,-0.5850488543510437,3.108042363919594e-05,69
15.912549018859863,0.9039361476898193,-0.5863936543464661,-0.0002967303503282892,66
15.925048828125,0.9033185839653015,-0.5862554311752319,-3.602047178219436e-05,66
15.943799018859863,0.9020608067512512,-0.5858432650566101,0.0036392782874372642,67
15.971923828125,0.9011040329933167,-0.5850567817687988,0.00018564000242804468,66
16.014110565185547,0.9017239212989807,-0.5842818021774292,0.008176454622059737,63
16.064111709594727,0.8959822058677673,-0.580634593963623,2.760557390502072e-05,63
16.114110946655273,0.8920606374740601,-0.5790942311286926,-3.752379359234226e-06,63
16.164112091064453,0.8882063031196594,-0.5777339339256287,2.088422323964778e-06,63
16.214111328125,0.8845131397247314,-0.5765613317489624,-1.7324387471262526e-06,63
16.264110565185547,0.8810439109802246,-0.5755919218063354,-1.7972663073351214e-06,63
16.314111709594727,0.877848207950592,-0.5748416781425476,1.9606933392424253e-06,63
16.364110946655273,0.874968409538269,-0.5743255615234375,2.1465980495349868e-06,63
16.414112091064453,0.8724416494369507,-0.5740565061569214,4.188114189673797e-06,64
16.464111328125,0.8702992796897888,-0.5740434527397156,-2.493725006047498e-06,64
16.514110565185547,0.8685652613639832,-0.5742900967597961,3.4287140806554817e-06,64
16.564111709594727,0.8672540187835693,-0.5747926831245422,5.163885134606971e-06,64
16.614110946655273,0.8663685917854309,-0.5755383372306824,7.3540472271815815e-06,64
16.664112091064453,0.8659000992774963,-0.5765029788017273,9.708779487027641e-06,63
16.714111328125,0.8658301830291748,-0.5776484608650208,1.2006510019091365e-05,63
16.764110565185547,0.8661340475082397,-0.578909695148468,-0.00011577989209854422,63
16.814111709594727,0.8667702674865723,-0.580130398273468,8.944281682943256e-05,61
16.864110946655273,0.8673397302627563,-0.5799671411514282,0.005570200796867653,61
16.914112091064453,0.8671326041221619,-0.5784342288970947,4.731594842155573e-05,62
16.964111328125,0.8672075867652893,-0.5771691799163818,-8.40549182612449e-06,62
17.014110565185547,0.8676743507385254,-0.5761557817459106,-3.01743625641393e-06,62
17.064111709594727,0.8685663938522339,-0.5753960609436035,2.067228763280582e-06,62
17.114110946655273,0.8698912858963013,-0.5748944282531738,1.5526455285908014e-06,62
17.164112091064453,0.871638834476471,-0.574653685092926,-1.9866925526912382e-06,62
17.214111328125,0.8737834692001343,-0.5746747255325317,4.7030075563725404e-05,62
17.264110565185547,0.8762727379798889,-0.5749600529670715,0.0001701645585399092,63
17.314111709594727,0.8786818981170654,-0.5755361914634705,-0.05347686597784218,64
17.364110946655273,0.8736227750778198,-0.5755200386047363,-6.16980821632751e-06,65
17.414112091064453,0.8715459108352661,-0.5757051110267639,-3.5390490893405513e-06,65
17.464111328125,0.8698587417602539,-0.5761170387268066,-2.212837557635794e-06,65
17.514110565185547,0.868600606918335,-0.5767653584480286,2.4327559344783367e-06,65
17.564111709594727,0.8677915930747986,-0.577653169631958,3.40302017320937e-06,65
17.614110946655273,0.8674283027648926,-0.5787781476974487,-6.679369960238546e-06,64
17.664112091064453,0.8674830794334412,-0.5801387429237366,-2.6926722682674153e-05,63
17.714111328125,0.8679043650627136,-0.5817466974258423,0.00033659044719058784,63
17.764110565185547,0.8685953617095947,-0.5836395025253296,0.020707860358925245,66
17.814111709594727,0.8689730167388916,-0.5854734182357788,0.00024407452633568028,67
17.864110946655273,0.868120014667511,-0.5851845145225525,2.0165971307051223e-05,66
17.914112091064453,0.8670983910560608,-0.5840479731559753,1.1846527058878564e-05,66
17.964111328125,0.8662508130073547,-0.5826548933982849,1.0785498432142049e-05,66
18.014110565185547,0.8657083511352539,-0.5812324285507202,1.0372814244874462e-05,67
18.064111709594727,0.8655263185501099,-0.5798946022987366,8.249638540291926e-06,67
18.114110946655273,0.8657345175743103,-0.5787073969841003,5.899767700157099e-06,67
18.164112091064453,0.866352379322052,-0.5777138471603394,3.911696182967717e-06,67
18.214111328125,0.8673904538154602,-0.5769431591033936,2.292621388733096e-06,67
18.264110565185547,0.8688491582870483,-0.576413631439209,1.9680370684227455e-06,66
18.314111709594727,0.8707184791564941,-0.5761342644691467,-2.2515910131915007e-06,66
18.364110946655273,0.872978925704956,-0.5761060118675232,-2.335467513603362e-06,66
18.414112091064453,0.8756036758422852,-0.5763236284255981,-2.3045655552778044e-06,66
18.464111328125,0.8785602450370789,-0.5767773389816284,-1.9883001414200407e-06,66
18.514110565185547,0.8818119764328003,-0.577454149723053,1.9194747165052206e-06,66
18.564111709594727,0.8853177428245544,-0.5783389806747437,-2.174994317982737e-06,66
18.614110946655273,0.8890293836593628,-0.5794152617454529,-3.4966438420269697e-06,66
18.664112091064453,0.8928812742233276,-0.5806629657745361,-3.0112324566289317e-05,66
18.714111328125,0.8967344164848328,-0.5820398330688477,0.05282254328653835,65
18.764110565185547,0.8989179730415344,-0.5828016996383667,0.0028173002340281528,67
18.814111709594727,0.8964505195617676,-0.5816110968589783,7.355555129606728e-05,68
18.826610565185547,0.89619380235672,-0.5814436078071594,0.00015929035043882322,68
18.845361709594727,0.8972912430763245,-0.5818061232566833,0.00011243896756241156,68
18.873485565185547,0.8994231820106506,-0.5827062726020813,0.024475445563894027,68
18.915674209594727,0.9025880694389343,-0.5846659541130066,6.655864365257003e-05,71
18.928173065185547,0.9027057886123657,-0.585290253162384,0.00022042592945581418,71
18.946924209594727,0.9021300673484802,-0.585748016834259,0.021857561546994475,68
18.975048065185547,0.9031055569648743,-0.5864811539649963,-0.012350588809567853,69
19.017236709594727,0.9040171504020691,-0.5873109698295593,-0.002333109557866919,69
19.067235946655273,0.9012566208839417,-0.5878596901893616,-1.69483469107945e-05,69
19.117237091064453,0.8978406190872192,-0.5879148840904236,0.17868882654124718,67
19.167236328125,0.91267329454422,-0.591909646987915,0.002110031701704429,66
19.217235565185547,0.9159154295921326,-0.5928551554679871,8.73916308137268e-05,66
19.267236709594727,0.9194183349609375,-0.5936411023139954,-2.0391734835811803e-05,66
19.317235946655273,0.9226225018501282,-0.5942360758781433,4.701467327095088e-05,66
19.367237091064453,0.9251204133033752,-0.5945183634757996,0.00016124964929531416,64
19.417236328125,0.9261094331741333,-0.5942210555076599,-0.029359478855440102,64
19.467235565185547,0.9234110713005066,-0.5927250385284424,-0.0017533180385580494,64
19.517236709594727,0.9188453555107117,-0.5909878611564636,0.0013542384920128825,64
19.567235946655273,0.9144160747528076,-0.5890927910804749,0.008258486450586133,63
19.617237091064453,0.9101441502571106,-0.5866644382476807,0.0006277653873780764,62
19.667236328125,0.9051631689071655,-0.5840897560119629,-3.994072335444798e-05,61
19.717235565185547,0.900164783000946,-0.581893265247345,-6.8919771365472116e-06,61
19.767236709594727,0.8952552676200867,-0.5799512267112732,-3.7984626146680966e-06,61
19.817235946655273,0.890531063079834,-0.5782490372657776,2.8832001390810547e-06,61
19.867237091064453,0.8860824704170227,-0.5768038034439087,-3.4131698214423523e-06,61
19.917236328125,0.8819969892501831,-0.5756420493125916,4.403640332384384e-06,61
19.967235565185547,0.8783612847328186,-0.5747906565666199,7.887864626354713e-06,61
20.017236709594727,0.8752594590187073,-0.5742688775062561,1.7406009590104077e-05,61
20.067235946655273,0.8727726936340332,-0.5740779042243958,-0.00025922568030978255,61
20.117237091064453,0.8710157871246338,-0.5741753578186035,-0.0025541418114300996,59
20.167236328125,0.8728667497634888,-0.5740489959716797,0.00014604224941194843,59
20.217235565185547,0.8757279515266418,-0.5741347074508667,-1.0641816800216475e-05,59
20.267236709594727,0.8790849447250366,-0.5745673775672913,-6.010046945448266e-06,59
20.317235946655273,0.8828918933868408,-0.5753263235092163,-4.838875781842944e-06,59
20.367237091064453,0.8870912194252014,-0.5763829350471497,-4.406573509641021e-06,60
20.417236328125,0.8916176557540894,-0.5777043104171753,-3.9472143953389605e-06,60
20.467235565185547,0.8964002728462219,-0.5792546272277832,-3.9699481817478954e-06,60
20.517236709594727,0.9013606905937195,-0.5809961557388306,-8.718744766156306e-06,60
20.567235946655273,0.9064012169837952,-0.5828880667686462,0.0006746992330874946,60
20.617237091064453,0.9113011360168457,-0.5848618745803833,0.00016987908020382747,62
20.667236328125,0.9109016060829163,-0.5850875377655029,-3.893576285918243e-05,62
20.717235565185547,0.9066039323806763,-0.583610475063324,-1.639382520579602e-05,62
20.767236709594727,0.901988685131073,-0.5820508599281311,-9.943142231350066e-06,62
20.817235946655273,0.897312343120575,-0.580540120601654,-8.771332943524612e-06,62
20.867237091064453,0.8927042484283447,-0.5791488289833069,-1.0843312111319392e-05,62
20.917236328125,0.8882541656494141,-0.5779305100440979,-1.2280708517664607e-05,61
20.967235565185547,0.8840389847755432,-0.5769363641738892,-1.0343879353058583e-05,61
21.017236709594727,0.8801478743553162,-0.5762203931808472,-1.635941600852675e-05,62
21.067235946655273,0.8766793012619019,-0.5758258700370789,-1.0789392717924784e-05,62
21.117237091064453,0.873704195022583,-0.5757735371589661,-7.563582130387658e-06,62
21.167236328125,0.8712648153305054,-0.5760716795921326,-6.979244233207282e-06,62
21.217235565185547,0.8693826198577881,-0.5767214894294739,-1.844964083375089e-05,63
21.267236709594727,0.8680570125579834,-0.5777181386947632,0.0018124219375863504,64
21.317235946655273,0.8672398924827576,-0.5790330171585083,-4.482846395603701e-05,64
21.329736709594727,0.8670974373817444,-0.5793465375900269,-0.00043400841514085187,65
21.348485946655273,0.866947591304779,-0.5793877840042114,8.191492742071205e-05,66
21.376611709594727,0.8670148253440857,-0.5788769125938416,2.9021784541782836e-05,66
21.418798446655273,0.8674964904785156,-0.5780349373817444,1.5133906117625884e-05,65
21.468799591064453,0.8686173558235168,-0.5772194266319275,7.082050558437913e-06,65
21.518798828125,0.8703127503395081,-0.5766986608505249,4.692140521456167e-06,65
21.568798065185547,0.8725582957267761,-0.5765017867088318,6.607507430089754e-06,65
21.618799209594727,0.8753294944763184,-0.5766332745552063,-0.0002896254039228552,65
21.668798446655273,0.878596842288971,-0.5770873427391052,-0.0003488500929620386,64
21.718799591064453,0.8823163509368896,-0.5778538584709167,-5.796047219064349e-06,64
21.768798828125,0.8864313364028931,-0.5789132714271545,-4.936079278650141e-06,64
21.818798065185547,0.8908687829971313,-0.5802423357963562,-5.317394141002296e-06,64
21.868799209594727,0.8955426216125488,-0.5818149447441101,-9.630295608076267e-06,64
21.918798446655273,0.9003369808197021,-0.5836027264595032,-0.00021834582935298386,64
21.968799591064453,0.9049876928329468,-0.5855461359024048,-2.112417649868803e-05,65
21.981298446655273,0.905910849571228,-0.5859752893447876,-0.002968355500115649,63
22.000049591064453,0.9053218364715576,-0.5857813954353333,-0.00015449824783786426,63
22.028173446655273,0.9030631184577942,-0.5848511457443237,-5.801630348400977e-05,63
22.070362091064453,0.8993513584136963,-0.5834030508995056,-1.5893080785644997e-05,63
22.120361328125,0.8948405981063843,-0.5817714333534241,-1.2407320468810212e-05,63
22.170360565185547,0.8903781175613403,-0.5802931189537048,-1.1233218742745521e-05,61
22.220361709594727,0.8860727548599243,-0.5790096521377563,-1.916873014806697e-05,62
22.270360946655273,0.8820098042488098,-0.5779572129249573,-8.617435696578468e-06,62
22.320362091064453,0.8782613277435303,-0.577167272567749,-7.240191848723043e-06,62
22.370361328125,0.8748876452445984,-0.5766685009002686,-6.3933152887329925e-06,63
22.420360565185547,0.8719391226768494,-0.5764856934547424,-5.7930068919631594e-06,63
22.470361709594727,0.8694583773612976,-0.5766407251358032,-6.600799395073409e-06,63
22.520360946655273,0.8674834370613098,-0.5771517157554626,-6.97774294167175e-06,63
22.570362091064453,0.866047203540802,-0.5780292749404907,6.733206154407867e-06,63
22.620361328125,0.8651719689369202,-0.579272449016571,8.09022288628114e-06,63
22.670360565185547,0.8648619651794434,-0.5808640718460083,-9.949353568572405e-06,62
22.720361709594727,0.865096390247345,-0.5827676057815552,-1.896227308861853e-05,62
22.770360946655273,0.8658223748207092,-0.5849226117134094,-5.343199757135153e-05,62
22.820362091064453,0.8669386506080627,-0.5872349143028259,-0.0002134439345127248,62
22.870361328125,0.8682354092597961,-0.5895280838012695,0.0015305035792891886,62
22.920360565185547,0.8691608905792236,-0.5912610292434692,0.002852031377926778,63
22.970361709594727,0.8687125444412231,-0.5911895036697388,0.0002980058016532894,64
23.020360946655273,0.867017388343811,-0.5893116593360901,-0.0005377550611456172,64
23.070362091064453,0.8650808334350586,-0.5869818925857544,-0.0005461742584884632,64
23.120361328125,0.8633927702903748,-0.5849403142929077,-0.0013684012348562646,64
23.170360565185547,0.8624589443206787,-0.5838065147399902,4.843470929927207e-05,64
23.220361709594727,0.8616745471954346,-0.5826284289360046,-2.6980510654084355e-05,64
23.270360946655273,0.8609260320663452,-0.5811125040054321,3.342490585112046e-05,64
23.320362091064453,0.8604507446289062,-0.579477071762085,-2.0755024081609008e-05,65
23.370361328125,0.8604365587234497,-0.5779362320899963,nan,nan
