Intel(R) Xeon(R) W-2295 CPU @ 3.00GHz   3.00 GHz
Windows 10 Professionnel 21H2, 19044.1586
2023 hot fix 3, 183566
DDR4, 2933 MHz
#MNA
0.0,0.0,0.0,5.31059640707099e-11,0
0.0299999993294477,0.0299999993294477,-0.0373754724860191,1.11924691736931e-10,0
0.0599999986588955,0.0599999986588955,-0.0747509449720383,1.67347025126219e-10,0
0.0900000035762787,0.0900000035762787,-0.112126417458057,2.17823981074616e-10,0
0.119999997317791,0.119999997317791,-0.149501889944077,2.75349520961754e-10,0
0.150000005960464,0.150000005960464,-0.186877369880676,3.30715010932181e-10,0
0.180000007152557,0.180000007152557,-0.224252834916115,3.71528585674241e-10,0
0.209999993443489,0.209999993443489,-0.261628299951553,4.25416146754287e-10,0
0.239999994635582,0.239999994635582,-0.299003779888153,4.91809259983711e-10,0
0.270000010728836,0.270000010728836,-0.336379259824753,5.32054400537163e-10,0
0.300000011920929,0.300000011920929,-0.373754739761353,5.85487214266323e-10,0
0.330000013113022,0.330000013113022,-0.411130219697952,6.26414475846104e-10,0
0.360000014305115,0.360000014305115,-0.44850566983223,6.75981937092729e-10,0
0.389999985694885,0.389999985694885,-0.485881149768829,7.33962224330753e-10,0
0.419999986886978,0.419999986886978,-0.523256599903107,7.79436959419399e-10,0
0.449999988079071,0.449999988079071,-0.560632109642029,8.29004420666024e-10,0
0.479999989271164,0.479999989271164,-0.598007559776306,8.69022187544033e-10,0
0.509999990463257,0.509999990463257,-0.635383069515228,9.19044396141544e-10,0
0.540000021457672,0.540000021457672,-0.672758519649506,9.7361407824792e-10,0
0.569999992847443,0.569999992847443,-0.710133969783783,1.01954356068745e-09,0
0.600000023841858,0.600000023841858,-0.747509479522705,1.08366293716244e-09,0
0.629999995231628,0.629999995231628,-0.784884929656982,1.13686837721616e-09,0
0.660000026226044,0.660000026226044,-0.822260439395905,1.18689058581367e-09,0
0.689999997615814,0.689999997615814,-0.859635889530182,1.23782228911296e-09,0
0.720000028610229,0.720000028610229,-0.897011339664459,1.29557520267554e-09,0
0.75,0.75,-0.934386849403381,1.34332367451862e-09,0
0.779999971389771,0.779999971389771,-0.971762299537659,-5.75184344597801e-11,0
0.810000002384186,0.809970498085022,-1.00912046432495,-9.20595084608067e-08,0
0.839999973773956,0.83989417552948,-1.04644978046417,-7.15758687874768e-08,0
0.870000004768372,0.86981737613678,-1.08377873897552,-6.71661837259308e-10,0
0.899999976158142,0.899734497070312,-1.12110841274261,-4.67698055217625e-06,0
0.930000007152557,0.929206728935242,-1.15825700759888,0.00056318947872569,0
0.959999978542328,0.957803249359131,-1.19503247737885,2.63283800450154e-06,0
0.990000009536743,0.982321918010712,-1.22902619838715,-0.0315452822906082,0
0.997500002384186,0.986623823642731,-1.23604381084442,-0.0533195388898093,0
1.00874996185303,0.990476787090302,-1.24409902095795,-0.284154029799538,0
1.02562499046326,0.993758738040924,-1.25418388843536,0.00728539945021112,0
1.0509375333786,0.996022880077362,-1.26685762405396,-0.00447118280590075,0
1.08093750476837,0.997409701347351,-1.28125929832458,-0.0106519201422088,0
1.11093747615814,0.998201429843903,-1.29571640491486,0.0180171475158204,0
1.14093744754791,0.99857497215271,-1.30964803695679,-0.014307337057744,0
1.17093753814697,0.998847961425781,-1.32403147220612,-0.00221984235531636,0
1.20093750953674,0.999059438705444,-1.33910810947418,-0.0267918570175425,0
1.23093748092651,0.999221444129944,-1.35475611686707,0.226961208352805,0
1.26093745231628,0.999341487884521,-1.37071895599365,0.00161311122974439,0
1.29093754291534,0.999417781829834,-1.38685822486877,-0.000535714802026632,0
1.32093751430511,0.999484002590179,-1.4035816192627,-0.00423827219810846,0
1.35093748569489,0.999544739723206,-1.42040050029755,-0.00065961602194875,0
1.38093745708466,0.99959123134613,-1.43773758411407,0.00249221194508209,0
1.41093754768372,0.999631881713867,-1.45512139797211,-3.50167742908525e-05,0
1.44093751907349,0.999667227268219,-1.47321343421936,-1.42433050314139e-05,0
1.47093749046326,0.999700605869293,-1.49195086956024,-0.000186930417385156,0
1.50093746185303,0.999728918075562,-1.51110827922821,0.00167162383831965,0
1.50843751430511,0.999735891819,-1.51543831825256,-0.00166158418460327,0
1.51593744754791,0.99974262714386,-1.5197616815567,-0.00165514433729186,0
1.5234375,0.999749302864075,-1.52408480644226,-0.00164646482471653,0
1.53093755245209,0.999755859375,-1.52841079235077,0.00186652900265472,0
1.53843748569489,0.999761760234833,-1.53290557861328,0.00179724239933421,0
1.54593753814697,0.999767780303955,-1.53736996650696,0.00178583804290611,0
1.55343747138977,0.999773740768433,-1.54182052612305,0.00178835257156607,0
1.56093752384186,0.999779641628265,-1.54627788066864,0.00178656024809243,0
1.56843745708466,0.999785482883453,-1.55073702335358,2.78078005067073e-10,0
1.56890630722046,0.972887992858887,-1.51722681522369,2.78419065580238e-10,0
1.56937503814697,0.972770750522614,-1.51708090305328,-3.09562431244359e-10,0
1.57007813453674,0.972594976425171,-1.51686191558838,2.95985652654096e-10,0
1.5711327791214,0.972331345081329,-1.51653337478638,2.76031641988084e-10,0
1.57271480560303,0.9719358086586,-1.51604068279266,-3.20538900977496e-10,0
1.57508790493011,0.97134256362915,-1.51530146598816,3.75416780995508e-10,0
1.5786474943161,0.970452666282654,-1.51419281959534,-3.98825944492032e-10,0
1.58398675918579,0.969117820262909,-1.5125298500061,-3.05868552707977e-10,0
1.59199583530426,0.967115581035614,-1.51003527641296,-3.62354618532734e-10,0
1.60400938987732,0.964112162590027,-1.50629353523254,-3.49190065751515e-10,0
1.62202978134155,0.959607124328613,-1.50068092346191,4.1202108391758e-10,0
1.64906024932861,0.952849447727203,-1.49226188659668,3.48427842133958e-10,0
1.67906022071838,0.945349454879761,-1.48291802406311,-3.59150542639242e-10,0
1.70906019210815,0.937849462032318,-1.47357416152954,4.46331221981566e-10,0
1.73906016349792,0.930349469184875,-1.46423029899597,4.30793234418303e-10,0
1.76906025409698,0.922849476337433,-1.4548864364624,6.40838104803976e-10,0
1.79906022548676,0.91534948348999,-1.44554257392883,6.25212437377343e-10,0
1.82906019687653,0.907849490642548,-1.43619871139526,6.4979849279112e-10,0
1.8590601682663,0.900349497795105,-1.42685484886169,6.67681354649119e-10,0
1.88906025886536,0.892849504947662,-1.41751098632812,7.98714649974386e-10,0
1.91906023025513,0.885349452495575,-1.40816712379456,8.55738868654754e-10,0
1.9490602016449,0.877849459648132,-1.39882326126099,7.69368568853679e-10,0
1.97906017303467,0.87034946680069,-1.38947939872742,8.94940788143117e-10,0
2.00906014442444,0.862849473953247,-1.38013553619385,9.30127863618679e-10,0
2.03906011581421,0.855349481105804,-1.37079167366028,9.80749481627186e-10,0
2.06906032562256,0.847849488258362,-1.36144781112671,1.06829961543653e-09,0
2.09906029701233,0.840349495410919,-1.35210394859314,1.12454012768382e-09,0
2.1290602684021,0.832849502563477,-1.34276008605957,1.1706299263281e-09,0
2.15906023979187,0.825349450111389,-1.33341610431671,1.21570142841421e-09,0
2.18906021118164,0.817849457263947,-1.32407224178314,1.1849711212264e-09,0
2.21906018257141,0.810349464416504,-1.31472837924957,1.33502908727934e-09,0
2.24906015396118,0.802849471569061,-1.305384516716,1.34363786763458e-09,0
2.27906012535095,0.795349478721619,-1.29604065418243,1.4693669614374e-09,0
2.30906009674072,0.787849485874176,-1.28669679164886,1.46171774684234e-09,0
2.33906030654907,0.780349493026733,-1.2773529291153,1.43402101304702e-09,0
2.36906027793884,0.772849500179291,-1.26800906658173,1.55780910393588e-09,0
2.39906024932861,0.765349447727203,-1.25866520404816,1.58304580555324e-09,0
2.42906022071838,0.757849454879761,-1.24932134151459,-1.61211094473757e-09,0
2.45906019210815,0.750349462032318,-1.23997747898102,-1.69728686660875e-09,0
2.48906016349792,0.742849469184875,-1.23063361644745,1.77861891881292e-09,0
2.5190601348877,0.735349476337433,-1.22128975391388,-1.84140913628283e-09,0
2.54906010627747,0.72784948348999,-1.21194589138031,1.90783910891668e-09,0
2.57906031608582,0.720349490642548,-1.20260202884674,1.93297899908629e-09,0
2.60906028747559,0.712849497795105,-1.19325816631317,2.01588057358038e-09,0
2.63906025886536,0.705349504947662,-1.1839143037796,1.9994795819045e-09,0
2.66906023025513,0.697849452495575,-1.17457044124603,-2.12723863524111e-09,0
2.6990602016449,0.690349459648132,-1.16522657871246,-2.16268580821577e-09,0
2.72906017303467,0.68284946680069,-1.15588271617889,2.14229700645774e-09,0
2.75906014442444,0.675349473953247,-1.14653885364532,2.22738782973408e-09,0
2.78906011581421,0.667849481105804,-1.13719487190247,-2.32294622426465e-09,0
2.81906032562256,0.660349488258362,-1.1278510093689,-2.408131749565e-09,0
2.84906029701233,0.652849495410919,-1.11850714683533,2.42203945788333e-09,0
2.8790602684021,0.645349502563477,-1.10916328430176,2.42322939492112e-09,0
2.90906023979187,0.637849450111389,-1.09981942176819,-2.51056886391154e-09,0
2.93906021118164,0.630349457263947,-1.09047555923462,-2.57318311103205e-09,0
2.96906018257141,0.622849464416504,-1.08113169670105,-2.72075423302098e-09,0
2.99906015396118,0.615349471569061,-1.07178783416748,-2.73020928087675e-09,0
3.02906012535095,0.607849478721619,-1.06244397163391,-2.80035417077329e-09,0
3.05906009674072,0.600349485874176,-1.05310010910034,-2.73963274288747e-09,0
3.08906030654907,0.592849493026733,-1.04375624656677,-2.87892804040624e-09,0
3.11906027793884,0.585349500179291,-1.0344123840332,-3.02556957265665e-09,0
3.14906024932861,0.577849447727203,-1.02506852149963,-3.092268052729e-09,0
3.17906022071838,0.570349454879761,-1.01572465896606,-3.18293186252205e-09,0
3.20906019210815,0.562849462032318,-1.0063807964325,-3.17990356268893e-09,0
3.23906016349792,0.555349469184875,-0.997036874294281,-3.23533994039948e-09,0
3.2690601348877,0.547849476337433,-0.987693011760712,-3.33601601898437e-09,0
3.29906010627747,0.54034948348999,-0.978349149227142,-3.4114175928579e-09,0
3.32906031608582,0.532849490642548,-0.969005286693573,-3.4700504691898e-09,0
3.35906028747559,0.525349497795105,-0.959661424160004,-3.5141253240667e-09,0
3.38906025886536,0.517849504947662,-0.950317561626434,-3.48510320602458e-09,0
3.41906023025513,0.510349452495575,-0.940973699092865,-3.54047169359717e-09,0
3.4490602016449,0.502849459648132,-0.931629836559296,-3.6120136881479e-09,0
3.47906017303467,0.49534946680069,-0.922285974025726,-3.71968711387893e-09,0
3.50906014442444,0.487849473953247,-0.912942111492157,-3.70816333195023e-09,0
3.53906011581421,0.480349481105804,-0.903598189353943,-3.77380660054882e-09,0
3.56906032562256,0.472849488258362,-0.894254326820374,-3.8480197916968e-09,0
3.59906029701233,0.465349465608597,-0.884910464286804,-3.89769505559912e-09,0
3.6290602684021,0.457849472761154,-0.875566601753235,-3.96679444847337e-09,0
3.65906023979187,0.450349479913712,-0.866222739219666,-4.0255144773127e-09,0
3.68906021118164,0.442849487066269,-0.856878876686096,-4.10249201276969e-09,0
3.71906018257141,0.435349464416504,-0.847535014152527,-4.1606748046874e-09,0
3.74906015396118,0.427849471569061,-0.838191151618958,-4.20262269429372e-09,0
3.77906012535095,0.420349478721619,-0.828847289085388,-4.30934266049121e-09,0
3.80906009674072,0.412849485874176,-0.819503426551819,-4.29536062274138e-09,0
3.83906030654907,0.405349463224411,-0.81015956401825,-4.43484837742147e-09,0
3.86906027793884,0.397849470376968,-0.800815641880035,-4.54312443221028e-09,0
3.89906024932861,0.390349477529526,-0.791471779346466,-4.54041648723091e-09,0
3.92906022071838,0.382849484682083,-0.782127916812897,-4.49937798130406e-09,0
3.95906019210815,0.375349462032318,-0.772784054279327,-4.63625327018491e-09,0
3.98906016349792,0.367849469184875,-0.763440191745758,-4.6383269447503e-09,0
4.0190601348877,0.360349476337433,-0.754096329212189,-4.72232764003877e-09,0
4.04906034469604,0.35284948348999,-0.744752466678619,-4.84552287183249e-09,0
4.07906007766724,0.345349460840225,-0.73540860414505,-4.86152473833101e-09,0
4.10906028747559,0.337849467992783,-0.726064741611481,-4.87395757087228e-09,0
4.13906002044678,0.33034947514534,-0.716720879077911,-4.94535012940389e-09,0
4.16906023025513,0.322849482297897,-0.707376956939697,-5.00142827153383e-09,0
4.19906044006348,0.315349489450455,-0.698033094406128,-5.0085731118088e-09,0
4.22906017303467,0.30784946680069,-0.688689231872559,-5.21692666843876e-09,0
4.25906038284302,0.300349473953247,-0.679345369338989,-5.09603714782259e-09,0
4.28906011581421,0.292849481105804,-0.67000150680542,-5.1295809821994e-09,0
4.31906032562256,0.285349488258362,-0.660657644271851,-5.27006605022251e-09,0
4.34906005859375,0.277849465608597,-0.651313781738281,-5.30587618285949e-09,0
4.3790602684021,0.270349472761154,-0.641969919204712,-5.43844458356091e-09,0
4.40906000137329,0.262849479913712,-0.632626056671143,-5.43744382852651e-09,0
4.43906021118164,0.255349487066269,-0.623282194137573,-5.40196876119836e-09,0
4.46906042098999,0.247849479317665,-0.613938271999359,-5.48455736382181e-09,0
4.49906015396118,0.240349471569061,-0.60459440946579,-5.48361822616528e-09,0
4.52906036376953,0.232849478721619,-0.59525054693222,-5.49182543885252e-09,0
4.55906009674072,0.225349470973015,-0.585906684398651,-5.57080848118119e-09,0
4.58906030654907,0.217849478125572,-0.576562821865082,-5.59187585125187e-09,0
4.61906003952026,0.210349470376968,-0.567218959331512,-5.55177814831609e-09,0
4.64906024932861,0.202849477529526,-0.557875096797943,5.60716739705924e-09,0
4.6790599822998,0.195349469780922,-0.548531234264374,5.59541879496805e-09,0
4.70906019210815,0.187849476933479,-0.539187371730804,5.66279068081599e-09,0
4.7390604019165,0.180349469184875,-0.529843509197235,5.64738256159103e-09,0
4.7690601348877,0.172849476337433,-0.520499646663666,5.65399593810412e-09,0
4.79906034469604,0.165349468588829,-0.511155724525452,5.72991876168771e-09,0
4.82906007766724,0.157849475741386,-0.501811861991882,5.66464386508869e-09,0
4.85906028747559,0.150349482893944,-0.492467999458313,5.71108760283323e-09,0
4.88906002044678,0.14284947514534,-0.483124136924744,-5.75705561001172e-09,0
4.91906023025513,0.135349482297897,-0.473780274391174,-5.79314485271709e-09,0
4.94906044006348,0.127849474549294,-0.464436411857605,-5.81743797578582e-09,0
4.97906017303467,0.12034947425127,-0.455092549324036,-5.80782899550769e-09,0
5.00906038284302,0.112849473953247,-0.445748656988144,-5.96274274400344e-09,0
5.03906011581421,0.105349473655224,-0.436404794454575,-5.87098014648291e-09,0
5.06906032562256,0.0978494733572006,-0.427060931921005,-5.96482629955375e-09,0
5.09906005859375,0.0903494730591774,-0.417717069387436,-6.03409799904142e-09,0
5.1290602684021,0.0828494727611542,-0.408373206853867,-5.99122984556999e-09,0
5.15906000137329,0.075349472463131,-0.399029314517975,-6.0503773102738e-09,0
5.18906021118164,0.0678494721651077,-0.389685451984406,-5.99850502602806e-09,0
5.21906042098999,0.0603494755923748,-0.380341589450836,-5.97391103251965e-09,0
5.24906015396118,0.0528494752943516,-0.370997726917267,-5.95025506644475e-09,0
5.27906036376953,0.0453494749963284,-0.361653864383698,-5.98745475421936e-09,0
5.30906009674072,0.0378494746983051,-0.352309972047806,-5.95995897079149e-09,0
5.33906030654907,0.0303494762629271,-0.342966109514236,-5.91026316776322e-09,0
5.36906003952026,0.0228494759649038,-0.333622246980667,-5.89964377351038e-09,0
5.39906024932861,0.0153494756668806,-0.324278384447098,-5.96572435895837e-09,0
5.4290599822998,0.00784947536885738,-0.314934521913528,-5.9368803206894e-09,0
5.45906019210815,0.000349475565599278,-0.305590659379959,-5.93380067304139e-09,0
5.4890604019165,-0.00715052429586649,-0.296246767044067,-5.94714888446646e-09,0
5.5190601348877,-0.0146505245938897,-0.286902904510498,-5.90222115626204e-09,0
5.54906034469604,-0.0221505239605904,-0.277559041976929,-5.92947035915614e-09,0
5.57906007766724,-0.0296505242586136,-0.268215179443359,-5.87423676368104e-09,0
5.60906028747559,-0.0371505245566368,-0.25887131690979,-5.92199234095148e-09,0
5.63906002044678,-0.04465052485466,-0.24952743947506,-5.84734349828864e-09,0
5.66906023025513,-0.0521505251526833,-0.240183562040329,-5.87774184879208e-09,0
5.69906044006348,-0.0596505254507065,-0.23083969950676,-5.80642944836285e-09,0
5.72906017303467,-0.0671505257487297,-0.22149583697319,-5.8393619939423e-09,0
5.75906038284302,-0.0746505260467529,-0.21215195953846,-5.84889892074614e-09,0
5.78906011581421,-0.0821505263447762,-0.20280809700489,-5.78546921481404e-09,0
5.81906032562256,-0.0896505266427994,-0.19346421957016,-5.81509085328946e-09,0
5.84906005859375,-0.0971505269408226,-0.184120357036591,-5.79217407370436e-09,0
5.8790602684021,-0.104650527238846,-0.174776494503021,-5.8275676506625e-09,0
5.90906000137329,-0.112150527536869,-0.165432617068291,-5.77571113158371e-09,0
5.93906021118164,-0.119650527834892,-0.156088754534721,-5.81246717423767e-09,0
5.96906042098999,-0.127150520682335,-0.146744877099991,-5.81809267430344e-09,0
5.99906015396118,-0.134650528430939,-0.137401014566422,-5.7796286645484e-09,0
6.02906036376953,-0.142150521278381,-0.128057152032852,-5.75085268295084e-09,0
6.05906009674072,-0.149650529026985,-0.118713282048702,-5.74550307330668e-09,0
6.08906030654907,-0.157150521874428,-0.109369412064552,-5.76977221555808e-09,0
6.11906003952026,-0.164650529623032,-0.100025542080402,-5.74935121733233e-09,0
6.14906024932861,-0.172150522470474,-0.0906816720962524,-5.72169867041339e-09,0
6.1790599822998,-0.179650530219078,-0.0813378021121025,-5.70264735433312e-09,0
6.20906019210815,-0.187150523066521,-0.0719939395785332,-5.69462765831474e-09,0
6.2390604019165,-0.194650530815125,-0.0626500695943832,-5.74406300302144e-09,0
6.2690601348877,-0.202150523662567,-0.0533061996102333,-5.63485591520418e-09,0
6.29906034469604,-0.209650531411171,-0.0439623333513737,-5.65910873717712e-09,0
6.32906007766724,-0.217150524258614,-0.0346184633672237,-5.64468294328435e-09,0
6.35906028747559,-0.224650517106056,-0.025274595245719,-5.62559387962125e-09,0
6.38906002044678,-0.23215052485466,-0.0159307271242142,-5.6231527212347e-09,0
6.41906023025513,-0.239650517702103,-0.0065868585370481,-5.63739366299387e-09,0
6.44906044006348,-0.247150525450706,0.00275700981728733,-5.60508672808879e-09,0
6.47906017303467,-0.25465053319931,0.0121008781716228,-5.663665758604e-09,0
6.50906038284302,-0.262150526046753,0.0214447472244501,-5.53804657688062e-09,0
6.53906011581421,-0.269650518894196,0.0307886153459549,-5.59175872272277e-09,0
6.56906032562256,-0.277150511741638,0.0401324816048145,-5.56567580911604e-09,0
6.59906005859375,-0.284650534391403,0.0494763515889645,-5.5443848401282e-09,0
6.6290602684021,-0.292150527238846,0.0588202215731144,-5.5448222679999e-09,0
6.65906000137329,-0.299650520086288,0.068164087831974,-5.54413093212247e-09,0
6.68906021118164,-0.307150512933731,0.077507957816124,-5.52139023390907e-09,0
6.71906042098999,-0.314650535583496,0.0868518278002739,-5.50223899775659e-09,0
6.74906015396118,-0.322150528430939,0.0961956903338432,-5.494592891786e-09,0
6.77906036376953,-0.329650521278381,0.105539560317993,5.5206026416954e-09,0
6.80906009674072,-0.337150514125824,0.114883430302143,5.52279733057048e-09,0
6.83906030654907,-0.344650536775589,0.124227300286293,-5.51395296088941e-09,0
6.86906003952026,-0.352150529623032,0.133571162819862,5.49618195400114e-09,0
6.89906024932861,-0.359650522470474,0.142915040254593,5.54208290370894e-09,0
6.9290599822998,-0.367150515317917,0.152258902788162,5.5679640897921e-09,0
6.95906019210815,-0.374650537967682,0.161602765321732,5.54500068083996e-09,0
6.9890604019165,-0.382150530815125,0.170946642756462,5.54099555127863e-09,0
7.0190601348877,-0.389650523662567,0.180290505290031,5.56542267826643e-09,0
7.04906034469604,-0.39715051651001,0.189634382724762,5.55262780199683e-09,0
7.07906007766724,-0.404650539159775,0.198978245258331,5.58055701649351e-09,0
7.10906028747559,-0.412150532007217,0.208322107791901,5.5829637579663e-09,0
7.13906002044678,-0.41965052485466,0.217665985226631,5.62079605082033e-09,0
7.16906023025513,-0.427150517702103,0.227009847760201,5.65759183945858e-09,0
7.19906044006348,-0.434650510549545,0.236353725194931,5.56828305686707e-09,0
7.22906017303467,-0.44215053319931,0.2456975877285,5.63538349318549e-09,0
7.25906038284302,-0.449650526046753,0.25504145026207,5.70602198823877e-09,0
7.28906011581421,-0.457150518894196,0.264385312795639,5.64174262862593e-09,0
7.31906032562256,-0.464650511741638,0.273729205131531,5.66372160282214e-09,0
7.34906005859375,-0.472150534391403,0.2830730676651,5.65744462388551e-09,0
7.3790602684021,-0.479650527238846,0.292416930198669,5.74005354359031e-09,0
7.40906000137329,-0.487150520086288,0.301760792732239,5.69351465973256e-09,0
7.43906021118164,-0.494650512933731,0.311104655265808,5.70522007414809e-09,0
7.46906042098999,-0.502150535583496,0.3204485476017,5.72526737130374e-09,0
7.49906015396118,-0.509650528430939,0.329792410135269,5.71287561701439e-09,0
7.52906036376953,-0.517150521278381,0.339136272668839,5.74515179874169e-09,0
7.55906009674072,-0.524650514125824,0.348480135202408,5.73593783581572e-09,0
7.58906030654907,-0.532150506973267,0.357823997735977,5.76591652201586e-09,0
7.61906003952026,-0.539650499820709,0.367167860269547,5.79593639749021e-09,0
7.64906024932861,-0.547150552272797,0.376511752605438,5.82573622676108e-09,0
7.6790599822998,-0.554650545120239,0.385855615139008,5.80174630560037e-09,0
7.70906019210815,-0.562150537967682,0.395199477672577,5.76300385191075e-09,0
7.7390604019165,-0.569650530815125,0.404543340206146,5.82753523215018e-09,0
7.7690601348877,-0.577150523662567,0.413887202739716,5.82587278419311e-09,0
7.79906034469604,-0.58465051651001,0.423231095075607,-1.24373400467448e-09,0
7.82906007766724,-0.59213787317276,0.432567536830902,-8.8789875007933e-08,0
7.85906028747559,-0.599620282649994,0.441900759935379,-9.7209067462245e-08,0
7.88906002044678,-0.607102632522583,0.451233983039856,-1.05612798506627e-07,0
7.91906023025513,-0.614584982395172,0.460567146539688,-1.14125214167871e-07,0
7.94906044006348,-0.622067213058472,0.469900280237198,-1.22725396067835e-07,0
7.97906017303467,-0.629549443721771,0.479233384132385,-1.31388787849573e-07,0
8.00905990600586,-0.637031614780426,0.48856645822525,-1.40092197398189e-07,0
8.03906059265137,-0.644513726234436,0.49789947271347,-1.4881334209349e-07,0
8.06906032562256,-0.651995778083801,0.507232487201691,-1.57528575073229e-07,0
8.09906005859375,-0.659477770328522,0.516565501689911,-1.66220161190722e-07,0
8.12905979156494,-0.666959702968597,0.525898396968842,-1.74867182067828e-07,0
8.15906047821045,-0.674441635608673,0.535231351852417,-1.83450083568459e-07,0
8.18906021118164,-0.681923508644104,0.544564247131348,-1.91951585293282e-07,0
8.21905994415283,-0.68940532207489,0.553897082805634,-2.00354861590313e-07,0
8.24906063079834,-0.696887075901031,0.563229918479919,-2.08640358323464e-07,0
8.27906036376953,-0.704368829727173,0.572562754154205,-2.16796706808964e-07,0
8.30906009674072,-0.711850464344025,0.581895530223846,-2.24805717152776e-07,0
8.33905982971191,-0.719332158565521,0.591228246688843,-2.32655111176427e-07,0
8.36906051635742,-0.726813733577728,0.600560963153839,-2.40331246459391e-07,0
8.39906024932861,-0.734295308589935,0.609893679618835,-2.47826392296702e-07,0
8.4290599822998,-0.741776823997498,0.619226336479187,-2.55124177783728e-07,0
8.45906066894531,-0.749258279800415,0.628558993339539,-nan(ind),-nan(ind)
#GNA1
0.0,0.0,0.0,-7.11496176641901e-07,0
0.00999999977648258,0.00999870803207159,-0.00602932786568999,-6.13089168766123e-07,0
0.0199999995529652,0.0199948027729988,-0.0120574794709682,-7.17730950228201e-07,0
0.0299999993294477,0.0299882497638464,-0.0180844403803349,-6.6676852483738e-07,0
0.0399999991059303,0.0399790070950985,-0.0241101942956448,-6.53229331959437e-07,0
0.0500000007450581,0.0499670431017876,-0.0301347244530916,-6.92657451395462e-07,0
0.0599999986588955,0.0599523074924946,-0.0361580140888691,-8.4244358689034e-07,0
0.0700000002980232,0.0699347704648972,-0.0421800464391708,-7.26308925891317e-07,0
0.0799999982118607,0.0799143761396408,-0.0482008047401905,-7.07164311108954e-07,0
0.0900000035762787,0.0898910835385323,-0.0542202703654766,-6.93674166996061e-07,0
0.100000001490116,0.0998648554086685,-0.0602384246885777,-7.96806951086637e-07,0
0.109999999403954,0.109835632145405,-0.0662552416324615,-7.31413685173266e-07,0
0.119999997317791,0.119803369045258,-0.0722707062959671,-7.61549777905657e-07,0
0.129999995231628,0.129768013954163,-0.0782848000526428,-7.93610112737042e-07,0
0.140000000596046,0.139729514718056,-0.0842974856495857,-6.57766136669125e-07,0
0.150000005960464,0.149687796831131,-0.0903087630867958,-6.23854248260614e-07,0
0.159999996423721,0.159642830491066,-0.0963185876607895,-7.00407682074911e-07,0
0.170000001788139,0.169594541192055,-0.102326937019825,6.66015466777026e-07,0
0.180000007152557,0.179542854428291,-0.108333796262741,7.27846156678424e-07,0
0.189999997615814,0.189487725496292,-0.114339120686054,-7.13611143510207e-07,0
0.200000002980232,0.19942906498909,-0.120342895388603,-6.36343742144163e-07,0
0.209999993443489,0.20936681330204,-0.126345083117485,6.64547371798108e-07,0
0.219999998807907,0.219300895929337,-0.132345661520958,6.73797444505908e-07,0
0.230000004172325,0.229231223464012,-0.138344570994377,6.31129182693257e-07,0
0.239999994635582,0.2391577064991,-0.144341811537743,7.45833403925644e-07,0
0.25,0.249080285429955,-0.15033732354641,7.77951925101661e-07,0
0.259999990463257,0.258998841047287,-0.156331062316895,7.86772318406292e-07,0
0.270000010728836,0.268913269042969,-0.162323012948036,7.95540245235316e-07,0
0.280000001192093,0.278823524713516,-0.168313100934029,8.44040982883598e-07,0
0.28999999165535,0.288729429244995,-0.174301311373711,8.27891767585243e-07,0
0.300000011920929,0.298630893230438,-0.180287569761276,9.68301606008026e-07,0
0.310000002384186,0.308527827262878,-0.186271831393242,9.03421096154489e-07,0
0.319999992847443,0.318420082330704,-0.192254066467285,1.02157218861976e-06,0
0.330000013113022,0.328307509422302,-0.198234170675278,1.02688488823333e-06,0
0.340000003576279,0.338189989328384,-0.204212129116058,1.12667672169664e-06,0
0.349999994039536,0.348067373037338,-0.21018785238266,1.41959219490673e-06,0
0.360000014305115,0.357939511537552,-0.216161265969276,1.52316431467625e-06,0
0.370000004768372,0.367806196212769,-0.222132310271263,1.77648431076705e-06,0
0.379999995231628,0.377667278051376,-0.228100910782814,1.94256818986105e-06,0
0.389999985694885,0.387522548437119,-0.234066963195801,2.21939714606378e-06,0
0.400000005960464,0.397371798753738,-0.240030393004417,2.44549815420214e-06,0
0.409999996423721,0.407214850187302,-0.245991080999374,2.72302796133772e-06,0
0.419999986886978,0.417051434516907,-0.251948952674866,3.0481984083508e-06,0
0.430000007152557,0.426881283521652,-0.257903873920441,3.43295707239122e-06,0
0.439999997615814,0.436704188585281,-0.263855755329132,3.75103570604551e-06,0
0.449999988079071,0.446519792079926,-0.269804418087006,4.19922875494194e-06,0
0.46000000834465,0.456327825784683,-0.275749772787094,4.65103150304458e-06,0
0.469999998807907,0.466127961874008,-0.281691640615463,5.10220584715171e-06,0
0.479999989271164,0.475919812917709,-0.287629842758179,5.72934578713102e-06,0
0.490000009536743,0.485702961683273,-0.293564230203629,6.22167502228876e-06,0
0.5,0.495477050542831,-0.299494564533234,7.00309755075068e-06,0
0.509999990463257,0.505241572856903,-0.305420696735382,7.58308161152854e-06,0
0.519999980926514,0.51499605178833,-0.31134232878685,8.34771120139521e-06,0
0.529999971389771,0.524739921092987,-0.317259281873703,9.19872417171064e-06,0
0.540000021457672,0.534472584724426,-0.323171198368073,1.00452718641009e-05,0
0.550000011920929,0.5441934466362,-0.329077839851379,1.1033267384164e-05,0
0.560000002384186,0.553901731967926,-0.334978818893433,1.20655324735708e-05,0
0.569999992847443,0.563596665859222,-0.340873807668686,1.32031264854504e-05,0
0.579999983310699,0.573277473449707,-0.346762388944626,1.4490291846414e-05,0
0.589999973773956,0.582943081855774,-0.352644115686417,1.56938697841724e-05,0
0.600000023841858,0.592592597007751,-0.358518481254578,1.7204780931479e-05,0
0.610000014305115,0.602224826812744,-0.364384919404984,1.86371661357043e-05,0
0.620000004768372,0.611838400363922,-0.370242834091187,2.03281771007369e-05,0
0.629999995231628,0.621432065963745,-0.376091539859772,2.20784384339368e-05,0
0.639999985694885,0.631004154682159,-0.381930291652679,2.40471026131672e-05,0
0.649999976158142,0.640552997589111,-0.387758195400238,2.60629642525601e-05,0
0.660000026226044,0.650076568126678,-0.393574327230453,2.82877682593607e-05,0
0.670000016689301,0.659572780132294,-0.399377584457397,3.06241481098368e-05,0
0.680000007152557,0.669039189815521,-0.405166745185852,3.31524143462048e-05,0
0.689999997615814,0.678473055362701,-0.410940498113632,3.58365617216805e-05,0
0.699999988079071,0.687871336936951,-0.416697293519974,3.86882298357705e-05,0
0.709999978542328,0.697230577468872,-0.422435343265533,4.17456769810087e-05,0
0.720000028610229,0.7065469622612,-0.428152769804001,4.50483677809643e-05,0
0.730000019073486,0.715816080570221,-0.433847278356552,4.85312799014537e-05,0
0.740000009536743,0.725033044815063,-0.439516365528107,5.22566496670152e-05,0
0.75,0.734192371368408,-0.44515722990036,5.62265140615636e-05,0
0.759999990463257,0.743287801742554,-0.450766623020172,6.05622559533003e-05,0
0.769999980926514,0.752312302589417,-0.456340879201889,6.52631093771561e-05,0
0.779999971389771,0.761258065700531,-0.461875915527344,7.04451200022049e-05,0
0.790000021457672,0.770116150379181,-0.467367082834244,7.61695603159751e-05,0
0.800000011920929,0.778876781463623,-0.472809195518494,8.26712033585864e-05,0
0.810000002384186,0.787528991699219,-0.47819647192955,9.01147662943913e-05,0
0.819999992847443,0.796060681343079,-0.4835225045681,9.85931347372571e-05,0
0.829999983310699,0.804458677768707,-0.48878026008606,0.00010851044470428,0
0.839999973773956,0.812708556652069,-0.493962019681931,0.000120005044152549,0
0.850000023841858,0.820795059204102,-0.499059647321701,0.000133087545407307,0
0.860000014305115,0.828702032566071,-0.504064440727234,0.000147757347406241,0
0.870000004768372,0.836412847042084,-0.508967399597168,0.000163624806646112,0
0.879999995231628,0.843910694122314,-0.51375949382782,0.000180124240159785,0
0.889999985694885,0.851179182529449,-0.518431842327118,0.000196273401229519,0
0.899999976158142,0.858202695846558,-0.522975981235504,0.000210747515382081,0
0.910000026226044,0.864967167377472,-0.527384400367737,0.000222167325944156,0
0.920000016689301,0.871460497379303,-0.53165066242218,0.000229197135809045,0
0.930000007152557,0.877673208713531,-0.535769701004028,0.000231278421608749,0
0.939999997615814,0.883598744869232,-0.53973799943924,0.000235853591391333,4
0.949999988079071,0.889233887195587,-0.5435551404953,0.000217430970906207,8
0.959999978542328,0.894578039646149,-0.54721999168396,0.000206987860508434,10
0.970000028610229,0.89963436126709,-0.550734281539917,0.000191025125047872,12
0.980000019073486,0.90440845489502,-0.554103493690491,0.000146503523694719,12
0.990000009536743,0.908908188343048,-0.557331264019012,0.000117169865063715,14
1.0,0.913143754005432,-0.560423851013184,0.000203035266167717,16
1.00999999046326,0.917126893997192,-0.56340092420578,2.09649950306812e-05,16
1.01999998092651,0.921516120433807,-0.56673389673233,1.4081130075283e-06,18
1.02999997138977,0.924992501735687,-0.569445908069611,4.90679251470283e-05,18
1.03999996185303,0.928256928920746,-0.572057068347931,-3.40266972216341e-05,20
1.04999995231628,0.931322872638702,-0.574572801589966,-7.89023450806781e-05,20
1.05999994277954,0.934203565120697,-0.577002167701721,-7.4879670989958e-05,20
1.07000005245209,0.936911106109619,-0.579352080821991,-9.29593081764324e-05,21
1.08000004291534,0.939457476139069,-0.581630051136017,-0.00010854096234425,22
1.0900000333786,0.941854000091553,-0.583843171596527,-0.000122992335775507,23
1.10000002384186,0.944111227989197,-0.585997939109802,-0.000140630442615475,23
1.11000001430511,0.946238994598389,-0.588100969791412,-0.000247043844183281,23
1.12000000476837,0.948246359825134,-0.590163350105286,-1.7851884990705e-05,24
1.12999999523163,0.950149774551392,-0.59216845035553,2.09505562338563e-05,25
1.13999998569489,0.951953411102295,-0.594163477420807,-0.000170089477819602,25
1.14999997615814,0.953648090362549,-0.596109330654144,-0.000167185028999484,25
1.1599999666214,0.955253064632416,-0.598026931285858,-0.000187304645805852,30
1.16999995708466,0.956774711608887,-0.599921047687531,-0.000177151909667828,33
1.17999994754791,0.958218574523926,-0.601794540882111,-0.000187810725719828,35
1.19000005722046,0.959590077400208,-0.603651285171509,-0.000175350031781818,36
1.20000004768372,0.960894048213959,-0.605494379997253,-0.000187663690212503,38
1.21000003814697,0.962135016918182,-0.607326209545135,-0.000192100280344221,39
1.22000002861023,0.963317096233368,-0.609150230884552,-0.000174707730593582,41
1.23000001907349,0.964443981647491,-0.610968351364136,-0.000182209466686345,42
1.24000000953674,0.965519368648529,-0.612782657146454,-0.000318842140586639,42
1.25,0.966546475887299,-0.614596307277679,0.000475486974949035,44
1.25999999046326,0.967568039894104,-0.616485178470612,-0.000175903768365515,45
1.26999998092651,0.968505680561066,-0.618301212787628,-0.000170846966739191,46
1.27999997138977,0.969403386116028,-0.620121240615845,-0.000176043841747742,48
1.28999996185303,0.970263600349426,-0.621946573257446,-2.30724361927059e-06,51
1.29999995231628,0.971089482307434,-0.623781979084015,-0.000168294648858591,54
1.30999994277954,0.971881210803986,-0.625622987747192,-1.45401116924404e-06,56
1.32000005245209,0.97264152765274,-0.627474308013916,8.04426059630714e-06,59
1.33000004291534,0.973374009132385,-0.629339158535004,7.00695318300859e-06,60
1.3400000333786,0.974077999591827,-0.631214916706085,-1.11065736518867e-06,61
1.35000002384186,0.974754452705383,-0.633100628852844,-1.28336114357808e-06,61
1.36000001430511,0.975406050682068,-0.635000765323639,1.9415195424699e-06,65
1.37000000476837,0.976033926010132,-0.636914789676666,6.36613765436778e-05,68
1.37999999523163,0.976765751838684,-0.639258503913879,-0.000155744815060643,70
1.38999998569489,0.977345764636993,-0.641208171844482,-0.000161207652524809,72
1.39999997615814,0.977905809879303,-0.643175303936005,-3.18828138574645e-05,76
1.4099999666214,0.978447079658508,-0.645162045955658,-0.000621841334123019,78
1.41999995708466,0.978970348834991,-0.647161364555359,8.41851717154896e-05,83
1.42999994754791,0.979476571083069,-0.649191200733185,4.87735530896316e-06,83
1.43062496185303,0.979481399059296,-0.649210631847382,5.95093058564089e-06,83
1.43156254291534,0.97949081659317,-0.649249136447906,3.25904859437287e-05,83
1.43296873569489,0.979505360126495,-0.649310529232025,8.49084252081411e-05,83
1.43507814407349,0.979521572589874,-0.649383187294006,-2.35250018931765e-06,83
1.43824219703674,0.97953188419342,-0.649437427520752,-2.5111972945524e-06,84
1.44298827648163,0.979536354541779,-0.649475574493408,-1.34285704689319e-06,84
1.4501074552536,0.979536116123199,-0.649505615234375,-2.15075601772696e-06,84
1.46010744571686,0.979530036449432,-0.649527430534363,-2.24588484343258e-06,84
1.47010743618011,0.979519784450531,-0.649535119533539,-2.43102635977266e-06,84
1.48010742664337,0.979506134986877,-0.649531841278076,-2.68875800202295e-06,84
1.49010741710663,0.979489505290985,-0.649518966674805,-2.9587666858788e-06,84
1.50010740756989,0.979470133781433,-0.649497449398041,-3.50480166844136e-06,84
1.51010739803314,0.979448199272156,-0.649468004703522,-4.4844516082776e-06,84
1.5201073884964,0.979423940181732,-0.64943128824234,-5.89282609553266e-06,84
1.53010737895966,0.979397475719452,-0.649387776851654,-5.96614529513317e-06,84
1.54010736942291,0.979368925094604,-0.649338245391846,3.37160118988322e-05,84
1.55010747909546,0.979338526725769,-0.649286329746246,0.000317043192012534,84
1.56010746955872,0.979320168495178,-0.649323403835297,0.000204107826675681,84
1.57010746002197,0.97931957244873,-0.649370968341827,0.000102158040533595,84
1.58010745048523,0.979315221309662,-0.649402558803558,5.26472933302102e-05,84
1.59010744094849,0.979306697845459,-0.649419605731964,2.41842382138202e-05,84
1.60010743141174,0.979294240474701,-0.64942342042923,6.09497095638289e-06,84
1.610107421875,0.979278206825256,-0.64941531419754,9.27089109836743e-06,84
1.62010741233826,0.979258894920349,-0.649396061897278,2.14404250300504e-05,84
1.63010740280151,0.979236602783203,-0.649366319179535,3.5165188648989e-05,84
1.64010739326477,0.979211509227753,-0.649326145648956,5.20412581863638e-05,83
1.65010738372803,0.979183793067932,-0.649275481700897,7.39402307203818e-05,83
1.66010737419128,0.979153692722321,-0.649213552474976,0.000103595540451806,83
1.67010736465454,0.979121267795563,-0.64913934469223,0.000144800080988716,83
1.68010747432709,0.979086697101593,-0.649051249027252,7.5880147846874e-05,83
1.69010746479034,0.97905021905899,-0.648944914340973,0.000105230783390198,83
1.7001074552536,0.979012012481689,-0.648819804191589,0.000156002895096208,84
1.71010744571686,0.978972554206848,-0.648670077323914,9.62218454674257e-05,84
1.72010743618011,0.978932678699493,-0.648487508296967,0.000136277343301572,84
1.73010742664337,0.978893458843231,-0.648269176483154,0.000176150306117506,84
1.74010741710663,0.978856801986694,-0.648010313510895,0.000184686956515634,84
1.75010740756989,0.978825032711029,-0.64771556854248,0.000146900181050569,84
1.76010739803314,0.978799641132355,-0.647398948669434,8.91690766593456e-05,84
1.7701073884964,0.978780686855316,-0.647076725959778,0.000202822924848078,84
1.78010737895966,0.978767037391663,-0.646760284900665,0.000112360614821228,84
1.79010736942291,0.978757977485657,-0.646454155445099,5.32745424379755e-05,84
1.80010747909546,0.978752195835114,-0.64616060256958,0.000328785617057292,84
1.81010746955872,0.978748798370361,-0.645879685878754,0.000200817245399776,84
1.82010746002197,0.978747725486755,-0.645611703395844,9.64869219046705e-05,84
1.83010745048523,0.978748440742493,-0.64535653591156,-3.49514862705291e-05,84
1.84010744094849,0.978750586509705,-0.645114958286285,-0.00010255590621,84
1.85010743141174,0.978754222393036,-0.644888579845428,-0.000256269789019825,84
1.860107421875,0.978759348392487,-0.644680440425873,-0.000551740375385634,84
1.87010741233826,0.978766143321991,-0.644495904445648,0.000318639919782981,84
1.88010740280151,0.978775918483734,-0.644350588321686,-0.000143772200829062,83
1.89010739326477,0.978787660598755,-0.644252240657806,-0.000164394644343702,83
1.90010738372803,0.978803038597107,-0.644233465194702,0.0001510589947884,83
1.91010737419128,0.978820204734802,-0.644301295280457,0.000186912928597849,83
1.92010736465454,0.978837490081787,-0.644428849220276,-7.72525898469212e-05,83
1.93010747432709,0.978855073451996,-0.644601821899414,0.000275475142359483,83
1.94010746479034,0.978873014450073,-0.644809126853943,0.000191008551951199,83
1.9501074552536,0.978890776634216,-0.645036041736603,0.000118734260638576,83
1.96010744571686,0.978908538818359,-0.645277142524719,6.73382696732006e-05,82
1.97010743618011,0.978926420211792,-0.645528018474579,3.59267724547863e-05,82
1.98010742664337,0.978944420814514,-0.645785987377167,-4.7453311708523e-05,82
1.99010741710663,0.978962779045105,-0.646049022674561,-8.29156105055517e-05,82
2.00010752677917,0.978981554508209,-0.64631575345993,-0.000126825763629768,82
2.01010751724243,0.979000926017761,-0.646584808826447,-0.000181196219671165,82
2.02010750770569,0.979020953178406,-0.646854996681213,-0.000248348413549593,82
2.03010749816895,0.979041874408722,-0.647124946117401,-0.000330172260078143,82
2.0401074886322,0.979063808917999,-0.647392988204956,-0.00042750764231414,82
2.05010747909546,0.979086816310883,-0.647657155990601,-0.000538870361083355,82
2.06010746955872,0.979111015796661,-0.647915065288544,-0.000181355409893058,82
2.07010746002197,0.979135990142822,-0.648165225982666,-7.98543527480433e-05,82
2.08010745048523,0.979162275791168,-0.648402750492096,-0.000124016380084413,82
2.09010744094849,0.979189932346344,-0.648623883724213,-8.22507289512941e-05,83
2.10010743141174,0.979218900203705,-0.648825228214264,-7.53090056946348e-05,83
2.110107421875,0.979250311851501,-0.648992538452148,-0.00571209403472039,84
2.12010741233826,0.979228794574738,-0.648423612117767,0.000196947309689222,84
2.13010740280151,0.979214787483215,-0.648192167282104,0.000109883644825004,83
2.14010739326477,0.979193150997162,-0.64796108007431,8.88362908995077e-05,83
2.15010738372803,0.979170083999634,-0.647715926170349,0.000419583208838503,83
2.16010737419128,0.979146063327789,-0.647458434104919,0.000388757901760073,83
2.17010736465454,0.979121923446655,-0.647189378738403,0.000350121430074068,83
2.1801073551178,0.9790980219841,-0.646911680698395,0.000310865826918416,84
2.19010734558105,0.979074537754059,-0.64662766456604,0.000271972892107897,84
2.20010733604431,0.979051768779755,-0.646339416503906,0.00023470166286188,84
2.21010732650757,0.979029715061188,-0.646048724651337,0.000200426879132465,85
2.22010731697083,0.979008495807648,-0.645756900310516,0.00016965271368008,85
2.23010730743408,0.978987991809845,-0.645464956760406,0.000142800142100441,85
2.24010753631592,0.978968143463135,-0.645173668861389,0.000119772903531157,85
2.25010752677917,0.978948891162872,-0.644883513450623,0.0001002901150855,85
2.26010751724243,0.978930175304413,-0.644594728946686,8.37681382677147e-05,85
2.27010750770569,0.978911876678467,-0.644307732582092,6.99993689181611e-05,85
2.28010749816895,0.978893935680389,-0.644022524356842,5.84476652534249e-05,85
2.2901074886322,0.978876233100891,-0.643739342689514,4.86731933619922e-05,85
2.30010747909546,0.978858709335327,-0.643458306789398,4.04308602242054e-05,85
2.31010746955872,0.978841364383698,-0.643179476261139,3.35425746129658e-05,85
2.32010746002197,0.978824079036713,-0.642903029918671,2.75534727052218e-05,85
2.33010745048523,0.978806853294373,-0.642629146575928,2.24511557007645e-05,85
2.34010744094849,0.978789687156677,-0.642358124256134,1.80566835297213e-05,85
2.35010743141174,0.978772461414337,-0.642090082168579,1.41532854627258e-05,85
2.360107421875,0.978755176067352,-0.641825556755066,1.05438297168803e-05,85
2.37010741233826,0.978737890720367,-0.641564846038818,7.23944685887545e-06,85
2.38010740280151,0.978720545768738,-0.641308605670929,4.32043123055337e-06,85
2.39010739326477,0.978703141212463,-0.641057550907135,-3.20604209491648e-06,85
2.40010738372803,0.978685736656189,-0.640812516212463,-4.77762137052196e-06,85
2.41010737419128,0.978668451309204,-0.64057445526123,-6.22766026481258e-06,85
2.42010736465454,0.978651225566864,-0.640344440937042,-7.34161102400321e-06,85
2.4301073551178,0.978634238243103,-0.640123546123505,-8.21224841729418e-06,85
2.44010734558105,0.978617489337921,-0.639912664890289,-9.05012109342351e-06,85
2.45010733604431,0.978601157665253,-0.639712572097778,-9.40079200972832e-06,85
2.46010732650757,0.978585302829742,-0.639523446559906,-9.40627973022856e-06,85
2.47010731697083,0.978569865226746,-0.639345169067383,-9.35409389057895e-06,85
2.48010730743408,0.978554785251617,-0.639177262783051,-9.65966899002524e-06,85
2.49010753631592,0.978539943695068,-0.639019250869751,-1.07348286064735e-05,85
2.50010752677917,0.978525221347809,-0.638870656490326,-1.37804012183551e-05,85
2.51010751724243,0.97851037979126,-0.63873153924942,-1.84506692448849e-05,85
2.52010750770569,0.978495359420776,-0.638602793216705,-2.46948868038999e-05,85
2.53010749816895,0.978479981422424,-0.638486087322235,-3.28009752479375e-05,85
2.5401074886322,0.978464245796204,-0.638384103775024,-4.09806491461495e-05,85
2.55010747909546,0.978448331356049,-0.638300180435181,-4.70298872414787e-05,85
2.56010746955872,0.978432297706604,-0.638237655162811,-4.74127774623412e-05,85
2.57010746002197,0.978416562080383,-0.63819831609726,-4.14972254816348e-05,85
2.58010745048523,0.978401243686676,-0.638181984424591,-3.19028155217893e-05,85
2.59010744094849,0.978386461734772,-0.638186395168304,-2.17068055121672e-05,85
2.60010743141174,0.978372275829315,-0.638208031654358,-1.32379808519545e-05,85
2.610107421875,0.978358626365662,-0.638243138790131,-1.04646408658482e-05,85
2.62010741233826,0.978345453739166,-0.63828831911087,-2.11787886428283e-06,86
2.63010740280151,0.97833263874054,-0.638340592384338,2.4925196271397e-06,86
2.64010739326477,0.978320121765137,-0.638397395610809,5.48534347899476e-06,86
2.65010738372803,0.978307843208313,-0.638456702232361,8.35323857018011e-06,86
2.66010737419128,0.978295803070068,-0.638516664505005,1.14516311668922e-05,86
2.67010736465454,0.978284060955048,-0.638575732707977,1.50321081378024e-05,86
2.6801073551178,0.978272616863251,-0.638632476329803,1.94386964267323e-05,86
2.69010734558105,0.978261590003967,-0.638685524463654,2.53071691531659e-05,86
2.70010733604431,0.978251099586487,-0.638733685016632,3.33037114614854e-05,86
2.71010732650757,0.978241264820099,-0.638775587081909,4.45431682578601e-05,86
2.72010731697083,0.978232324123383,-0.638809978961945,6.05058519340673e-05,86
2.73010730743408,0.978224575519562,-0.638835370540619,8.51062724791518e-05,86
2.74010753631592,0.978218138217926,-0.638849914073944,0.000131285455495345,86
2.75010752677917,0.978213250637054,-0.638850033283234,0.000316248790511509,86
2.76010751724243,0.978209614753723,-0.638818562030792,-0.00160300393156376,87
2.77010750770569,0.978215754032135,-0.639033913612366,-6.18898759512376e-05,87
2.78010749816895,0.97822368144989,-0.639279246330261,5.33660016799331e-06,87
2.7901074886322,0.978232383728027,-0.639525532722473,-2.02127091597504e-06,87
2.80010747909546,0.978241920471191,-0.6397745013237,-2.84761415514367e-06,87
2.81010746955872,0.978252351284027,-0.640025794506073,-4.48504175665221e-06,87
2.82010746002197,0.97826361656189,-0.640279054641724,-6.35776729041027e-06,87
2.83010745048523,0.978275537490845,-0.640533566474915,-8.66839599211744e-06,87
2.84010744094849,0.978288173675537,-0.640788733959198,-1.12133378138424e-05,87
2.85010743141174,0.978301227092743,-0.641043722629547,-1.39215114245417e-05,87
2.860107421875,0.978314638137817,-0.641297936439514,-1.67094540870494e-05,87
2.87010741233826,0.978328227996826,-0.641550600528717,-1.97063476434778e-05,87
2.88010740280151,0.978341817855835,-0.641801059246063,-2.28470331080644e-05,87
2.89010739326477,0.978355288505554,-0.642049014568329,-2.61620676837993e-05,87
2.90010738372803,0.978368401527405,-0.642293989658356,-2.95967067245329e-05,87
2.91010737419128,0.978381037712097,-0.642535984516144,-3.31377585212067e-05,87
2.92010736465454,0.978393197059631,-0.642774939537048,-3.69979236438667e-05,87
2.9301073551178,0.978404760360718,-0.643010973930359,-4.11051154856068e-05,87
2.94010734558105,0.978415727615356,-0.643244326114655,-4.57987904951551e-05,87
2.95010733604431,0.978425979614258,-0.643475353717804,-5.10943879135084e-05,87
2.96010732650757,0.978435575962067,-0.643704354763031,-5.7639073872906e-05,87
2.97010731697083,0.978444457054138,-0.643931806087494,-6.56098891909096e-05,87
2.98010730743408,0.978452742099762,-0.644158184528351,-7.59778143901713e-05,87
2.99010753631592,0.978460371494293,-0.644383907318115,-8.96030258559222e-05,87
3.00010752677917,0.978467464447021,-0.644609391689301,-0.00010876821642114,87
3.01010751724243,0.978473961353302,-0.644835293292999,-0.000136233468822411,87
3.02010750770569,0.978479981422424,-0.645062029361725,-0.000178157720768013,87
3.03010749816895,0.978485584259033,-0.645290315151215,-0.000245318927568405,87
3.0401074886322,0.978490829467773,-0.645520925521851,-0.000361327544794676,88
3.05010747909546,0.978495895862579,-0.645754992961884,-0.000580735970970636,88
3.06010746955872,0.978500962257385,-0.645994544029236,-0.000198316435273682,88
3.07010746002197,0.978505611419678,-0.646242320537567,-0.00020188827511447,88
3.08010745048523,0.978511989116669,-0.64651083946228,-0.000149027918098454,88
3.09010744094849,0.978526711463928,-0.646848559379578,-0.000137882514081866,87
3.10010743141174,0.978602290153503,-0.647257804870605,-0.000105867590434627,87
3.110107421875,0.978698909282684,-0.647566974163055,-2.93422618256045e-05,87
3.12010741233826,0.978793501853943,-0.647854089736938,-7.89936223100085e-06,87
3.13010740280151,0.978885650634766,-0.648130714893341,-2.91878382085997e-06,87
3.14010739326477,0.978975296020508,-0.64840030670166,-1.40310686447265e-06,87
3.15010738372803,0.97906231880188,-0.648663938045502,-8.95378491350129e-07,87
3.16010737419128,0.979146897792816,-0.6489217877388,-6.54270706945681e-07,88
3.17010736465454,0.979228854179382,-0.649173974990845,-4.78731180919567e-07,88
3.1801073551178,0.979308307170868,-0.649420440196991,-4.3725430032282e-07,88
3.19010734558105,0.979385197162628,-0.64966094493866,-3.63233709776978e-07,88
3.20010733604431,0.979459464550018,-0.649895429611206,-3.11583448819874e-07,88
3.21010732650757,0.979531168937683,-0.650123655796051,-3.72973090634332e-07,88
3.22010731697083,0.979600131511688,-0.650345325469971,-3.54769326804671e-07,88
3.23010730743408,0.979666471481323,-0.650560081005096,3.63479557563551e-07,88
3.24010753631592,0.979730069637299,-0.650767683982849,2.93460061584483e-07,88
3.25010752677917,0.979790806770325,-0.650967717170715,3.24109123539529e-07,88
3.26010751724243,0.979848742485046,-0.651159763336182,-3.28693317896978e-07,88
3.27010750770569,0.979903757572174,-0.651343405246735,-3.7471113500942e-07,88
3.28010749816895,0.979955732822418,-0.651518106460571,-3.4744385857266e-07,88
3.2901074886322,0.980004668235779,-0.651683449745178,-5.37132052613742e-07,87
3.30010747909546,0.980050384998322,-0.651838898658752,-3.83204906029277e-07,87
3.31010746955872,0.980092883110046,-0.651983857154846,3.72582690033596e-07,87
3.32010746002197,0.980132043361664,-0.652117848396301,-3.58119393695233e-07,88
3.33010745048523,0.98016768693924,-0.65224027633667,-3.78409367840504e-07,88
3.34010744094849,0.980199813842773,-0.652350723743439,-4.03592423481314e-07,88
3.35010743141174,0.980228304862976,-0.652448534965515,-4.3869584942513e-07,88
3.360107421875,0.980253100395203,-0.652533352375031,-5.38734695965104e-07,88
3.37010741233826,0.980274140834808,-0.652604818344116,-7.05650109011913e-07,88
3.38010740280151,0.980291306972504,-0.652662515640259,-9.13695259896485e-07,88
3.39010739326477,0.980304598808289,-0.652706503868103,-1.47161972563481e-06,88
3.40010738372803,0.980314314365387,-0.652737319469452,-0.000398346256190507,88
3.41010737419128,0.980321645736694,-0.652760446071625,-3.01680756820133e-07,87
3.42010736465454,0.980308651924133,-0.65269809961319,0.000114507415787557,88
3.4301073551178,0.980313181877136,-0.652715563774109,-0.000134649870915382,88
3.44010734558105,0.980306923389435,-0.652688086032867,-0.000184688036881653,88
3.45010733604431,0.980296015739441,-0.652643501758575,-0.000223238485489219,88
3.46010732650757,0.980280995368958,-0.652583658695221,7.58935755129642e-07,88
3.47010731697083,0.980261921882629,-0.652509450912476,6.57073087495519e-07,88
3.48010730743408,0.980238974094391,-0.652421295642853,6.00760927227384e-07,88
3.49010753631592,0.980212271213531,-0.652319669723511,5.7881646853275e-07,88
3.50010752677917,0.980181872844696,-0.652205109596252,5.55122653622675e-07,87
3.51010751724243,0.980147898197174,-0.652078151702881,6.56227371109708e-07,87
3.52010750770569,0.98011040687561,-0.651939272880554,8.15344094462489e-07,87
3.53010749816895,0.980069518089294,-0.651789009571075,1.60133748750013e-06,88
3.5401074886322,0.980025351047516,-0.651627719402313,5.21431599054267e-06,88
3.55010747909546,0.979978024959564,-0.651455760002136,4.70016417466468e-05,88
3.56010746955872,0.979927659034729,-0.651272237300873,-0.000873652948882864,88
3.57010746002197,0.979883551597595,-0.651064395904541,1.7348838809994e-06,88
3.58010745048523,0.979877710342407,-0.651015937328339,1.28627436879469e-06,88
3.59010744094849,0.979871511459351,-0.650969743728638,6.35661024261935e-07,88
3.60010743141174,0.979864001274109,-0.65092259645462,3.3413158462281e-07,88
3.610107421875,0.979854822158813,-0.650873303413391,-3.22753294312861e-07,88
3.62010741233826,0.979843735694885,-0.650821030139923,3.27492216456449e-07,88
3.63010740280151,0.979830682277679,-0.650765120983124,-3.43642739153438e-07,88
3.64010739326477,0.979815423488617,-0.650704860687256,-4.30607258294913e-07,89
3.65010738372803,0.979797899723053,-0.650639533996582,-4.72337887913454e-07,89
3.66010737419128,0.979777812957764,-0.650568425655365,-5.08105131302727e-07,89
3.67010736465454,0.979755103588104,-0.650490760803223,-5.43734927305195e-07,89
3.6801073551178,0.979729473590851,-0.650405764579773,-5.86337364438805e-07,89
3.69010734558105,0.979700803756714,-0.650312483310699,-7.34153218218125e-07,89
3.70010733604431,0.979668796062469,-0.65021014213562,-8.72229463766416e-07,89
3.71010732650757,0.979633212089539,-0.650097727775574,-9.11769859612832e-07,89
3.72010731697083,0.979593873023987,-0.649974226951599,-9.1535861201919e-07,89
3.73010730743408,0.979550421237946,-0.64983868598938,-1.12469422219874e-06,89
3.74010753631592,0.97950267791748,-0.649690091609955,-1.33740496721657e-06,89
3.75010752677917,0.979450404644012,-0.649527490139008,-1.55068977392148e-06,89
3.76010751724243,0.979393482208252,-0.649350166320801,-1.67532812156423e-06,89
3.77010750770569,0.979331731796265,-0.649157762527466,-2.01338878014212e-06,89
3.78010749816895,0.979265332221985,-0.648950099945068,-2.20308737652886e-06,89
3.7901074886322,0.979194402694702,-0.648727893829346,-2.38873394664552e-06,89
3.80010747909546,0.979119420051575,-0.648492157459259,-2.65940991539537e-06,88
3.81010746955872,0.979040861129761,-0.648244500160217,-2.95241738967889e-06,89
3.82010746002197,0.978959381580353,-0.647986948490143,-3.35375352733536e-06,89
3.83010745048523,0.978875637054443,-0.647721648216248,-4.24001660803697e-06,89
3.84010744094849,0.978790163993835,-0.647450387477875,-6.35349584854339e-06,89
3.85010743141174,0.978703498840332,-0.647174775600433,-1.20401851404495e-05,89
3.860107421875,0.978615999221802,-0.64689576625824,-3.07927587073209e-05,88
3.87010741233826,0.978528022766113,-0.646613240242004,0.000114850168984049,88
3.88010740280151,0.978439807891846,-0.646322906017303,3.98307597038183e-05,88
3.88260746002197,0.978417932987213,-0.646239221096039,3.19897422969007e-05,88
3.88510751724243,0.978396356105804,-0.646148324012756,4.37330913314327e-05,88
3.88760733604431,0.978377044200897,-0.646032154560089,5.33715606252372e-05,88
3.88948249816895,0.978367745876312,-0.645924627780914,3.61195322398089e-05,88
3.89088869094849,0.978364109992981,-0.64584743976593,2.84546118223261e-05,88
3.89194345474243,0.978362321853638,-0.645795047283173,2.51015987373648e-05,88
3.8929979801178,0.978360891342163,-0.645746469497681,2.55891703773159e-05,88
3.89405274391174,0.978359758853912,-0.645700931549072,3.06965962977301e-05,88
3.89510750770569,0.978358745574951,-0.64565771818161,4.33745603913849e-05,88
3.89616203308105,0.978357911109924,-0.645616292953491,3.16936083777364e-05,88
3.897216796875,0.978357195854187,-0.645576417446136,2.28846025720486e-05,88
3.89827156066895,0.978356599807739,-0.645537793636322,4.43337029309987e-05,88
3.89932608604431,0.978355884552002,-0.645500063896179,3.54683327259409e-05,88
3.90038084983826,0.978355348110199,-0.645463347434998,2.81689800658569e-05,88
3.9014356136322,0.978354871273041,-0.645427286624908,2.23943883383981e-05,88
3.90249013900757,0.978354394435883,-0.645391881465912,6.32478289048777e-05,88
3.90354490280151,0.978353798389435,-0.645356893539429,5.53627991735084e-05,88
3.90459966659546,0.978353381156921,-0.645322561264038,6.69888441393596e-05,88
3.9061815738678,0.978352665901184,-0.6452716588974,7.39379107699278e-05,88
3.90855479240417,0.978351712226868,-0.645196735858917,7.14105625547745e-05,88
3.91211414337158,0.978350400924683,-0.645086884498596,5.81019070295952e-05,88
3.91745352745056,0.97834849357605,-0.644926011562347,0.000430348318673168,88
3.92546272277832,0.978345453739166,-0.644690573215485,0.000330092161561879,88
3.93546271324158,0.978342115879059,-0.644404590129852,0.000210352377280287,88
3.94546270370483,0.978338658809662,-0.644124448299408,0.00014109901081838,88
3.95546269416809,0.978335082530975,-0.643848419189453,9.83227054689451e-05,88
3.96546268463135,0.97833126783371,-0.643575608730316,7.05881170119937e-05,88
3.9754626750946,0.978327333927155,-0.643305540084839,5.16958060075012e-05,88
3.98546266555786,0.97832316160202,-0.643037915229797,3.84879646730951e-05,88
3.99546265602112,0.978318870067596,-0.642772495746613,2.90126038748895e-05,88
4.00546264648438,0.978314340114594,-0.64250910282135,2.18478031683844e-05,88
4.01546287536621,0.978309631347656,-0.642247676849365,1.64563186899613e-05,88
4.02546262741089,0.978304743766785,-0.641988098621368,1.26874578540992e-05,88
4.03546285629272,0.978299677371979,-0.64173036813736,9.88078221553224e-06,88
4.0454626083374,0.978294432163239,-0.641474366188049,7.58734370265302e-06,88
4.05546283721924,0.978288948535919,-0.641220152378082,5.72138202414862e-06,88
4.06546258926392,0.97828334569931,-0.640967726707458,4.26659420327269e-06,88
4.07546281814575,0.978277564048767,-0.640717029571533,2.97906672130921e-06,88
4.08546257019043,0.97827160358429,-0.640468060970306,-2.16846120792979e-06,88
4.09546279907227,0.978265523910522,-0.640220880508423,-3.00892617133286e-06,88
4.10546255111694,0.978259265422821,-0.639975547790527,-3.83044641694141e-06,88
4.11546277999878,0.978252947330475,-0.639732003211975,-4.47600359620992e-06,88
4.12546253204346,0.978246510028839,-0.639490306377411,-5.05487400914717e-06,88
4.13546276092529,0.978240013122559,-0.639250516891479,-5.68535648426405e-06,88
4.14546251296997,0.978233456611633,-0.63901275396347,-6.27116185114573e-06,88
4.15546274185181,0.978226840496063,-0.638777017593384,-6.68741205345214e-06,88
4.16546249389648,0.978220283985138,-0.638543367385864,-7.31104830720142e-06,88
4.17546272277832,0.978213727474213,-0.638311982154846,-7.80097053620921e-06,88
4.185462474823,0.978207290172577,-0.638082921504974,-8.28633665150846e-06,88
4.19546270370483,0.978200972080231,-0.637856245040894,-8.79365364880869e-06,88
4.20546245574951,0.978194773197174,-0.637632191181183,-9.44404644087626e-06,88
4.21546268463135,0.978188812732697,-0.637410759925842,-1.00997997378727e-05,88
4.22546243667603,0.978183031082153,-0.637192189693451,-1.0639286699643e-05,88
4.23546266555786,0.978177547454834,-0.636976599693298,-1.12656218789198e-05,88
4.24546241760254,0.978172361850739,-0.636764168739319,-1.20303623702966e-05,88
4.25546264648438,0.978167533874512,-0.636555075645447,-1.25886320461177e-05,88
4.26546287536621,0.978163063526154,-0.636349439620972,-1.35251844994855e-05,88
4.27546262741089,0.978159010410309,-0.636147379875183,-1.40385234885798e-05,88
4.28546285629272,0.978155314922333,-0.63594913482666,-1.47679892279484e-05,88
4.2954626083374,0.978152096271515,-0.635754823684692,-1.54218338934697e-05,87
4.30546283721924,0.978149354457855,-0.63556444644928,-1.61727438126036e-05,87
4.31546258926392,0.978146970272064,-0.635378181934357,-1.6983011278171e-05,87
4.32546281814575,0.978145003318787,-0.635196030139923,-1.73464396198142e-05,87
4.33546257019043,0.978143393993378,-0.635017931461334,-1.7647751064942e-05,87
4.34546279907227,0.978142082691193,-0.63484388589859,-1.78861541826336e-05,87
4.35546255111694,0.978141129016876,-0.634673714637756,-1.80242483907023e-05,87
4.36546277999878,0.978140354156494,-0.634507358074188,-1.81895700279711e-05,87
4.37546253204346,0.978139698505402,-0.634344518184662,-1.80253784378692e-05,87
4.38546276092529,0.978139162063599,-0.634185016155243,-1.7832582614119e-05,87
4.39546251296997,0.97813868522644,-0.634028494358063,-1.75926386987157e-05,87
4.40546274185181,0.978138089179993,-0.633874773979187,-1.72505206705864e-05,87
4.41546249389648,0.978137373924255,-0.633723437786102,-1.67423679044987e-05,87
4.42546272277832,0.978136479854584,-0.633574187755585,-1.63045888825764e-05,87
4.435462474823,0.978135347366333,-0.6334268450737,-1.56953833538864e-05,87
4.44546270370483,0.978133976459503,-0.633281052112579,-1.54001419900851e-05,87
4.45546245574951,0.97813218832016,-0.633136630058289,-1.49331544889719e-05,87
4.46546268463135,0.978130161762238,-0.632993578910828,-1.46383009678175e-05,87
4.47546243667603,0.978127717971802,-0.632851660251617,-1.43939255394798e-05,87
4.48546266555786,0.978124976158142,-0.632711052894592,-1.4243965267724e-05,87
4.49546241760254,0.978121876716614,-0.632571816444397,-1.41989705184642e-05,87
4.50546264648438,0.978118479251862,-0.632434070110321,-1.4323060611332e-05,87
4.51546287536621,0.978114902973175,-0.632297992706299,-1.44708129710125e-05,87
4.52546262741089,0.978111088275909,-0.632164001464844,-1.47401769368116e-05,87
4.53546285629272,0.978107154369354,-0.63203227519989,-1.50190781482706e-05,87
4.5454626083374,0.97810310125351,-0.631903290748596,-1.54120542674718e-05,87
4.55546283721924,0.978099048137665,-0.631777286529541,-1.59574980216348e-05,87
4.56546258926392,0.978095054626465,-0.631654739379883,-1.68455680977786e-05,87
4.57546281814575,0.97809112071991,-0.631536066532135,-1.74757557829253e-05,87
4.58546257019043,0.978087365627289,-0.631421744823456,-1.85012335691681e-05,87
4.59546279907227,0.978083848953247,-0.631312251091003,-1.95970729350847e-05,87
4.60546255111694,0.978080570697784,-0.631208121776581,-2.07276269179602e-05,87
4.61546277999878,0.97807765007019,-0.631109893321991,-2.19539348904618e-05,87
4.62546253204346,0.97807502746582,-0.631018102169037,-2.33529235060814e-05,87
4.63546276092529,0.978072822093964,-0.630933344364166,-2.49001973315899e-05,87
4.64546251296997,0.97807103395462,-0.630856156349182,-2.62440606775272e-05,87
4.65546274185181,0.978069603443146,-0.630786955356598,-2.76672781183152e-05,87
4.66546249389648,0.978068590164185,-0.630726099014282,-2.91411315629375e-05,87
4.67546272277832,0.978067874908447,-0.630673885345459,-3.05460045524342e-05,87
4.685462474823,0.978067517280579,-0.630630373954773,-3.17745597158137e-05,87
4.69546270370483,0.978067338466644,-0.630595445632935,-3.31560318045376e-05,87
4.70546245574951,0.978067278862,-0.630568742752075,-3.43003194416269e-05,87
4.71546268463135,0.978067219257355,-0.630549490451813,-3.5026879572797e-05,87
4.72546243667603,0.978066980838776,-0.630536556243896,-3.33640567191651e-05,87
4.73546266555786,0.978066205978394,-0.630527377128601,-2.37298601746261e-05,87
4.74546241760254,0.978064060211182,-0.630514442920685,1.30598191390163e-05,87
4.75546264648438,0.978056669235229,-0.630463838577271,5.04214330590003e-05,87
4.76546287536621,0.978038549423218,-0.630321502685547,-nan(ind),-nan(ind)
#GNA2
0.0,0.0,0.0,3.3660716525219e-07,0
0.0299999993294477,0.0299883056432009,-0.0180844739079475,-3.83602628808433e-05,0
0.0599999986588955,0.0599524267017841,-0.0361580848693848,-4.35924266923848e-05,0
0.0900000035762787,0.0898912698030472,-0.0542203821241856,-4.9639706261928e-05,0
0.119999997317791,0.119803629815578,-0.0722708627581596,-5.66390050167342e-05,0
0.150000005960464,0.149688154459,-0.0903089717030525,-6.48719444455992e-05,0
0.180000007152557,0.179543301463127,-0.108334057033062,-7.47128798082031e-05,0
0.209999993443489,0.209367379546165,-0.126345425844193,-8.64281855967874e-05,0
0.239999994635582,0.239158391952515,-0.144342228770256,-0.000100424628513451,0
0.270000010728836,0.268914103507996,-0.162323519587517,-0.000117729699425695,0
0.300000011920929,0.298631906509399,-0.180288180708885,-0.000139113549352032,0
0.330000013113022,0.32830873131752,-0.198234915733337,-0.000165827268915564,0
0.360000014305115,0.357940971851349,-0.216162160038948,-0.000199683995788291,0
0.389999985694885,0.387524306774139,-0.234068021178246,-0.000243032726785941,0
0.419999986886978,0.417053550481796,-0.251950234174728,-0.000299584304627842,0
0.449999988079071,0.446522355079651,-0.269805997610092,-0.000374129115044752,0
0.479999989271164,0.475922912359238,-0.287631720304489,-0.000474004462006405,0
0.509999990463257,0.505245387554169,-0.305423021316528,-0.000609635687027321,0
0.540000021457672,0.534477293491364,-0.323174089193344,-0.000796628147043066,0
0.569999992847443,0.563602566719055,-0.340877413749695,-0.00105801051458343,0
0.600000023841858,0.592600047588348,-0.358523041009903,-0.0014285349620593,0
0.629999995231628,0.621441602706909,-0.376097410917282,-0.00195982976549658,0
0.660000026226044,0.650089025497437,-0.393581956624985,-0.0027274245649096,0
0.689999997615814,0.678489506244659,-0.410950630903244,-0.00383732365725109,0
0.720000028610229,0.706569135189056,-0.428166449069977,-0.00542237487110242,0
0.75,0.734222769737244,-0.445176035165787,-0.00760697205288352,0
0.779999971389771,0.761300146579742,-0.4619020819664,-0.0103844632523078,0
0.810000002384186,0.787587523460388,-0.478233128786087,-0.0133466583459949,0
0.839999973773956,0.812789022922516,-0.494012892246246,-0.0153420293344766,0
0.870000004768372,0.836519956588745,-0.509035885334015,-0.0146572562223923,0
0.899999976158142,0.858336925506592,-0.52306342124939,3.4624052318577e-06,0
0.930000007152557,0.877830743789673,-0.535874426364899,7.444265918366e-06,8
0.959999978542328,0.894743919372559,-0.54733419418335,0.00484594256931814,12
0.990000009536743,0.909067451953888,-0.557446539402008,0.0035878447235973,16
1.01999998092651,0.921015441417694,-0.56634795665741,0.00287628630917425,19
1.04999995231628,0.930916011333466,-0.57423460483551,0.00178838819238081,21
1.08000004291534,0.939123868942261,-0.581326723098755,0.00133688561459167,23
1.11000001430511,0.94596266746521,-0.587822437286377,-0.00196219690519683,25
1.13999998569489,0.951703310012817,-0.593880772590637,-0.00202049749958633,29
1.16999995708466,0.956562936306,-0.599651157855988,-0.00204970517438596,36
1.20000004768372,0.960713088512421,-0.605231821537018,-0.00198154581562449,40
1.23000001907349,0.964287757873535,-0.610709249973297,-0.00194209595326811,44
1.25999999046326,0.967392265796661,-0.616151034832001,-0.00188848200326674,47
1.28999996185303,0.970109283924103,-0.621610283851624,0.000108603823491649,56
1.32000005245209,0.972504556179047,-0.627131700515747,0.000453268777318883,61
1.35000002384186,0.974635243415833,-0.632758438587189,-0.000155463518638044,67
1.37999999523163,0.976544797420502,-0.638534188270569,-0.00156690656245928,75
1.4099999666214,0.978248059749603,-0.644416689872742,-0.00271248495869258,86
1.44000005722046,0.979786157608032,-0.650453209877014,-6.25029873617677e-05,90
1.47000002861023,0.981182515621185,-0.656679570674896,-4.99848050594665e-05,96
1.5,0.982459425926208,-0.663108944892883,-9.6596965875051e-05,101
1.52999997138977,0.983627140522003,-0.669731914997101,-0.0012628123737386,107
1.55999994277954,0.984698951244354,-0.676547110080719,0.0957565017013167,118
1.5900000333786,0.987315952777863,-0.697001576423645,-0.000884990131680752,124
1.62000000476837,0.988346695899963,-0.706954121589661,-3.34179187007067e-05,129
1.64999997615814,0.989084899425507,-0.714908421039581,-4.92673015060063e-05,131
1.67999994754791,0.989779353141785,-0.723109483718872,-0.00107204156830676,137
1.71000003814697,0.990431308746338,-0.731520295143127,-0.00113547502030542,139
1.74000000953674,0.99104642868042,-0.740162551403046,-0.000436229850777181,143
1.76999998092651,0.991628348827362,-0.749045789241791,0.000415640751157298,146
1.79999995231628,0.992311775684357,-0.760412454605103,-0.00104269852931793,148
1.83000004291534,0.992830097675323,-0.769800066947937,-0.0010191738915637,152
1.86000001430511,0.993323922157288,-0.779416799545288,-0.00106544123514141,152
1.88999998569489,0.993795454502106,-0.789259254932404,-0.00109075343738141,153
1.91999995708466,0.994246661663055,-0.799327075481415,-0.00114577877980082,154
1.95000004768372,0.994679152965546,-0.809618949890137,-0.00122452800445672,157
1.98000001907349,0.995094478130341,-0.820131182670593,4.91854602842068e-05,159
2.00999999046326,0.99549400806427,-0.830861210823059,-0.000105865324826482,162
2.03999996185303,0.99588018655777,-0.841842710971832,-0.00135083935526836,164
2.0699999332428,0.996251821517944,-0.85300350189209,-0.00114315905352669,163
2.09999990463257,0.996610939502716,-0.864377796649933,-0.00108607212933975,166
2.13000011444092,0.996958494186401,-0.875961184501648,-0.0010869746427602,166
2.16000008583069,0.997295379638672,-0.887751221656799,-0.00110518261067227,166
2.19000005722046,0.997622430324554,-0.899745106697083,-0.00110834568658902,167
2.22000002861023,0.997940242290497,-0.911942064762115,-0.00116159506120539,171
2.25,0.998249530792236,-0.924335658550262,-0.000323389684638187,171
2.27999997138977,0.998550951480865,-0.93694144487381,-0.000233509537565624,173
2.30999994277954,0.998845994472504,-0.949775040149689,-0.00111531171364732,174
2.33999991416931,0.999132990837097,-0.962748289108276,-0.00114419777361263,173
2.36999988555908,0.999413371086121,-0.975908994674683,-0.00115710073674791,173
2.40000009536743,0.999687671661377,-0.989253997802734,-0.00123252772101523,174
2.4300000667572,0.999956369400024,-1.00277972221375,0.00180348134784936,174
2.46000003814697,1.00022053718567,-1.01656401157379,0.00119871916615466,175
2.49000000953674,1.00048470497131,-1.03074336051941,-0.0011508153968407,177
2.51999998092651,1.00073850154877,-1.04480195045471,-0.00119429992759024,177
2.54999995231628,1.00098776817322,-1.05903124809265,-0.00120886099892914,177
2.57999992370605,1.00123298168182,-1.07342791557312,-0.0013029720656732,177
2.60999989509583,1.00147414207458,-1.08799004554749,-0.00194931291076728,177
2.64000010490417,1.00171184539795,-1.10271334648132,-0.00124151524880745,178
2.67000007629395,1.00194609165192,-1.11759614944458,-0.00124719978424537,177
2.70000004768372,1.00217711925507,-1.13263595104218,-0.0012659711728702,176
2.73000001907349,1.00240516662598,-1.14782977104187,-0.00131086863132168,177
2.75999999046326,1.00263035297394,-1.16317498683929,-0.00135815922220672,177
2.78999996185303,1.00285291671753,-1.17866909503937,-0.0016408725342103,177
2.8199999332428,1.00307285785675,-1.1943051815033,-0.00164038168105662,177
2.82011723518372,1.00307285785675,-1.1943051815033,-0.00163958299344813,177
2.82029294967651,1.00307285785675,-1.1943051815033,-0.00163857263311229,177
2.820556640625,1.00307285785675,-1.19430530071259,-0.00163686254671802,177
2.82095217704773,1.00307285785675,-1.19430530071259,-0.00163442927248525,177
2.82154536247253,1.00307285785675,-1.19430541992188,-0.00163073430388749,177
2.82243537902832,1.00307285785675,-1.19430553913116,-0.00162849820389965,177
2.82276892662048,1.00307285785675,-1.19430553913116,-0.00162537065006063,177
2.8232696056366,1.00307285785675,-1.19430565834045,-0.00162364438170925,177
2.82345724105835,1.00307285785675,-1.19430577754974,-0.00162108172401076,177
2.82373881340027,1.00307285785675,-1.19430577754974,-0.0016169808484392,177
2.82416129112244,1.00307285785675,-1.19430589675903,-0.00161474149791729,177
2.82431960105896,1.00307285785675,-1.19430601596832,-0.00161137504397857,177
2.82455706596375,1.00307285785675,-1.19430613517761,-0.00160943988885265,177
2.82464623451233,1.00307285785675,-1.19430613517761,-0.00160665963949214,177
2.82477998733521,1.00307285785675,-1.1943062543869,-0.00160515404860462,177
2.82483005523682,1.00307285785675,-1.1943062543869,-0.0016026868577228,177
2.82490515708923,1.00307285785675,-1.19430637359619,-0.00159898446395346,177
2.82501792907715,1.00307285785675,-1.19430649280548,-0.00159703546484025,177
2.82506012916565,1.00307285785675,-1.19430649280548,-0.00159410563128404,177
2.82512354850769,1.00307285785675,-1.19430661201477,-0.00159227281574204,177
2.8251473903656,1.00307285785675,-1.19430673122406,-0.00158975222154822,177
2.82518315315247,1.00307285785675,-1.19430673122406,-0.00158590412013382,177
2.82523655891418,1.00307285785675,-1.19430685043335,-0.00158373214054564,177
2.82525658607483,1.00307285785675,-1.19430696964264,-0.00158046838367909,177
2.82528686523438,1.00307285785675,-1.19430708885193,-0.00157868394433081,177
2.82529807090759,1.00307285785675,-1.19430708885193,-0.00157583778258186,177
2.82531499862671,1.00307285785675,-1.19430720806122,-0.00157441468729758,177
2.82532143592834,1.00307285785675,-1.19430720806122,-0.00157210990477097,177
2.82533097267151,1.00307285785675,-1.19430732727051,-0.00156867487578438,177
2.82534503936768,1.00307285785675,-1.1943074464798,-0.00156672350817644,177
2.825350522995,1.00307285785675,-1.1943074464798,-0.00156381446333853,177
2.82535862922668,1.00307285785675,-1.19430756568909,-0.00156209513170324,177
2.82536149024963,1.00307285785675,-1.19430756568909,-0.00155971389176557,177
2.82536602020264,1.00307285785675,-1.19430768489838,-0.00155603571238316,177
2.82537293434143,1.00307285785675,-1.19430780410767,-0.00155393863263953,177
2.82537531852722,1.00307285785675,-1.19430780410767,-0.00155088849624008,177
2.82537913322449,1.00307285785675,-1.19430792331696,-0.00154910095869809,177
2.82538056373596,1.00307285785675,-1.19430804252625,-0.0015464549724129,177
2.82538270950317,1.00307285785675,-1.19430804252625,-0.00154238237672644,177
2.82538604736328,1.00307285785675,-1.19430816173553,-0.00154016399812917,177
2.82538723945618,1.00307285785675,-1.19430828094482,-0.00153689215289887,177
2.82538914680481,1.00307285785675,-1.19430840015411,-0.00153510432420489,177
2.82538962364197,1.00307285785675,-1.19430840015411,-0.00153231779410135,177
2.82539081573486,1.00307285785675,-1.1943085193634,-0.00153073872377263,177
2.82539105415344,1.00307285785675,-1.1943085193634,-0.00152841878036725,177
2.82539176940918,1.00307285785675,-1.19430863857269,-0.00152471723879444,177
2.82539248466492,1.00307285785675,-1.19430875778198,-0.00152280679816386,177
2.82539296150208,1.00307285785675,-1.19430875778198,-0.00151974153897072,177
2.82539343833923,1.00307285785675,-1.19430887699127,-0.00151808525515662,177
2.82539343833923,1.00307285785675,-1.19430899620056,-0.00151557053555962,177
2.82539391517639,1.00307285785675,-1.19430899620056,-0.00151177369315292,177
2.82539415359497,1.00307285785675,-1.19430911540985,-0.00150959184276189,177
2.82539439201355,1.00307285785675,-1.19430923461914,-0.00150637126159836,177
2.82539463043213,1.00307285785675,-1.19430923461914,-0.00150459958916827,177
2.82539463043213,1.00307285785675,-1.19430935382843,-0.00150192141774141,177
2.82539486885071,1.00307285785675,-1.19430947303772,-0.00150037240751999,177
2.82539486885071,1.00307285785675,-1.19430947303772,-0.00149815382025054,177
2.82539486885071,1.00307285785675,-1.19430959224701,-0.00149472682028318,177
2.82539510726929,1.00307285785675,-1.19430959224701,-0.00149268473955999,177
2.82539510726929,1.00307285785675,-1.1943097114563,-0.00148990966476958,177
2.82539510726929,1.00307285785675,-1.19430983066559,-0.00148828076527252,177
2.82539510726929,1.00307285785675,-1.19430983066559,-0.00148577719789955,177
2.82539510726929,1.00307285785675,-1.19430994987488,-0.00148225919906508,177
2.82539534568787,1.00307285785675,-1.19431006908417,-0.00148007283553397,177
2.82539534568787,1.00307285785675,-1.19431006908417,-0.00147714857303072,177
2.82539534568787,1.00307285785675,-1.19431018829346,-0.00147544283566958,177
2.82539534568787,1.00307285785675,-1.19431018829346,-0.00147275346802189,177
2.82539534568787,1.00307285785675,-1.19431030750275,-0.0014688292397409,177
2.82539534568787,1.00307285785675,-1.19431042671204,-0.00146657590767063,177
2.82539534568787,1.00307285785675,-1.19431054592133,-0.00146335034634149,177
2.82539534568787,1.00307285785675,-1.19431066513062,-0.00146146773010969,177
2.82539534568787,1.00307285785675,-1.19431066513062,-0.00145873854989986,177
2.82539534568787,1.00307285785675,-1.1943107843399,-0.00145714374372119,177
2.82539534568787,1.00307285785675,-1.1943107843399,-0.00145487450527071,177
2.82539534568787,1.00307285785675,-1.19431090354919,-0.00145137225615599,177
2.82539534568787,1.00307285785675,-1.19431102275848,-0.00144936856611366,177
2.82539534568787,1.00307297706604,-1.19431102275848,-0.00144630428724213,177
2.82539534568787,1.00307297706604,-1.19431114196777,-0.00144475227494922,177
2.82539534568787,1.00307297706604,-1.19431114196777,-0.00144217934280277,177
2.82539534568787,1.00307297706604,-1.19431126117706,-0.00143849635742299,177
2.82539534568787,1.00307297706604,-1.19431138038635,-0.00143627875007724,177
2.82539534568787,1.00307297706604,-1.19431138038635,-0.00143324364813679,177
2.82539534568787,1.00307297706604,-1.19431149959564,-0.00143134108895993,177
2.82539534568787,1.00307297706604,-1.19431161880493,-0.00142861444544451,177
2.82539534568787,1.00307297706604,-1.19431161880493,-0.0014247037152586,177
2.82539534568787,1.00307297706604,-1.19431173801422,-0.00142243330145675,177
2.82539534568787,1.00307297706604,-1.19431185722351,-0.00141914375632268,177
2.82539534568787,1.00307297706604,-1.1943119764328,-0.00141723427122997,177
2.82539534568787,1.00307297706604,-1.1943119764328,-0.00141425626151204,177
2.82539534568787,1.00307297706604,-1.19431209564209,-0.00141275172995847,177
2.82539534568787,1.00307297706604,-1.19431209564209,-0.00141037227359675,177
2.82539534568787,1.00307297706604,-1.19431221485138,-0.00140667508617298,177
2.82539534568787,1.00307297706604,-1.19431233406067,-0.00140470338163823,177
2.82539534568787,1.00307297706604,-1.19431245326996,-0.00140167644929079,177
2.82539534568787,1.00307297706604,-1.19431245326996,-0.00139984591459097,177
2.82539534568787,1.00307297706604,-1.19431257247925,-0.00139726983553601,177
2.82539534568787,1.00307297706604,-1.19431257247925,-0.00139364258228625,177
2.82539534568787,1.00307297706604,-1.19431269168854,-0.00139134934522644,177
2.82539534568787,1.00307297706604,-1.19431281089783,-0.00138804880612042,177
2.82539534568787,1.00307297706604,-1.19431293010712,-0.00138617040931877,177
2.82539534568787,1.00307297706604,-1.19431293010712,-0.00138352239713413,177
2.82539534568787,1.00307297706604,-1.19431304931641,-0.00138200326472315,177
2.82539534568787,1.00307297706604,-1.19431304931641,-0.00137963174296374,177
2.82539534568787,1.00307297706604,-1.1943131685257,-0.00137624423365423,177
2.82539534568787,1.00307297706604,-1.19431328773499,-0.0013742764343192,177
2.82539534568787,1.00307297706604,-1.19431328773499,-0.00137133151002899,177
2.82539534568787,1.00307297706604,-1.19431340694427,-0.00136965816733436,177
2.82539534568787,1.00307297706604,-1.19431340694427,-0.00136711609553686,177
2.82539534568787,1.00307297706604,-1.19431352615356,-0.00136347470021292,177
2.82539534568787,1.00307297706604,-1.19431364536285,-0.00136149723147128,177
2.82539534568787,1.00307297706604,-1.19431376457214,-0.00135830998135589,177
2.82539534568787,1.00307297706604,-1.19431376457214,-0.00135654077473646,177
2.82539534568787,1.00307297706604,-1.19431388378143,-0.00135385374329644,177
2.82539534568787,1.00307297706604,-1.19431388378143,-0.00134995311998409,177
2.82539534568787,1.00307297706604,-1.19431412220001,-0.0013476617216952,177
2.82539534568787,1.00307297706604,-1.19431412220001,-0.00134426504496332,177
2.82539534568787,1.00307297706604,-1.1943142414093,-0.00134244180316045,177
2.82539534568787,1.00307297706604,-1.1943142414093,-0.00133970782951565,177
2.82539534568787,1.00307297706604,-1.19431436061859,-0.00133801540459899,177
2.82539534568787,1.00307297706604,-1.19431447982788,-0.00133570289375484,177
2.82539534568787,1.00307297706604,-1.19431447982788,-0.00133215643353424,177
2.82539534568787,1.00307297706604,-1.19431459903717,-0.00132998100548321,177
2.82539534568787,1.00307297706604,-1.19431471824646,-0.00132700012341047,177
2.82539534568787,1.00307297706604,-1.19431471824646,-0.00132540886488641,177
2.82539534568787,1.00307297706604,-1.19431483745575,-0.00132285356306738,177
2.82539534568787,1.00307297706604,-1.19431483745575,-0.00131901599871753,177
2.82539534568787,1.00307297706604,-1.19431495666504,-0.00131691639171549,177
2.82539534568787,1.00307297706604,-1.19431507587433,-0.00131370599899583,177
2.82539534568787,1.00307297706604,-1.19431519508362,-0.00131194245551569,177
2.82539534568787,1.00307297706604,-1.19431519508362,-0.00130919433149757,177
2.82539534568787,1.00307297706604,-1.19431531429291,-0.00130765400643895,177
2.82539534568787,1.00307297706604,-1.19431531429291,-0.00130537166819522,177
2.82539534568787,1.00307297706604,-1.1943154335022,-0.00130192156711928,177
2.82539534568787,1.00307297706604,-1.19431555271149,-0.00130007162329093,177
2.82539534568787,1.00307297706604,-1.19431555271149,-0.00129707868444484,177
2.82539534568787,1.00307297706604,-1.19431567192078,-0.00129546407691805,177
2.82539534568787,1.00307297706604,-1.19431567192078,-0.00129306814113761,177
2.82539534568787,1.00307297706604,-1.19431579113007,-0.00128928899289349,177
2.82539534568787,1.00307297706604,-1.19431591033936,-0.00128724190943785,177
2.82539534568787,1.00307297706604,-1.19431602954865,-0.0012841055527133,177
2.82539534568787,1.00307297706604,-1.19431602954865,-0.00128247964471484,177
2.82539534568787,1.00307297706604,-1.19431614875793,-0.00127989789802996,177
2.82539534568787,1.00307297706604,-1.19431614875793,-0.00127595894821297,177
2.82539534568787,1.00307297706604,-1.19431626796722,-0.00127378249641197,177
2.82539534568787,1.00307297706604,-1.19431638717651,-0.00127047622748933,177
2.82539534568787,1.00307297706604,-1.1943165063858,-0.00126857401352254,177
2.82539534568787,1.00307297706604,-1.1943165063858,-0.00126587409499734,177
2.82539534568787,1.00307297706604,-1.19431662559509,-0.00126432156946521,177
2.82539534568787,1.00307297706604,-1.19431662559509,-0.00126174074318897,177
2.82539534568787,1.00307297706604,-1.19431674480438,-0.00125836750220287,177
2.82539534568787,1.00307297706604,-1.19431686401367,-0.00125628899962749,177
2.82539534568787,1.00307297706604,-1.19431686401367,-0.00125333449136633,177
2.82539534568787,1.00307297706604,-1.19431698322296,-0.00125160963108328,177
2.82539534568787,1.00307297706604,-1.19431710243225,-0.00124926477866438,177
2.82539534568787,1.00307297706604,-1.19431710243225,-0.00124539908091492,177
2.82539534568787,1.00307297706604,-1.19431722164154,-0.00124318940669355,177
2.82539534568787,1.00307297706604,-1.19431734085083,-0.00124019079385107,177
2.82539534568787,1.00307297706604,-1.19431746006012,-0.00123837153870454,177
2.82539534568787,1.00307297706604,-1.19431746006012,-0.00123569910130072,177
2.82539534568787,1.00307297706604,-1.19431757926941,-0.00123159680049412,177
2.82539534568787,1.00307297706604,-1.1943176984787,-0.00122941801186016,177
2.82539534568787,1.00307297706604,-1.1943176984787,-0.00122599297122861,177
2.82539534568787,1.00307297706604,-1.19431781768799,-0.00122407736063224,177
2.82539534568787,1.00307297706604,-1.19431793689728,-0.00122123480093705,177
2.82539534568787,1.00307297706604,-1.19431793689728,-0.00121858247706541,177
2.82539534568787,1.00307297706604,-1.19431805610657,-0.00121462253372329,177
2.82539534568787,1.00307297706604,-1.19431817531586,-0.00121056919090279,177
2.82539534568787,1.00307297706604,-1.19431829452515,-7.76733492819903,177
2.82539534568787,1.00307297706604,-1.19431829452515,-nan(ind),-nan(ind)
#GNA3
0.0,0.0,0.0,-3.76751060571223e-07,0
0.0500000007450581,0.0499673262238503,-0.0301348939538002,-0.000333437294187888,0
0.100000001490116,0.0998654738068581,-0.0602387934923172,-0.000420711453479328,0
0.150000005960464,0.149688825011253,-0.0903093740344048,-0.000537620720919563,0
0.200000002980232,0.199430599808693,-0.120343819260597,-0.00069741929139866,0
0.25,0.249082446098328,-0.150338619947433,-0.000920917983989966,0
0.300000011920929,0.298633903264999,-0.180289372801781,-0.00124160793808414,0
0.349999994039536,0.348071455955505,-0.210190311074257,-0.00171438632585819,0
0.400000005960464,0.397377341985703,-0.240033730864525,-0.00243272244250647,0
0.449999988079071,0.446527361869812,-0.269809007644653,-0.00356062593559159,0
0.5,0.495487540960312,-0.299500972032547,-0.00539577768026334,0
0.550000011920929,0.544208347797394,-0.329086929559708,-0.0084958482763966,0
0.600000023841858,0.592614471912384,-0.358531832695007,-0.0139324164194932,0
0.649999976158142,0.640586256980896,-0.387778580188751,-0.0237723745447056,0
0.699999988079071,0.687924325466156,-0.416729867458344,1.48714985925835e-06,0
0.75,0.734281480312347,-0.445212066173553,1.72515154872599e-06,0
0.800000011920929,0.779030621051788,-0.472904741764069,8.48128820507554e-07,0
0.850000023841858,0.821057736873627,-0.499225378036499,3.84484553705988e-06,0
0.899999976158142,0.858605086803436,-0.523236989974976,4.59189798220905e-05,5
0.949999988079071,0.889726459980011,-0.543890833854675,0.000310969883457801,14
1.0,0.913820028305054,-0.560922384262085,7.72808909914602e-05,20
1.04999995231628,0.931326568126678,-0.574574828147888,-0.0139669706425138,22
1.10000002384186,0.944129407405853,-0.586013674736023,0.00830892402950667,25
1.14999997615814,0.95365172624588,-0.59611052274704,-0.00777515116851646,36
1.20000004768372,0.960900127887726,-0.605499744415283,-0.00764554679665252,42
1.25,0.96655285358429,-0.614603400230408,0.000578734830014582,51
1.29999995231628,0.971113562583923,-0.623831927776337,-0.00605771015835899,61
1.35000002384186,0.974772274494171,-0.633144676685333,-0.000125989193520581,72
1.39999997615814,0.977804481983185,-0.642805814743042,-0.000323149948314949,76
1.41250002384186,0.978482365608215,-0.645288288593292,0.000693884712859472,80
1.43124997615814,0.979442656040192,-0.649023830890656,-0.000694422992012278,83
1.45937502384186,0.979270935058594,-0.648408949375153,-0.00081729758704796,82
1.50156247615814,0.978458940982819,-0.646122872829437,-0.0192218703507478,84
1.55156254768372,0.976711869239807,-0.64176619052887,0.0383708018246125,86
1.6015625,0.973914563655853,-0.634677827358246,-2.45226161723622e-05,86
1.60468745231628,0.973819494247437,-0.634437739849091,1.8129129728095e-05,86
1.60781252384186,0.973771452903748,-0.634317755699158,4.1121271465272e-05,86
1.61093747615814,0.973727107048035,-0.634205460548401,2.91577457005587e-05,86
1.61406254768372,0.973706483840942,-0.634147584438324,8.39839996729097e-05,86
1.6171875,0.97369772195816,-0.634120047092438,4.13091325413006e-05,86
1.62187504768372,0.973684966564178,-0.63407975435257,2.14862483858269e-05,86
1.62890625,0.973660409450531,-0.634006559848785,4.05253894086854e-06,86
1.63945317268372,0.973608016967773,-0.633859753608704,-5.02685707601813e-05,86
1.6552734375,0.97349089384079,-0.633549749851227,-0.000304971472985471,86
1.67900395393372,0.97322291135788,-0.632880032062531,-0.000427312284841719,84
1.714599609375,0.972723603248596,-0.631712973117828,0.000135921628839242,82
1.76459956169128,0.972023844718933,-0.630105078220367,-0.000436005133678918,83
1.777099609375,0.972022294998169,-0.630107223987579,1.56876607206868e-05,83
1.78959965705872,0.972014605998993,-0.630103826522827,2.96450457426545e-06,83
1.79428708553314,0.97200882434845,-0.630102336406708,0.000115769457522674,84
1.80131840705872,0.972015619277954,-0.630146026611328,-0.000312913459310948,83
1.81186521053314,0.972019016742706,-0.630161046981812,-9.99486366026758e-06,83
1.82768559455872,0.971986174583435,-0.630116879940033,0.00013599226616634,81
1.85141599178314,0.971036911010742,-0.628162920475006,-2.63101809991895e-05,80
1.88701176643372,0.970038414001465,-0.626172065734863,-0.000480618952849454,80
1.93701171875,0.968583881855011,-0.623509883880615,-0.00548242348679651,80
1.98701167106628,0.967123866081238,-0.621154367923737,-0.00220820507206554,80
2.03701162338257,0.965929508209229,-0.619541585445404,2.94288552140642e-05,79
2.08701181411743,0.964702904224396,-0.618068337440491,-0.00469618434647145,78
2.13701176643372,0.96257621049881,-0.615642070770264,-0.000302010314669587,78
2.18701171875,0.960750639438629,-0.6136155128479,-3.61005012337046e-05,78
2.23701167106628,0.958739519119263,-0.611449778079987,-2.51259534138626e-05,78
2.28701162338257,0.956595063209534,-0.609208047389984,-2.01884486159543e-05,78
2.33701181411743,0.954350233078003,-0.606931626796722,-1.74326457909046e-05,78
2.38701176643372,0.952023029327393,-0.604642450809479,-1.10134103010751e-05,77
2.43701171875,0.949625909328461,-0.602352440357208,-6.52027409842049e-06,77
2.48701167106628,0.947166323661804,-0.60006707906723,-7.87911426414212e-06,76
2.53701162338257,0.944645762443542,-0.597789824008942,-1.06389693428355e-05,76
2.58701181411743,0.942054450511932,-0.595520675182343,-8.72431570542176e-06,76
2.63701176643372,0.939369261264801,-0.593255341053009,2.76977679050106e-05,75
2.68701171875,0.936592400074005,-0.591024339199066,0.00108178848171292,75
2.73701167106628,0.934211194515228,-0.589346349239349,-0.00375717346332749,74
2.78701162338257,0.936097085475922,-0.591268181800842,0.000162701956526234,74
2.83701181411743,0.938856720924377,-0.593680500984192,2.6850420226765e-05,73
2.88701176643372,0.94165700674057,-0.596154451370239,-9.9342367434474e-06,75
2.93701171875,0.944324314594269,-0.598597049713135,-2.94760671977201e-05,76
2.98701167106628,0.946878850460052,-0.601030290126801,-2.5969369289669e-05,75
3.03701162338257,0.949351727962494,-0.603471577167511,-2.58405203226175e-05,75
3.08701181411743,0.95173567533493,-0.605899751186371,-1.98926564394242e-05,76
3.13701176643372,0.953986883163452,-0.60825902223587,-7.74331391539818e-06,78
3.18701171875,0.956039249897003,-0.610470354557037,1.14335031184964e-05,77
3.23701167106628,0.957831501960754,-0.612455308437347,2.69699739874341e-06,76
3.28701162338257,0.95941299200058,-0.614247739315033,-0.00100283575204685,76
3.33701181411743,0.961264252662659,-0.61636620759964,-0.000150711588332797,75
3.38701176643372,0.963397324085236,-0.618853032588959,-3.04321945918673e-05,76
3.43701171875,0.965326964855194,-0.621178328990936,-5.76387139972212e-05,76
3.48701167106628,0.9669109582901,-0.623127996921539,-0.000222955380024814,76
3.53701162338257,0.967865467071533,-0.624196529388428,0.000726246366184569,73
3.58701181411743,0.967589974403381,-0.623368799686432,-0.000123987361575928,71
3.63701176643372,0.96641343832016,-0.62130331993103,-5.99996424170968e-05,69
3.68701171875,0.964958190917969,-0.618985593318939,-2.01458801711851e-05,69
3.73701167106628,0.963350236415863,-0.616595566272736,-1.95258241433294e-05,69
3.78701162338257,0.961617231369019,-0.61418229341507,-6.09318950068882e-05,68
3.83701181411743,0.959791481494904,-0.611809909343719,-0.000211922243408935,68
3.88701176643372,0.957964062690735,-0.609606921672821,-0.000321631306974268,68
3.93701171875,0.956298470497131,-0.607747077941895,-0.000282793935241443,68
3.98701167106628,0.954926371574402,-0.606318295001984,-0.000139803899344315,68
4.03701162338257,0.95379775762558,-0.605209946632385,-0.000140486651162064,68
4.08701181411743,0.952689290046692,-0.604164302349091,-0.00116066454216934,69
4.13701152801514,0.951293587684631,-0.602851986885071,-0.00017481026037558,70
4.18701171875,0.949528515338898,-0.601232707500458,0.000339836972329977,71
4.23701190948486,0.947796583175659,-0.599745690822601,0.000266619959461423,72
4.28701162338257,0.946685314178467,-0.598800897598267,3.21802779126301e-05,74
4.33701181411743,0.946593940258026,-0.598637402057648,4.3512437798654e-05,73
4.38701152801514,0.947000086307526,-0.598836243152618,4.95850733841507e-05,71
4.43701171875,0.947381794452667,-0.598990499973297,8.82641236898962e-05,70
4.48701190948486,0.947407782077789,-0.598823487758636,9.59122072572427e-05,70
4.53701162338257,0.946915030479431,-0.598192989826202,-6.03755760266722e-05,70
4.58701181411743,0.945945858955383,-0.597144663333893,-8.09920873052761e-05,70
4.63701152801514,0.945801436901093,-0.59710818529129,1.96615262666455e-05,70
4.68701171875,0.945415794849396,-0.596941649913788,2.17933888961852e-05,70
4.73701190948486,0.944792687892914,-0.5966677069664,-3.07836336901346e-05,68
4.78701162338257,0.943928480148315,-0.596294701099396,-2.52252615950965e-05,67
4.83701181411743,0.94280868768692,-0.59579986333847,-3.37176493303559e-06,67
4.88701152801514,0.941430270671844,-0.595167815685272,5.91432535657077e-06,67
4.93701171875,0.939810156822205,-0.594404697418213,5.62222385269706e-06,66
4.98701190948486,0.937974631786346,-0.593526542186737,4.62580027260628e-06,66
5.03701162338257,0.935950875282288,-0.592550992965698,3.71381366903734e-06,66
5.08701181411743,0.933763802051544,-0.591494739055634,2.95658691129574e-06,66
5.13701152801514,0.931435465812683,-0.590372860431671,2.40590384237294e-06,66
5.18701171875,0.928985238075256,-0.58919882774353,2.03352817607083e-06,66
5.23701190948486,0.926430344581604,-0.587984800338745,1.65161208087738e-06,66
5.28701162338257,0.923786222934723,-0.58674168586731,1.44392322454223e-06,66
5.33701181411743,0.921067178249359,-0.585479259490967,1.22933255397584e-06,66
5.38701152801514,0.918287038803101,-0.584206879138947,1.09267409698077e-06,66
5.43701171875,0.91545957326889,-0.582933008670807,1.0049597563011e-06,66
5.48701190948486,0.912598609924316,-0.581665933132172,8.39730830648477e-07,65
5.53701162338257,0.909718215465546,-0.580413460731506,7.79740844336629e-07,65
5.58701181411743,0.906832337379456,-0.579183280467987,7.64951437304262e-07,65
5.63701152801514,0.903955042362213,-0.577982544898987,7.10525739577861e-07,65
5.68701171875,0.901099979877472,-0.576818287372589,7.22473600944795e-07,65
5.73701190948486,0.898280620574951,-0.575697183609009,-7.83910277135647e-07,65
5.78701162338257,0.895509898662567,-0.574625730514526,-9.52082841010338e-07,65
5.83701181411743,0.892800509929657,-0.573610067367554,1.107738594186e-06,65
5.88701152801514,0.89016455411911,-0.572656214237213,1.25336809286836e-06,65
5.93701171875,0.887613594532013,-0.571769714355469,1.39708218949153e-06,65
5.98701190948486,0.885158717632294,-0.570956110954285,-1.50980437751969e-06,65
6.03701162338257,0.882810413837433,-0.570220470428467,-1.5837621845094e-06,65
6.08701181411743,0.880578458309174,-0.569567561149597,-1.60759937051225e-06,65
6.13701152801514,0.878471851348877,-0.569001734256744,-1.61172561519152e-06,65
6.18701171875,0.876498699188232,-0.568526804447174,1.5444426151312e-06,65
6.23701190948486,0.874666035175323,-0.568146109580994,-1.43659956108877e-06,65
6.28701162338257,0.872979581356049,-0.567861795425415,-1.28786794917346e-06,65
6.33701181411743,0.871443510055542,-0.567674875259399,1.05392453164654e-06,65
6.38701152801514,0.870060205459595,-0.567583978176117,-1.90113081544041e-06,65
6.43701171875,0.868829548358917,-0.567583799362183,-5.10955754862152e-06,65
6.48701190948486,0.867748439311981,-0.567660510540009,-1.37529276003079e-05,65
6.53701162338257,0.866810441017151,-0.56778085231781,-2.80548264299796e-05,65
6.58701181411743,0.866008877754211,-0.567868828773499,-1.29882376995738e-05,65
6.63701152801514,0.865344822406769,-0.567802846431732,7.91422036172662e-06,65
6.68701171875,0.864794254302979,-0.567543685436249,8.71176598593593e-06,65
6.73701190948486,0.864274442195892,-0.567183315753937,3.87055713417794e-05,65
6.78701162338257,0.863719940185547,-0.566860556602478,6.54400109851849e-05,65
6.83701181411743,0.863131403923035,-0.566798329353333,5.55930674295269e-05,65
6.88701152801514,0.862659811973572,-0.567194581031799,2.54852103012126e-05,64
6.93701171875,0.862437129020691,-0.567949414253235,6.70034546601528e-06,63
6.98701190948486,0.862453281879425,-0.568942666053772,2.3773137201033e-06,63
7.03701162338257,0.862682998180389,-0.570120334625244,2.63073083317522e-06,63
7.08701181411743,0.863102436065674,-0.571444690227509,3.83882611654229e-06,63
7.13701152801514,0.863679170608521,-0.572868347167969,-6.09611136326293e-06,63
7.18701171875,0.864357948303223,-0.574308454990387,-1.69477448253019e-05,61
7.23701190948486,0.865029990673065,-0.575590848922729,2.30920114745459e-05,61
7.28701162338257,0.865482747554779,-0.57634311914444,1.93645767581074e-05,60
7.33701181411743,0.865566730499268,-0.576281428337097,-4.55809056347789e-05,61
7.38701152801514,0.865480363368988,-0.575753450393677,-2.00476097802493e-05,61
7.43701171875,0.865403592586517,-0.575075387954712,-8.52092358627488e-06,62
7.48701190948486,0.865413069725037,-0.574383676052094,-4.39043600408695e-06,62
7.53701162338257,0.865541219711304,-0.573740541934967,-2.78783306839614e-06,62
7.58701181411743,0.865800201892853,-0.573179483413696,-2.89623778826353e-06,62
7.63701152801514,0.866190195083618,-0.57272082567215,-3.04462031408548e-06,62
7.68701171875,0.866707682609558,-0.572374999523163,-0.000243611309770131,62
7.73701190948486,0.867380440235138,-0.572130978107452,-0.000397720915543687,62
7.78701162338257,0.868234097957611,-0.57197380065918,-5.40160135642509e-06,62
7.83701181411743,0.869205236434937,-0.571907162666321,2.11003417405209e-06,62
7.88701152801514,0.870289087295532,-0.571914255619049,5.26875277273575e-06,62
7.93701171875,0.871515989303589,-0.571981608867645,3.08230136170096e-06,62
7.98701190948486,0.872903645038605,-0.572113871574402,-1.93455548469501e-06,61
8.03701210021973,0.874450504779816,-0.572322368621826,1.28973147184297e-06,61
8.08701133728027,0.876150369644165,-0.572615087032318,8.98948112393327e-07,61
8.13701152801514,0.877996981143951,-0.57299530506134,8.29687113679256e-07,61
8.18701171875,0.879983723163605,-0.573463320732117,7.44748238190596e-07,61
8.23701190948486,0.882103681564331,-0.574017465114594,6.50429361925831e-07,61
8.28701210021973,0.884349167346954,-0.574654817581177,-5.59344631057002e-07,61
8.33701133728027,0.886711895465851,-0.57537180185318,-4.62460963746025e-07,61
8.38701152801514,0.88918274641037,-0.57616400718689,4.8892172799242e-07,61
8.43701171875,0.891751646995544,-0.577026426792145,4.61610738966556e-07,61
8.48701190948486,0.894407570362091,-0.577953577041626,4.74466617106373e-07,61
8.53701210021973,0.89713841676712,-0.578939259052277,5.27763859281549e-07,61
8.58701133728027,0.899931192398071,-0.579976797103882,4.5687119154536e-07,61
8.63701152801514,0.902771413326263,-0.581058740615845,-5.09625110112211e-07,61
8.68701171875,0.905643045902252,-0.582176685333252,6.57827101235853e-07,61
8.73701190948486,0.90852677822113,-0.583320438861847,-1.75678258074186e-06,61
8.78701210021973,0.911396443843842,-0.584476232528687,-1.03174415357898e-05,61
8.83701133728027,0.914202094078064,-0.58561784029007,0.00176614613225468,62
8.88701152801514,0.916649222373962,-0.586598575115204,-7.52076898606902e-05,61
8.89951133728027,0.916623651981354,-0.586559593677521,-3.04316400843163e-05,61
8.91826152801514,0.915798783302307,-0.586181223392487,-1.623860100608e-05,60
8.94638633728027,0.914312660694122,-0.585529446601868,-7.87254549550198e-06,60
8.98857402801514,0.911954581737518,-0.584522247314453,-1.91113969094658e-06,60
9.03857421875,0.909096837043762,-0.583332240581512,-3.83051800056933e-07,60
9.08857440948486,0.906218767166138,-0.582163751125336,5.23876622082753e-07,60
9.13857460021973,0.903345108032227,-0.581027030944824,5.06526816934638e-07,60
9.18857383728027,0.900493502616882,-0.579930365085602,5.52125072772469e-07,60
9.23857402801514,0.897679030895233,-0.57888126373291,5.13117356604198e-07,60
9.28857421875,0.894915640354156,-0.577887058258057,4.69604231057019e-07,60
9.33857440948486,0.892216563224792,-0.576954901218414,5.79758477670111e-07,60
9.38857460021973,0.889594912528992,-0.576091706752777,4.51707421689207e-07,60
9.43857383728027,0.887063324451447,-0.575304210186005,4.67201868303846e-07,60
9.48857402801514,0.88463419675827,-0.574598968029022,-5.31891856780931e-07,60
9.53857421875,0.882319569587708,-0.573982059955597,-5.8944237224523e-07,60
9.58857440948486,0.880130887031555,-0.573459029197693,-6.23497875551493e-07,60
9.63857460021973,0.878078758716583,-0.57303512096405,-6.69624896421084e-07,60
9.68857383728027,0.876173138618469,-0.572714745998383,6.99095595191324e-07,60
9.73857402801514,0.874422788619995,-0.572501838207245,-7.29933282483941e-07,60
9.78857421875,0.872835338115692,-0.57239955663681,7.4346250977797e-07,60
9.83857440948486,0.871417105197906,-0.572410523891449,7.22745616243969e-07,60
9.88857460021973,0.870173096656799,-0.572536647319794,-6.68663950875725e-07,60
9.93857383728027,0.869106590747833,-0.572779178619385,6.91358877702442e-07,61
9.98857402801514,0.868219196796417,-0.573138833045959,8.75258024279901e-07,61
10.03857421875,0.867510497570038,-0.573616147041321,-3.27556819001984e-06,61
10.0885744094849,0.866977512836456,-0.574211597442627,-2.40455493667469e-05,62
10.1385746002197,0.866612374782562,-0.574925005435944,-4.41069404928385e-05,62
10.1885738372803,0.866372764110565,-0.575631737709045,0.000345626714420177,63
10.2385740280151,0.866323292255402,-0.575198948383331,6.606535919218e-06,63
10.28857421875,0.866450250148773,-0.57462865114212,1.68018760859923e-06,63
10.3385744094849,0.866733193397522,-0.574084401130676,1.02888384390099e-06,63
10.3885746002197,0.86717414855957,-0.573608636856079,-9.0886288717229e-07,63
10.4385738372803,0.867772281169891,-0.573219478130341,-9.06046409454575e-07,63
10.4885740280151,0.868525981903076,-0.572925686836243,-7.7017836019877e-07,63
10.53857421875,0.869434535503387,-0.572730898857117,6.45114084818488e-07,63
10.5885744094849,0.870499432086945,-0.572636723518372,9.75002478753595e-07,63
10.6385746002197,0.871724426746368,-0.572644412517548,1.08705722823288e-06,63
10.6885738372803,0.873113691806793,-0.572755217552185,1.01106218153291e-06,63
10.7385740280151,0.874669671058655,-0.572970330715179,-9.12415544007672e-07,63
10.78857421875,0.876391530036926,-0.573290646076202,-7.34082334474806e-07,63
10.8385744094849,0.878274917602539,-0.573715806007385,6.70999980911802e-07,63
10.8885746002197,0.880312442779541,-0.574244678020477,6.53798537086914e-07,63
10.9385738372803,0.882494211196899,-0.574875175952911,6.03689223055426e-07,63
10.9885740280151,0.884808957576752,-0.575604796409607,6.64304678821281e-07,63
11.03857421875,0.88724422454834,-0.576430976390839,7.39431769147814e-07,63
11.0885744094849,0.889786839485168,-0.577351808547974,-9.35130604062806e-07,63
11.1385746002197,0.89242297410965,-0.578366756439209,-1.33148588510323e-06,63
11.1885738372803,0.895137369632721,-0.579477429389954,-2.10302976633159e-06,63
11.2385740280151,0.897911250591278,-0.580689251422882,-3.6517520740631e-06,64
11.28857421875,0.900715172290802,-0.58201140165329,-1.04134000480371e-05,64
11.3385744094849,0.903484642505646,-0.583444356918335,-2.75932392810319e-05,64
11.3885746002197,0.906089782714844,-0.584915518760681,-2.0855541436049e-05,64
11.4385738372803,0.908537328243256,-0.586277306079865,-1.65232117410596e-05,64
11.4885740280151,0.911064863204956,-0.587511003017426,1.3173818388168e-05,64
11.53857421875,0.913685977458954,-0.588647544384003,-5.72922294850287e-06,64
11.5885744094849,0.916331470012665,-0.589717507362366,-2.89704485112452e-06,64
11.6385746002197,0.918956816196442,-0.590739190578461,-1.72316958924057e-06,64
11.6885738372803,0.921536326408386,-0.591719269752502,-2.1885128944632e-06,64
11.7385740280151,0.92405092716217,-0.592654824256897,-4.81858188550177e-06,64
11.78857421875,0.926473796367645,-0.59353232383728,3.42512066708878e-07,64
11.8010740280151,0.927056849002838,-0.593738317489624,0.000216689353521815,64
11.81982421875,0.927858591079712,-0.594013631343842,7.93407537571511e-05,66
11.8268556594849,0.927768051624298,-0.593972742557526,-7.59732546384839e-06,66
11.83740234375,0.927293837070465,-0.593799352645874,-5.48624274188114e-06,67
11.8532228469849,0.926423847675323,-0.593479812145233,-0.000128669817058835,67
11.876953125,0.924999833106995,-0.59294056892395,-2.75027164775565e-05,67
11.9125490188599,0.922763526439667,-0.59209018945694,-3.50255535011001e-05,67
11.9625492095947,0.91923725605011,-0.590787827968597,-2.90215375002845e-05,67
12.0125484466553,0.915457427501678,-0.589362323284149,0.000174430645301982,67
12.0625486373901,0.911638140678406,-0.587761342525482,-0.000599237894221005,67
12.112548828125,0.907983601093292,-0.585836827754974,-5.51047020849182e-05,67
12.1625490188599,0.90407258272171,-0.583621919155121,4.70972498192168e-05,65
12.2125492095947,0.899884581565857,-0.581581115722656,-9.39110503850316e-06,65
12.2625484466553,0.895721673965454,-0.579795837402344,-4.34760477219243e-06,65
12.3125486373901,0.891674160957336,-0.578226447105408,-2.68619851340191e-06,65
12.362548828125,0.887801945209503,-0.57686311006546,1.9146895766653e-06,65
12.4125490188599,0.884158194065094,-0.575711071491241,-2.11647159176209e-06,65
12.4625492095947,0.880793511867523,-0.574781954288483,2.43067336214153e-06,65
12.5125484466553,0.877756416797638,-0.574088394641876,2.93106813842314e-06,65
12.5625486373901,0.875091552734375,-0.573640167713165,4.18354704834201e-06,65
12.612548828125,0.872835755348206,-0.573440194129944,7.37953752150133e-06,65
12.6625490188599,0.871012091636658,-0.573480010032654,1.10689343273407e-05,65
12.7125492095947,0.869624733924866,-0.573735654354095,1.76161321974178e-05,65
12.7625484466553,0.868671119213104,-0.574158787727356,0.00504996376685085,63
12.8125486373901,0.868327558040619,-0.574548840522766,-0.0973685211720294,63
12.862548828125,0.87242865562439,-0.573516964912415,-0.00462915637604056,63
12.9125490188599,0.874741196632385,-0.573532104492188,-3.51763782191483e-06,63
12.9625492095947,0.877420842647552,-0.573801159858704,-3.16711651748847e-06,63
13.0125484466553,0.880440592765808,-0.574311316013336,-2.87646173546818e-06,63
13.0625486373901,0.883767247200012,-0.575046420097351,-2.59527860180242e-06,63
13.112548828125,0.887363076210022,-0.575987637042999,-2.17928453594141e-06,63
13.1625490188599,0.891187846660614,-0.577114164829254,-1.88413599744308e-06,63
13.2125492095947,0.895199537277222,-0.578403830528259,-1.50102562201937e-06,64
13.2625484466553,0.899354457855225,-0.579833507537842,-1.2692757422883e-06,64
13.3125486373901,0.903607189655304,-0.581379413604736,-1.13083632413691e-06,64
13.362548828125,0.907909274101257,-0.583017230033875,-1.46953965440844e-06,64
13.4125490188599,0.912207841873169,-0.584721803665161,-2.51766033443346e-06,64
13.4625492095947,0.916442275047302,-0.586466491222382,-5.41583284530134e-06,64
13.5125484466553,0.920538604259491,-0.588221728801727,-1.18421186243722e-05,64
13.5625486373901,0.924399197101593,-0.589950144290924,-2.23584161176404e-05,64
13.612548828125,0.927895784378052,-0.591601550579071,-0.000104111995597123,64
13.6625490188599,0.930898606777191,-0.593127846717834,0.00166654315894732,64
13.7125492095947,0.933138012886047,-0.594407677650452,-0.00136241603837561,66
13.7625484466553,0.933633625507355,-0.594725728034973,0.00388973330370845,66
13.8125486373901,0.931104838848114,-0.593289732933044,0.000703749006220278,67
13.862548828125,0.927311778068542,-0.591482281684875,-1.38751688041339e-05,67
13.9125490188599,0.923253774642944,-0.589713037014008,4.58083542298482e-06,66
13.9625492095947,0.91904091835022,-0.58795291185379,4.00986039039708e-06,66
14.0125484466553,0.914720416069031,-0.586201429367065,2.70345327635368e-06,66
14.0625486373901,0.910336375236511,-0.584475159645081,2.05932116159602e-06,66
14.112548828125,0.905938863754272,-0.582798719406128,1.73944351899991e-06,66
14.1625490188599,0.901578783988953,-0.581198394298553,1.42359101573675e-06,66
14.2125492095947,0.897304236888885,-0.579699277877808,1.18857229836067e-06,66
14.2625484466553,0.893160343170166,-0.578324794769287,1.01746508107681e-06,66
14.3125486373901,0.889189481735229,-0.577096998691559,9.56982617594804e-07,66
14.362548828125,0.885432243347168,-0.576036691665649,-1.02133608947952e-06,66
14.4125490188599,0.88192754983902,-0.57516348361969,-1.20454973284723e-06,66
14.4625492095947,0.878713071346283,-0.574495613574982,-1.43320318102269e-06,66
14.5125484466553,0.875825166702271,-0.574049711227417,1.49333504850802e-06,66
14.5625486373901,0.873298346996307,-0.573840141296387,2.01388718323869e-06,66
14.612548828125,0.871164262294769,-0.573878407478333,2.32853170700764e-06,66
14.6625490188599,0.869450151920319,-0.57417219877243,2.27811443664905e-06,66
14.7125492095947,0.86817592382431,-0.574725091457367,2.63879536532841e-06,66
14.7625484466553,0.867350578308105,-0.575535774230957,-4.25783082391717e-06,66
14.8125486373901,0.866967082023621,-0.576598465442657,-1.22745337307606e-05,65
14.862548828125,0.866996824741364,-0.577905237674713,8.08206002318457e-05,66
14.9125490188599,0.867377042770386,-0.57944917678833,-0.00889435105452208,66
14.9625492095947,0.86787486076355,-0.581142246723175,-0.210193664427607,67
15.0125484466553,0.866371095180511,-0.57978618144989,1.50910067304721e-05,67
15.0625486373901,0.865732252597809,-0.578347980976105,9.75148446968888e-06,67
15.112548828125,0.865429639816284,-0.576989769935608,8.95458913419134e-06,68
15.1625490188599,0.865504205226898,-0.575789451599121,6.72828781489443e-06,68
15.2125492095947,0.865974128246307,-0.574788570404053,4.71344901598059e-06,68
15.2625484466553,0.866856515407562,-0.574016630649567,3.14590590733133e-06,68
15.3125486373901,0.868161201477051,-0.5734943151474,2.20414705154326e-06,68
15.362548828125,0.869887292385101,-0.573233962059021,2.16120444918033e-06,68
15.4125490188599,0.872022211551666,-0.573239803314209,2.02132687832091e-06,68
15.4625492095947,0.874543786048889,-0.573509573936462,-1.93829447425742e-06,67
15.5125484466553,0.877422273159027,-0.574036180973053,-1.8423015717417e-06,67
15.5625486373901,0.880622267723083,-0.574809908866882,-2.19068949647294e-06,68
15.612548828125,0.884104311466217,-0.575820982456207,-3.18097882434643e-06,68
15.6625490188599,0.887824654579163,-0.57706344127655,-5.23810487784715e-06,68
15.7125492095947,0.891732811927795,-0.578543782234192,5.23654166499909e-05,68
15.7625484466553,0.895755589008331,-0.580309629440308,0.0200406502781334,69
15.8125486373901,0.899524629116058,-0.58263635635376,-0.0434243049885481,69
15.862548828125,0.900269627571106,-0.585048854351044,3.10804236391959e-05,69
15.9125490188599,0.903936147689819,-0.586393654346466,-0.000296730350328289,66
15.925048828125,0.903318583965302,-0.586255431175232,-3.60204717821944e-05,66
15.9437990188599,0.902060806751251,-0.58584326505661,0.00363927828743726,67
15.971923828125,0.901104032993317,-0.585056781768799,0.000185640002428045,66
16.0141105651855,0.901723921298981,-0.584281802177429,0.00817645462205974,63
16.0641117095947,0.895982205867767,-0.580634593963623,2.76055739050207e-05,63
16.1141109466553,0.89206063747406,-0.579094231128693,-3.75237935923423e-06,63
16.1641120910645,0.888206303119659,-0.577733933925629,2.08842232396478e-06,63
16.214111328125,0.884513139724731,-0.576561331748962,-1.73243874712625e-06,63
16.2641105651855,0.881043910980225,-0.575591921806335,-1.79726630733512e-06,63
16.3141117095947,0.877848207950592,-0.574841678142548,1.96069333924243e-06,63
16.3641109466553,0.874968409538269,-0.574325561523438,2.14659804953499e-06,63
16.4141120910645,0.872441649436951,-0.574056506156921,4.1881141896738e-06,64
16.464111328125,0.870299279689789,-0.574043452739716,-2.4937250060475e-06,64
16.5141105651855,0.868565261363983,-0.574290096759796,3.42871408065548e-06,64
16.5641117095947,0.867254018783569,-0.574792683124542,5.16388513460697e-06,64
16.6141109466553,0.866368591785431,-0.575538337230682,7.35404722718158e-06,64
16.6641120910645,0.865900099277496,-0.576502978801727,9.70877948702764e-06,63
16.714111328125,0.865830183029175,-0.577648460865021,1.20065100190914e-05,63
16.7641105651855,0.86613404750824,-0.578909695148468,-0.000115779892098544,63
16.8141117095947,0.866770267486572,-0.580130398273468,8.94428168294326e-05,61
16.8641109466553,0.867339730262756,-0.579967141151428,0.00557020079686765,61
16.9141120910645,0.867132604122162,-0.578434228897095,4.73159484215557e-05,62
16.964111328125,0.867207586765289,-0.577169179916382,-8.40549182612449e-06,62
17.0141105651855,0.867674350738525,-0.576155781745911,-3.01743625641393e-06,62
17.0641117095947,0.868566393852234,-0.575396060943604,2.06722876328058e-06,62
17.1141109466553,0.869891285896301,-0.574894428253174,1.5526455285908e-06,62
17.1641120910645,0.871638834476471,-0.574653685092926,-1.98669255269124e-06,62
17.214111328125,0.873783469200134,-0.574674725532532,4.70300755637254e-05,62
17.2641105651855,0.876272737979889,-0.574960052967072,0.000170164558539909,63
17.3141117095947,0.878681898117065,-0.57553619146347,-0.0534768659778422,64
17.3641109466553,0.87362277507782,-0.575520038604736,-6.16980821632751e-06,65
17.4141120910645,0.871545910835266,-0.575705111026764,-3.53904908934055e-06,65
17.464111328125,0.869858741760254,-0.576117038726807,-2.21283755763579e-06,65
17.5141105651855,0.868600606918335,-0.576765358448029,2.43275593447834e-06,65
17.5641117095947,0.867791593074799,-0.577653169631958,3.40302017320937e-06,65
17.6141109466553,0.867428302764893,-0.578778147697449,-6.67936996023855e-06,64
17.6641120910645,0.867483079433441,-0.580138742923737,-2.69267226826742e-05,63
17.714111328125,0.867904365062714,-0.581746697425842,0.000336590447190588,63
17.7641105651855,0.868595361709595,-0.58363950252533,0.0207078603589252,66
17.8141117095947,0.868973016738892,-0.585473418235779,0.00024407452633568,67
17.8641109466553,0.868120014667511,-0.585184514522552,2.01659713070512e-05,66
17.9141120910645,0.867098391056061,-0.584047973155975,1.18465270588786e-05,66
17.964111328125,0.866250813007355,-0.582654893398285,1.0785498432142e-05,66
18.0141105651855,0.865708351135254,-0.58123242855072,1.03728142448745e-05,67
18.0641117095947,0.86552631855011,-0.579894602298737,8.24963854029193e-06,67
18.1141109466553,0.86573451757431,-0.5787073969841,5.8997677001571e-06,67
18.1641120910645,0.866352379322052,-0.577713847160339,3.91169618296772e-06,67
18.214111328125,0.86739045381546,-0.576943159103394,2.2926213887331e-06,67
18.2641105651855,0.868849158287048,-0.576413631439209,1.96803706842275e-06,66
18.3141117095947,0.870718479156494,-0.576134264469147,-2.2515910131915e-06,66
18.3641109466553,0.872978925704956,-0.576106011867523,-2.33546751360336e-06,66
18.4141120910645,0.875603675842285,-0.576323628425598,-2.3045655552778e-06,66
18.464111328125,0.878560245037079,-0.576777338981628,-1.98830014142004e-06,66
18.5141105651855,0.8818119764328,-0.577454149723053,1.91947471650522e-06,66
18.5641117095947,0.885317742824554,-0.578338980674744,-2.17499431798274e-06,66
18.6141109466553,0.889029383659363,-0.579415261745453,-3.49664384202697e-06,66
18.6641120910645,0.892881274223328,-0.580662965774536,-3.01123245662893e-05,66
18.714111328125,0.896734416484833,-0.582039833068848,0.0528225432865383,65
18.7641105651855,0.898917973041534,-0.582801699638367,0.00281730023402815,67
18.8141117095947,0.896450519561768,-0.581611096858978,7.35555512960673e-05,68
18.8266105651855,0.89619380235672,-0.581443607807159,0.000159290350438823,68
18.8453617095947,0.897291243076324,-0.581806123256683,0.000112438967562412,68
18.8734855651855,0.899423182010651,-0.582706272602081,0.024475445563894,68
18.9156742095947,0.902588069438934,-0.584665954113007,6.655864365257e-05,71
18.9281730651855,0.902705788612366,-0.585290253162384,0.000220425929455814,71
18.9469242095947,0.90213006734848,-0.585748016834259,0.0218575615469945,68
18.9750480651855,0.903105556964874,-0.586481153964996,-0.0123505888095679,69
19.0172367095947,0.904017150402069,-0.587310969829559,-0.00233310955786692,69
19.0672359466553,0.901256620883942,-0.587859690189362,-1.69483469107945e-05,69
19.1172370910645,0.897840619087219,-0.587914884090424,0.178688826541247,67
19.167236328125,0.91267329454422,-0.591909646987915,0.00211003170170443,66
19.2172355651855,0.915915429592133,-0.592855155467987,8.73916308137268e-05,66
19.2672367095947,0.919418334960938,-0.593641102313995,-2.03917348358118e-05,66
19.3172359466553,0.922622501850128,-0.594236075878143,4.70146732709509e-05,66
19.3672370910645,0.925120413303375,-0.5945183634758,0.000161249649295314,64
19.417236328125,0.926109433174133,-0.59422105550766,-0.0293594788554401,64
19.4672355651855,0.923411071300507,-0.592725038528442,-0.00175331803855805,64
19.5172367095947,0.918845355510712,-0.590987861156464,0.00135423849201288,64
19.5672359466553,0.914416074752808,-0.589092791080475,0.00825848645058613,63
19.6172370910645,0.910144150257111,-0.586664438247681,0.000627765387378076,62
19.667236328125,0.905163168907166,-0.584089756011963,-3.9940723354448e-05,61
19.7172355651855,0.900164783000946,-0.581893265247345,-6.89197713654721e-06,61
19.7672367095947,0.895255267620087,-0.579951226711273,-3.7984626146681e-06,61
19.8172359466553,0.890531063079834,-0.578249037265778,2.88320013908105e-06,61
19.8672370910645,0.886082470417023,-0.576803803443909,-3.41316982144235e-06,61
19.917236328125,0.881996989250183,-0.575642049312592,4.40364033238438e-06,61
19.9672355651855,0.878361284732819,-0.57479065656662,7.88786462635471e-06,61
20.0172367095947,0.875259459018707,-0.574268877506256,1.74060095901041e-05,61
20.0672359466553,0.872772693634033,-0.574077904224396,-0.000259225680309783,61
20.1172370910645,0.871015787124634,-0.574175357818604,-0.0025541418114301,59
20.167236328125,0.872866749763489,-0.57404899597168,0.000146042249411948,59
20.2172355651855,0.875727951526642,-0.574134707450867,-1.06418168002165e-05,59
20.2672367095947,0.879084944725037,-0.574567377567291,-6.01004694544827e-06,59
20.3172359466553,0.882891893386841,-0.575326323509216,-4.83887578184294e-06,59
20.3672370910645,0.887091219425201,-0.57638293504715,-4.40657350964102e-06,60
20.417236328125,0.891617655754089,-0.577704310417175,-3.94721439533896e-06,60
20.4672355651855,0.896400272846222,-0.579254627227783,-3.9699481817479e-06,60
20.5172367095947,0.901360690593719,-0.580996155738831,-8.71874476615631e-06,60
20.5672359466553,0.906401216983795,-0.582888066768646,0.000674699233087495,60
20.6172370910645,0.911301136016846,-0.584861874580383,0.000169879080203827,62
20.667236328125,0.910901606082916,-0.585087537765503,-3.89357628591824e-05,62
20.7172355651855,0.906603932380676,-0.583610475063324,-1.6393825205796e-05,62
20.7672367095947,0.901988685131073,-0.582050859928131,-9.94314223135007e-06,62
20.8172359466553,0.897312343120575,-0.580540120601654,-8.77133294352461e-06,62
20.8672370910645,0.892704248428345,-0.579148828983307,-1.08433121113194e-05,62
20.917236328125,0.888254165649414,-0.577930510044098,-1.22807085176646e-05,61
20.9672355651855,0.884038984775543,-0.576936364173889,-1.03438793530586e-05,61
21.0172367095947,0.880147874355316,-0.576220393180847,-1.63594160085268e-05,62
21.0672359466553,0.876679301261902,-0.575825870037079,-1.07893927179248e-05,62
21.1172370910645,0.873704195022583,-0.575773537158966,-7.56358213038766e-06,62
21.167236328125,0.871264815330505,-0.576071679592133,-6.97924423320728e-06,62
21.2172355651855,0.869382619857788,-0.576721489429474,-1.84496408337509e-05,63
21.2672367095947,0.868057012557983,-0.577718138694763,0.00181242193758635,64
21.3172359466553,0.867239892482758,-0.579033017158508,-4.4828463956037e-05,64
21.3297367095947,0.867097437381744,-0.579346537590027,-0.000434008415140852,65
21.3484859466553,0.866947591304779,-0.579387784004211,8.1914927420712e-05,66
21.3766117095947,0.867014825344086,-0.578876912593842,2.90217845417828e-05,66
21.4187984466553,0.867496490478516,-0.578034937381744,1.51339061176259e-05,65
21.4687995910645,0.868617355823517,-0.577219426631927,7.08205055843791e-06,65
21.518798828125,0.870312750339508,-0.576698660850525,4.69214052145617e-06,65
21.5687980651855,0.872558295726776,-0.576501786708832,6.60750743008975e-06,65
21.6187992095947,0.875329494476318,-0.576633274555206,-0.000289625403922855,65
21.6687984466553,0.878596842288971,-0.577087342739105,-0.000348850092962039,64
21.7187995910645,0.88231635093689,-0.577853858470917,-5.79604721906435e-06,64
21.768798828125,0.886431336402893,-0.578913271427155,-4.93607927865014e-06,64
21.8187980651855,0.890868782997131,-0.580242335796356,-5.3173941410023e-06,64
21.8687992095947,0.895542621612549,-0.58181494474411,-9.63029560807627e-06,64
21.9187984466553,0.900336980819702,-0.583602726459503,-0.000218345829352984,64
21.9687995910645,0.904987692832947,-0.585546135902405,-2.1124176498688e-05,65
21.9812984466553,0.905910849571228,-0.585975289344788,-0.00296835550011565,63
22.0000495910645,0.905321836471558,-0.585781395435333,-0.000154498247837864,63
22.0281734466553,0.903063118457794,-0.584851145744324,-5.80163034840098e-05,63
22.0703620910645,0.899351358413696,-0.583403050899506,-1.5893080785645e-05,63
22.120361328125,0.894840598106384,-0.581771433353424,-1.24073204688102e-05,63
22.1703605651855,0.89037811756134,-0.580293118953705,-1.12332187427455e-05,61
22.2203617095947,0.886072754859924,-0.579009652137756,-1.9168730148067e-05,62
22.2703609466553,0.88200980424881,-0.577957212924957,-8.61743569657847e-06,62
22.3203620910645,0.87826132774353,-0.577167272567749,-7.24019184872304e-06,62
22.370361328125,0.874887645244598,-0.576668500900269,-6.39331528873299e-06,63
22.4203605651855,0.871939122676849,-0.576485693454742,-5.79300689196316e-06,63
22.4703617095947,0.869458377361298,-0.576640725135803,-6.60079939507341e-06,63
22.5203609466553,0.86748343706131,-0.577151715755463,-6.97774294167175e-06,63
22.5703620910645,0.866047203540802,-0.578029274940491,6.73320615440787e-06,63
22.620361328125,0.86517196893692,-0.579272449016571,8.09022288628114e-06,63
22.6703605651855,0.864861965179443,-0.580864071846008,-9.94935356857241e-06,62
22.7203617095947,0.865096390247345,-0.582767605781555,-1.89622730886185e-05,62
22.7703609466553,0.865822374820709,-0.584922611713409,-5.34319975713515e-05,62
22.8203620910645,0.866938650608063,-0.587234914302826,-0.000213443934512725,62
22.870361328125,0.868235409259796,-0.58952808380127,0.00153050357928919,62
22.9203605651855,0.869160890579224,-0.591261029243469,0.00285203137792678,63
22.9703617095947,0.868712544441223,-0.591189503669739,0.000298005801653289,64
23.0203609466553,0.867017388343811,-0.58931165933609,-0.000537755061145617,64
23.0703620910645,0.865080833435059,-0.586981892585754,-0.000546174258488463,64
23.120361328125,0.863392770290375,-0.584940314292908,-0.00136840123485626,64
23.1703605651855,0.862458944320679,-0.58380651473999,4.84347092992721e-05,64
23.2203617095947,0.861674547195435,-0.582628428936005,-2.69805106540844e-05,64
23.2703609466553,0.860926032066345,-0.581112504005432,3.34249058511205e-05,64
23.3203620910645,0.860450744628906,-0.579477071762085,-2.0755024081609e-05,65
23.370361328125,0.86043655872345,-0.577936232089996,-nan(ind),-nan(ind)
