Intel Core i7-6700
Windows 10 Enterprise, 19045
2020, 163176
2133 MHz, DDR3
#MNA
0.0,0.0,0.0,-5.0746962187986355e-11,0
0.029999999329447746,0.029999999329447746,-0.037375472486019135,1.0803091754496563e-10,0
0.05999999865889549,0.05999999865889549,-0.07475094497203827,1.6444801076431759e-10,0
0.09000000357627869,0.09000000357627869,-0.1121264174580574,2.1998403099132702e-10,0
0.11999999731779099,0.11999999731779099,-0.14950188994407654,2.751221472863108e-10,0
0.15000000596046448,0.15000000596046448,-0.18687736988067627,3.275317794759758e-10,0
0.18000000715255737,0.18000000715255737,-0.2242528349161148,3.8892267184564844e-10,0
0.20999999344348907,0.20999999344348907,-0.26162829995155334,4.376943252282217e-10,0
0.23999999463558197,0.23999999463558197,-0.2990037798881531,4.902176442556083e-10,0
0.27000001072883606,0.27000001072883606,-0.3363792598247528,5.513811629498377e-10,0
0.30000001192092896,0.30000001192092896,-0.37375473976135254,6.000391294946894e-10,0
0.33000001311302185,0.33000001311302185,-0.41113021969795227,6.523350748466328e-10,0
0.36000001430511475,0.36000001430511475,-0.4485056698322296,6.955360731808469e-10,0
0.38999998569488525,0.38999998569488525,-0.48588114976882935,7.428297976730391e-10,0
0.41999998688697815,0.41999998688697815,-0.5232565999031067,8.012648322619498e-10,0
0.44999998807907104,0.44999998807907104,-0.5606321096420288,8.59245119499974e-10,0
0.47999998927116394,0.47999998927116394,-0.5980075597763062,9.09267328097485e-10,0
0.5099999904632568,0.5099999904632568,-0.6353830695152283,9.63154889177531e-10,0
0.5400000214576721,0.5400000214576721,-0.6727585196495056,1.0145413398277014e-09,0
0.5699999928474426,0.5699999928474426,-0.710133969783783,1.057287590811029e-09,0
0.6000000238418579,0.6000000238418579,-0.7475094795227051,1.1118572729174048e-09,0
0.6299999952316284,0.6299999952316284,-0.7848849296569824,1.1609699868131429e-09,0
0.6600000262260437,0.6600000262260437,-0.8222604393959045,1.19734977488406e-09,0
0.6899999976158142,0.6899999976158142,-0.8596358895301819,1.2400960258673877e-09,0
0.7200000286102295,0.7200000286102295,-0.8970113396644592,1.2882992450613528e-09,0
0.75,0.75,-0.9343868494033813,1.3437784218695015e-09,0
0.7799999713897705,0.7799999713897705,-0.9717622995376587,6.65899557716898e-11,0
0.8100000023841858,0.809970498085022,-1.0091204643249512,-9.205950846080668e-08,0
0.8399999737739563,0.83989417552948,-1.0464497804641724,-7.157677828217857e-08,0
0.8700000047683716,0.8698173761367798,-1.083778738975525,6.693881005048752e-10,0
0.8999999761581421,0.8997344970703125,-1.1211084127426147,-4.676979642681545e-06,0
0.9300000071525574,0.9292067289352417,-1.158257007598877,0.0005631894855469,0
0.9599999785423279,0.9578032493591309,-1.1950324773788452,2.6328330022806767e-06,0
0.9900000095367432,0.9823219180107117,-1.229026198387146,-0.031545282290608156,0
0.9975000023841858,0.9866238236427307,-1.2360438108444214,-0.05331953889253782,0
1.0087499618530273,0.9904767870903015,-1.2440990209579468,-0.28415402980226645,0
1.0256249904632568,0.9937587380409241,-1.2541838884353638,0.007285399451575358,0
1.050937533378601,0.9960228800773621,-1.266857624053955,-0.004471182807719742,0
1.0809375047683716,0.9974097013473511,-1.281259298324585,-0.010651920140844595,0
1.110937476158142,0.9982014298439026,-1.295716404914856,0.01801714751900363,0
1.1409374475479126,0.99857497215271,-1.309648036956787,-0.014307337058198755,0
1.1709375381469727,0.9988479614257812,-1.3240314722061157,-0.0022198423566806014,0
1.2009375095367432,0.9990594387054443,-1.3391081094741821,-0.026791857016633003,0
1.2309374809265137,0.9992214441299438,-1.3547561168670654,0.22696120835189504,0
1.2609374523162842,0.9993414878845215,-1.3707189559936523,0.0016131112292896432,0
1.2909375429153442,0.999417781829834,-1.3868582248687744,-0.0005357148020266322,0
1.3209375143051147,0.9994840025901794,-1.4035816192626953,-0.004238272198563209,0
1.3509374856948853,0.9995447397232056,-1.4204005002975464,-0.0006596160251319816,0
1.3809374570846558,0.9995912313461304,-1.4377375841140747,0.00249221194508209,0
1.4109375476837158,0.9996318817138672,-1.455121397972107,-3.501677292661043e-05,0
1.4409375190734863,0.999667227268219,-1.4732134342193604,-1.4243305031413911e-05,0
1.4709374904632568,0.9997006058692932,-1.4919508695602417,-0.00018693041511141928,0
1.5009374618530273,0.9997289180755615,-1.5111082792282104,0.0016716238392291416,0
1.5084375143051147,0.9997358918190002,-1.5154383182525635,-0.0016615841868770076,0
1.5159374475479126,0.9997426271438599,-1.5197616815567017,-0.0016551443331991322,0
1.5234375,0.9997493028640747,-1.5240848064422607,-0.0016464648210785526,0
1.5309375524520874,0.999755859375,-1.528410792350769,0.001866529002199968,0
1.5384374856948853,0.9997617602348328,-1.5329055786132812,0.001797242397969967,0
1.5459375381469727,0.9997677803039551,-1.537369966506958,0.0017858380429061071,0
1.5534374713897705,0.9997737407684326,-1.5418205261230469,0.0017883525729303074,0
1.560937523841858,0.9997796416282654,-1.5462778806686401,0.0017865602485471754,0
1.5684374570846558,0.9997854828834534,-1.5507370233535767,2.2327523163667706e-10,0
1.568906307220459,0.9728879928588867,-1.5172268152236938,-2.2843227309721215e-10,0
1.5693750381469727,0.9727707505226135,-1.5170809030532837,-2.569782442396473e-10,0
1.5700781345367432,0.9725949764251709,-1.516861915588379,-2.787508557311469e-10,0
1.571132779121399,0.9723313450813293,-1.516533374786377,3.16774079189841e-10,0
1.5727148056030273,0.9719358086585999,-1.5160406827926636,-2.954735622839877e-10,0
1.5750879049301147,0.9713425636291504,-1.5153014659881592,2.9434304646414056e-10,0
1.578647494316101,0.9704526662826538,-1.514192819595337,-3.031602469061312e-10,0
1.583986759185791,0.9691178202629089,-1.5125298500061035,3.1112368237273813e-10,0
1.5919958353042603,0.967115581035614,-1.5100352764129639,3.686335264818652e-10,0
1.6040093898773193,0.9641121625900269,-1.506293535232544,-3.238059542720606e-10,0
1.6220297813415527,0.9596071243286133,-1.500680923461914,3.194214059920597e-10,0
1.6490602493286133,0.9528494477272034,-1.4922618865966797,3.543376425607647e-10,0
1.6790602207183838,0.9453494548797607,-1.4829180240631104,4.1539571782323037e-10,0
1.7090601921081543,0.9378494620323181,-1.473574161529541,4.2537220967808764e-10,0
1.7390601634979248,0.9303494691848755,-1.4642302989959717,-4.318815582937674e-10,0
1.7690602540969849,0.9228494763374329,-1.4548864364624023,-4.894951388667579e-10,0
1.7990602254867554,0.9153494834899902,-1.445542573928833,-5.729816343613692e-10,0
1.8290601968765259,0.9078494906425476,-1.4361987113952637,-6.691688869686629e-10,0
1.8590601682662964,0.900349497795105,-1.4268548488616943,-7.711561389456278e-10,0
1.8890602588653564,0.8928495049476624,-1.417510986328125,-8.413513219451829e-10,0
1.919060230255127,0.885349452495575,-1.4081671237945557,-8.212041047173102e-10,0
1.9490602016448975,0.8778494596481323,-1.3988232612609863,-9.385023314045782e-10,0
1.979060173034668,0.8703494668006897,-1.389479398727417,-9.958739943805028e-10,0
2.0090601444244385,0.8628494739532471,-1.3801355361938477,-1.1140698363831802e-09,0
2.039060115814209,0.8553494811058044,-1.3707916736602783,-1.2093768209098243e-09,0
2.0690603256225586,0.8478494882583618,-1.361447811126709,-1.275333505468268e-09,0
2.099060297012329,0.8403494954109192,-1.3521039485931396,-1.3093854889234535e-09,0
2.1290602684020996,0.8328495025634766,-1.3427600860595703,-1.3307429047593189e-09,0
2.15906023979187,0.8253494501113892,-1.3334161043167114,-1.3814208665863248e-09,0
2.1890602111816406,0.8178494572639465,-1.324072241783142,-1.6046892148402492e-09,0
2.219060182571411,0.8103494644165039,-1.3147283792495728,-1.5055161006749529e-09,0
2.2490601539611816,0.8028494715690613,-1.3053845167160034,-1.7322943635100785e-09,0
2.279060125350952,0.7953494787216187,-1.296040654182434,-1.7114651917893298e-09,0
2.3090600967407227,0.787849485874176,-1.2866967916488647,-1.8413251479110215e-09,0
2.3390603065490723,0.7803494930267334,-1.2773529291152954,-1.8828076320254183e-09,0
2.3690602779388428,0.7728495001792908,-1.268009066581726,-1.9615077340162657e-09,0
2.3990602493286133,0.7653494477272034,-1.2586652040481567,-1.954979900187226e-09,0
2.429060220718384,0.7578494548797607,-1.2493213415145874,-2.021630418624909e-09,0
2.4590601921081543,0.7503494620323181,-1.239977478981018,-2.126299469829007e-09,0
2.489060163497925,0.7428494691848755,-1.2306336164474487,-2.261190179542183e-09,0
2.5190601348876953,0.7353494763374329,-1.2212897539138794,-2.242989127765327e-09,0
2.549060106277466,0.7278494834899902,-1.21194589138031,-2.3795163617279513e-09,0
2.5790603160858154,0.7203494906425476,-1.2026020288467407,-2.4597873182763408e-09,0
2.609060287475586,0.712849497795105,-1.1932581663131714,-2.441419788556942e-09,0
2.6390602588653564,0.7053495049476624,-1.183914303779602,-2.540940624573551e-09,0
2.669060230255127,0.697849452495575,-1.1745704412460327,-2.6059124302868497e-09,0
2.6990602016448975,0.6903494596481323,-1.1652265787124634,-2.772151508345644e-09,0
2.729060173034668,0.6828494668006897,-1.155882716178894,-2.7857842144207723e-09,0
2.7590601444244385,0.6753494739532471,-1.1465388536453247,-2.863405623720894e-09,0
2.789060115814209,0.6678494811058044,-1.1371948719024658,-2.8822277897688764e-09,0
2.8190603256225586,0.6603494882583618,-1.1278510093688965,-3.0506221437853753e-09,0
2.849060297012329,0.6528494954109192,-1.1185071468353271,-3.0930007999252496e-09,0
2.8790602684020996,0.6453495025634766,-1.1091632843017578,-3.1200483308069238e-09,0
2.90906023979187,0.6378494501113892,-1.0998194217681885,-3.1984805914930803e-09,0
2.9390602111816406,0.6303494572639465,-1.0904755592346191,-3.278636862003026e-09,0
2.969060182571411,0.6228494644165039,-1.0811316967010498,-3.4113407099134463e-09,0
2.9990601539611816,0.6153494715690613,-1.0717878341674805,-3.340854259903381e-09,0
3.029060125350952,0.6078494787216187,-1.0624439716339111,-3.498534240087281e-09,0
3.0590600967407227,0.600349485874176,-1.0531001091003418,-3.549265770175225e-09,0
3.0890603065490723,0.5928494930267334,-1.0437562465667725,-3.6834876815383666e-09,0
3.1190602779388428,0.5853495001792908,-1.0344123840332031,-3.6609097975315308e-09,0
3.1490602493286133,0.5778494477272034,-1.0250685214996338,-3.741861875905528e-09,0
3.179060220718384,0.5703494548797607,-1.0157246589660645,-3.8060982143761635e-09,0
3.2090601921081543,0.5628494620323181,-1.0063807964324951,-3.930939296292735e-09,0
3.239060163497925,0.5553494691848755,-0.997036874294281,-3.963963435271722e-09,0
3.2690601348876953,0.5478494763374329,-0.9876930117607117,-4.023986088785847e-09,0
3.299060106277466,0.5403494834899902,-0.9783491492271423,-4.18264994861417e-09,0
3.3290603160858154,0.5328494906425476,-0.969005286693573,-4.170195522235076e-09,0
3.359060287475586,0.525349497795105,-0.9596614241600037,-4.243720430618936e-09,0
3.3890602588653564,0.5178495049476624,-0.9503175616264343,-4.315442392321955e-09,0
3.419060230255127,0.510349452495575,-0.940973699092865,-4.403183151424628e-09,0
3.4490602016448975,0.5028494596481323,-0.9316298365592957,-4.442979761876131e-09,0
3.479060173034668,0.4953494668006897,-0.9222859740257263,-4.460198710365404e-09,0
3.5090601444244385,0.48784947395324707,-0.912942111492157,-4.5186411834485796e-09,0
3.539060115814209,0.48034948110580444,-0.9035981893539429,-4.556629573659876e-09,0
3.5690603256225586,0.4728494882583618,-0.8942543268203735,-4.6900401340366216e-09,0
3.599060297012329,0.4653494656085968,-0.8849104642868042,-4.710507539584796e-09,0
3.6290602684020996,0.4578494727611542,-0.8755666017532349,-4.842135248317447e-09,0
3.65906023979187,0.45034947991371155,-0.8662227392196655,-4.975445333510464e-09,0
3.6890602111816406,0.4428494870662689,-0.8568788766860962,-5.074528741655371e-09,0
3.719060182571411,0.4353494644165039,-0.8475350141525269,-5.012671666637658e-09,0
3.7490601539611816,0.4278494715690613,-0.8381911516189575,-5.092800792194652e-09,0
3.779060125350952,0.42034947872161865,-0.8288472890853882,-5.139236869400321e-09,0
3.8090600967407227,0.412849485874176,-0.8195034265518188,-5.2725108723450376e-09,0
3.8390603065490723,0.405349463224411,-0.8101595640182495,-5.321489193743645e-09,0
3.8690602779388428,0.3978494703769684,-0.8008156418800354,-5.334537589440913e-09,0
3.8990602493286133,0.39034947752952576,-0.7914717793464661,-5.473476838435687e-09,0
3.929060220718384,0.38284948468208313,-0.7821279168128967,-5.527037882924191e-09,0
3.9590601921081543,0.3753494620323181,-0.7727840542793274,-5.575154227166479e-09,0
3.989060163497925,0.3678494691848755,-0.7634401917457581,-5.732714136730266e-09,0
4.019060134887695,0.36034947633743286,-0.7540963292121887,-5.738935937582568e-09,0
4.049060344696045,0.35284948348999023,-0.7447524666786194,-5.776999933981841e-09,0
4.079060077667236,0.3453494608402252,-0.73540860414505,-5.903579958221883e-09,0
4.109060287475586,0.3378494679927826,-0.7260647416114807,-5.980462514099116e-09,0
4.139060020446777,0.33034947514533997,-0.7167208790779114,-5.9310860667238785e-09,0
4.169060230255127,0.32284948229789734,-0.7073769569396973,-6.082055026279676e-09,0
4.199060440063477,0.3153494894504547,-0.6980330944061279,-6.116800621569496e-09,0
4.229060173034668,0.3078494668006897,-0.6886892318725586,-6.1069634349486535e-09,0
4.259060382843018,0.30034947395324707,-0.6793453693389893,-6.1620149538477165e-09,0
4.289060115814209,0.29284948110580444,-0.6700015068054199,-6.131018914778963e-09,0
4.319060325622559,0.2853494882583618,-0.6606576442718506,-6.29203189550509e-09,0
4.34906005859375,0.2778494656085968,-0.6513137817382812,-6.32268826183946e-09,0
4.3790602684021,0.2703494727611542,-0.6419699192047119,-6.462667512252551e-09,0
4.409060001373291,0.26284947991371155,-0.6326260566711426,-6.543642183665099e-09,0
4.439060211181641,0.2553494870662689,-0.6232821941375732,-6.5878463240132135e-09,0
4.46906042098999,0.2478494793176651,-0.6139382719993591,-6.586371503747301e-09,0
4.499060153961182,0.24034947156906128,-0.6045944094657898,-6.517381800907884e-09,0
4.529060363769531,0.23284947872161865,-0.5952505469322205,-6.632167981468484e-09,0
4.559060096740723,0.22534947097301483,-0.5859066843986511,-6.7401371151021294e-09,0
4.589060306549072,0.2178494781255722,-0.5765628218650818,-6.7480452337065344e-09,0
4.619060039520264,0.21034947037696838,-0.5672189593315125,-6.769979521425995e-09,0
4.649060249328613,0.20284947752952576,-0.5578750967979431,-6.917759032276649e-09,0
4.679059982299805,0.19534946978092194,-0.5485312342643738,-6.92803664437136e-09,0
4.709060192108154,0.1878494769334793,-0.5391873717308044,-6.901288429617125e-09,0
4.739060401916504,0.1803494691848755,-0.5298435091972351,-6.87191087367367e-09,0
4.769060134887695,0.17284947633743286,-0.5204996466636658,-6.978100319798841e-09,0
4.799060344696045,0.16534946858882904,-0.5111557245254517,-7.059087370198114e-09,0
4.829060077667236,0.1578494757413864,-0.5018118619918823,-7.23682813674742e-09,0
4.859060287475586,0.1503494828939438,-0.492467999458313,-7.281691027927195e-09,0
4.889060020446777,0.14284947514533997,-0.48312413692474365,-7.335797080898487e-09,0
4.919060230255127,0.13534948229789734,-0.4737802743911743,-7.453857087114102e-09,0
4.949060440063477,0.12784947454929352,-0.464436411857605,-7.396649293056612e-09,0
4.979060173034668,0.1203494742512703,-0.45509254932403564,-7.520707168140461e-09,0
5.009060382843018,0.11284947395324707,-0.4457486569881439,-7.57211515711731e-09,0
5.039060115814209,0.10534947365522385,-0.4364047944545746,-7.716281502645472e-09,0
5.069060325622559,0.09784947335720062,-0.42706093192100525,-7.794804801619648e-09,0
5.09906005859375,0.0903494730591774,-0.4177170693874359,-7.743313767960558e-09,0
5.1290602684021,0.08284947276115417,-0.4083732068538666,-7.76298125781949e-09,0
5.159060001373291,0.07534947246313095,-0.39902931451797485,-7.767372633971092e-09,0
5.189060211181641,0.06784947216510773,-0.3896854519844055,-7.725169171024504e-09,0
5.21906042098999,0.0603494755923748,-0.3803415894508362,-7.70013242057388e-09,0
5.249060153961182,0.05284947529435158,-0.37099772691726685,-7.714550886994687e-09,0
5.279060363769531,0.045349474996328354,-0.3616538643836975,-7.663756962372759e-09,0
5.309060096740723,0.03784947469830513,-0.3523099720478058,-7.691296488587795e-09,0
5.339060306549072,0.030349476262927055,-0.34296610951423645,-7.579653904521422e-09,0
5.369060039520264,0.02284947596490383,-0.3336222469806671,-7.583357941598479e-09,0
5.399060249328613,0.015349475666880608,-0.3242783844470978,-7.60428553459036e-09,0
5.429059982299805,0.007849475368857384,-0.31493452191352844,-7.61189855591482e-09,0
5.459060192108154,0.0003494755655992776,-0.3055906593799591,-7.585070571636265e-09,0
5.489060401916504,-0.007150524295866489,-0.2962467670440674,-7.602280249763282e-09,0
5.519060134887695,-0.014650524593889713,-0.28690290451049805,-7.541455238069261e-09,0
5.549060344696045,-0.022150523960590363,-0.2775590419769287,-7.543839330992341e-09,0
5.579060077667236,-0.029650524258613586,-0.2682151794433594,-7.4880133205113e-09,0
5.609060287475586,-0.03715052455663681,-0.25887131690979004,-7.464626250452966e-09,0
5.639060020446777,-0.044650524854660034,-0.2495274394750595,-7.477348740181355e-09,0
5.669060230255127,-0.05215052515268326,-0.24018356204032898,-7.45272354940596e-09,0
5.699060440063477,-0.05965052545070648,-0.23083969950675964,-7.435171700542753e-09,0
5.729060173034668,-0.0671505257487297,-0.2214958369731903,-7.378838762228668e-09,0
5.759060382843018,-0.07465052604675293,-0.21215195953845978,-7.349261976763444e-09,0
5.789060115814209,-0.08215052634477615,-0.20280809700489044,-7.3956110124839824e-09,0
5.819060325622559,-0.08965052664279938,-0.1934642195701599,-7.388150313758501e-09,0
5.84906005859375,-0.0971505269408226,-0.18412035703659058,-7.3331830607870074e-09,0
5.8790602684021,-0.10465052723884583,-0.17477649450302124,-7.288390224680086e-09,0
5.909060001373291,-0.11215052753686905,-0.1654326170682907,-7.364509224672133e-09,0
5.939060211181641,-0.11965052783489227,-0.15608875453472137,-7.273563973342334e-09,0
5.96906042098999,-0.1271505206823349,-0.14674487709999084,-7.293124659746297e-09,0
5.999060153961182,-0.13465052843093872,-0.1374010145664215,-7.335854368406558e-09,0
6.029060363769531,-0.14215052127838135,-0.12805715203285217,-7.294032711158138e-09,0
6.059060096740723,-0.14965052902698517,-0.11871328204870224,-7.271268032127409e-09,0
6.089060306549072,-0.1571505218744278,-0.10936941206455231,-7.262388801443365e-09,0
6.119060039520264,-0.16465052962303162,-0.10002554208040237,-7.2591311850445095e-09,0
6.149060249328613,-0.17215052247047424,-0.09068167209625244,-7.174043248348028e-09,0
6.179059982299805,-0.17965053021907806,-0.08133780211210251,-7.280895331085446e-09,0
6.209060192108154,-0.1871505230665207,-0.07199393957853317,-7.192740625328042e-09,0
6.239060401916504,-0.1946505308151245,-0.06265006959438324,-7.252507483457293e-09,0
6.269060134887695,-0.20215052366256714,-0.05330619961023331,-7.184465689036301e-09,0
6.299060344696045,-0.20965053141117096,-0.04396233335137367,-7.139960733759665e-09,0
6.329060077667236,-0.2171505242586136,-0.03461846336722374,-7.135315005513121e-09,0
6.359060287475586,-0.2246505171060562,-0.025274595245718956,-7.177222705045949e-09,0
6.389060020446777,-0.23215052485466003,-0.015930727124214172,-7.116999767298182e-09,0
6.419060230255127,-0.23965051770210266,-0.006586858537048101,-7.099795529263986e-09,0
6.449060440063477,-0.24715052545070648,0.002757009817287326,-7.104387522716138e-09,0
6.479060173034668,-0.2546505331993103,0.012100878171622753,-7.054415829266247e-09,0
6.509060382843018,-0.26215052604675293,0.02144474722445011,-7.0796432050102e-09,0
6.539060115814209,-0.26965051889419556,0.030788615345954895,-7.076160546404253e-09,0
6.569060325622559,-0.2771505117416382,0.04013248160481453,-7.084460129647141e-09,0
6.59906005859375,-0.2846505343914032,0.04947635158896446,-7.075529717681661e-09,0
6.6290602684021,-0.2921505272388458,0.058820221573114395,-7.078533537097087e-09,0
6.659060001373291,-0.29965052008628845,0.06816408783197403,-7.067538887461922e-09,0
6.689060211181641,-0.3071505129337311,0.07750795781612396,-7.0551556818898575e-09,0
6.71906042098999,-0.3146505355834961,0.0868518278002739,-7.049670736058999e-09,0
6.749060153961182,-0.3221505284309387,0.09619569033384323,-7.037081029004355e-09,0
6.779060363769531,-0.32965052127838135,0.10553956031799316,-7.041108363026183e-09,0
6.809060096740723,-0.337150514125824,0.1148834303021431,-7.0339253310791605e-09,0
6.839060306549072,-0.344650536775589,0.12422730028629303,-7.020193870665992e-09,0
6.869060039520264,-0.3521505296230316,0.13357116281986237,-7.000401258672184e-09,0
6.899060249328613,-0.35965052247047424,0.1429150402545929,-7.03952485192616e-09,0
6.929059982299805,-0.36715051531791687,0.15225890278816223,-7.018909231604198e-09,0
6.959060192108154,-0.3746505379676819,0.16160276532173157,-7.000181323491006e-09,0
6.989060401916504,-0.3821505308151245,0.1709466427564621,-7.004807178745409e-09,0
7.019060134887695,-0.38965052366256714,0.18029050529003143,-6.962931675680295e-09,0
7.049060344696045,-0.39715051651000977,0.18963438272476196,-6.965419907523085e-09,0
7.079060077667236,-0.4046505391597748,0.1989782452583313,-6.905160221393203e-09,0
7.109060287475586,-0.4121505320072174,0.20832210779190063,-6.933652763052578e-09,0
7.139060020446777,-0.41965052485466003,0.21766598522663116,-6.903378202416377e-09,0
7.169060230255127,-0.42715051770210266,0.2270098477602005,-6.89093759831394e-09,0
7.199060440063477,-0.4346505105495453,0.23635372519493103,-6.821853415495127e-09,0
7.229060173034668,-0.4421505331993103,0.24569758772850037,-6.839414479209438e-09,0
7.259060382843018,-0.44965052604675293,0.2550414502620697,-6.8160841415476625e-09,0
7.289060115814209,-0.45715051889419556,0.26438531279563904,-6.870300994776812e-09,0
7.319060325622559,-0.4646505117416382,0.27372920513153076,-6.8727720181627205e-09,0
7.34906005859375,-0.4721505343914032,0.2830730676651001,-6.823932530153343e-09,0
7.3790602684021,-0.4796505272388458,0.29241693019866943,-6.808213437459187e-09,0
7.409060001373291,-0.48715052008628845,0.30176079273223877,-6.772358340789708e-09,0
7.439060211181641,-0.4946505129337311,0.3111046552658081,-6.789607875923309e-09,0
7.46906042098999,-0.5021505355834961,0.32044854760169983,-6.733214430454382e-09,0
7.499060153961182,-0.5096505284309387,0.32979241013526917,-6.7633663114463616e-09,0
7.529060363769531,-0.5171505212783813,0.3391362726688385,-6.733296364913599e-09,0
7.559060096740723,-0.524650514125824,0.34848013520240784,-6.688119169595552e-09,0
7.589060306549072,-0.5321505069732666,0.3578239977359772,-6.691479925713395e-09,0
7.619060039520264,-0.5396504998207092,0.3671678602695465,-6.701411980891692e-09,0
7.649060249328613,-0.5471505522727966,0.37651175260543823,-6.647004502369214e-09,0
7.679059982299805,-0.5546505451202393,0.38585561513900757,-6.649646167034007e-09,0
7.709060192108154,-0.5621505379676819,0.3951994776725769,-6.6202169302087555e-09,0
7.739060401916504,-0.5696505308151245,0.40454334020614624,-6.605370028722746e-09,0
7.769060134887695,-0.5771505236625671,0.4138872027397156,-6.578743105833951e-09,0
7.799060344696045,-0.5846505165100098,0.4232310950756073,-1.243279257323593e-09,0
7.829060077667236,-0.59213787317276,0.4325675368309021,-8.8789875007933e-08,0
7.859060287475586,-0.5996202826499939,0.44190075993537903,-9.720952220959589e-08,0
7.889060020446777,-0.607102632522583,0.45123398303985596,-1.0561234375927597e-07,0
7.919060230255127,-0.6145849823951721,0.4605671465396881,-1.1412612366257235e-07,0
7.949060440063477,-0.6220672130584717,0.4699002802371979,-1.2272676030988805e-07,0
7.979060173034668,-0.6295494437217712,0.47923338413238525,-1.3138787835487165e-07,0
8.00905990600586,-0.637031614780426,0.48856645822525024,-1.4009174265083857e-07,0
8.039060592651367,-0.644513726234436,0.49789947271347046,-1.488124325987883e-07,0
8.069060325622559,-0.6519957780838013,0.5072324872016907,-1.5752902982058004e-07,0
8.09906005859375,-0.6594777703285217,0.5165655016899109,-1.6621970644337125e-07,0
8.129059791564941,-0.6669597029685974,0.5258983969688416,-1.7486627257312648e-07,0
8.15906047821045,-0.6744416356086731,0.535231351852417,-1.8345144781051204e-07,0
8.18906021118164,-0.681923508644104,0.5445642471313477,-1.919524947879836e-07,0
8.219059944152832,-0.6894053220748901,0.5538970828056335,-2.003548615903128e-07,0
8.24906063079834,-0.6968870759010315,0.5632299184799194,-2.086394488287624e-07,0
8.279060363769531,-0.7043688297271729,0.5725627541542053,-2.1679534256691113e-07,0
8.309060096740723,-0.7118504643440247,0.5818955302238464,-2.248057171527762e-07,0
8.339059829711914,-0.7193321585655212,0.5912282466888428,-2.3265465642907657e-07,0
8.369060516357422,-0.7268137335777283,0.6005609631538391,-2.4033261070144363e-07,0
8.399060249328613,-0.7342953085899353,0.6098936796188354,-2.47825028054649e-07,0
8.429059982299805,-0.7417768239974976,0.619226336479187,-2.551255420257803e-07,0
8.459060668945312,-0.749258279800415,0.6285589933395386,nan,nan
#GNA1
0.0,0.0,0.0,-7.114951960929261e-07,0
0.009999999776482582,0.00999870803207159,-0.006029327865689993,-6.19404074697627e-07,0
0.019999999552965164,0.01999480277299881,-0.012057479470968246,-6.199768556314211e-07,0
0.029999999329447746,0.029988249763846397,-0.018084440380334854,-6.994679395688763e-07,0
0.03999999910593033,0.039979007095098495,-0.02411019429564476,-6.922746678128533e-07,0
0.05000000074505806,0.04996704310178757,-0.03013472445309162,-7.605385583531188e-07,0
0.05999999865889549,0.05995230749249458,-0.036158014088869095,-6.672110615113525e-07,0
0.07000000029802322,0.06993477046489716,-0.04218004643917084,-7.008113414030959e-07,0
0.07999999821186066,0.07991437613964081,-0.048200804740190506,-7.478753758505263e-07,0
0.09000000357627869,0.08989108353853226,-0.05422027036547661,-7.333595846148455e-07,0
0.10000000149011612,0.09986485540866852,-0.06023842468857765,-7.168574498450653e-07,0
0.10999999940395355,0.10983563214540482,-0.06625524163246155,-7.159760571084917e-07,0
0.11999999731779099,0.11980336904525757,-0.0722707062959671,-6.515677881679949e-07,0
0.12999999523162842,0.1297680139541626,-0.07828480005264282,-7.380273672197291e-07,0
0.14000000059604645,0.13972951471805573,-0.08429748564958572,-6.853788079297374e-07,0
0.15000000596046448,0.14968779683113098,-0.0903087630867958,-6.782157697671209e-07,0
0.1599999964237213,0.15964283049106598,-0.09631858766078949,-7.098286829432254e-07,0
0.17000000178813934,0.16959454119205475,-0.10232693701982498,-6.172904676304825e-07,0
0.18000000715255737,0.17954285442829132,-0.10833379626274109,-6.309435178764033e-07,0
0.1899999976158142,0.18948772549629211,-0.11433912068605423,6.694322109979112e-07,0
0.20000000298023224,0.19942906498908997,-0.12034289538860321,6.181822413964255e-07,0
0.20999999344348907,0.2093668133020401,-0.12634508311748505,5.87479917157907e-07,0
0.2199999988079071,0.21930089592933655,-0.13234566152095795,6.560169936165039e-07,0
0.23000000417232513,0.22923122346401215,-0.13834457099437714,6.717282303725369e-07,0
0.23999999463558197,0.23915770649909973,-0.14434181153774261,8.506596032020752e-07,0
0.25,0.24908028542995453,-0.1503373235464096,8.382720579902525e-07,0
0.25999999046325684,0.258998841047287,-0.15633106231689453,8.232884738390567e-07,0
0.27000001072883606,0.26891326904296875,-0.1623230129480362,8.40513848743285e-07,0
0.2800000011920929,0.27882352471351624,-0.16831310093402863,8.33123408483516e-07,0
0.28999999165534973,0.2887294292449951,-0.17430131137371063,8.231126003011013e-07,0
0.30000001192092896,0.29863089323043823,-0.18028756976127625,9.780981145013357e-07,0
0.3100000023841858,0.3085278272628784,-0.18627183139324188,9.802070053410716e-07,0
0.3199999928474426,0.31842008233070374,-0.19225406646728516,1.0158993291042862e-06,0
0.33000001311302185,0.32830750942230225,-0.1982341706752777,1.0457202961333678e-06,0
0.3400000035762787,0.3381899893283844,-0.20421212911605835,1.155441083255937e-06,0
0.3499999940395355,0.34806737303733826,-0.2101878523826599,1.354019417476593e-06,0
0.36000001430511475,0.3579395115375519,-0.21616126596927643,1.5258691519193235e-06,0
0.3700000047683716,0.36780619621276855,-0.22213231027126312,1.7538714303100278e-06,0
0.3799999952316284,0.37766727805137634,-0.22810091078281403,1.9601451128892222e-06,0
0.38999998569488525,0.38752254843711853,-0.23406696319580078,2.2271678972174414e-06,0
0.4000000059604645,0.3973717987537384,-0.24003039300441742,2.63711856973714e-06,0
0.4099999964237213,0.40721485018730164,-0.2459910809993744,2.7637480286557548e-06,0
0.41999998688697815,0.41705143451690674,-0.2519489526748657,3.0486862101497536e-06,0
0.4300000071525574,0.4268812835216522,-0.2579038739204407,3.415302614939719e-06,0
0.4399999976158142,0.43670418858528137,-0.2638557553291321,3.806475518786101e-06,0
0.44999998807907104,0.44651979207992554,-0.2698044180870056,4.208357836432697e-06,0
0.46000000834465027,0.4563278257846832,-0.2757497727870941,4.679476973024066e-06,0
0.4699999988079071,0.4661279618740082,-0.28169164061546326,5.125635283320662e-06,0
0.47999998927116394,0.47591981291770935,-0.2876298427581787,5.729851864089142e-06,0
0.49000000953674316,0.4857029616832733,-0.29356423020362854,6.2916148522162985e-06,0
0.5,0.4954770505428314,-0.29949456453323364,6.908502570013297e-06,0
0.5099999904632568,0.5052415728569031,-0.3054206967353821,7.621518847145126e-06,0
0.5199999809265137,0.5149960517883301,-0.31134232878685,8.354856475989436e-06,0
0.5299999713897705,0.5247399210929871,-0.317259281873703,9.198094033990856e-06,0
0.5400000214576721,0.5344725847244263,-0.3231711983680725,1.0107509837098405e-05,0
0.550000011920929,0.5441934466362,-0.3290778398513794,1.1103156168701389e-05,0
0.5600000023841858,0.553901731967926,-0.3349788188934326,1.2103063625090726e-05,0
0.5699999928474426,0.5635966658592224,-0.3408738076686859,1.3200978685290465e-05,0
0.5799999833106995,0.573277473449707,-0.34676238894462585,1.4440283280237054e-05,0
0.5899999737739563,0.5829430818557739,-0.3526441156864166,1.5702669628581134e-05,0
0.6000000238418579,0.5925925970077515,-0.35851848125457764,1.713934042868459e-05,0
0.6100000143051147,0.6022248268127441,-0.3643849194049835,1.8714842752842742e-05,0
0.6200000047683716,0.6118384003639221,-0.3702428340911865,2.0316538979159304e-05,0
0.6299999952316284,0.6214320659637451,-0.37609153985977173,2.2127109446046234e-05,0
0.6399999856948853,0.6310041546821594,-0.38193029165267944,2.4039779532358807e-05,0
0.6499999761581421,0.6405529975891113,-0.38775819540023804,2.605490624318918e-05,0
0.6600000262260437,0.6500765681266785,-0.3935743272304535,2.8296884295286873e-05,0
0.6700000166893005,0.6595727801322937,-0.39937758445739746,3.0564761857476697e-05,0
0.6800000071525574,0.6690391898155212,-0.40516674518585205,3.312229586072135e-05,0
0.6899999976158142,0.6784730553627014,-0.4109404981136322,3.584349252605534e-05,0
0.699999988079071,0.6878713369369507,-0.41669729351997375,3.8733242718080874e-05,0
0.7099999785423279,0.6972305774688721,-0.42243534326553345,4.1767263496694795e-05,0
0.7200000286102295,0.7065469622612,-0.42815276980400085,4.502094617464536e-05,0
0.7300000190734863,0.715816080570221,-0.4338472783565521,4.85768663907038e-05,0
0.7400000095367432,0.7250330448150635,-0.4395163655281067,5.2302326821518363e-05,0
0.75,0.7341923713684082,-0.4451572299003601,5.6259387520185555e-05,0
0.7599999904632568,0.7432878017425537,-0.4507666230201721,6.0573928635676566e-05,0
0.7699999809265137,0.7523123025894165,-0.45634087920188904,6.522982971546298e-05,0
0.7799999713897705,0.761258065700531,-0.46187591552734375,7.04437742342634e-05,0
0.7900000214576721,0.7701161503791809,-0.4673670828342438,7.616120979037078e-05,0
0.800000011920929,0.778876781463623,-0.47280919551849365,8.264141717972961e-05,0
0.8100000023841858,0.7875289916992188,-0.47819647192955017,9.005711211784728e-05,0
0.8199999928474426,0.7960606813430786,-0.4835225045681,9.861742648809013e-05,0
0.8299999833106995,0.8044586777687073,-0.48878026008605957,0.00010857103922035094,0
0.8399999737739563,0.8127085566520691,-0.49396201968193054,0.00011995377008133801,0
0.8500000238418579,0.8207950592041016,-0.49905964732170105,0.00013307021998798518,0
0.8600000143051147,0.8287020325660706,-0.5040644407272339,0.00014775193278637744,0
0.8700000047683716,0.8364128470420837,-0.508967399597168,0.00016361908615181164,0
0.8799999952316284,0.8439106941223145,-0.5137594938278198,0.00018014079660133575,0
0.8899999856948853,0.8511791825294495,-0.5184318423271179,0.00019629625217021385,0
0.8999999761581421,0.8582026958465576,-0.5229759812355042,0.00021076454800095235,0
0.9100000262260437,0.8649671673774719,-0.5273844003677368,0.00022225981541623696,0
0.9200000166893005,0.871460497379303,-0.5316506624221802,0.0002291804888727711,0
0.9300000071525574,0.8776732087135315,-0.5357697010040283,0.00023126004992946037,0
0.9399999976158142,0.8835987448692322,-0.5397379994392395,0.00023584665950693307,4
0.949999988079071,0.8892338871955872,-0.5435551404953003,0.0002174424303689193,8
0.9599999785423279,0.8945780396461487,-0.54721999168396,0.0002070268462830427,10
0.9700000286102295,0.8996343612670898,-0.550734281539917,0.00019111770700419584,12
0.9800000190734863,0.9044084548950195,-0.5541034936904907,0.0001465101530584434,12
0.9900000095367432,0.9089081883430481,-0.5573312640190125,0.00011710711765999804,14
1.0,0.9131437540054321,-0.5604238510131836,0.00020306030864958302,16
1.0099999904632568,0.9171268939971924,-0.56340092420578,2.0955608135864168e-05,16
1.0199999809265137,0.9215161204338074,-0.5667338967323303,1.4577781257685274e-06,18
1.0299999713897705,0.9249925017356873,-0.5694459080696106,4.909378071715764e-05,18
1.0399999618530273,0.9282569289207458,-0.5720570683479309,-3.409754509675622e-05,20
1.0499999523162842,0.9313228726387024,-0.5745728015899658,-7.888697683711143e-05,20
1.059999942779541,0.934203565120697,-0.5770021677017212,-7.483468698410434e-05,20
1.0700000524520874,0.9369111061096191,-0.579352080821991,-9.301525608407246e-05,21
1.0800000429153442,0.9394574761390686,-0.5816300511360168,-0.00010840640976539362,22
1.090000033378601,0.9418540000915527,-0.5838431715965271,-0.00012300211358251545,23
1.100000023841858,0.9441112279891968,-0.5859979391098022,-0.0001404911983513557,23
1.1100000143051147,0.9462389945983887,-0.5881009697914124,-0.00024709072829409706,23
1.1200000047683716,0.9482463598251343,-0.5901633501052856,-1.7778214044028573e-05,24
1.1299999952316284,0.9501497745513916,-0.5921684503555298,2.0978991926767776e-05,25
1.1399999856948853,0.9519534111022949,-0.5941634774208069,-0.00017007926953738206,25
1.149999976158142,0.9536480903625488,-0.5961093306541443,-0.00016719020635491688,25
1.159999966621399,0.9552530646324158,-0.5980269312858582,-0.00018735172398010036,30
1.1699999570846558,0.9567747116088867,-0.5999210476875305,-0.0001772354626723427,33
1.1799999475479126,0.9582185745239258,-0.6017945408821106,-0.00018796302953205668,35
1.190000057220459,0.9595900774002075,-0.6036512851715088,-0.00017547592671007806,36
1.2000000476837158,0.9608940482139587,-0.6054943799972534,-0.00018781412802582054,38
1.2100000381469727,0.9621350169181824,-0.6073262095451355,-0.000192161386337375,39
1.2200000286102295,0.9633170962333679,-0.609150230884552,-0.0001747897066479709,41
1.2300000190734863,0.9644439816474915,-0.6109683513641357,-0.00018220644375332995,42
1.2400000095367432,0.965519368648529,-0.6127826571464539,-0.00031882459870757884,42
1.25,0.9665464758872986,-0.6145963072776794,0.0004754376020059681,44
1.2599999904632568,0.967568039894104,-0.6164851784706116,-0.00017589156544772777,45
1.2699999809265137,0.9685056805610657,-0.6183012127876282,-0.00017090435022737438,46
1.2799999713897705,0.9694033861160278,-0.6201212406158447,-0.00017597333163621443,48
1.2899999618530273,0.9702636003494263,-0.6219465732574463,-2.2951699634177203e-06,51
1.2999999523162842,0.9710894823074341,-0.6237819790840149,-0.0001683945263835085,54
1.309999942779541,0.9718812108039856,-0.6256229877471924,-1.431922441952338e-06,56
1.3200000524520874,0.9726415276527405,-0.627474308013916,8.035767393721471e-06,59
1.3300000429153442,0.9733740091323853,-0.6293391585350037,6.95081644153106e-06,60
1.340000033378601,0.9740779995918274,-0.63121497631073,-1.1628708307398483e-06,61
1.350000023841858,0.9747544527053833,-0.6331006288528442,-1.311887331212347e-06,61
1.3600000143051147,0.9754060506820679,-0.6350007653236389,1.8907455796579598e-06,65
1.3700000047683716,0.9760339260101318,-0.6369147896766663,6.370073271000365e-05,68
1.3799999952316284,0.9767657518386841,-0.6392585635185242,-0.0001557522932671418,70
1.3899999856948853,0.9773457646369934,-0.6412082314491272,-0.00016113138804030314,72
1.399999976158142,0.977905809879303,-0.6431753039360046,-3.1953565951425844e-05,76
1.409999966621399,0.9784470796585083,-0.6451621055603027,-0.0006217779136363788,78
1.4199999570846558,0.9789703488349915,-0.6471614241600037,8.40303193285763e-05,83
1.4299999475479126,0.9794765710830688,-0.6491912007331848,4.891419621344539e-06,83
1.4306249618530273,0.9794814586639404,-0.6492106914520264,5.9221934520792274e-06,83
1.4315625429153442,0.9794908165931702,-0.6492491960525513,3.255710277016988e-05,83
1.4329687356948853,0.9795053601264954,-0.6493105888366699,8.464733747359787e-05,83
1.4350781440734863,0.979521632194519,-0.6493832468986511,-2.3181013943940343e-06,83
1.4382421970367432,0.9795318841934204,-0.649437427520752,-2.5252545015064243e-06,84
1.4429882764816284,0.9795363545417786,-0.6494755744934082,-1.3872476642973197e-06,84
1.450107455253601,0.9795361161231995,-0.649505615234375,-2.106934061885113e-06,84
1.460107445716858,0.9795300364494324,-0.6495274305343628,-2.1830882701578957e-06,84
1.4701074361801147,0.979519784450531,-0.6495351195335388,-2.5828460366028594e-06,84
1.4801074266433716,0.9795061349868774,-0.6495318412780762,-2.683664604319347e-06,84
1.4901074171066284,0.9794895052909851,-0.6495189666748047,-2.967269551845675e-06,84
1.5001074075698853,0.9794701337814331,-0.6494974493980408,-3.5796906558971386e-06,84
1.510107398033142,0.9794481992721558,-0.6494680047035217,-4.4779195036426245e-06,84
1.520107388496399,0.9794239401817322,-0.6494312882423401,-5.888822215638356e-06,84
1.5301073789596558,0.9793974757194519,-0.6493877172470093,-6.0151255070195475e-06,84
1.5401073694229126,0.9793688654899597,-0.6493382453918457,3.360951671993462e-05,84
1.550107479095459,0.979338526725769,-0.6492863297462463,0.0003170590799754791,84
1.5601074695587158,0.9793201684951782,-0.6493234038352966,0.0002038754923887609,84
1.5701074600219727,0.9793195724487305,-0.6493709683418274,0.00010214476429837305,84
1.5801074504852295,0.9793152213096619,-0.6494025588035583,5.2682003172321856e-05,84
1.5901074409484863,0.979306697845459,-0.6494196057319641,2.4223727507433068e-05,84
1.6001074314117432,0.9792942404747009,-0.6494234204292297,6.124161245679716e-06,84
1.610107421875,0.9792782068252563,-0.6494153141975403,9.367457266762358e-06,84
1.6201074123382568,0.9792588949203491,-0.6493960618972778,2.1367472925248876e-05,84
1.6301074028015137,0.9792366027832031,-0.6493662595748901,3.512007720019028e-05,84
1.6401073932647705,0.9792115092277527,-0.6493261456489563,5.209277492213005e-05,83
1.6501073837280273,0.9791837930679321,-0.6492754220962524,7.392618817902985e-05,83
1.6601073741912842,0.9791536331176758,-0.6492134928703308,0.00010364406915641666,83
1.670107364654541,0.979121208190918,-0.6491392850875854,0.00014488835449810722,83
1.6801074743270874,0.9790866374969482,-0.6490511894226074,7.590183349748258e-05,83
1.6901074647903442,0.9790502190589905,-0.6489448547363281,0.00010520795149204787,83
1.700107455253601,0.9790120124816895,-0.6488196849822998,0.0001562229936098447,84
1.710107445716858,0.9789725542068481,-0.648669958114624,9.622756601856963e-05,84
1.7201074361801147,0.9789326786994934,-0.6484873294830322,0.00013631721850515532,84
1.7301074266433716,0.9788933992385864,-0.6482689380645752,0.00017615454413544285,84
1.7401074171066284,0.9788568019866943,-0.6480100750923157,0.00018471360721150631,84
1.7501074075698853,0.978825032711029,-0.6477152705192566,0.00014687078186170766,84
1.760107398033142,0.9787996411323547,-0.6473986506462097,8.913799905485575e-05,84
1.770107388496399,0.9787806868553162,-0.647076427936554,0.00020280052979160246,84
1.7801073789596558,0.9787669777870178,-0.6467599868774414,0.0001122666695891894,84
1.7901073694229126,0.978757917881012,-0.6464539170265198,5.3228223350743065e-05,84
1.800107479095459,0.9787521362304688,-0.6461603045463562,0.0003286431820015423,84
1.8101074695587158,0.9787487983703613,-0.6458794474601746,0.00020085671076230938,84
1.8201074600219727,0.9787477254867554,-0.6456114649772644,9.641212426458878e-05,84
1.8301074504852295,0.9787484407424927,-0.645356297492981,-3.499801158568516e-05,84
1.8401074409484863,0.9787505865097046,-0.6451147794723511,-0.00010267648224271397,84
1.8501074314117432,0.9787542223930359,-0.6448884010314941,-0.00025642490624022685,84
1.860107421875,0.9787593483924866,-0.6446802616119385,-0.0005519953578527748,84
1.8701074123382568,0.978766143321991,-0.6444957256317139,0.00031905017823419257,84
1.8801074028015137,0.9787759184837341,-0.6443504691123962,-0.00014416313979381812,83
1.8901073932647705,0.9787876605987549,-0.6442521810531616,-0.00016423156762357394,83
1.9001073837280273,0.9788030982017517,-0.6442334651947021,0.00015070767665292806,83
1.9101073741912842,0.9788202047348022,-0.6443013548851013,0.00018734715973778293,83
1.920107364654541,0.9788374900817871,-0.6444289684295654,-7.729042039272827e-05,83
1.9301074743270874,0.9788550734519958,-0.6446020007133484,0.00027540764688183117,83
1.9401074647903442,0.9788730144500732,-0.6448093056678772,0.00019080123894354983,83
1.950107455253601,0.9788907766342163,-0.6450362205505371,0.00011879221477784085,83
1.960107445716858,0.9789085388183594,-0.6452773213386536,6.727463573952264e-05,82
1.9701074361801147,0.978926420211792,-0.645528256893158,3.5798477938442375e-05,82
1.9801074266433716,0.9789444208145142,-0.6457862257957458,-4.753033715587662e-05,82
1.9901074171066284,0.978962779045105,-0.6460492610931396,-8.30068968298292e-05,82
2.000107526779175,0.9789815545082092,-0.6463159322738647,-0.00012683853270800682,82
2.0101075172424316,0.9790009260177612,-0.6465850472450256,-0.00018123290004723458,82
2.0201075077056885,0.9790209531784058,-0.6468552350997925,-0.00024847646687931046,82
2.0301074981689453,0.9790418744087219,-0.6471251249313354,-0.00033028489377784354,82
2.040107488632202,0.9790638089179993,-0.6473932266235352,-0.00042761960997950155,82
2.050107479095459,0.9790868163108826,-0.6476573944091797,-0.0005388953321698864,82
2.060107469558716,0.9791110157966614,-0.6479153037071228,-0.00018136507674171298,82
2.0701074600219727,0.9791359901428223,-0.6481654047966003,-8.003457224958765e-05,82
2.0801074504852295,0.979162335395813,-0.6484029293060303,-0.00012404787673858664,82
2.0901074409484863,0.979189932346344,-0.648624062538147,-8.221918773188008e-05,83
2.100107431411743,0.9792189002037048,-0.6488254070281982,-7.524252850998892e-05,83
2.110107421875,0.9792503714561462,-0.648992657661438,-0.006842895063016385,84
2.120107412338257,0.9792221784591675,-0.6483554244041443,0.00018339507278142264,83
2.1301074028015137,0.9792079925537109,-0.6481189727783203,0.00010225793459994748,83
2.1401073932647705,0.9791858196258545,-0.6478832364082336,8.342698970409401e-05,83
2.1501073837280273,0.9791624546051025,-0.6476337313652039,0.00040717223345154707,83
2.160107374191284,0.9791382551193237,-0.6473724246025085,0.0003762118201393605,83
2.170107364654541,0.9791141748428345,-0.6471003293991089,0.0003374566942397905,83
2.180107355117798,0.9790903329849243,-0.6468203067779541,0.00029820174171391045,84
2.1901073455810547,0.9790670871734619,-0.6465347409248352,0.00025970863430302416,84
2.2001073360443115,0.9790445566177368,-0.6462454795837402,0.0002233111992495651,85
2.2101073265075684,0.979022741317749,-0.6459543108940125,0.00019011748679531593,85
2.220107316970825,0.9790017604827881,-0.6456623673439026,0.00016050643472453885,85
2.230107307434082,0.9789814949035645,-0.6453705430030823,0.00013495520545347972,85
2.240107536315918,0.9789618253707886,-0.6450795531272888,0.00011309981726981277,85
2.250107526779175,0.9789428114891052,-0.6447898149490356,9.46465092397375e-05,85
2.2601075172424316,0.9789242148399353,-0.6445016264915466,7.901729031800642e-05,85
2.2701075077056885,0.9789060354232788,-0.6442151665687561,6.595703848688572e-05,85
2.2801074981689453,0.9788881540298462,-0.6439306139945984,5.5111233677962446e-05,85
2.290107488632202,0.9788705110549927,-0.643648087978363,4.588062256516423e-05,85
2.300107479095459,0.9788531064987183,-0.6433677673339844,3.812139880210452e-05,85
2.310107469558716,0.9788357615470886,-0.6430897116661072,3.1506903326317115e-05,85
2.3201074600219727,0.9788185358047485,-0.6428140997886658,2.5826763817349274e-05,85
2.3301074504852295,0.9788013100624084,-0.6425411105155945,2.0963376016425173e-05,85
2.3401074409484863,0.9787840843200684,-0.6422709822654724,1.6680122200796177e-05,85
2.350107431411743,0.9787668585777283,-0.6420040130615234,1.2948947869517724e-05,85
2.360107421875,0.9787495732307434,-0.6417406797409058,9.401547572451818e-06,85
2.370107412338257,0.9787322878837585,-0.641481339931488,6.326273137347016e-06,85
2.3801074028015137,0.9787148833274841,-0.6412267088890076,3.361533629231417e-06,85
2.3901073932647705,0.9786974787712097,-0.6409775018692017,-3.827293085123529e-06,85
2.4001073837280273,0.9786801338195801,-0.6407346129417419,-5.207043443533621e-06,85
2.410107374191284,0.9786628484725952,-0.6404990553855896,-6.6133638370047265e-06,85
2.420107364654541,0.9786456823348999,-0.6402718424797058,-7.69163784752891e-06,85
2.430107355117798,0.9786287546157837,-0.6400541067123413,-8.487840716497885e-06,85
2.4401073455810547,0.9786121845245361,-0.639846682548523,-9.200878082538111e-06,85
2.4501073360443115,0.9785959720611572,-0.6396501064300537,-9.438788083571126e-06,85
2.4601073265075684,0.9785802364349365,-0.6394645571708679,-9.484884515131853e-06,85
2.470107316970825,0.9785649180412292,-0.6392896771430969,-9.396694849783671e-06,85
2.480107307434082,0.9785499572753906,-0.6391250491142273,-9.848436206993938e-06,85
2.490107536315918,0.9785351753234863,-0.6389700770378113,-1.1791388772053324e-05,85
2.500107526779175,0.9785204529762268,-0.6388245224952698,-1.5274821521416015e-05,85
2.5101075172424316,0.978505551815033,-0.6386886835098267,-2.0351275452412665e-05,85
2.5201075077056885,0.97849041223526,-0.6385635733604431,-2.7318703018863744e-05,85
2.5301074981689453,0.9784749150276184,-0.6384512782096863,-3.558718606200273e-05,85
2.540107488632202,0.9784591197967529,-0.6383547782897949,-4.342533793533221e-05,85
2.550107479095459,0.9784431457519531,-0.6382774710655212,-4.791118107050352e-05,85
2.560107469558716,0.9784271717071533,-0.638222336769104,-4.6098074392375565e-05,85
2.5701074600219727,0.9784115552902222,-0.6381906270980835,-3.872578918162617e-05,85
2.5801074504852295,0.9783963561058044,-0.6381813287734985,-2.8551484319905285e-05,85
2.5901074409484863,0.9783818125724792,-0.6381916999816895,-1.874465135642822e-05,85
2.600107431411743,0.978367805480957,-0.638218104839325,-1.0822863146131567e-05,85
2.610107421875,0.9783543348312378,-0.638256847858429,-6.024823619554809e-06,86
2.620107412338257,0.978341281414032,-0.6383045315742493,-1.8492745539333555e-06,86
2.6301074028015137,0.97832852602005,-0.6383585929870605,3.5736646282202855e-06,86
2.6401073932647705,0.978316068649292,-0.6384164094924927,6.491511442163755e-06,86
2.6501073837280273,0.9783039093017578,-0.6384761333465576,9.421853803814884e-06,86
2.660107374191284,0.9782919883728027,-0.6385359764099121,1.2499487922923436e-05,86
2.670107364654541,0.9782803058624268,-0.6385944485664368,1.6361942755338532e-05,86
2.680107355117798,0.9782689809799194,-0.638650119304657,2.1132468191353837e-05,86
2.6901073455810547,0.9782581329345703,-0.6387017369270325,2.7655417795813264e-05,86
2.7001073360443115,0.9782478213310242,-0.6387479901313782,3.6617925502469006e-05,86
2.7101073265075684,0.9782382845878601,-0.6387876272201538,4.903189471860969e-05,86
2.720107316970825,0.9782297015190125,-0.6388192176818848,6.72411100026693e-05,86
2.730107307434082,0.9782223105430603,-0.6388413310050964,9.636249728828261e-05,86
2.740107536315918,0.9782163500785828,-0.6388518214225769,0.00015939348588744906,86
2.750107526779175,0.9782119989395142,-0.6388454437255859,0.0001038005884197446,86
2.7601075172424316,0.9782081842422485,-0.6387754678726196,0.004671443035931588,87
2.7701075077056885,0.9782556891441345,-0.6400904655456543,-4.526614759470249e-06,87
2.7801074981689453,0.9782665371894836,-0.6403430104255676,-6.944129211206018e-06,87
2.790107488632202,0.9782786965370178,-0.6405977606773376,-9.305206617682416e-06,87
2.800107479095459,0.978291392326355,-0.6408529281616211,-1.1842369985970436e-05,87
2.810107469558716,0.9783045649528503,-0.6411078572273254,-1.4583198776563222e-05,87
2.8201074600219727,0.9783180952072144,-0.6413617134094238,-1.7476634297963756e-05,87
2.8301074504852295,0.9783316850662231,-0.6416138410568237,-2.0516013819360523e-05,87
2.8401074409484863,0.9783452153205872,-0.6418637633323669,-2.3701437498857558e-05,87
2.850107431411743,0.9783585667610168,-0.6421109437942505,-2.704105912698651e-05,87
2.860107421875,0.9783716201782227,-0.64235520362854,-3.0488610718748532e-05,87
2.870107412338257,0.9783841967582703,-0.642596423625946,-3.4031041366233694e-05,87
2.8801074028015137,0.9783961772918701,-0.6428346037864685,-3.793817643327202e-05,87
2.8901073932647705,0.978407621383667,-0.6430699229240417,-4.2251667935033765e-05,87
2.9001073837280273,0.9784183502197266,-0.6433026790618896,-4.701452820654595e-05,87
2.910107374191284,0.9784284234046936,-0.6435331702232361,-5.2650289546818385e-05,87
2.920107364654541,0.9784378409385681,-0.6437617540359497,-5.947135889527999e-05,87
2.930107355117798,0.9784466028213501,-0.6439889073371887,-6.797657999868534e-05,87
2.9401073455810547,0.9784547090530396,-0.6442150473594666,-7.898284189877813e-05,87
2.9501073360443115,0.9784622192382812,-0.6444406509399414,-9.390828085997782e-05,87
2.9601073265075684,0.9784691333770752,-0.6446661949157715,-0.00011467775510709544,87
2.970107316970825,0.9784755110740662,-0.6448922753334045,-0.00014519778176236287,87
2.980107307434082,0.9784814715385437,-0.645119309425354,-0.0001919521398008328,87
2.990107536315918,0.978486955165863,-0.645348072052002,-0.00026843737259696354,87
3.000107526779175,0.9784921407699585,-0.64557945728302,-0.0004027904676604521,88
3.0101075172424316,0.9784971475601196,-0.6458146572113037,-0.0006600049422900156,88
3.0201075077056885,0.9785022735595703,-0.6460561752319336,-0.0002638105978576277,88
3.0301074981689453,0.9785071015357971,-0.6463075280189514,-0.00031672268119109503,88
3.040107488632202,0.978514552116394,-0.6465856432914734,-0.00016871329682999203,88
3.050107479095459,0.9785381555557251,-0.6469615697860718,-9.977340067734985e-05,87
3.060107469558716,0.9786269664764404,-0.6473418474197388,-6.512657847679293e-05,87
3.0701074600219727,0.9787232279777527,-0.6476418375968933,-1.8945130364045326e-05,87
3.0801074504852295,0.9788172245025635,-0.6479253768920898,-5.7544691571820294e-06,87
3.0901074409484863,0.9789087176322937,-0.6482000350952148,-2.3594229219270346e-06,87
3.100107431411743,0.9789977073669434,-0.6484680771827698,-1.2916783589389524e-06,87
3.110107421875,0.9790841341018677,-0.6487302184104919,-7.719531254224421e-07,88
3.120107412338257,0.9791679978370667,-0.6489866375923157,-5.304357841851015e-07,88
3.1301074028015137,0.9792493581771851,-0.649237334728241,-3.886398758368159e-07,88
3.1401073932647705,0.9793281555175781,-0.6494823098182678,-3.714357603712415e-07,88
3.1501073837280273,0.9794043898582458,-0.6497213244438171,-4.3431833773865947e-07,88
3.160107374191284,0.9794780015945435,-0.6499541997909546,-3.2815142958497745e-07,88
3.170107364654541,0.979548990726471,-0.6501807570457458,3.167117483826587e-07,88
3.180107355117798,0.9796172976493835,-0.650400698184967,-3.948698577005416e-07,88
3.1901073455810547,0.9796829223632812,-0.6506136655807495,-3.635238954302622e-07,88
3.2001073360443115,0.9797458052635193,-0.6508194208145142,-3.200284481863491e-07,88
3.2101073265075684,0.9798058867454529,-0.651017427444458,3.335192104714224e-07,88
3.220107316970825,0.9798630475997925,-0.6512073874473572,3.0745604817639105e-07,88
3.230107307434082,0.9799172878265381,-0.6513887643814087,-4.168616101196676e-07,88
3.240107536315918,0.9799685478210449,-0.6515611410140991,-3.6590432728189626e-07,88
3.250107526779175,0.9800166487693787,-0.6517240405082703,-3.7125727203601855e-07,87
3.2601075172424316,0.9800615310668945,-0.6518768668174744,-3.149689291603863e-07,87
3.2701075077056885,0.9801031947135925,-0.6520190834999084,-3.250321469749906e-07,87
3.2801074981689453,0.9801414608955383,-0.6521501541137695,-3.8593600493186386e-07,88
3.290107488632202,0.9801762104034424,-0.6522696018218994,-3.8678086866639205e-07,88
3.300107479095459,0.9802074432373047,-0.6523768305778503,-4.632431682694005e-07,88
3.310107469558716,0.9802349805831909,-0.6524714231491089,-4.6454073299173615e-07,88
3.3201074600219727,0.9802588224411011,-0.6525529026985168,-5.715043016607524e-07,88
3.3301074504852295,0.9802788496017456,-0.6526208519935608,-7.290773282875307e-07,88
3.3401074409484863,0.9802950620651245,-0.6526750326156616,-1.0125335165867e-06,88
3.350107431411743,0.9803074598312378,-0.6527155637741089,-1.7780110965759377e-06,88
3.360107421875,0.9803162217140198,-0.652743399143219,-0.00017121931426800074,88
3.370107412338257,0.9803242087364197,-0.6527702808380127,0.0004939855311931751,87
3.3801074028015137,0.9803129434585571,-0.6527165174484253,-0.0007296972585209005,88
3.3901073932647705,0.9803122878074646,-0.6527104377746582,-0.0001445005859181947,88
3.4001073837280273,0.9803045988082886,-0.6526782512664795,-0.00019664639108896154,88
3.410107374191284,0.9802926182746887,-0.6526297330856323,8.933594699556124e-07,88
3.420107364654541,0.9802764654159546,-0.6525661945343018,7.096065246514627e-07,88
3.430107355117798,0.9802564382553101,-0.6524884104728699,6.823502758379618e-07,88
3.4401073455810547,0.9802325367927551,-0.6523967981338501,5.798210622742772e-07,88
3.4501073360443115,0.9802049398422241,-0.6522918343544006,5.655509198732034e-07,88
3.4601073265075684,0.9801735877990723,-0.6521741151809692,5.923634489590768e-07,87
3.470107316970825,0.9801387190818787,-0.6520440578460693,6.651299599980121e-07,87
3.480107307434082,0.9801003932952881,-0.6519022583961487,9.896708093037887e-07,87
3.490107536315918,0.9800586700439453,-0.6517491340637207,1.9680865648297186e-06,88
3.500107526779175,0.9800136685371399,-0.6515851616859436,8.08956554010365e-06,88
3.5101075172424316,0.9799655079841614,-0.6514104008674622,0.00010989910629177757,88
3.5201075077056885,0.979914665222168,-0.6512235403060913,0.002926748497372955,88
3.5301074981689453,0.9798189997673035,-0.6507174968719482,-3.479981018017497e-05,89
3.540107488632202,0.97980135679245,-0.6506521105766296,-1.0791199542836694e-06,89
3.550107479095459,0.9797817468643188,-0.6505820751190186,-5.041772510594456e-07,89
3.560107469558716,0.9797595143318176,-0.6505057215690613,-5.468557446874911e-07,89
3.5701074600219727,0.979734480381012,-0.6504220962524414,-6.282789968281577e-07,89
3.5801074504852295,0.979706346988678,-0.6503304243087769,-7.108832278390764e-07,89
3.5901074409484863,0.9796749949455261,-0.650229811668396,-7.379197199952614e-07,89
3.600107431411743,0.9796400666236877,-0.6501193642616272,-8.900190664462571e-07,89
3.610107421875,0.9796014428138733,-0.6499980092048645,-9.74060299085977e-07,89
3.620107412338257,0.9795587658882141,-0.6498647332191467,-1.1201247502867773e-06,89
3.6301074028015137,0.9795118570327759,-0.6497186422348022,-1.2595710927598702e-06,89
3.6401073932647705,0.9794604778289795,-0.6495587229728699,-1.5602657299496059e-06,89
3.6501073837280273,0.9794043898582458,-0.6493841409683228,-1.6884769138414413e-06,89
3.660107374191284,0.9793435335159302,-0.6491945385932922,-1.8815008502315322e-06,89
3.670107364654541,0.9792779684066772,-0.6489896774291992,-2.1307470206011203e-06,89
3.680107355117798,0.9792078733444214,-0.6487700939178467,-2.2940922121961194e-06,89
3.6901073455810547,0.9791336059570312,-0.648536741733551,-2.5636683176344377e-06,88
3.7001073360443115,0.979055643081665,-0.6482911705970764,-2.86959891582228e-06,89
3.7101073265075684,0.9789746999740601,-0.6480353474617004,-3.3852003866741143e-06,89
3.720107316970825,0.9788913130760193,-0.6477712392807007,-4.042368175305455e-06,89
3.730107307434082,0.9788060784339905,-0.6475009918212891,-5.72740543702821e-06,89
3.740107536315918,0.9787195920944214,-0.647226095199585,-1.037816088000909e-05,89
3.750107526779175,0.9786322712898254,-0.6469477415084839,-2.5215196160388587e-05,88
3.7601075172424316,0.9785443544387817,-0.6466659307479858,8.656571162646287e-05,88
3.7701075077056885,0.9784561395645142,-0.6463778018951416,0.00014835475525387665,88
3.7801074981689453,0.9783722758293152,-0.6460031867027283,0.00021763816238262734,88
3.787607431411743,0.9783576726913452,-0.6456392407417297,0.00015968350680850563,88
3.795107364654541,0.97835373878479,-0.6453676223754883,0.0001801994957304487,88
3.802607536315918,0.9783507585525513,-0.6451269388198853,7.382128148947231e-05,88
3.810107469558716,0.9783481955528259,-0.6449000239372253,0.0004712419462862272,88
3.8201074600219727,0.9783444404602051,-0.644607424736023,0.0002883481768094498,88
3.8301074504852295,0.9783411622047424,-0.644323468208313,0.00018658505143775983,88
3.8401074409484863,0.9783376455307007,-0.6440445780754089,0.00012668655614334057,88
3.850107431411743,0.9783340096473694,-0.6437695622444153,8.911644096087912e-05,88
3.860107421875,0.978330135345459,-0.6434975862503052,6.441225070830114e-05,88
3.870107412338257,0.978326141834259,-0.64322829246521,4.756774546876841e-05,88
3.8801074028015137,0.9783219695091248,-0.6429612636566162,3.541299719245217e-05,88
3.8901073932647705,0.9783175587654114,-0.6426964402198792,2.677917643723049e-05,88
3.9001073837280273,0.9783130288124084,-0.6424336433410645,2.0229585572906217e-05,88
3.910107374191284,0.9783082604408264,-0.6421727538108826,1.5359620817889663e-05,88
3.920107364654541,0.9783033132553101,-0.6419137120246887,1.181072047984344e-05,88
3.930107355117798,0.9782981872558594,-0.6416564583778381,9.172338195639895e-06,88
3.9401073455810547,0.9782928824424744,-0.6414009928703308,7.044676181067189e-06,88
3.9501073360443115,0.978287398815155,-0.6411473155021667,5.270633096188249e-06,88
3.9601073265075684,0.9782816767692566,-0.6408953666687012,3.8122230989756645e-06,88
3.970107316970825,0.9782758951187134,-0.6406452059745789,2.7124842745251954e-06,88
3.980107307434082,0.9782698750495911,-0.6403967142105103,-2.4301122607539583e-06,88
3.990107536315918,0.9782637357711792,-0.6401500701904297,-3.303240021068632e-06,88
4.000107288360596,0.9782574772834778,-0.6399052143096924,-4.018171921416069e-06,88
4.010107517242432,0.9782510995864868,-0.6396622061729431,-4.581497364597453e-06,88
4.020107269287109,0.9782446622848511,-0.6394210457801819,-5.291300624321593e-06,88
4.030107498168945,0.9782381057739258,-0.6391818523406982,-5.908032676416042e-06,88
4.040107250213623,0.9782315492630005,-0.638944685459137,-6.337377328691218e-06,88
4.050107479095459,0.9782249331474304,-0.638709545135498,-6.870175184303662e-06,88
4.060107231140137,0.9782183766365051,-0.638476550579071,-7.330950154482707e-06,88
4.070107460021973,0.9782118797302246,-0.6382458209991455,-7.937576697258919e-06,88
4.08010721206665,0.9782054424285889,-0.6380174160003662,-8.439441103291756e-06,88
4.090107440948486,0.9781991839408875,-0.6377915143966675,-8.961799949247506e-06,88
4.100107192993164,0.9781930446624756,-0.6375681757926941,-9.707064464237192e-06,88
4.110107421875,0.978187084197998,-0.6373475790023804,-1.0214043584255705e-05,88
4.120107650756836,0.9781814217567444,-0.6371298432350159,-1.0836473848030437e-05,88
4.130107402801514,0.9781759977340698,-0.6369151473045349,-1.1440358150593966e-05,88
4.14010763168335,0.9781709313392639,-0.6367036700248718,-1.2111868500142009e-05,88
4.150107383728027,0.9781662225723267,-0.6364955306053162,-1.2934016183407948e-05,88
4.160107612609863,0.9781618714332581,-0.6362909078598022,-1.3627634984914039e-05,88
4.170107364654541,0.9781578779220581,-0.6360899209976196,-1.4306751154435915e-05,88
4.180107593536377,0.9781543612480164,-0.6358928084373474,-1.495139287044367e-05,88
4.190107345581055,0.978151261806488,-0.6356996297836304,-1.5667427589960425e-05,87
4.200107574462891,0.9781485795974731,-0.6355104446411133,-1.634917339288222e-05,87
4.210107326507568,0.9781463742256165,-0.6353253126144409,-1.6778080123458494e-05,87
4.220107555389404,0.9781444668769836,-0.6351443529129028,-1.7459576099554397e-05,87
4.230107307434082,0.9781429767608643,-0.6349673867225647,-1.7802581794512662e-05,87
4.240107536315918,0.9781417846679688,-0.6347944736480713,-1.7912497355609958e-05,87
4.250107288360596,0.9781408905982971,-0.6346254348754883,-1.809099546790094e-05,87
4.260107517242432,0.978140115737915,-0.6344601511955261,-1.822268183104825e-05,87
4.270107269287109,0.9781395792961121,-0.6342982649803162,-1.7977950619751937e-05,87
4.280107498168945,0.9781390428543091,-0.6341396570205688,-1.769636241988337e-05,87
4.290107250213623,0.9781385064125061,-0.6339839696884155,-1.7395090480931685e-05,87
4.300107479095459,0.9781379103660583,-0.6338309645652771,-1.7147597191069508e-05,87
4.310107231140137,0.9781371355056763,-0.6336802840232849,-1.6725512921311747e-05,87
4.320107460021973,0.9781361818313599,-0.6335315704345703,-1.6091285431230062e-05,87
4.33010721206665,0.9781349897384644,-0.6333847045898438,-1.5637561659787025e-05,87
4.340107440948486,0.978133499622345,-0.6332393288612366,-1.529376504549873e-05,87
4.350107192993164,0.9781316518783569,-0.6330953240394592,-1.4854901735361636e-05,87
4.360107421875,0.9781294465065002,-0.6329525709152222,-1.4545452984293661e-05,87
4.370107650756836,0.9781269431114197,-0.6328110694885254,-1.439497305000259e-05,87
4.380107402801514,0.9781240820884705,-0.6326708197593689,-1.4067930237615656e-05,87
4.39010763168335,0.9781209230422974,-0.632532000541687,-1.4226043958842638e-05,87
4.400107383728027,0.9781174659729004,-0.6323946714401245,-1.4339971642129967e-05,87
4.410107612609863,0.9781138300895691,-0.6322592496871948,-1.4580544586806354e-05,87
4.420107364654541,0.9781099557876587,-0.6321258544921875,-1.4809113963565324e-05,87
4.430107593536377,0.9781059622764587,-0.6319948434829712,-1.5183648031324992e-05,87
4.440107345581055,0.9781019687652588,-0.6318666934967041,-1.563758939937543e-05,87
4.450107574462891,0.9780979156494141,-0.6317416429519653,-1.6206502209570317e-05,87
4.460107326507568,0.9780939221382141,-0.6316201686859131,-1.694074990155059e-05,87
4.470107555389404,0.9780900478363037,-0.6315026879310608,-1.777863030838489e-05,87
4.480107307434082,0.9780863523483276,-0.6313896775245667,-1.871332102609813e-05,87
4.490107536315918,0.9780828952789307,-0.6312816739082336,-1.9848139174882817e-05,87
4.500107288360596,0.9780796766281128,-0.6311792135238647,-2.1001096399686503e-05,87
4.510107517242432,0.9780768156051636,-0.6310827732086182,-2.2373371393769048e-05,87
4.520107269287109,0.9780743718147278,-0.6309930086135864,-2.380131979862199e-05,87
4.530107498168945,0.9780722856521606,-0.630910336971283,-2.539262391110242e-05,87
4.540107250213623,0.9780705571174622,-0.6308354139328003,-2.6736503798474587e-05,87
4.550107479095459,0.9780692458152771,-0.6307685375213623,-2.82800653508275e-05,87
4.560107231140137,0.9780683517456055,-0.6307101845741272,-2.968996273011726e-05,87
4.570107460021973,0.9780677556991577,-0.6306604743003845,-3.081538250171434e-05,87
4.58010721206665,0.9780674576759338,-0.630619466304779,-3.23117691891639e-05,87
4.590107440948486,0.9780673384666443,-0.6305869221687317,-3.3570041523489635e-05,87
4.600107192993164,0.9780672788619995,-0.630562424659729,-3.4570443347092805e-05,87
4.610107421875,0.97806715965271,-0.6305451989173889,-3.495692311616949e-05,87
4.620107650756836,0.9780668020248413,-0.630533754825592,-3.1704324783277116e-05,87
4.630107402801514,0.9780657887458801,-0.6305246353149414,-2.4919634199704888e-05,87
4.64010763168335,0.9780628681182861,-0.6305069327354431,3.760167226118938e-05,87
4.650107383728027,0.9780521392822266,-0.6304291486740112,4.179502803935975e-05,87
4.660107612609863,0.9780328273773193,-0.6302760243415833,-8.744846638819581e-06,87
4.670107364654541,0.9780120849609375,-0.6301126480102539,-5.416448232153925e-06,87
4.680107593536377,0.9779905676841736,-0.62994784116745,-4.804545937986404e-06,87
4.690107345581055,0.9779683947563171,-0.6297829151153564,-4.379540257559711e-06,87
4.700107574462891,0.9779455065727234,-0.6296181678771973,-4.5950036451358756e-06,87
4.710107326507568,0.9779220223426819,-0.6294538378715515,-4.327269095938391e-06,87
4.720107555389404,0.9778978228569031,-0.6292899250984192,-4.241605324750708e-06,87
4.730107307434082,0.9778729677200317,-0.6291264891624451,-4.1919724935723934e-06,88
4.740107536315918,0.9778474569320679,-0.6289636492729187,-4.199320756015368e-06,88
4.750107288360596,0.9778212904930115,-0.6288014054298401,-4.198453154913295e-06,88
4.760107517242432,0.9777944684028625,-0.6286398768424988,-4.289742605578795e-06,89
4.770107269287109,0.9777669906616211,-0.6284790635108948,-4.332769833581551e-06,89
4.780107498168945,0.9777388572692871,-0.6283190846443176,-4.349213725163281e-06,89
4.790107250213623,0.9777100086212158,-0.6281599998474121,-4.401181229241047e-06,89
4.800107479095459,0.9776805639266968,-0.628001868724823,-4.5532568719863775e-06,89
4.810107231140137,0.9776504039764404,-0.6278448700904846,-4.604516050221719e-06,89
4.820107460021973,0.9776196479797363,-0.6276891827583313,-4.78454251151561e-06,89
4.83010721206665,0.9775882363319397,-0.6275349855422974,-5.046097385275061e-06,89
4.840107440948486,0.9775562286376953,-0.6273824572563171,-5.388598310673842e-06,89
4.850107192993164,0.9775235652923584,-0.627232015132904,-5.756655014010903e-06,89
4.860107421875,0.9774903655052185,-0.6270840167999268,-6.334825400244881e-06,89
4.870107650756836,0.9774566292762756,-0.6269391179084778,-7.156120204854233e-06,89
4.880107402801514,0.9774225354194641,-0.6267980337142944,-8.125652016133245e-06,89
4.89010763168335,0.9773881435394287,-0.6266618967056274,-9.851362506196892e-06,89
4.900107383728027,0.9773536324501038,-0.6265321969985962,-1.2184888532829063e-05,89
4.910107612609863,0.9773194193840027,-0.6264110803604126,-1.5370850690032967e-05,89
4.920107364654541,0.9772861003875732,-0.6263017654418945,-1.9909357774849923e-05,89
4.930107593536377,0.9772543907165527,-0.6262082457542419,-2.5653805778347305e-05,89
4.940107345581055,0.9772255420684814,-0.6261357069015503,nan,nan
#GNA2
0.0,0.0,0.0,-3.335785834224225e-07,0
0.029999999329447746,0.029988305643200874,-0.01808447390794754,-3.838358702523692e-05,0
0.05999999865889549,0.059952426701784134,-0.036158084869384766,-4.369424398475985e-05,0
0.09000000357627869,0.08989126980304718,-0.05422038212418556,-4.961268040659661e-05,0
0.11999999731779099,0.11980362981557846,-0.07227086275815964,-5.666992836239615e-05,0
0.15000000596046448,0.14968815445899963,-0.09030897170305252,-6.487484381523245e-05,0
0.18000000715255737,0.17954330146312714,-0.10833405703306198,-7.469586350339341e-05,0
0.20999999344348907,0.20936737954616547,-0.1263454258441925,-8.6275468405006e-05,0
0.23999999463558197,0.23915839195251465,-0.14434222877025604,-0.00010049555686464373,0
0.27000001072883606,0.2689141035079956,-0.16232351958751678,-0.00011773070619369719,0
0.30000001192092896,0.2986319065093994,-0.1802881807088852,-0.0001390823993574486,0
0.33000001311302185,0.32830873131752014,-0.1982349157333374,-0.00016576738653384382,0
0.36000001430511475,0.3579409718513489,-0.21616216003894806,-0.00019968455578123212,0
0.38999998569488525,0.3875243067741394,-0.23406802117824554,-0.00024306000835849773,0
0.41999998688697815,0.41705355048179626,-0.2519502341747284,-0.00029959238074184213,0
0.44999998807907104,0.4465223550796509,-0.26980599761009216,-0.00037420161694967646,0
0.47999998927116394,0.47592291235923767,-0.28763172030448914,-0.0004739887670552889,0
0.5099999904632568,0.5052453875541687,-0.3054230213165283,-0.0006096256237810849,0
0.5400000214576721,0.5344772934913635,-0.3231740891933441,-0.0007966114568205285,0
0.5699999928474426,0.5636025667190552,-0.3408774137496948,-0.0010579819998213225,0
0.6000000238418579,0.5926000475883484,-0.35852304100990295,-0.0014285435502756627,0
0.6299999952316284,0.6214416027069092,-0.3760974109172821,-0.0019597765033836367,0
0.6600000262260437,0.6500890254974365,-0.39358195662498474,-0.002727422996883888,0
0.6899999976158142,0.6784895062446594,-0.410950630903244,-0.0038373270195961595,0
0.7200000286102295,0.7065691351890564,-0.4281664490699768,-0.005422427091843929,0
0.75,0.7342227697372437,-0.44517603516578674,-0.007606941211349749,0
0.7799999713897705,0.7613001465797424,-0.46190208196640015,-0.010384513271446849,0
0.8100000023841858,0.7875875234603882,-0.47823312878608704,-0.013346661036507612,0
0.8399999737739563,0.8127890229225159,-0.49401289224624634,-0.015341957459156674,0
0.8700000047683716,0.8365199565887451,-0.5090358853340149,-0.014657206814490564,0
0.8999999761581421,0.8583369255065918,-0.5230634212493896,3.505262554881483e-06,0
0.9300000071525574,0.8778307437896729,-0.5358744263648987,7.541210379713448e-06,8
0.9599999785423279,0.8947439193725586,-0.5473341941833496,0.0048459068689226115,12
0.9900000095367432,0.9090674519538879,-0.5574465394020081,0.003587839958981931,16
1.0199999809265137,0.9210154414176941,-0.5663479566574097,0.0028762703291249636,19
1.0499999523162842,0.9309160113334656,-0.5742346048355103,0.0017883971315768576,21
1.0800000429153442,0.9391238689422607,-0.5813267230987549,0.001336830697255209,23
1.1100000143051147,0.94596266746521,-0.587822437286377,-0.001962287576361632,25
1.1399999856948853,0.9517033100128174,-0.5938807725906372,-0.002020507900681423,29
1.1699999570846558,0.9565629363059998,-0.5996511578559875,-0.002049786340421633,36
1.2000000476837158,0.9607130885124207,-0.6052318215370178,-0.001981358858188287,40
1.2300000190734863,0.9642877578735352,-0.6107092499732971,-0.0019421604781086899,44
1.2599999904632568,0.9673922657966614,-0.6161510348320007,-0.0018884641556269344,47
1.2899999618530273,0.9701092839241028,-0.6216102838516235,0.00010860646449373235,56
1.3200000524520874,0.9725045561790466,-0.6271317005157471,0.00045325671374563115,61
1.350000023841858,0.9746352434158325,-0.6327584385871887,-0.00015553342046814578,67
1.3799999952316284,0.9765447974205017,-0.6385341882705688,-0.0015669848799575448,75
1.409999966621399,0.9782480597496033,-0.6444166898727417,-0.0027125609660743066,86
1.440000057220459,0.9797861576080322,-0.6504532098770142,-6.2446629385704e-05,90
1.4700000286102295,0.9811825156211853,-0.6566795706748962,-5.003715762086358e-05,96
1.5,0.9824594259262085,-0.6631089448928833,-9.672163821505819e-05,101
1.5299999713897705,0.9836271405220032,-0.6697319149971008,-0.0012628380375758752,107
1.559999942779541,0.9846989512443542,-0.676547110080719,0.09567842024512174,118
1.590000033378601,0.9873159527778625,-0.6970016956329346,-0.0008569244744194293,124
1.6200000047683716,0.9883450269699097,-0.7069370746612549,-3.311904441716251e-05,129
1.649999976158142,0.9890833497047424,-0.714890718460083,-4.871624338420588e-05,131
1.6799999475479126,0.9897778630256653,-0.723090410232544,-0.0010721115590399677,137
1.7100000381469727,0.9904298186302185,-0.7315006852149963,-0.0011356450867197054,139
1.7400000095367432,0.9910450577735901,-0.7401424646377563,-0.00040764996498410255,143
1.7699999809265137,0.991627037525177,-0.7490248680114746,-0.00022551783172275464,146
1.7999999523162842,0.992276668548584,-0.7597997188568115,-0.0010480453926788869,148
1.8300000429153442,0.9927965998649597,-0.7691723704338074,-0.0010439697431934292,152
1.8600000143051147,0.993291974067688,-0.7787736058235168,-0.0010634580365831425,152
1.8899999856948853,0.9937649369239807,-0.7886011004447937,-0.0010875480160734696,153
1.9199999570846558,0.9942173957824707,-0.7986540198326111,-0.0011457517600774736,154
1.9500000476837158,0.9946510791778564,-0.8089311718940735,-0.00120008206147304,157
1.9800000190734863,0.9950675368309021,-0.8194290399551392,0.00024278591263282578,159
2.009999990463257,0.9954681992530823,-0.8301487565040588,0.0006730707334128283,162
2.0399999618530273,0.9958629608154297,-0.8413423299789429,-0.0013240329632822068,164
2.069999933242798,0.9962352514266968,-0.8524934649467468,-0.0011577785681424757,163
2.0999999046325684,0.9965949058532715,-0.8638582825660706,-0.0010861900446457184,166
2.130000114440918,0.9969429969787598,-0.8754322528839111,-0.0010866656757571036,166
2.1600000858306885,0.9972803592681885,-0.8872129917144775,-0.0011014074377158067,166
2.190000057220459,0.9976078271865845,-0.8991977572441101,-0.001120756742238882,167
2.2200000286102295,0.9979260563850403,-0.911385178565979,-0.0011501095476091905,171
2.25,0.9982357025146484,-0.9237698316574097,-0.00029735651725104617,171
2.2799999713897705,0.9985371828079224,-0.9363552331924438,-0.00021995369473870596,173
2.309999942779541,0.9988316893577576,-0.9491406679153442,-0.0011186227598614096,174
2.3399999141693115,0.999118983745575,-0.9621046185493469,-0.00114428768677044,173
2.369999885559082,0.999399721622467,-0.9752561450004578,-0.0011559950221453619,173
2.4000000953674316,0.9996743202209473,-0.9885921478271484,-0.0012220292176152725,174
2.430000066757202,0.9999432563781738,-1.0021090507507324,0.004591450932764474,174
2.4600000381469727,1.0002081394195557,-1.0159279108047485,0.010317478588348195,175
2.490000009536743,1.0004825592041016,-1.0306644439697266,-0.0011923415719934383,177
2.5199999809265137,1.000737190246582,-1.044722318649292,-0.0011940363022517886,177
2.549999952316284,1.0009864568710327,-1.058950662612915,-0.0012091386040538055,177
2.5799999237060547,1.0012315511703491,-1.0733463764190674,-0.001299617562608546,177
2.609999895095825,1.0014728307724,-1.0879075527191162,-0.0019207095631372795,177
2.640000104904175,1.0017105340957642,-1.1026298999786377,-0.0012421212923641178,178
2.6700000762939453,1.0019447803497314,-1.1175118684768677,-0.0012473246363242652,177
2.700000047683716,1.0021758079528809,-1.1325507164001465,-0.0012655464295789898,176
2.7300000190734863,1.0024038553237915,-1.147743821144104,-0.0013108474229284184,177
2.759999990463257,1.0026291608810425,-1.163088083267212,-0.0013550797400512238,177
2.7899999618530273,1.0028516054153442,-1.1785814762115479,-0.0016549325371215673,177
2.819999933242798,1.003071665763855,-1.1942163705825806,-0.0016543832531965563,177
2.820117235183716,1.003071665763855,-1.1942163705825806,-0.0016537541730485827,177
2.8202929496765137,1.003071665763855,-1.1942164897918701,-0.0016525461477954195,177
2.820556640625,1.003071665763855,-1.1942164897918701,-0.0016509384915934788,177
2.8209521770477295,1.003071665763855,-1.1942164897918701,-0.0016484133105336696,177
2.821545362472534,1.003071665763855,-1.1942166090011597,-0.0016447650583586437,177
2.8224353790283203,1.003071665763855,-1.1942167282104492,-0.0016426377483185206,177
2.8227689266204834,1.003071665763855,-1.1942167282104492,-0.0016394879775702975,177
2.8232696056365967,1.003071665763855,-1.1942168474197388,-0.0016378300967403447,177
2.8234572410583496,1.003071665763855,-1.1942169666290283,-0.0016351755178334315,177
2.8237388134002686,1.003071665763855,-1.1942169666290283,-0.001631086330121434,177
2.8241612911224365,1.003071665763855,-1.1942170858383179,-0.001628942952891066,177
2.82431960105896,1.003071665763855,-1.1942172050476074,-0.0016255405252536548,177
2.824557065963745,1.003071665763855,-1.194217324256897,-0.001623642211313836,177
2.824646234512329,1.003071665763855,-1.194217324256897,-0.0016207318595888864,177
2.824779987335205,1.003071665763855,-1.1942174434661865,-0.0016192690167713408,177
2.8248300552368164,1.003071665763855,-1.1942174434661865,-0.0016168240164233794,177
2.8249051570892334,1.003071665763855,-1.194217562675476,-0.0016130878494209355,177
2.8250179290771484,1.003071665763855,-1.1942176818847656,-0.0016112010713413838,177
2.8250601291656494,1.003071665763855,-1.1942176818847656,-0.0016080814627343898,177
2.8251235485076904,1.003071665763855,-1.1942178010940552,-0.0016062855910377039,177
2.8251473903656006,1.003071665763855,-1.1942179203033447,-0.0016037814295941644,177
2.825183153152466,1.003071665763855,-1.1942179203033447,-0.0016000243288658567,177
2.8252365589141846,1.003071665763855,-1.1942180395126343,-0.0015979432804442695,177
2.825256586074829,1.003071665763855,-1.1942181587219238,-0.001594613723909788,177
2.825286865234375,1.003071665763855,-1.1942182779312134,-0.0015928783760728038,177
2.8252980709075928,1.003071665763855,-1.1942182779312134,-0.001590068485484153,177
2.825314998626709,1.003071665763855,-1.194218397140503,-0.001588538611599688,177
2.8253214359283447,1.003071665763855,-1.194218397140503,-0.001586234033538858,177
2.825330972671509,1.003071665763855,-1.1942185163497925,-0.0015827655892621806,177
2.825345039367676,1.003071665763855,-1.194218635559082,-0.0015808438232056687,177
2.825350522994995,1.003071665763855,-1.194218635559082,-0.0015779596600964396,177
2.8253586292266846,1.003071665763855,-1.1942187547683716,-0.0015762119376176997,177
2.825361490249634,1.003071665763855,-1.1942187547683716,-0.0015738787616896843,177
2.8253660202026367,1.003071665763855,-1.1942188739776611,-0.001570069265710572,177
2.8253729343414307,1.003071665763855,-1.1942189931869507,-0.001568030148064281,177
2.8253753185272217,1.003071665763855,-1.1942189931869507,-0.0015649160557131836,177
2.8253791332244873,1.003071665763855,-1.1942191123962402,-0.0015632157631557675,177
2.825380563735962,1.003071665763855,-1.1942192316055298,-0.0015605344598270676,177
2.825382709503174,1.003071665763855,-1.1942192316055298,-0.0015566186280011607,177
2.8253860473632812,1.003071665763855,-1.1942193508148193,-0.0015543591637197096,177
2.8253872394561768,1.003071665763855,-1.1942194700241089,-0.0015510668054616872,177
2.8253891468048096,1.003071665763855,-1.1942195892333984,-0.0015491972936843013,177
2.8253896236419678,1.003071665763855,-1.1942195892333984,-0.0015464767949993075,177
2.8253908157348633,1.003071665763855,-1.194219708442688,-0.0015448739595740335,177
2.8253910541534424,1.003071665763855,-1.194219708442688,-0.0015424425901073846,177
2.8253917694091797,1.003071665763855,-1.1942198276519775,-0.001538994166367047,177
2.825392484664917,1.003071665763855,-1.194219946861267,-0.0015367635004963631,177
2.825392961502075,1.003071665763855,-1.194219946861267,-0.001533845669200673,177
2.8253934383392334,1.003071665763855,-1.1942200660705566,-0.0015322928124419377,177
2.8253934383392334,1.003071665763855,-1.1942201852798462,-0.001529629657170517,177
2.8253939151763916,1.003071665763855,-1.1942201852798462,-0.0015257765203955387,177
2.8253941535949707,1.003071665763855,-1.1942203044891357,-0.001523777830243489,177
2.82539439201355,1.003071665763855,-1.1942204236984253,-0.0015205321462872234,177
2.825394630432129,1.003071665763855,-1.1942205429077148,-0.0015187457604497467,177
2.825394630432129,1.003071665763855,-1.1942205429077148,-0.0015161201637283739,177
2.825394868850708,1.003071665763855,-1.1942206621170044,-0.001514529016560573,177
2.825394868850708,1.003071665763855,-1.1942206621170044,-0.0015122163973728675,177
2.825394868850708,1.003071665763855,-1.194220781326294,-0.0015088799619320525,177
2.825395107269287,1.003071665763855,-1.1942209005355835,-0.001506873353832816,177
2.825395107269287,1.003071665763855,-1.1942209005355835,-0.0015041022912782864,177
2.825395107269287,1.003071665763855,-1.194221019744873,-0.0015023382779872918,177
2.825395107269287,1.003071665763855,-1.194221019744873,-0.0015000687336055307,177
2.825395107269287,1.003071665763855,-1.1942211389541626,-0.0014962879888571479,177
2.825395345687866,1.003071665763855,-1.1942212581634521,-0.0014942400181325866,177
2.825395345687866,1.003071665763855,-1.1942212581634521,-0.0014912546160985585,177
2.825395345687866,1.003071665763855,-1.1942213773727417,-0.001489528646686722,177
2.825395345687866,1.003071665763855,-1.1942214965820312,-0.0014868454657630537,177
2.825395345687866,1.003071665763855,-1.1942214965820312,-0.0014829940661797991,177
2.825395345687866,1.003071665763855,-1.1942216157913208,-0.0014806641782456609,177
2.825395345687866,1.003071665763855,-1.1942217350006104,-0.0014774892135278606,177
2.825395345687866,1.003071665763855,-1.1942218542099,-0.0014757221676973131,177
2.825395345687866,1.003071665763855,-1.1942218542099,-0.0014727685451134676,177
2.825395345687866,1.003071665763855,-1.1942219734191895,-0.0014711980285255777,177
2.825395345687866,1.003071665763855,-1.1942219734191895,-0.0014689325520294005,177
2.825395345687866,1.003071665763855,-1.194222092628479,-0.001465427501727845,177
2.825395345687866,1.003071665763855,-1.1942222118377686,-0.0014635177087143347,177
2.825395345687866,1.003071665763855,-1.1942222118377686,-0.0014605111236392077,177
2.825395345687866,1.003071665763855,-1.194222331047058,-0.001458924909286452,177
2.825395345687866,1.003071665763855,-1.194222331047058,-0.001456400719746398,177
2.825395345687866,1.003071665763855,-1.1942224502563477,-0.0014526071380487338,177
2.825395345687866,1.003071665763855,-1.1942225694656372,-0.0014505287196584504,177
2.825395345687866,1.003071665763855,-1.1942226886749268,-0.0014473236193452976,177
2.825395345687866,1.003071665763855,-1.1942226886749268,-0.0014455479619641665,177
2.825395345687866,1.003071665763855,-1.1942228078842163,-0.0014429254753736132,177
2.825395345687866,1.003071665763855,-1.1942228078842163,-0.0014388749286240454,177
2.825395345687866,1.003071665763855,-1.1942229270935059,-0.0014366753201784377,177
2.825395345687866,1.003071665763855,-1.1942230463027954,-0.0014333252499341143,177
2.825395345687866,1.003071665763855,-1.194223165512085,-0.0014313408554471607,177
2.825395345687866,1.003071665763855,-1.194223165512085,-0.001428397153063088,177
2.825395345687866,1.003071665763855,-1.1942232847213745,-0.0014268407911686154,177
2.825395345687866,1.003071665763855,-1.194223403930664,-0.0014244486693542058,177
2.825395345687866,1.003071665763855,-1.194223403930664,-0.0014209083078640106,177
2.825395345687866,1.003071665763855,-1.1942235231399536,-0.001418779144387372,177
2.825395345687866,1.003071665763855,-1.1942236423492432,-0.0014158162635453664,177
2.825395345687866,1.003071665763855,-1.1942236423492432,-0.001414021633934226,177
2.825395345687866,1.003071665763855,-1.1942237615585327,-0.0014113637173522875,177
2.825395345687866,1.003071665763855,-1.1942237615585327,-0.001407611484410154,177
2.825395345687866,1.003071665763855,-1.1942238807678223,-0.0014055234548209228,177
2.825395345687866,1.003071665763855,-1.1942239999771118,-0.0014023102932583242,177
2.825395345687866,1.003071665763855,-1.1942241191864014,-0.0014004156791997957,177
2.825395345687866,1.003071665763855,-1.1942241191864014,-0.0013975882808381357,177
2.825395345687866,1.003071665763855,-1.194224238395691,-0.0013960179096557113,177
2.825395345687866,1.003071665763855,-1.194224238395691,-0.0013937639616870001,177
2.825395345687866,1.003071665763855,-1.1942243576049805,-0.0013902459300538794,177
2.825395345687866,1.003071665763855,-1.19422447681427,-0.0013884185182178044,177
2.825395345687866,1.003071665763855,-1.19422447681427,-0.0013853420848590758,177
2.825395345687866,1.003071665763855,-1.1942245960235596,-0.00138377629639308,177
2.825395345687866,1.003071665763855,-1.1942247152328491,-0.001381358628009366,177
2.825395345687866,1.003071665763855,-1.1942247152328491,-0.0013775662816328804,177
2.825395345687866,1.003071665763855,-1.1942248344421387,-0.001375461731527139,177
2.825395345687866,1.003071665763855,-1.1942249536514282,-0.0013724603283549186,177
2.825395345687866,1.003071665763855,-1.1942249536514282,-0.0013706257445278425,177
2.825395345687866,1.003071665763855,-1.1942250728607178,-0.0013680356621534884,177
2.825395345687866,1.003071665763855,-1.1942251920700073,-0.0013640933885881168,177
2.825395345687866,1.003071665763855,-1.1942253112792969,-0.0013617361099704794,177
2.825395345687866,1.003071665763855,-1.1942253112792969,-0.00135853595890012,177
2.825395345687866,1.003071665763855,-1.1942254304885864,-0.0013566514983267552,177
2.825395345687866,1.003071665763855,-1.194225549697876,-0.0013538600866240813,177
2.825395345687866,1.003071665763855,-1.194225549697876,-0.0013522688895477586,177
2.825395345687866,1.003071665763855,-1.1942256689071655,-0.001349892135635855,177
2.825395345687866,1.003071665763855,-1.1942256689071655,-0.0013462259227026152,177
2.825395345687866,1.003071665763855,-1.194225788116455,-0.0013442793075455484,177
2.825395345687866,1.003071665763855,-1.1942259073257446,-0.0013411628154926802,177
2.825395345687866,1.003071665763855,-1.1942259073257446,-0.001339521470129057,177
2.825395345687866,1.003071665763855,-1.1942260265350342,-0.0013370369991889675,177
2.825395345687866,1.003071665763855,-1.1942261457443237,-0.0013332345633330078,177
2.825395345687866,1.003071665763855,-1.1942262649536133,-0.001331110087221532,177
2.825395345687866,1.003071665763855,-1.1942262649536133,-0.001327862099003596,177
2.825395345687866,1.003071665763855,-1.1942263841629028,-0.0013260241633474834,177
2.825395345687866,1.003071665763855,-1.1942263841629028,-0.0013233245402943794,177
2.825395345687866,1.003071665763855,-1.1942265033721924,-0.001321805909753948,177
2.825395345687866,1.003071665763855,-1.1942265033721924,-0.001319478220750625,177
2.825395345687866,1.003071665763855,-1.194226622581482,-0.001316006433455641,177
2.825395345687866,1.003071665763855,-1.1942267417907715,-0.0013141664700810907,177
2.825395345687866,1.003071665763855,-1.1942267417907715,-0.001311238898551892,177
2.825395345687866,1.003071665763855,-1.194226861000061,-0.0013095571842995923,177
2.825395345687866,1.003071665763855,-1.1942269802093506,-0.0013072005314143098,177
2.825395345687866,1.003071665763855,-1.1942269802093506,-0.0013035013759008507,177
2.825395345687866,1.003071665763855,-1.1942270994186401,-0.0013015021464184429,177
2.825395345687866,1.003071665763855,-1.1942272186279297,-0.0012983848068301995,177
2.825395345687866,1.003071665763855,-1.1942272186279297,-0.0012965824901129963,177
2.825395345687866,1.003071665763855,-1.1942273378372192,-0.001293989098030579,177
2.825395345687866,1.003071665763855,-1.1942274570465088,-0.0012900627369276663,177
2.825395345687866,1.003071665763855,-1.1942275762557983,-0.0012878082050065132,177
2.825395345687866,1.003071665763855,-1.1942275762557983,-0.0012846196959799272,177
2.825395345687866,1.003071665763855,-1.194227695465088,-0.0012827113777120758,177
2.825395345687866,1.003071665763855,-1.194227695465088,-0.0012799727225001334,177
2.825395345687866,1.003071665763855,-1.1942278146743774,-0.0012782949569896118,177
2.825395345687866,1.003071665763855,-1.194227933883667,-0.0012760573283117083,177
2.825395345687866,1.003071665763855,-1.194227933883667,-0.0012725458221325425,177
2.825395345687866,1.003071665763855,-1.1942280530929565,-0.0012705836668942538,177
2.825395345687866,1.003071665763855,-1.194228172302246,-0.001267440545689169,177
2.825395345687866,1.003071665763855,-1.194228172302246,-0.0012658632228976785,177
2.825395345687866,1.003071665763855,-1.1942282915115356,-0.0012632861425458941,177
2.825395345687866,1.003071665763855,-1.1942282915115356,-0.001259560918299485,177
2.825395345687866,1.003071665763855,-1.1942284107208252,-0.0012574441951755944,177
2.825395345687866,1.003071665763855,-1.1942285299301147,-0.00125428426599683,177
2.825395345687866,1.003071665763855,-1.1942286491394043,-0.0012524646663791827,177
2.825395345687866,1.003071665763855,-1.1942286491394043,-0.0012498174095298964,177
2.825395345687866,1.003071665763855,-1.1942287683486938,-0.001245828738660748,177
2.825395345687866,1.003071665763855,-1.1942288875579834,-0.0012434940207981526,177
2.825395345687866,1.003071665763855,-1.1942288875579834,-0.001240202585620409,177
2.825395345687866,1.003071665763855,-1.194229006767273,-0.0012382498782130824,177
2.825395345687866,1.003071665763855,-1.1942291259765625,-0.0012353559200164455,177
2.825395345687866,1.003071665763855,-1.194229245185852,-0.0012326165195304384,177
2.825395345687866,1.003071665763855,-1.194229245185852,-0.0012287297781767847,177
2.825395345687866,1.003071665763855,-1.1942293643951416,-0.0012247118061168294,177
2.825395345687866,1.003071665763855,-1.1942294836044312,nan,0
2.825395345687866,1.003071665763855,-1.1942294836044312,nan,nan
#GNA3
0.0,0.0,0.0,3.58797464627969e-07,0
0.05000000074505806,0.04996732622385025,-0.0301348939538002,-0.000333578076407548,0
0.10000000149011612,0.09986547380685806,-0.0602387934923172,-0.00042073042818202566,0
0.15000000596046448,0.14968882501125336,-0.09030937403440475,-0.000537658685743736,0
0.20000000298023224,0.19943059980869293,-0.12034381926059723,-0.0006974370979264677,0
0.25,0.24908244609832764,-0.15033861994743347,-0.0009209727970187487,0
0.30000001192092896,0.2986339032649994,-0.1802893728017807,-0.0012416796967329446,0
0.3499999940395355,0.34807145595550537,-0.2101903110742569,-0.0017143587019177176,0
0.4000000059604645,0.3973773419857025,-0.24003373086452484,-0.0024327332990310424,0
0.44999998807907104,0.446527361869812,-0.2698090076446533,-0.0035606738197770937,0
0.5,0.4954875409603119,-0.299500972032547,-0.0053957506064534755,0
0.550000011920929,0.5442083477973938,-0.32908692955970764,-0.008495916403717274,0
0.6000000238418579,0.592614471912384,-0.3585318326950073,-0.013932415135400333,0
0.6499999761581421,0.640586256980896,-0.3877785801887512,-0.023772420030752528,0
0.699999988079071,0.687924325466156,-0.4167298674583435,1.4401658745555324e-06,0
0.75,0.7342814803123474,-0.44521206617355347,1.7218818584296969e-06,0
0.800000011920929,0.7790306210517883,-0.4729047417640686,8.062456799962092e-07,0
0.8500000238418579,0.8210577368736267,-0.499225378036499,3.823440238193143e-06,0
0.8999999761581421,0.8586050868034363,-0.5232369899749756,4.591043654045279e-05,5
0.949999988079071,0.889726459980011,-0.5438908338546753,0.0003110721622761048,14
1.0,0.9138201475143433,-0.5609224438667297,7.726657736384368e-05,20
1.0499999523162842,0.9313266277313232,-0.574574887752533,-0.013965451950070928,22
1.100000023841858,0.9441295266151428,-0.5860137343406677,0.008308915589850585,25
1.149999976158142,0.9536517858505249,-0.5961105823516846,-0.007775281074827944,36
1.2000000476837158,0.9609001278877258,-0.605499804019928,-0.007645548559082727,42
1.25,0.9665529131889343,-0.6146034598350525,0.0005809824030507116,51
1.2999999523162842,0.9711137413978577,-0.6238324046134949,-0.006057627936343124,61
1.350000023841858,0.9747723937034607,-0.6331451535224915,-0.0001257129407008506,72
1.399999976158142,0.9778046011924744,-0.6428062915802002,-0.00032316556911382577,76
1.412500023841858,0.9784824848175049,-0.6452887654304504,0.0006954800306289144,80
1.431249976158142,0.9794427156448364,-0.6490238904953003,-0.0006981611819014688,83
1.459375023841858,0.9792707562446594,-0.6484083533287048,-0.0008210458174175983,82
1.501562476158142,0.9784585237503052,-0.646121621131897,-0.01932231293494624,84
1.5515625476837158,0.9767110347747803,-0.6417641043663025,0.038394391873225686,86
1.6015625,0.9739133715629578,-0.6346750259399414,-2.683023006966323e-05,86
1.6046874523162842,0.973816990852356,-0.6344314217567444,2.0259581788195646e-05,86
1.607812523841858,0.973768949508667,-0.6343115568161011,4.6010132678020454e-05,86
1.610937476158142,0.9737253189086914,-0.6342007517814636,0.0002668086535209113,86
1.6140625476837158,0.9737057685852051,-0.6341457962989807,8.09843189131243e-05,86
1.6171875,0.9736974239349365,-0.634118914604187,4.041380566377484e-05,86
1.6218750476837158,0.973684549331665,-0.6340785026550293,2.123965589362342e-05,86
1.62890625,0.973659873008728,-0.6340049505233765,3.846377694571856e-06,86
1.6394531726837158,0.9736071825027466,-0.6338576078414917,-5.0582847677560494e-05,86
1.6552734375,0.9734897017478943,-0.6335465908050537,-0.0003048721189315984,86
1.6790039539337158,0.9732211232185364,-0.6328758001327515,-0.00042276071133073856,84
1.714599609375,0.9727218747138977,-0.6317089796066284,0.0001505637943637339,82
1.7645995616912842,0.9720237851142883,-0.6301048994064331,3.767570581203472e-05,83
1.814599633216858,0.9720065593719482,-0.6301549673080444,0.00038923795140988204,82
1.864599585533142,0.9720082879066467,-0.6302179098129272,0.000805148498386643,83
1.9145996570587158,0.9726714491844177,-0.631847083568573,-0.0027179303381217323,86
1.964599609375,0.9733667969703674,-0.6334387063980103,-0.0011015647118028937,86
2.014599561691284,0.9736676216125488,-0.6340675354003906,-0.003125729621501705,86
2.0645995140075684,0.9734645485877991,-0.6334802508354187,-0.007523200763159821,84
2.1145997047424316,0.9726905226707458,-0.6316364407539368,0.0010160540357446735,82
2.164599657058716,0.9720235466957092,-0.6301055550575256,4.472028575719378e-05,83
2.214599609375,0.9720150232315063,-0.6301807165145874,-0.00033697876477845057,82
2.264599561691284,0.9719827175140381,-0.6301794052124023,2.9275949486873287e-05,82
2.277099609375,0.9718995094299316,-0.6300224661827087,0.00019777571094437008,82
2.295849561691284,0.9716544151306152,-0.6294994950294495,-0.00018919666592864814,83
2.323974609375,0.9715510010719299,-0.6292252540588379,-0.0003659901765900031,80
2.366162061691284,0.9699416756629944,-0.6259860992431641,-2.864705379579391e-05,80
2.4083495140075684,0.9691320061683655,-0.6244797706604004,-9.148240241074745e-05,80
2.4505372047424316,0.9683162569999695,-0.6230518817901611,-0.0006632267526924807,80
2.500537157058716,0.9673740267753601,-0.6215307116508484,-0.0006982038258911416,79
2.550537109375,0.9665484428405762,-0.6203441619873047,-6.0245287897942035e-05,80
2.600537061691284,0.9657913446426392,-0.61937016248703,1.352671421273044e-05,79
2.6505370140075684,0.9649837017059326,-0.6183972358703613,-0.0002806984484777786,79
2.7005372047424316,0.9640714526176453,-0.6173439621925354,-0.0004354642870225689,78
2.750537157058716,0.9630041122436523,-0.6161450147628784,-0.00038965922499301087,78
2.800537109375,0.9618549942970276,-0.614835798740387,-4.0976511172630126e-05,78
2.850537061691284,0.9606072306632996,-0.6134591102600098,-8.94782129989835e-06,78
2.9005370140075684,0.9592780470848083,-0.6120234131813049,-5.901740792069177e-06,78
2.9505372047424316,0.9578843116760254,-0.610547661781311,-4.897418193650083e-06,78
3.000537157058716,0.9564386010169983,-0.6090471744537354,-4.2335228158663085e-06,78
3.050537109375,0.9549492001533508,-0.6075322031974792,-3.900889282704156e-06,78
3.100537061691284,0.9534214735031128,-0.6060097813606262,-3.4912299611278286e-06,78
3.1505370140075684,0.9518597722053528,-0.6044843792915344,-2.5535528607179003e-06,78
3.2005372047424316,0.9502674341201782,-0.6029589772224426,-2.050546697773825e-06,77
3.250537157058716,0.9486468434333801,-0.6014352440834045,-2.0042868413838733e-06,77
3.300537109375,0.9469994902610779,-0.5999143123626709,-2.2562434764950012e-06,76
3.350537061691284,0.9453253149986267,-0.5983972549438477,-2.6953043743560556e-06,76
3.4005370140075684,0.9436219930648804,-0.5968842506408691,-2.863264910502039e-06,76
3.4505372047424316,0.94188392162323,-0.5953741073608398,-2.153261220882996e-06,76
3.500537157058716,0.9401031732559204,-0.5938650965690613,-1.312054388336037e-05,76
3.550537109375,0.9382753372192383,-0.5923617482185364,5.389168939018418e-05,75
3.600537061691284,0.9364162087440491,-0.5908879637718201,0.00017477267920185113,75
3.6505370140075684,0.9346890449523926,-0.5896189212799072,0.0006050162060091679,74
3.7005372047424316,0.9344441294670105,-0.589728832244873,0.00018763396644772,74
3.750537157058716,0.9358057379722595,-0.5910085439682007,8.301771464402918e-05,74
3.800537109375,0.9375645518302917,-0.5925554633140564,1.4511450672216597e-05,74
3.850537061691284,0.9394364953041077,-0.5941872000694275,5.051172138337279e-06,73
3.9005370140075684,0.9412954449653625,-0.5958305597305298,1.005614706173219e-06,73
3.9505372047424316,0.9430974125862122,-0.5974614024162292,-5.094133484817576e-06,75
4.000536918640137,0.9448418021202087,-0.5990824699401855,-5.222111951752595e-06,76
4.050537109375,0.9465402960777283,-0.6007025241851807,-5.035733693148359e-06,76
4.100537300109863,0.9482022523880005,-0.6023267507553101,-5.161536705600156e-06,75
4.150537014007568,0.9498292207717896,-0.603952169418335,-4.9074562866735505e-06,75
4.200537204742432,0.9514145851135254,-0.605568528175354,-4.177290861662186e-06,76
4.250536918640137,0.9529451131820679,-0.6071590781211853,-2.6983096290678077e-06,77
4.300537109375,0.9544024467468262,-0.6087018847465515,-8.020086283977435e-07,78
4.350537300109863,0.9557656049728394,-0.610171914100647,2.0370528091007145e-06,78
4.400537014007568,0.9570149779319763,-0.6115444302558899,2.0673859637554415e-05,76
4.450537204742432,0.958143949508667,-0.6128067374229431,-4.898756458260323e-06,76
4.500536918640137,0.9591895341873169,-0.6139928698539734,-0.00012019777466321102,76
4.550537109375,0.9602936506271362,-0.6152539849281311,-0.00024408928993580048,76
4.600537300109863,0.9616300463676453,-0.616787850856781,-2.532330449867004e-05,76
4.650537014007568,0.9630395174026489,-0.6184303760528564,-5.538310119845846e-06,76
4.700537204742432,0.9643808603286743,-0.6200286149978638,-6.918167628100491e-06,76
4.750536918640137,0.9656040072441101,-0.6215182542800903,-9.136499556916533e-06,76
4.800537109375,0.9666631817817688,-0.6228241324424744,-2.4056247355019877e-05,76
4.850537300109863,0.9674816727638245,-0.6238095760345459,-4.414978786826396e-05,75
4.900537014007568,0.967913806438446,-0.6242164373397827,0.000194566140862662,73
4.950537204742432,0.9677792191505432,-0.6237486600875854,4.45598604414954e-05,73
5.000536918640137,0.9671649932861328,-0.6225878000259399,-3.0401571336824418e-05,71
5.050537109375,0.9663212895393372,-0.6211510300636292,-1.3797019789762999e-05,69
5.100537300109863,0.9653651714324951,-0.6196168065071106,-6.4375715851383575e-06,69
5.150537014007568,0.9643351435661316,-0.6180410385131836,-4.03357790901282e-06,69
5.200537204742432,0.9632440805435181,-0.6164432168006897,-3.939767054816912e-06,69
5.250536918640137,0.9620981812477112,-0.6148361563682556,-7.075652376897779e-06,69
5.300537109375,0.9609054327011108,-0.6132369637489319,-1.5596253035710106e-05,68
5.350537300109863,0.9596831798553467,-0.6116746068000793,-3.0318306130538986e-05,68
5.400537014007568,0.9584640264511108,-0.6101928949356079,-4.912462486572622e-05,68
5.450537204742432,0.9572959542274475,-0.6088444590568542,-5.4489114290845464e-05,68
5.500536918640137,0.9562295079231262,-0.6076735854148865,-4.9149630456213345e-05,68
5.550537109375,0.9552962183952332,-0.6066946387290955,-3.528099068716983e-05,68
5.600537300109863,0.9544890522956848,-0.6058820486068726,-1.8968152232901048e-05,68
5.650537014007568,0.9537597298622131,-0.6051735877990723,-2.125446769696282e-05,67
5.700537204742432,0.9530361890792847,-0.6044892072677612,-8.603180316413273e-05,68
5.750536918640137,0.9522380232810974,-0.6037417650222778,-0.00023802360760782904,69
5.800537109375,0.9512830972671509,-0.6028422713279724,-7.920208940959128e-05,70
5.850537300109863,0.9501741528511047,-0.6018121242523193,7.387722405383101e-05,70
5.900537014007568,0.9489931464195251,-0.6007640361785889,6.442656814442671e-05,71
5.950537204742432,0.947860836982727,-0.599799633026123,5.0842609198298305e-05,71
6.000536918640137,0.9469892382621765,-0.5990666747093201,1.3487091109709581e-05,72
6.050537109375,0.946572482585907,-0.5986908078193665,8.864292908583593e-06,74
6.100537300109863,0.9465762972831726,-0.5986310839653015,1.1421295312175062e-05,74
6.150537014007568,0.9468135833740234,-0.5987414717674255,1.0349023341404973e-05,72
6.200537204742432,0.9471166133880615,-0.5988931059837341,1.2538386329197238e-05,71
6.250536918640137,0.9473615884780884,-0.5989870429039001,1.8270744135406858e-05,70
6.300537109375,0.9474551677703857,-0.5989445447921753,2.3243581381393597e-05,70
6.350537300109863,0.9473346471786499,-0.5987103581428528,2.1027324578426487e-05,70
6.400537014007568,0.9469779133796692,-0.5982654094696045,1.2704502069027512e-05,70
6.450537204742432,0.9464040398597717,-0.597628653049469,7.550980853920919e-06,69
6.500536918640137,0.9456552863121033,-0.5968394875526428,-2.6877428354055155e-06,69
6.550537109375,0.9447762966156006,-0.595937192440033,-3.945370440305851e-05,68
6.600537300109863,0.9438005685806274,-0.5949519276618958,-5.04721515426354e-06,67
6.650537014007568,0.9427528977394104,-0.5938957333564758,-3.4733564575617493e-06,66
6.700537204742432,0.9416426420211792,-0.5927771925926208,-3.2070941529127595e-06,66
6.750536918640137,0.940471351146698,-0.5915966033935547,-4.086778915279865e-06,65
6.800537109375,0.9392351508140564,-0.590351939201355,-1.2064070006090333e-05,65
6.850537300109863,0.9379205107688904,-0.5890325903892517,-2.3388962915760203e-05,65
6.900537014007568,0.9364937543869019,-0.5876136422157288,-2.498249307336664e-05,64
6.950537204742432,0.9349154829978943,-0.5860845446586609,-4.462257453496932e-05,63
7.000536918640137,0.933234453201294,-0.5845322012901306,-2.892966318768231e-05,63
7.050537109375,0.9315491914749146,-0.5830642580986023,-1.883436004845862e-05,63
7.100537300109863,0.929847776889801,-0.5816649198532104,-9.769975861217972e-06,64
7.150537014007568,0.9280629754066467,-0.5802706480026245,3.169010074088874e-05,64
7.200537204742432,0.9261439442634583,-0.5788491368293762,0.0003368425218752691,66
7.250536918640137,0.9233794808387756,-0.5768223404884338,-2.4984669266814308e-06,66
7.300537109375,0.9211574792861938,-0.5752533674240112,-3.8355171909643104e-06,66
7.350537300109863,0.9188675880432129,-0.5736568570137024,-3.9083777210180415e-06,66
7.400537014007568,0.9165424108505249,-0.5720517635345459,-2.7651205982692773e-06,66
7.450537204742432,0.9142002463340759,-0.5704491138458252,-1.5621396869391901e-06,65
7.500536918640137,0.9118469953536987,-0.568852961063385,-8.52042489896121e-07,65
7.550537109375,0.9094809293746948,-0.5672627091407776,-5.139215204508218e-07,65
7.600537300109863,0.907097578048706,-0.5656760931015015,4.7445064410567284e-07,65
7.650537014007568,0.9046921730041504,-0.5640905499458313,7.337146143981954e-07,65
7.700537204742432,0.9022611975669861,-0.5625039935112,5.553206392505672e-07,65
7.750536918640137,0.8998026847839355,-0.5609152913093567,5.72241162899445e-07,65
7.800537109375,0.8973163962364197,-0.5593239665031433,5.584980726780486e-07,65
7.850537300109863,0.8948036432266235,-0.557730495929718,5.701479039998958e-07,65
7.900537014007568,0.8922670483589172,-0.556135892868042,6.478969680756563e-07,65
7.950537204742432,0.8897103667259216,-0.5545417666435242,5.712946062885749e-07,65
8.000536918640137,0.8871385455131531,-0.552950382232666,5.924073889218562e-07,65
8.050537109375,0.8845571875572205,-0.5513642430305481,8.620259563940635e-07,66
8.100537300109863,0.8819729685783386,-0.5497864484786987,7.717472954027471e-07,66
8.150537490844727,0.8793935775756836,-0.5482205152511597,8.039063601472662e-07,66
8.200536727905273,0.8768280148506165,-0.54667067527771,9.431247036673085e-07,66
8.250536918640137,0.8742877840995789,-0.5451424717903137,1.0542737101104649e-06,66
8.300537109375,0.8717898726463318,-0.5436444878578186,-6.233787871678942e-06,66
8.350537300109863,0.8693681359291077,-0.5421991944313049,0.002385268850275679,68
8.400537490844727,0.8670090436935425,-0.5407651662826538,-0.0030656387280032504,69
8.450536727905273,0.8709318041801453,-0.5430159568786621,0.0005799029285640245,69
8.500536918640137,0.8730750679969788,-0.5442834496498108,9.543435908199172e-07,69
8.550537109375,0.8752362132072449,-0.5455694198608398,6.915233825566247e-07,69
8.600537300109863,0.8773921132087708,-0.5468602776527405,5.407218282016402e-07,69
8.650537490844727,0.8795256614685059,-0.54814612865448,4.799892394657945e-07,69
8.700536727905273,0.8816217184066772,-0.5494182109832764,5.429542966339795e-07,69
8.750536918640137,0.8836653232574463,-0.5506680011749268,3.9581050259585027e-07,69
8.800537109375,0.8856410384178162,-0.5518868565559387,5.439526375994319e-07,69
8.850537300109863,0.8875318765640259,-0.5530654788017273,5.125178859088919e-07,69
8.900537490844727,0.8893187046051025,-0.5541935563087463,5.828887879033573e-07,69
8.950536727905273,0.8909792304039001,-0.5552590489387512,6.36084280358773e-07,69
9.000536918640137,0.8924866318702698,-0.5562474131584167,6.618511179112829e-07,69
9.050537109375,0.8938077688217163,-0.5571406483650208,7.643623689546075e-07,69
9.100537300109863,0.8949001431465149,-0.5579156279563904,1.125492190112709e-06,69
9.150537490844727,0.8957083225250244,-0.5585415959358215,1.8132668060388824e-06,69
9.200536727905273,0.8961586356163025,-0.5589770078659058,3.2755114602878166e-06,68
9.250536918640137,0.8961557745933533,-0.559166431427002,5.7373375170755025e-06,68
9.300537109375,0.8955891728401184,-0.5590416193008423,8.696971235622186e-06,68
9.350537300109863,0.8943712115287781,-0.5585399866104126,8.026224634249957e-06,68
9.400537490844727,0.8925166130065918,-0.5576490759849548,7.844645779186976e-06,68
9.450536727905273,0.8901852369308472,-0.5564388632774353,8.783329690231767e-06,68
9.500536918640137,0.8875946402549744,-0.5550239086151123,6.499857363451156e-06,68
9.550537109375,0.8849103450775146,-0.5535024404525757,3.965010932915902e-06,68
9.600537300109863,0.882221519947052,-0.5519362688064575,2.446704854719428e-06,68
9.650537490844727,0.8795662522315979,-0.5503591895103455,1.8051113670480845e-06,68
9.700536727905273,0.8769580721855164,-0.5487892031669617,1.5644776567569352e-06,68
9.750536918640137,0.8744011521339417,-0.5472366213798523,1.7015384514706966e-06,68
9.800537109375,0.8718981146812439,-0.5457084774971008,1.8616820511851984e-06,68
9.850537300109863,0.8694531917572021,-0.5442110896110535,2.1642702563440253e-06,68
9.900537490844727,0.8670734763145447,-0.5427512526512146,2.4398276536885533e-06,68
9.950536727905273,0.864769697189331,-0.5413370132446289,2.8447965974010003e-06,68
10.000536918640137,0.8625558614730835,-0.5399777293205261,3.2273965189233422e-06,68
10.050537109375,0.8604488968849182,-0.5386838316917419,3.757929448511277e-06,67
10.100537300109863,0.8584677577018738,-0.5374667644500732,4.211484395000298e-06,66
10.150537490844727,0.85663241147995,-0.5363380908966064,4.744325281080819e-06,66
10.200536727905273,0.8549622893333435,-0.5353090167045593,5.273332078559179e-06,66
10.250536918640137,0.8534749150276184,-0.5343894362449646,5.733766840876342e-06,65
10.300537109375,0.8521847128868103,-0.5335874557495117,5.855076608440868e-06,65
10.350537300109863,0.8511022329330444,-0.5329087376594543,5.742546250075975e-06,65
10.400537490844727,0.8502338528633118,-0.5323566198348999,6.351858814923617e-06,65
10.450536727905273,0.8495824337005615,-0.5319330096244812,9.581099277511385e-06,65
10.500536918640137,0.8491480350494385,-0.5316392779350281,9.7064243504974e-06,65
10.550537109375,0.8489291071891785,-0.5314741730690002,3.2321134266766194e-06,66
10.600537300109863,0.8489236831665039,-0.5314352512359619,3.3954737048702555e-06,68
10.650537490844727,0.8491302132606506,-0.531522274017334,-3.4802600339389755e-06,69
10.700536727905273,0.8495482802391052,-0.531735897064209,-6.569854519966611e-06,69
10.750536918640137,0.8501786589622498,-0.5320776700973511,-7.5367350405031175e-06,69
10.800537109375,0.8510230779647827,-0.5325497984886169,-9.392888443926495e-06,69
10.850537300109863,0.8520833849906921,-0.5331550240516663,-1.0869211166664172e-05,69
10.900537490844727,0.853360652923584,-0.5338959097862244,-1.1981352031398274e-05,69
10.950536727905273,0.8548535108566284,-0.5347743630409241,-1.2693661119556054e-05,69
11.000536918640137,0.8565560579299927,-0.5357903838157654,-1.2677054655796383e-05,69
11.050537109375,0.8584556579589844,-0.5369411110877991,-1.22460587022033e-05,69
11.100537300109863,0.8605298399925232,-0.5382199287414551,-1.1649686825876415e-05,69
11.150537490844727,0.8627405762672424,-0.539614737033844,-1.1558984851944842e-05,69
11.200536727905273,0.8650192022323608,-0.5411044955253601,-3.541627779668488e-05,69
11.250536918640137,0.8671974539756775,-0.5426384806632996,0.001884836694898695,71
11.300537109375,0.868375837802887,-0.5438812375068665,-0.00018062097660731524,71
11.350537300109863,0.8666451573371887,-0.5435472130775452,-2.294527035928695e-05,71
11.400537490844727,0.864517867565155,-0.5427711606025696,-1.06023292687496e-05,72
11.450536727905273,0.8624106049537659,-0.5419430732727051,-8.91423496796051e-06,72
11.500536918640137,0.8604269623756409,-0.5411472916603088,-9.340077838260186e-06,72
11.550537109375,0.8586127758026123,-0.5404196381568909,-1.0046952070297266e-05,73
11.600537300109863,0.8569933176040649,-0.5397792458534241,-2.1097294791161403e-05,73
11.650537490844727,0.8555830121040344,-0.539240837097168,4.8805607093527215e-05,73
11.663037300109863,0.8552649021148682,-0.5391260981559753,-1.2863293932241504e-05,73
11.681787490844727,0.8548169732093811,-0.5389823913574219,-0.1298420707630612,72
11.709912300109863,0.8538187146186829,-0.5391402840614319,-3.5376183120661153e-06,72
11.752099990844727,0.8532661199569702,-0.5389788746833801,3.713172918651253e-05,73
11.802099227905273,0.8528528213500977,-0.5384746789932251,-0.0028912945342653984,74
11.852099418640137,0.8530087471008301,-0.5382542014122009,-0.012141829813344884,72
11.902099609375,0.8522204160690308,-0.538079023361206,-9.20069323910866e-05,72
11.952099800109863,0.8518221378326416,-0.5380106568336487,-1.651205661801214e-05,70
12.002099990844727,0.8516319990158081,-0.538040041923523,0.0010247143375181622,69
12.052099227905273,0.8516467213630676,-0.5381659269332886,3.1702086111806693e-06,69
12.102099418640137,0.851864755153656,-0.5383877158164978,4.2349566342636535e-06,69
12.152099609375,0.852284848690033,-0.5387040972709656,5.167937956684909e-06,70
12.202099800109863,0.8529052138328552,-0.5391136407852173,5.7413723197896616e-06,70
12.252099990844727,0.8537229299545288,-0.5396144986152649,5.971921837044647e-06,70
12.302099227905273,0.8547328114509583,-0.5402038097381592,5.813619566197303e-06,70
12.352099418640137,0.8559272885322571,-0.5408774614334106,5.63604316994315e-06,70
12.402099609375,0.8572960495948792,-0.5416303277015686,5.394257243551692e-06,70
12.452099800109863,0.8588263988494873,-0.5424560904502869,6.453705623243877e-06,70
12.502099990844727,0.8605040907859802,-0.5433474779129028,2.0270132949917752e-05,70
12.552099227905273,0.862313449382782,-0.5442947149276733,-0.0006093529287340971,70
12.602099418640137,0.8642153143882751,-0.5452638864517212,-0.00014509561350450895,70
12.652099609375,0.866292417049408,-0.5463672876358032,-7.064005529855422e-05,70
12.702099800109863,0.8684179782867432,-0.5474809408187866,5.180616369671043e-06,69
12.752099990844727,0.8706277012825012,-0.5486243963241577,2.3929432586555777e-06,69
12.802099227905273,0.8729139566421509,-0.5498073697090149,2.0091893020435236e-06,69
12.852099418640137,0.875271737575531,-0.5510315299034119,1.7515492345410166e-06,69
12.902099609375,0.8776979446411133,-0.5522994995117188,1.6078187172752223e-06,69
12.952099800109863,0.8801906704902649,-0.5536154508590698,1.6046589621510066e-06,69
13.002099990844727,0.8827482461929321,-0.5549846291542053,1.8350261825617054e-06,69
13.052099227905273,0.8853678703308105,-0.5564125180244446,2.8384547476889566e-06,68
13.102099418640137,0.8880445957183838,-0.5579026341438293,2.862619282950618e-06,68
13.152099609375,0.8907710909843445,-0.5594547986984253,2.4375025304834708e-06,68
13.202099800109863,0.8935409784317017,-0.5610650181770325,1.071589110779314e-06,68
13.252099990844727,0.8963526487350464,-0.5627281665802002,-1.317320027283131e-06,68
13.302099227905273,0.8992088437080383,-0.5644403100013733,-3.2468091717419156e-06,68
13.352099418640137,0.9021090865135193,-0.5661977529525757,-3.811367662365228e-06,67
13.402099609375,0.9050408601760864,-0.5679942965507507,-2.9832215204805834e-06,67
13.452099800109863,0.9079782962799072,-0.5698199272155762,-1.8133468984160572e-06,68
13.502099990844727,0.9108862280845642,-0.5716598629951477,8.055816579144448e-06,67
13.552099227905273,0.913725733757019,-0.5734981894493103,-1.4837608546258707e-06,67
13.602099418640137,0.9164497256278992,-0.5753002762794495,-1.1657947425192106e-06,67
13.652099609375,0.9190048575401306,-0.5770306587219238,-3.261725169068086e-06,67
13.702099800109863,0.9213176965713501,-0.578630268573761,-9.618879232675681e-06,66
13.752099990844727,0.9232715368270874,-0.580004870891571,-2.3320308685015334e-05,65
13.802099227905273,0.9246587157249451,-0.5809924006462097,-2.1586244770332996e-05,63
13.852099418640137,0.9251568913459778,-0.5813539624214172,-1.104976621491005e-05,63
13.902099609375,0.924585223197937,-0.5809711217880249,-3.602480524023122e-05,63
13.952099800109863,0.9232171773910522,-0.5800590515136719,-2.6909830296517612e-05,62
14.002099990844727,0.9214044809341431,-0.5788779854774475,-1.455042837505971e-05,62
14.052099227905273,0.9193392395973206,-0.5775651335716248,-7.761464814848296e-06,62
14.102099418640137,0.9171079993247986,-0.5761795043945312,-4.339037616318819e-06,62
14.152099609375,0.9147483706474304,-0.5747450590133667,-2.553139381689107e-06,62
14.202099800109863,0.9122762680053711,-0.5732713937759399,-1.6985911770461826e-06,62
14.252099990844727,0.909699559211731,-0.5717629790306091,-1.107043544834596e-06,62
14.302099227905273,0.9070245027542114,-0.5702233910560608,-8.004025744412502e-07,62
14.352099418640137,0.9042602777481079,-0.568657398223877,-9.972337693398003e-07,63
14.402099609375,0.901421308517456,-0.5670719146728516,-1.5730257700852235e-06,63
14.452099800109863,0.8985286951065063,-0.5654764771461487,-2.1005834582865646e-06,63
14.502099990844727,0.8956092596054077,-0.5638835430145264,-2.2263184291659854e-06,63
14.552099227905273,0.8926911950111389,-0.5623065829277039,-1.8563533217275108e-06,63
14.602099418640137,0.8897966742515564,-0.5607567429542542,-1.0665364698070334e-06,63
14.652099609375,0.8869377970695496,-0.5592402219772339,-5.078789335755118e-07,63
14.702099800109863,0.8841171264648438,-0.5577585101127625,6.589364502929129e-07,63
14.752099990844727,0.8813319802284241,-0.5563098788261414,8.532266750904682e-07,63
14.802099227905273,0.878578782081604,-0.5548914670944214,-1.0946738022710178e-06,63
14.852099418640137,0.8758558034896851,-0.5535008311271667,1.4023011001285113e-06,63
14.902099609375,0.8731645345687866,-0.5521366596221924,-1.7933745510845256e-06,63
14.952099800109863,0.8705102205276489,-0.5507992506027222,-2.2652529434452617e-06,63
15.002099990844727,0.8679020404815674,-0.549490749835968,2.830788342400581e-06,63
15.052099227905273,0.8653534054756165,-0.5482152700424194,4.7495372541561665e-06,62
15.102099418640137,0.8628820180892944,-0.5469791293144226,4.150638801103668e-06,62
15.152099609375,0.8605106472969055,-0.5457911491394043,4.94359795766286e-06,62
15.202099800109863,0.8582668900489807,-0.5446624159812927,6.040578170996014e-06,62
15.252099990844727,0.8561830520629883,-0.5436065793037415,7.256970604885282e-06,62
15.302099227905273,0.8542953133583069,-0.5426392555236816,8.001435844562366e-06,62
15.352099418640137,0.8526412844657898,-0.5417770743370056,8.459915420644393e-06,62
15.402099609375,0.8512560129165649,-0.5410359501838684,8.315292063798552e-06,62
15.452099800109863,0.8501675724983215,-0.5404289960861206,7.449184067809256e-06,62
15.502099990844727,0.8493925333023071,-0.5399645566940308,6.063655007437774e-06,62
15.552099227905273,0.8489341139793396,-0.5396451354026794,4.104869447019155e-06,62
15.602099418640137,0.8487831950187683,-0.5394677519798279,4.059884709306516e-06,63
15.652099609375,0.8489217758178711,-0.5394254922866821,4.1635027855591034e-05,65
15.702099800109863,0.8493270874023438,-0.5395095348358154,5.16566706210142e-06,66
15.752099990844727,0.8499748706817627,-0.5397140979766846,-1.543938992654148e-05,66
15.764599800109863,0.8501644730567932,-0.53978431224823,0.00012495153805502923,66
15.783349990844727,0.850395143032074,-0.5398922562599182,0.000981132415972752,66
15.811474800109863,0.8505244851112366,-0.5399903655052185,2.9283290587045485e-05,65
15.853662490844727,0.8507056832313538,-0.5401403903961182,7.230260962387547e-06,65
15.903661727905273,0.8510147929191589,-0.5403621792793274,5.040079031459754e-06,65
15.953661918640137,0.8514596819877625,-0.5406438708305359,5.913788072575699e-06,65
16.003662109375,0.8520636558532715,-0.5409949421882629,7.819456186552998e-06,65
16.053661346435547,0.8528478145599365,-0.5414246916770935,9.793842764338478e-06,65
16.103662490844727,0.8538306951522827,-0.5419415235519409,1.1017462156814872e-05,65
16.153661727905273,0.8550254106521606,-0.5425517559051514,1.1022181070075021e-05,65
16.203662872314453,0.8564372062683105,-0.5432586073875427,9.920944194163894e-06,65
16.253662109375,0.858062207698822,-0.5440610647201538,8.235065251938067e-06,65
16.303661346435547,0.8598872423171997,-0.5449543595314026,6.490716032203636e-06,65
16.353662490844727,0.8618919253349304,-0.5459303855895996,5.382405788623146e-06,65
16.403661727905273,0.8640516400337219,-0.5469793081283569,4.482408257899806e-06,65
16.453662872314453,0.8663410544395447,-0.5480911731719971,3.7862346999872898e-06,65
16.503662109375,0.8687366247177124,-0.5492568612098694,3.3233888672157263e-06,64
16.553661346435547,0.8712180256843567,-0.5504692196846008,2.8620061698347854e-06,64
16.603662490844727,0.8737682104110718,-0.551723062992096,-2.708965837427968e-06,64
16.653661727905273,0.8763717412948608,-0.5530142188072205,-3.3228763527404226e-06,64
16.703662872314453,0.8790123462677002,-0.5543384552001953,3.29824831624137e-06,64
16.753662109375,0.8816736936569214,-0.5556904077529907,2.629193375014438e-06,64
16.803661346435547,0.884348452091217,-0.5570672750473022,1.0207610774415343e-06,64
16.853662490844727,0.8870479464530945,-0.5584729909896851,-1.909852812786994e-06,64
16.903661727905273,0.8897985816001892,-0.5599178075790405,-3.866214228764875e-06,64
16.953662872314453,0.8926220536231995,-0.5614095330238342,-4.694357244261482e-06,64
17.003662109375,0.8955124020576477,-0.5629432201385498,-4.148239668211318e-06,64
17.053661346435547,0.8984304666519165,-0.5644991993904114,-5.049882020102814e-06,64
17.103662490844727,0.9013192653656006,-0.5660503506660461,-1.3189948219860526e-05,64
17.153661727905273,0.9041063785552979,-0.5675610303878784,-4.29024530035349e-05,64
17.203662872314453,0.9066330790519714,-0.5689446926116943,9.463390955488649e-05,64
17.253662109375,0.9083142876625061,-0.5698684453964233,9.760810212355864e-05,63
17.303661346435547,0.9083651304244995,-0.5698683857917786,-0.00012555433391980841,63
17.353662490844727,0.9074748158454895,-0.5693084001541138,-0.0001092870510319699,63
17.403661727905273,0.9060855507850647,-0.5684188604354858,-0.00012486542010492485,63
17.453662872314453,0.9043307304382324,-0.5672551393508911,-0.00027868391049423735,63
17.503662109375,0.9021488428115845,-0.5657718181610107,0.0011298561989292466,63
17.553661346435547,0.899093508720398,-0.5638290047645569,0.00021293197937666264,63
17.603662490844727,0.8965872526168823,-0.5624462962150574,3.622223908905653e-05,63
17.653661727905273,0.8942416310310364,-0.5612475275993347,5.865182799880131e-06,63
17.703662872314453,0.8918259739875793,-0.5600458383560181,-1.6158105609065387e-06,63
17.753662109375,0.8893013000488281,-0.558799147605896,-2.1620207917294465e-06,63
17.803661346435547,0.8866797089576721,-0.5575038194656372,-2.529673281514988e-06,63
17.853662490844727,0.8839851021766663,-0.5561656355857849,-3.4057578659485443e-06,63
17.903661727905273,0.8812471032142639,-0.5547955632209778,-3.538864234542416e-06,63
17.953662872314453,0.8784987926483154,-0.5534087419509888,-2.3001366571406834e-06,63
18.003662109375,0.8757656216621399,-0.552018940448761,-1.9106820090541987e-06,62
18.053661346435547,0.873056948184967,-0.5506331324577332,-2.5575981226211297e-06,62
18.103662490844727,0.8703715205192566,-0.5492520928382874,-3.5505360926890717e-06,62
18.153661727905273,0.8677067756652832,-0.5478740334510803,4.999425925689138e-06,62
18.203662872314453,0.8650646805763245,-0.5464963912963867,-7.068027970902335e-06,61
18.253662109375,0.8624548316001892,-0.5451133251190186,-0.0006790890210481848,61
18.303661346435547,0.8599247932434082,-0.5436933636665344,-7.294168972293846e-05,62
18.316162109375,0.8595196604728699,-0.5433979630470276,3.753302939912828e-05,63
18.334911346435547,0.8597794771194458,-0.5433942675590515,2.4034033515363262e-05,63
18.363037109375,0.8605916500091553,-0.5436636805534363,1.827508413043688e-06,63
18.405223846435547,0.8619594573974609,-0.5441566705703735,-3.52598494259837e-05,63
18.455224990844727,0.863460123538971,-0.544640839099884,-0.0006131660350092716,62
18.505224227905273,0.8641676902770996,-0.5445865988731384,-0.00141368134586628,62
18.555225372314453,0.8623042106628418,-0.5430431962013245,-0.00011456792157105156,62
18.605224609375,0.8597235083580017,-0.5413587689399719,2.7927525025006616e-05,62
18.655223846435547,0.8572192192077637,-0.5398272275924683,3.0359637321453192e-05,62
18.705224990844727,0.8549597859382629,-0.5385013222694397,4.32092490427749e-05,62
18.755224227905273,0.8530529141426086,-0.5374228358268738,6.0539487151345384e-05,62
18.805225372314453,0.8516102433204651,-0.5366426110267639,7.403465338029491e-05,62
18.855224609375,0.8507513403892517,-0.53621906042099,6.0262205238359456e-05,64
18.905223846435547,0.850559413433075,-0.5361930131912231,-1.1495813225792517e-05,64
18.955224990844727,0.8510153293609619,-0.5365533232688904,-5.8239841791873914e-05,64
19.005224227905273,0.8520037531852722,-0.5372439622879028,-9.774087448022328e-05,64
19.055225372314453,0.8533774018287659,-0.5382044315338135,0.0002292182191467873,65
19.105224609375,0.8549426794052124,-0.5393756628036499,-0.0005064005640633695,65
19.155223846435547,0.8561070561408997,-0.5405219197273254,0.00033889105520756857,66
19.205224990844727,0.8559823632240295,-0.5409610271453857,6.477973170149198e-05,66
19.255224227905273,0.8555293679237366,-0.5411372184753418,0.0004901143645383854,65
19.305225372314453,0.8581817150115967,-0.5429847240447998,4.517683419180685e-05,65
19.355224609375,0.860056459903717,-0.5440300107002258,3.643930745056423e-05,65
19.405223846435547,0.8619413375854492,-0.5450506806373596,1.951605622707575e-05,65
19.455224990844727,0.8637637495994568,-0.5460183620452881,-1.1306903957120085e-05,65
19.505224227905273,0.8654509782791138,-0.5468990206718445,-1.5612240872542316e-05,65
19.555225372314453,0.866925835609436,-0.5476540923118591,-2.7290137722957297e-05,65
19.605224609375,0.8681114912033081,-0.5482435822486877,-4.5257124156705686e-05,65
19.655223846435547,0.8689490556716919,-0.5486354231834412,-5.735984757393453e-05,66
19.705224990844727,0.8694270849227905,-0.5488219857215881,-5.5479113825640525e-05,66
19.755224227905273,0.8695999979972839,-0.548829972743988,-4.941728514040733e-05,67
19.805225372314453,0.8695755004882812,-0.5487136840820312,8.413134537477163e-05,66
19.855224609375,0.8694901466369629,-0.5485409498214722,-0.0006443400037596803,65
19.905223846435547,0.8695371150970459,-0.5484038591384888,0.00383473847324467,65
19.955224990844727,0.8704636693000793,-0.5486713647842407,0.00014533863429733174,65
20.005224227905273,0.8728398680686951,-0.5497366786003113,-2.0284367792555713e-05,65
20.055225372314453,0.8754475116729736,-0.5509740114212036,-2.9520077760025742e-06,65
20.105224609375,0.8781400918960571,-0.552280843257904,-2.3122745460568694e-06,65
20.155223846435547,0.8809131979942322,-0.5536509156227112,-1.8999535313923843e-06,65
20.205224990844727,0.8837692737579346,-0.5550851225852966,-2.2551733422915277e-06,65
20.255224227905273,0.8867146372795105,-0.5565868616104126,-3.121027475572191e-06,65
20.305225372314453,0.8897554874420166,-0.5581598877906799,-4.128531543301506e-06,65
20.355224609375,0.8928912878036499,-0.5598058700561523,-4.406080506669241e-06,65
20.405223846435547,0.8961076736450195,-0.5615223050117493,-3.963347012359009e-06,64
20.455224990844727,0.8993744254112244,-0.5633012056350708,-3.0706302709404554e-06,64
20.505224227905273,0.9026481509208679,-0.5651282072067261,-4.05403460490561e-06,63
20.555225372314453,0.9058745503425598,-0.5669788718223572,-3.604414814617485e-06,63
20.605224609375,0.9089940190315247,-0.5688180327415466,-2.4825043283271953e-06,63
20.655223846435547,0.9119539856910706,-0.57060706615448,-2.2169496673996036e-06,63
20.705224990844727,0.9147230982780457,-0.5723153948783875,-3.2380489756178576e-06,63
20.755224227905273,0.9172976016998291,-0.573928952217102,-5.08042677438425e-06,63
20.805225372314453,0.9196968674659729,-0.5754511952400208,-6.953617628369102e-06,63
20.855224609375,0.9219494462013245,-0.5768967866897583,-8.27908263545396e-06,63
20.905223846435547,0.9240773916244507,-0.5782808065414429,-9.530654324407806e-06,63
20.955224990844727,0.9260832071304321,-0.5796076655387878,-1.2566139218961325e-05,64
21.005224227905273,0.9279405474662781,-0.5808608531951904,-3.7227345046630944e-05,64
21.055225372314453,0.9295798540115356,-0.5819855332374573,-0.0003021809461074554,64
21.105224609375,0.9307805895805359,-0.5827973484992981,-0.0005979187833418109,62
21.155223846435547,0.9306323528289795,-0.5825834274291992,-5.907871144472665e-05,62
21.205224990844727,0.9292279481887817,-0.5814851522445679,-2.260957461430735e-05,62
21.255224227905273,0.9274163246154785,-0.5801520943641663,-1.883864678120517e-05,60
21.305225372314453,0.9254700541496277,-0.5787835121154785,-2.1392013366039464e-05,60
21.355224609375,0.9235298037528992,-0.5774726271629333,-1.9689658756760764e-05,60
21.405223846435547,0.9216659069061279,-0.5762551426887512,-2.1154626551833644e-05,60
21.455224990844727,0.9198809266090393,-0.5751159191131592,0.00012422317456639576,60
21.505224227905273,0.9176758527755737,-0.5736922025680542,-2.1146592530385533e-06,59
21.555225372314453,0.9170146584510803,-0.57325279712677,-8.555572833301994e-06,59
21.605224609375,0.9160141944885254,-0.5726145505905151,-7.969005366703641e-06,59
21.655223846435547,0.9147183895111084,-0.5718010067939758,-6.7309148903405e-06,60
21.705224990844727,0.9131683707237244,-0.5708249807357788,-6.232292264485295e-06,60
21.755224227905273,0.911381185054779,-0.5696750283241272,8.076561300640606e-06,61
21.805225372314453,0.9093726277351379,-0.5683267712593079,1.4366813786637067e-05,61
21.855224609375,0.9072543382644653,-0.5668095946311951,9.674876878307259e-05,62
21.905223846435547,0.9052697420120239,-0.5652929544448853,-0.003358711906997769,62
21.955224990844727,0.9032664895057678,-0.563797116279602,3.2459506371651514e-05,62
22.005224227905273,0.9017207026481628,-0.5626752972602844,-2.8479438526574086e-05,62
22.055225372314453,0.9003433585166931,-0.5616190433502197,-9.970352266464033e-06,60
22.105224609375,0.8990404605865479,-0.5606139302253723,-2.4923269279497617e-06,60
22.155223846435547,0.8976715207099915,-0.5596022605895996,-7.709194278504583e-07,60
22.205224990844727,0.8961477279663086,-0.5585373640060425,9.073668252312928e-07,60
22.255224227905273,0.8944329023361206,-0.5573976635932922,9.609640301277977e-07,60
22.305225372314453,0.8925234079360962,-0.5561788082122803,8.859610716172028e-07,60
22.355224609375,0.8904327154159546,-0.5548856854438782,-8.486545226560338e-07,60
22.405223846435547,0.8881815671920776,-0.5535277128219604,-1.0607043918753334e-06,60
22.455224990844727,0.8857932090759277,-0.5521155595779419,1.3038714854474165e-06,60
22.505224227905273,0.8832908868789673,-0.5506603121757507,-1.6634417079330888e-06,60
22.555225372314453,0.8806971907615662,-0.5491728186607361,-2.0236907047888053e-06,60
22.605224609375,0.8780338764190674,-0.5476635694503784,-2.5021959260129734e-06,60
22.655223846435547,0.8753225803375244,-0.5461432933807373,3.0646763136132904e-06,60
22.705224990844727,0.8725850582122803,-0.5446227788925171,-3.7955084835061825e-06,60
22.755224227905273,0.8698437809944153,-0.5431132912635803,-4.615728983026202e-06,60
22.805225372314453,0.8671225905418396,-0.5416267514228821,6.7473463332135e-06,60
22.855224609375,0.8644466996192932,-0.5401760339736938,9.477712183070253e-06,60
22.905223846435547,0.8618430495262146,-0.5387744307518005,1.226565359502274e-05,60
22.955224990844727,0.8593401312828064,-0.537436306476593,1.969120421563275e-05,60
23.005224227905273,0.8569680452346802,-0.5361764430999756,3.5783252087639994e-05,60
23.055225372314453,0.8547583222389221,-0.5350102186203003,5.421989590104204e-05,60
23.105224609375,0.8527448773384094,-0.533953845500946,6.323575325950515e-05,60
23.155223846435547,0.8509657382965088,-0.5330256223678589,-8.846064179124369e-05,60
23.205224990844727,0.8494671583175659,-0.5322476029396057,-0.00012174164703537826,60
23.255224227905273,0.8483084440231323,-0.5316484570503235,-0.00010601571580082236,59
23.305225372314453,0.8475646376609802,-0.5312647819519043,-3.380184693924093e-05,58
23.355224609375,0.8473148345947266,-0.5311354398727417,1.7138335863364773e-05,58
23.405223846435547,0.8476089239120483,-0.531285285949707,8.271038927887275e-05,58
23.455224990844727,0.8484334945678711,-0.5317079424858093,0.00010610106551212084,58
23.505224227905273,0.8497154116630554,-0.5323677062988281,7.360631866504264e-05,58
23.555225372314453,0.8513584733009338,-0.5332173705101013,4.0836878042682656e-05,58
23.605224609375,0.853274941444397,-0.5342137813568115,2.1962918481222005e-05,58
23.655223846435547,0.8553956747055054,-0.535322904586792,1.240847723238403e-05,58
23.705224990844727,0.8576687574386597,-0.5365192294120789,8.264936624868824e-06,58
23.755224227905273,0.8600548505783081,-0.537783145904541,6.363541054099642e-06,58
23.805225372314453,0.8625229597091675,-0.5390994548797607,4.973521882334353e-06,58
23.855224609375,0.8650478720664978,-0.5404556393623352,3.873212719440744e-06,58
23.905223846435547,0.8676080107688904,-0.5418408513069153,-3.0579431040678173e-06,58
23.955224990844727,0.8701838254928589,-0.5432454943656921,2.382819388913049e-06,58
24.005224227905273,0.872757077217102,-0.5446603894233704,1.842400578766501e-06,58
24.055225372314453,0.8753095269203186,-0.5460765361785889,nan,nan
