13th Gen Intel(R) Core(TM) i7-1365U
Window 11 Pro, 26100
2025, 198590?
DDR4, 3200 MT/s
#MNA
0.0,0.0,0.0,-3.17896819979069e-11,0
0.0299999993294477,0.0299999993294477,-0.0373754724860191,-5.82076609134674e-11,0
0.0599999986588955,0.0599999986588955,-0.0747509449720383,-7.98081600805745e-11,0
0.0900000035762787,0.0900000035762787,-0.112126417458057,-1.08968833956169e-10,0
0.119999997317791,0.119999997317791,-0.149501889944077,-1.28579813463148e-10,0
0.150000005960464,0.150000005960464,-0.186877369880676,-1.47792889038101e-10,0
0.180000007152557,0.180000007152557,-0.224252834916115,1.71780811797362e-10,0
0.209999993443489,0.209999993443489,-0.261628299951553,2.01680450118147e-10,0
0.239999994635582,0.239999994635582,-0.299003779888153,2.3146640160121e-10,0
0.270000010728836,0.270000010728836,-0.336379259824753,2.59205990005285e-10,0
0.300000011920929,0.300000011920929,-0.373754739761353,2.83080225926824e-10,0
0.330000013113022,0.330000013113022,-0.411130219697952,-3.07636582874693e-10,0
0.360000014305115,0.360000014305115,-0.44850566983223,-3.33557181875221e-10,0
0.389999985694885,0.389999985694885,-0.485881149768829,3.49473339156248e-10,0
0.419999986886978,0.419999986886978,-0.523256599903107,3.79486664314754e-10,0
0.449999988079071,0.449999988079071,-0.560632109642029,4.07226252718829e-10,0
0.479999989271164,0.479999989271164,-0.598007559776306,4.36784830526449e-10,0
0.509999990463257,0.509999990463257,-0.635383069515228,4.57021087640896e-10,0
0.540000021457672,0.540000021457672,-0.672758519649506,4.83851181343198e-10,0
0.569999992847443,0.569999992847443,-0.710133969783783,5.03860064782202e-10,0
0.600000023841858,0.600000023841858,-0.747509479522705,-5.27052179677412e-10,0
0.629999995231628,0.629999995231628,-0.784884929656982,-5.60248736292124e-10,0
0.660000026226044,0.660000026226044,-0.822260439395905,-5.91171556152403e-10,0
0.689999997615814,0.689999997615814,-0.859635889530182,-6.25277607468888e-10,0
0.720000028610229,0.720000028610229,-0.897011339664459,-6.60747900838032e-10,0
0.75,0.75,-0.934386849403381,-6.93489710101858e-10,0
0.779999971389771,0.779999971389771,-0.971762299537659,6.94416191215907e-11,0
0.810000002384186,0.809970498085022,-1.00912046432495,-9.20595084608067e-08,0
0.839999973773956,0.83989417552948,-1.04644978046417,-7.15763235348277e-08,0
0.870000004768372,0.86981737613678,-1.08377873897552,-6.68023858452216e-10,0
0.899999976158142,0.899734497070312,-1.12110841274261,-4.67697918793419e-06,0
0.930000007152557,0.929206728935242,-1.15825700759888,0.000563189484637405,0
0.959999978542328,0.957803249359131,-1.19503247737885,2.63283936874359e-06,0
0.990000009536743,0.982321918010712,-1.22902619838715,-0.0315452822883344,0
0.997500002384186,0.986623823642731,-1.23604381084442,-0.0533195388902641,0
1.00874996185303,0.990476787090302,-1.24409902095795,-0.284154029797719,0
1.02562499046326,0.993758738040924,-1.25418388843536,0.00728539944930162,0
1.0509375333786,0.996022880077362,-1.26685762405396,-0.0044711828063555,0
1.08093750476837,0.997409701347351,-1.28125929832458,-0.0106519201408446,0
1.11093747615814,0.998201429843903,-1.29571640491486,0.0180171475167299,0
1.14093744754791,0.99857497215271,-1.30964803695679,-0.0143073370572893,0
1.17093753814697,0.998847961425781,-1.32403147220612,-0.00221984235622585,0
1.20093750953674,0.999059438705444,-1.33910810947418,-0.0267918570157235,0
1.23093748092651,0.999221444129944,-1.35475611686707,0.226961208349621,0
1.26093745231628,0.999341487884521,-1.37071895599365,0.0016131112288349,0
1.29093754291534,0.999417781829834,-1.38685822486877,-0.000535714802936127,0
1.32093751430511,0.999484002590179,-1.4035816192627,-0.00423827219810846,0
1.35093748569489,0.999544739723206,-1.42040050029755,-0.000659616024677234,0
1.38093745708466,0.99959123134613,-1.43773758411407,0.00249221194189886,0
1.41093754768372,0.999631881713867,-1.45512139797211,-3.50167733813578e-05,0
1.44093751907349,0.999667227268219,-1.47321343421936,-1.42433041219192e-05,0
1.47093749046326,0.999700605869293,-1.49195086956024,-0.000186930419204145,0
1.50093746185303,0.999728918075562,-1.51110827922821,0.00167162384104813,0
1.50843751430511,0.999735891819,-1.51543831825256,-0.00166158418687701,0
1.51593744754791,0.99974262714386,-1.5197616815567,-0.00165514433501812,0
1.5234375,0.999749302864075,-1.52408480644226,-0.00164646482198805,0
1.53093755245209,0.999755859375,-1.52841079235077,0.00186652900492845,0
1.53843748569489,0.999761760234833,-1.53290557861328,0.00179724239796997,0
1.54593753814697,0.999767780303955,-1.53736996650696,0.00178583804063237,0
1.55343747138977,0.999773740768433,-1.54182052612305,0.00178835257202081,0
1.56093752384186,0.999779641628265,-1.54627788066864,0.00178656024763768,0
1.56843745708466,0.999785482883453,-1.55073702335358,-3.26849658449646e-10,0
1.56890630722046,0.972887992858887,-1.51722681522369,3.393676450969e-10,0
1.56937503814697,0.972770750522614,-1.51708090305328,-3.25485416396987e-10,0
1.57007813453674,0.972594976425171,-1.51686191558838,-3.26167537423316e-10,0
1.5711327791214,0.972331345081329,-1.51653337478638,-3.26167537423316e-10,0
1.57271480560303,0.9719358086586,-1.51604068279266,-3.26053850585595e-10,0
1.57508790493011,0.97134256362915,-1.51530146598816,-3.25144355883822e-10,0
1.5786474943161,0.970452666282654,-1.51419281959534,-3.31275784581919e-10,0
1.58398675918579,0.969117820262909,-1.5125298500061,-3.44088868509118e-10,0
1.59199583530426,0.967115581035614,-1.51003527641296,-3.66283170460946e-10,0
1.60400938987732,0.964112162590027,-1.50629353523254,-4.26974899880861e-10,0
1.62202978134155,0.959607124328613,-1.50068092346191,-3.71794262044034e-10,0
1.64906024932861,0.952849447727203,-1.49226188659668,3.82751941252479e-10,0
1.67906022071838,0.945349454879761,-1.48291802406311,4.35661118292074e-10,0
1.70906019210815,0.937849462032318,-1.47357416152954,-3.91642052122165e-10,0
1.73906016349792,0.930349469184875,-1.46423029899597,4.43528880289534e-10,0
1.76906025409698,0.922849476337433,-1.4548864364624,5.92365295704056e-10,0
1.79906022548676,0.91534948348999,-1.44554257392883,6.33262359217568e-10,0
1.82906019687653,0.907849490642548,-1.43619871139526,6.51621617775433e-10,0
1.8590601682663,0.900349497795105,-1.42685484886169,5.96619864623449e-10,0
1.88906025886536,0.892849504947662,-1.41751098632812,6.89173995649384e-10,0
1.91906023025513,0.885349452495575,-1.40816712379456,7.44039330147217e-10,0
1.9490602016449,0.877849459648132,-1.39882326126099,8.800574713419e-10,0
1.97906017303467,0.87034946680069,-1.38947939872742,8.28775381656044e-10,0
2.00906014442444,0.862849473953247,-1.38013553619385,9.65667545926863e-10,0
2.03906011581421,0.855349481105804,-1.37079167366028,9.51805079196788e-10,0
2.06906032562256,0.847849488258362,-1.36144781112671,1.00417651971441e-09,0
2.09906029701233,0.840349495410919,-1.35210394859314,1.04812025725209e-09,0
2.1290602684021,0.832849502563477,-1.34276008605957,1.14893883296219e-09,0
2.15906023979187,0.825349450111389,-1.33341610431671,1.17354675976955e-09,0
2.18906021118164,0.817849457263947,-1.32407224178314,1.29467725429322e-09,0
2.21906018257141,0.810349464416504,-1.31472837924957,1.3902877737948e-09,0
2.24906015396118,0.802849471569061,-1.305384516716,1.426161855278e-09,0
2.27906012535095,0.795349478721619,-1.29604065418243,1.45205303336837e-09,0
2.30906009674072,0.787849485874176,-1.28669679164886,1.58078683476504e-09,0
2.33906030654907,0.780349493026733,-1.2773529291153,1.60672863902533e-09,0
2.36906027793884,0.772849500179291,-1.26800906658173,1.64864855101143e-09,0
2.39906024932861,0.765349447727203,-1.25866520404816,1.72819869526109e-09,0
2.42906022071838,0.757849454879761,-1.24932134151459,1.80094072987913e-09,0
2.45906019210815,0.750349462032318,-1.23997747898102,1.83559190070071e-09,0
2.48906016349792,0.742849469184875,-1.23063361644745,1.93754468025276e-09,0
2.5190601348877,0.735349476337433,-1.22128975391388,2.05388439589171e-09,0
2.54906010627747,0.72784948348999,-1.21194589138031,2.08735451145969e-09,0
2.57906031608582,0.720349490642548,-1.20260202884674,2.12204376293101e-09,0
2.60906028747559,0.712849497795105,-1.19325816631317,2.20298956854492e-09,0
2.63906025886536,0.705349504947662,-1.1839143037796,2.29801722095857e-09,0
2.66906023025513,0.697849452495575,-1.17457044124603,2.34295072232271e-09,0
2.6990602016449,0.690349459648132,-1.16522657871246,2.36238850703785e-09,0
2.72906017303467,0.68284946680069,-1.15588271617889,2.52315657256474e-09,0
2.75906014442444,0.675349473953247,-1.14653885364532,2.55281729089063e-09,0
2.78906011581421,0.667849481105804,-1.13719487190247,2.58685695087024e-09,0
2.81906032562256,0.660349488258362,-1.1278510093689,2.63720822957225e-09,0
2.84906029701233,0.652849495410919,-1.11850714683533,2.79437561978568e-09,0
2.8790602684021,0.645349502563477,-1.10916328430176,2.79326395347113e-09,0
2.90906023979187,0.637849450111389,-1.09981942176819,2.85741696970376e-09,0
2.93906021118164,0.630349457263947,-1.09047555923462,2.97505109436713e-09,0
2.96906018257141,0.622849464416504,-1.08113169670105,3.0478707335746e-09,0
2.99906015396118,0.615349471569061,-1.07178783416748,3.02389335793407e-09,0
3.02906012535095,0.607849478721619,-1.06244397163391,3.08697112316736e-09,0
3.05906009674072,0.600349485874176,-1.05310010910034,3.20952253662909e-09,0
3.08906030654907,0.592849493026733,-1.04375624656677,3.23787119338448e-09,0
3.11906027793884,0.585349500179291,-1.0344123840332,3.40262307219064e-09,0
3.14906024932861,0.577849447727203,-1.02506852149963,3.512105495318e-09,0
3.17906022071838,0.570349454879761,-1.01572465896606,3.53049367518565e-09,0
3.20906019210815,0.562849462032318,-1.0063807964325,3.53350626536297e-09,0
3.23906016349792,0.555349469184875,-0.997036874294281,3.64794061624707e-09,0
3.2690601348877,0.547849476337433,-0.987693011760712,3.73593334046518e-09,0
3.29906010627747,0.54034948348999,-0.978349149227142,3.7098347727138e-09,0
3.32906031608582,0.532849490642548,-0.969005286693573,3.82317844049851e-09,0
3.35906028747559,0.525349497795105,-0.959661424160004,3.82165699086556e-09,0
3.38906025886536,0.517849504947662,-0.950317561626434,3.9031994303329e-09,0
3.41906023025513,0.510349452495575,-0.940973699092865,4.08661127160315e-09,0
3.4490602016449,0.502849459648132,-0.931629836559296,4.06854616663566e-09,0
3.47906017303467,0.49534946680069,-0.922285974025726,4.24999557768757e-09,0
3.50906014442444,0.487849473953247,-0.912942111492157,4.28856838929903e-09,0
3.53906011581421,0.480349481105804,-0.903598189353943,4.29926694245353e-09,0
3.56906032562256,0.472849488258362,-0.894254326820374,4.41492320479853e-09,0
3.59906029701233,0.465349465608597,-0.884910464286804,4.46820169752726e-09,0
3.6290602684021,0.457849472761154,-0.875566601753235,4.55236714991258e-09,0
3.65906023979187,0.450349479913712,-0.866222739219666,4.53020587709574e-09,0
3.68906021118164,0.442849487066269,-0.856878876686096,4.6512615980987e-09,0
3.71906018257141,0.435349464416504,-0.847535014152527,4.697622291161e-09,0
3.74906015396118,0.427849471569061,-0.838191151618958,4.7734821650991e-09,0
3.77906012535095,0.420349478721619,-0.828847289085388,4.85435003305668e-09,0
3.80906009674072,0.412849485874176,-0.819503426551819,4.93292207082163e-09,0
3.83906030654907,0.405349463224411,-0.81015956401825,5.05576580600575e-09,0
3.86906027793884,0.397849470376968,-0.800815641880035,5.09358455413889e-09,0
3.89906024932861,0.390349477529526,-0.791471779346466,5.14434717047152e-09,0
3.92906022071838,0.382849484682083,-0.782127916812897,5.18486098499693e-09,0
3.95906019210815,0.375349462032318,-0.772784054279327,5.24413068525575e-09,0
3.98906016349792,0.367849469184875,-0.763440191745758,5.34548338926299e-09,0
4.0190601348877,0.360349476337433,-0.754096329212189,5.48276002376724e-09,0
4.04906034469604,0.35284948348999,-0.744752466678619,5.40822475691982e-09,0
4.07906007766724,0.345349460840225,-0.73540860414505,5.49731038468337e-09,0
4.10906028747559,0.337849467992783,-0.726064741611481,5.59831780932996e-09,0
4.13906002044678,0.33034947514534,-0.716720879077911,5.57833934600183e-09,0
4.16906023025513,0.322849482297897,-0.707376956939697,5.65098257077068e-09,0
4.19906044006348,0.315349489450455,-0.698033094406128,5.79305048376e-09,0
4.22906017303467,0.30784946680069,-0.688689231872559,5.86308868122387e-09,0
4.25906038284302,0.300349473953247,-0.679345369338989,5.96763394256072e-09,0
4.28906011581421,0.292849481105804,-0.67000150680542,5.99266569700774e-09,0
4.31906032562256,0.285349488258362,-0.660657644271851,6.06803807201572e-09,0
4.34906005859375,0.277849465608597,-0.651313781738281,6.20326634503954e-09,0
4.3790602684021,0.270349472761154,-0.641969919204712,6.17963791249565e-09,0
4.40906000137329,0.262849479913712,-0.632626056671143,6.28068086427902e-09,0
4.43906021118164,0.255349487066269,-0.623282194137573,6.2848819482042e-09,0
4.46906042098999,0.247849479317665,-0.613938271999359,6.31227936587209e-09,0
4.49906015396118,0.240349471569061,-0.60459440946579,6.46110098756481e-09,0
4.52906036376953,0.232849478721619,-0.59525054693222,6.52688147972924e-09,0
4.55906009674072,0.225349470973015,-0.585906684398651,6.53830145580514e-09,0
4.58906030654907,0.217849478125572,-0.576562821865082,6.71079769531957e-09,0
4.61906003952026,0.210349470376968,-0.567218959331512,6.77990685815644e-09,0
4.64906024932861,0.202849477529526,-0.557875096797943,6.79749678766939e-09,0
4.6790599822998,0.195349469780922,-0.548531234264374,6.81413947489773e-09,0
4.70906019210815,0.187849476933479,-0.539187371730804,7.05387614985398e-09,0
4.7390604019165,0.180349469184875,-0.529843509197235,7.067357588042e-09,0
4.7690601348877,0.172849476337433,-0.520499646663666,7.14728165540635e-09,0
4.79906034469604,0.165349468588829,-0.511155724525452,7.23584547834832e-09,0
4.82906007766724,0.157849475741386,-0.501811861991882,7.16260895039511e-09,0
4.85906028747559,0.150349482893944,-0.492467999458313,7.24780391259117e-09,0
4.88906002044678,0.14284947514534,-0.483124136924744,7.39848782238539e-09,0
4.91906023025513,0.135349482297897,-0.473780274391174,7.3932719946157e-09,0
4.94906044006348,0.127849474549294,-0.464436411857605,7.49945017197717e-09,0
4.97906017303467,0.12034947425127,-0.455092549324036,7.59771756619898e-09,0
5.00906038284302,0.112849473953247,-0.445748656988144,7.62866680936725e-09,0
5.03906011581421,0.105349473655224,-0.436404794454575,7.62905516538126e-09,0
5.06906032562256,0.0978494733572006,-0.427060931921005,7.6520594305407e-09,0
5.09906005859375,0.0903494730591774,-0.417717069387436,7.58976770320885e-09,0
5.1290602684021,0.0828494727611542,-0.408373206853867,7.60749618855527e-09,0
5.15906000137329,0.075349472463131,-0.399029314517975,7.58329066208319e-09,0
5.18906021118164,0.0678494721651077,-0.389685451984406,7.56697748904855e-09,0
5.21906042098999,0.0603494755923748,-0.380341589450836,7.55555529252661e-09,0
5.24906015396118,0.0528494752943516,-0.370997726917267,7.5669166488268e-09,0
5.27906036376953,0.0453494749963284,-0.361653864383698,7.57611506863043e-09,0
5.30906009674072,0.0378494746983051,-0.352309972047806,7.53756101978809e-09,0
5.33906030654907,0.0303494762629271,-0.342966109514236,7.55119167195062e-09,0
5.36906003952026,0.0228494759649038,-0.333622246980667,7.47084638597073e-09,0
5.39906024932861,0.0153494756668806,-0.324278384447098,7.53366058425797e-09,0
5.4290599822998,0.00784947536885738,-0.314934521913528,7.43050621032637e-09,0
5.45906019210815,0.000349475565599278,-0.305590659379959,7.45111217170802e-09,0
5.4890604019165,-0.00715052429586649,-0.296246767044067,7.46318007394109e-09,0
5.5190601348877,-0.0146505245938897,-0.286902904510498,7.45109907107633e-09,0
5.54906034469604,-0.0221505239605904,-0.277559041976929,7.40098005103107e-09,0
5.57906007766724,-0.0296505242586136,-0.268215179443359,7.40342387395287e-09,0
5.60906028747559,-0.0371505245566368,-0.25887131690979,7.42690220434383e-09,0
5.63906002044678,-0.04465052485466,-0.24952743947506,7.40797334586318e-09,0
5.66906023025513,-0.0521505251526833,-0.240183562040329,7.37584882060105e-09,0
5.69906044006348,-0.0596505254507065,-0.23083969950676,7.35316563194033e-09,0
5.72906017303467,-0.0671505257487297,-0.22149583697319,7.33137284214536e-09,0
5.75906038284302,-0.0746505260467529,-0.21215195953846,7.34481298003686e-09,0
5.78906011581421,-0.0821505263447762,-0.20280809700489,7.35573624233155e-09,0
5.81906032562256,-0.0896505266427994,-0.19346421957016,7.28033477948031e-09,0
5.84906005859375,-0.0971505269408226,-0.184120357036591,7.28587412623938e-09,0
5.8790602684021,-0.104650527238846,-0.174776494503021,7.31440197299094e-09,0
5.90906000137329,-0.112150527536869,-0.165432617068291,7.28798665861063e-09,0
5.93906021118164,-0.119650527834892,-0.156088754534721,7.30581772856453e-09,0
5.96906042098999,-0.127150520682335,-0.146744877099991,7.24319915157423e-09,0
5.99906015396118,-0.134650528430939,-0.137401014566422,7.20618098526415e-09,0
6.02906036376953,-0.142150521278381,-0.128057152032852,7.29739690896736e-09,0
6.05906009674072,-0.149650529026985,-0.118713282048702,7.26702786835176e-09,0
6.08906030654907,-0.157150521874428,-0.109369412064552,7.17855108689491e-09,0
6.11906003952026,-0.164650529623032,-0.100025542080402,7.18902404273081e-09,0
6.14906024932861,-0.172150522470474,-0.0906816720962524,7.21118253999009e-09,0
6.1790599822998,-0.179650530219078,-0.0813378021121025,7.21967285954861e-09,0
6.20906019210815,-0.187150523066521,-0.0719939395785332,7.17248460624376e-09,0
6.2390604019165,-0.194650530815125,-0.0626500695943832,7.12875314334838e-09,0
6.2690601348877,-0.202150523662567,-0.0533061996102333,7.14523151756907e-09,0
6.29906034469604,-0.209650531411171,-0.0439623333513737,7.15806192097546e-09,0
6.32906007766724,-0.217150524258614,-0.0346184633672237,7.1374512966571e-09,0
6.35906028747559,-0.224650517106056,-0.025274595245719,7.10978764750791e-09,0
6.38906002044678,-0.23215052485466,-0.0159307271242142,7.13256032014442e-09,0
6.41906023025513,-0.239650517702103,-0.0065868585370481,7.07442904257505e-09,0
6.44906044006348,-0.247150525450706,0.00275700981728733,7.0663297435658e-09,0
6.47906017303467,-0.25465053319931,0.0121008781716228,7.07613234673943e-09,0
6.50906038284302,-0.262150526046753,0.0214447472244501,7.02340319236328e-09,0
6.53906011581421,-0.269650518894196,0.0307886153459549,7.05123182065392e-09,0
6.56906032562256,-0.277150511741638,0.0401324816048145,7.05517178012371e-09,0
6.59906005859375,-0.284650534391403,0.0494763515889645,7.00473212766894e-09,0
6.6290602684021,-0.292150527238846,0.0588202215731144,7.02416125264449e-09,0
6.65906000137329,-0.299650520086288,0.068164087831974,6.98620339356637e-09,0
6.68906021118164,-0.307150512933731,0.077507957816124,6.98701208001751e-09,0
6.71906042098999,-0.314650535583496,0.0868518278002739,6.9512728906318e-09,0
6.74906015396118,-0.322150528430939,0.0961956903338432,6.92769841492691e-09,0
6.77906036376953,-0.329650521278381,0.105539560317993,6.95609836398603e-09,0
6.80906009674072,-0.337150514125824,0.114883430302143,6.94989621408126e-09,0
6.83906030654907,-0.344650536775589,0.124227300286293,6.92742441188443e-09,0
6.86906003952026,-0.352150529623032,0.133571162819862,6.92060475593337e-09,0
6.89906024932861,-0.359650522470474,0.142915040254593,6.92974255755985e-09,0
6.9290599822998,-0.367150515317917,0.152258902788162,6.90307366824072e-09,0
6.95906019210815,-0.374650537967682,0.161602765321732,6.86409751260442e-09,0
6.9890604019165,-0.382150530815125,0.170946642756462,6.84812029305704e-09,0
7.0190601348877,-0.389650523662567,0.180290505290031,6.87232537543991e-09,0
7.04906034469604,-0.39715051651001,0.189634382724762,6.84890855140452e-09,0
7.07906007766724,-0.404650539159775,0.198978245258331,6.83243150945145e-09,0
7.10906028747559,-0.412150532007217,0.208322107791901,6.84433398845385e-09,0
7.13906002044678,-0.41965052485466,0.217665985226631,6.81231027144236e-09,0
7.16906023025513,-0.427150517702103,0.227009847760201,6.79171785478161e-09,0
7.19906044006348,-0.434650510549545,0.236353725194931,6.79179645857175e-09,0
7.22906017303467,-0.44215053319931,0.2456975877285,6.77772638013607e-09,0
7.25906038284302,-0.449650526046753,0.25504145026207,6.77812117544363e-09,0
7.28906011581421,-0.457150518894196,0.264385312795639,6.73303457432439e-09,0
7.31906032562256,-0.464650511741638,0.273729205131531,6.71843114474768e-09,0
7.34906005859375,-0.472150534391403,0.2830730676651,6.68309407814149e-09,0
7.3790602684021,-0.479650527238846,0.292416930198669,6.73351063795735e-09,0
7.40906000137329,-0.487150520086288,0.301760792732239,6.70255140278186e-09,0
7.43906021118164,-0.494650512933731,0.311104655265808,6.66180843822417e-09,0
7.46906042098999,-0.502150535583496,0.3204485476017,-6.6807859244733e-09,0
7.49906015396118,-0.509650528430939,0.329792410135269,-6.69002786501949e-09,0
7.52906036376953,-0.517150521278381,0.339136272668839,-6.61152999015258e-09,0
7.55906009674072,-0.524650514125824,0.348480135202408,-6.6751952854105e-09,0
7.58906030654907,-0.532150506973267,0.357823997735977,-6.67466615311696e-09,0
7.61906003952026,-0.539650499820709,0.367167860269547,-6.69925626084478e-09,0
7.64906024932861,-0.547150552272797,0.376511752605438,-6.70522704027121e-09,0
7.6790599822998,-0.554650545120239,0.385855615139008,-6.69340116665751e-09,0
7.70906019210815,-0.562150537967682,0.395199477672577,-6.66096755530532e-09,0
7.7390604019165,-0.569650530815125,0.404543340206146,-6.63516042109791e-09,0
7.7690601348877,-0.577150523662567,0.413887202739716,-6.69615496384779e-09,0
7.79906034469604,-0.58465051651001,0.423231095075607,-1.24418875202537e-09,0
7.82906007766724,-0.59213787317276,0.432567536830902,-8.87894202605821e-08,0
7.85906028747559,-0.599620282649994,0.441900759935379,-9.72104317042977e-08,0
7.88906002044678,-0.607102632522583,0.451233983039856,-1.05612343759276e-07,0
7.91906023025513,-0.614584982395172,0.460567146539688,-1.14125668915221e-07,0
7.94906044006348,-0.622067213058472,0.469900280237198,-1.22726305562537e-07,0
7.97906017303467,-0.629549443721771,0.479233384132385,-1.31388787849573e-07,0
8.00905990600586,-0.637031614780426,0.48856645822525,-1.40091287903488e-07,0
8.03906059265137,-0.644513726234436,0.49789947271347,-1.48811523104087e-07,0
8.06906032562256,-0.651995778083801,0.507232487201691,-1.57530394062633e-07,0
8.09906005859375,-0.659477770328522,0.516565501689911,-1.66219706443371e-07,0
8.12905979156494,-0.666959702968597,0.525898396968842,-1.74867182067828e-07,0
8.15906047821045,-0.674441635608673,0.535231351852417,-1.8345053831581e-07,0
8.18906021118164,-0.681923508644104,0.544564247131348,-1.91951585293282e-07,0
8.21905994415283,-0.68940532207489,0.553897082805634,-2.00354406842962e-07,0
8.24906063079834,-0.696887075901031,0.563229918479919,-2.08640358323464e-07,0
8.27906036376953,-0.704368829727173,0.572562754154205,-2.16796252061613e-07,0
8.30906009674072,-0.711850464344025,0.581895530223846,-2.24805717152776e-07,0
8.33905982971191,-0.719332158565521,0.591228246688843,-2.32655111176427e-07,0
8.36906051635742,-0.726813733577728,0.600560963153839,-2.40332155954093e-07,0
8.39906024932861,-0.734295308589935,0.609893679618835,-2.47826847044053e-07,0
8.4290599822998,-0.741776823997498,0.619226336479187,-2.55124177783728e-07,0
8.45906066894531,-0.749258279800415,0.628558993339539,nan,nan
#GNA1
0.0,0.0,0.0,-7.11038418366172e-07,0
0.00999999977648258,0.00999870803207159,-0.00602932786568999,-6.14342898330733e-07,0
0.0199999995529652,0.0199948027729988,-0.0120574794709682,-6.56895840833727e-07,0
0.0299999993294477,0.0299882497638464,-0.0180844403803349,-7.06307751840995e-07,0
0.0399999991059303,0.0399790070950985,-0.0241101942956448,-6.8904000372072e-07,0
0.0500000007450581,0.0499670431017876,-0.0301347244530916,-6.50542723690251e-07,0
0.0599999986588955,0.0599523074924946,-0.0361580140888691,-8.03822683081989e-07,0
0.0700000002980232,0.0699347704648972,-0.0421800464391708,-7.42826578914446e-07,0
0.0799999982118607,0.0799143761396408,-0.0482008047401905,-7.87307818939098e-07,0
0.0900000035762787,0.0898910835385323,-0.0542202703654766,-7.37137177964087e-07,0
0.100000001490116,0.0998648554086685,-0.0602384246885777,-7.02762548598912e-07,0
0.109999999403954,0.109835632145405,-0.0662552416324615,-7.49765277419101e-07,0
0.119999997317791,0.119803369045258,-0.0722707062959671,-7.29006849553571e-07,0
0.129999995231628,0.129768013954163,-0.0782848000526428,-7.55390828999225e-07,0
0.140000000596046,0.139729514718056,-0.0842974856495857,-6.9243787237383e-07,0
0.150000005960464,0.149687796831131,-0.0903087630867958,-6.98639624374664e-07,0
0.159999996423721,0.159642830491066,-0.0963185876607895,6.99885617905238e-07,0
0.170000001788139,0.169594541192055,-0.102326937019825,6.89296143718821e-07,0
0.180000007152557,0.179542854428291,-0.108333796262741,-5.99791377453585e-07,0
0.189999997615814,0.189487725496292,-0.114339120686054,5.94491780248063e-07,0
0.200000002980232,0.19942906498909,-0.120342895388603,-6.74209132967007e-07,0
0.209999993443489,0.20936681330204,-0.126345083117485,6.13109534697287e-07,0
0.219999998807907,0.219300895929337,-0.132345661520958,6.19274658220093e-07,0
0.230000004172325,0.229231223464012,-0.138344570994377,6.9588020323863e-07,0
0.239999994635582,0.2391577064991,-0.144341811537743,6.96157258062158e-07,0
0.25,0.249080285429955,-0.15033732354641,7.48034210573678e-07,0
0.259999990463257,0.258998841047287,-0.156331062316895,8.21291962438409e-07,0
0.270000010728836,0.268913269042969,-0.162323012948036,7.79340666667849e-07,0
0.280000001192093,0.278823524713516,-0.168313100934029,8.04054707259638e-07,0
0.28999999165535,0.288729429244995,-0.174301311373711,8.47189994601649e-07,0
0.300000011920929,0.298630893230438,-0.180287569761276,9.16190060706867e-07,0
0.310000002384186,0.308527827262878,-0.186271831393242,9.13626536203083e-07,0
0.319999992847443,0.318420082330704,-0.192254066467285,9.35300590754196e-07,0
0.330000013113022,0.328307509422302,-0.198234170675278,1.12880488245537e-06,0
0.340000003576279,0.338189989328384,-0.204212129116058,1.1223387730297e-06,0
0.349999994039536,0.348067373037338,-0.21018785238266,1.34485094349657e-06,0
0.360000014305115,0.357939511537552,-0.216161265969276,1.49364311141653e-06,0
0.370000004768372,0.367806196212769,-0.222132310271263,1.72111029428379e-06,0
0.379999995231628,0.377667278051376,-0.228100910782814,1.96945410380067e-06,0
0.389999985694885,0.387522548437119,-0.234066963195801,2.21983532355807e-06,0
0.400000005960464,0.397371798753738,-0.240030393004417,2.46193889097412e-06,0
0.409999996423721,0.407214850187302,-0.245991080999374,2.75964990237298e-06,0
0.419999986886978,0.417051434516907,-0.251948952674866,3.07443391989182e-06,0
0.430000007152557,0.426881283521652,-0.257903873920441,3.46867264511275e-06,0
0.439999997615814,0.436704188585281,-0.263855755329132,3.79606922251696e-06,0
0.449999988079071,0.446519792079926,-0.269804418087006,4.22134647237726e-06,0
0.46000000834465,0.456327825784683,-0.275749772787094,4.64363489527386e-06,0
0.469999998807907,0.466127961874008,-0.281691640615463,5.20198003073347e-06,0
0.479999989271164,0.475919812917709,-0.287629842758179,5.70892922269195e-06,0
0.490000009536743,0.485702961683273,-0.293564230203629,6.32457138749487e-06,0
0.5,0.495477050542831,-0.299494564533234,7.02129977980803e-06,0
0.509999990463257,0.505241572856903,-0.305420696735382,7.64295208455223e-06,0
0.519999980926514,0.51499605178833,-0.31134232878685,8.35447491454033e-06,0
0.529999971389771,0.524739921092987,-0.317259281873703,9.15882722551942e-06,0
0.540000021457672,0.534472584724426,-0.323171198368073,1.00967699836474e-05,0
0.550000011920929,0.5441934466362,-0.329077839851379,1.09887429573519e-05,0
0.560000002384186,0.553901731967926,-0.334978818893433,1.20682012152429e-05,0
0.569999992847443,0.563596665859222,-0.340873807668686,1.32225959532661e-05,0
0.579999983310699,0.573277473449707,-0.346762388944626,1.44249544860031e-05,0
0.589999973773956,0.582943081855774,-0.352644115686417,1.56951194014709e-05,0
0.600000023841858,0.592592597007751,-0.358518481254578,1.7136379369731e-05,0
0.610000014305115,0.602224826812744,-0.364384919404984,1.86320250179506e-05,0
0.620000004768372,0.611838400363922,-0.370242834091187,2.03490904198134e-05,0
0.629999995231628,0.621432065963745,-0.376091539859772,2.21217795512985e-05,0
0.639999985694885,0.631004154682159,-0.381930291652679,2.40012934682454e-05,0
0.649999976158142,0.640552997589111,-0.387758195400238,2.60912194107732e-05,0
0.660000026226044,0.650076568126678,-0.393574327230453,2.82437642908917e-05,0
0.670000016689301,0.659572780132294,-0.399377584457397,3.0609989153163e-05,0
0.680000007152557,0.669039189815521,-0.405166745185852,3.31677936173946e-05,0
0.689999997615814,0.678473055362701,-0.410940498113632,3.58263479824927e-05,0
0.699999988079071,0.687871336936951,-0.416697293519974,3.86848133757667e-05,0
0.709999978542328,0.697230577468872,-0.422435343265533,4.17477103837882e-05,0
0.720000028610229,0.7065469622612,-0.428152769804001,4.50202615525086e-05,0
0.730000019073486,0.715816080570221,-0.433847278356552,4.85453035707906e-05,0
0.740000009536743,0.725033044815063,-0.439516365528107,5.22511406870763e-05,0
0.75,0.734192371368408,-0.44515722990036,5.62555252372476e-05,0
0.759999990463257,0.743287801742554,-0.450766623020172,6.05617325390995e-05,0
0.769999980926514,0.752312302589417,-0.456340879201889,6.53058607440471e-05,0
0.779999971389771,0.761258065700531,-0.461875915527344,7.04254202901211e-05,0
0.790000021457672,0.770116150379181,-0.467367082834244,7.61835698881441e-05,0
0.800000011920929,0.778876781463623,-0.472809195518494,8.2598316964777e-05,0
0.810000002384186,0.787528991699219,-0.47819647192955,9.01544521525466e-05,0
0.819999992847443,0.796060681343079,-0.4835225045681,9.86208756330598e-05,0
0.829999983310699,0.804458677768707,-0.48878026008606,0.000108519241223348,0
0.839999973773956,0.812708556652069,-0.493962019681931,0.000120004239420268,0
0.850000023841858,0.820795059204102,-0.499059647321701,0.000133039928869039,0
0.860000014305115,0.828702032566071,-0.504064440727234,0.000147790116386659,0
0.870000004768372,0.836412847042084,-0.508967399597168,0.000163628120162684,0
0.879999995231628,0.843910694122314,-0.51375949382782,0.000180097436782489,0
0.889999985694885,0.851179182529449,-0.518431842327118,0.000196297597653938,0
0.899999976158142,0.858202695846558,-0.522975981235504,0.000210773172057088,0
0.910000026226044,0.864967167377472,-0.527384400367737,0.000222277519753789,0
0.920000016689301,0.871460497379303,-0.53165066242218,0.000229235664448879,0
0.930000007152557,0.877673208713531,-0.535769701004028,0.000231263886519173,0
0.939999997615814,0.883598744869232,-0.53973799943924,0.000235832701719119,4
0.949999988079071,0.889233887195587,-0.5435551404953,0.000217358483894259,8
0.959999978542328,0.894578039646149,-0.54721999168396,0.000207004189121562,10
0.970000028610229,0.89963436126709,-0.550734281539917,0.000191033669239005,12
0.980000019073486,0.90440845489502,-0.554103493690491,0.000146406813883004,12
0.990000009536743,0.908908188343048,-0.557331264019012,0.000117141610019189,14
1.0,0.913143754005432,-0.560423851013184,0.000203199298312029,16
1.00999999046326,0.917126893997192,-0.56340092420578,2.10463909979808e-05,16
1.01999998092651,0.921516120433807,-0.56673389673233,1.43252196949106e-06,18
1.02999997138977,0.924992501735687,-0.569445908069611,4.9121243364425e-05,18
1.03999996185303,0.928256928920746,-0.572057068347931,-3.40894320629559e-05,20
1.04999995231628,0.931322872638702,-0.574572801589966,-7.90090588225212e-05,20
1.05999994277954,0.934203565120697,-0.577002167701721,-7.49024295600975e-05,20
1.07000005245209,0.936911046504974,-0.579352080821991,-9.29664025761667e-05,21
1.08000004291534,0.939457476139069,-0.581630051136017,-0.000108535716492497,22
1.0900000333786,0.941854000091553,-0.583843171596527,-0.000123037298806139,23
1.10000002384186,0.944111227989197,-0.585997939109802,-0.000140485557551528,23
1.11000001430511,0.946238994598389,-0.588100969791412,-0.000247035547886298,23
1.12000000476837,0.948246359825134,-0.590163350105286,-1.77713991433848e-05,24
1.12999999523163,0.950149774551392,-0.59216845035553,2.09891892950509e-05,25
1.13999998569489,0.951953411102295,-0.594163477420807,-0.000170277073891612,25
1.14999997615814,0.953648090362549,-0.596109330654144,-0.000167123279311454,25
1.1599999666214,0.955253064632416,-0.598026931285858,-0.000187367500018354,30
1.16999995708466,0.956774711608887,-0.599921047687531,-0.000177288427835265,33
1.17999994754791,0.958218574523926,-0.601794540882111,-0.000187988344521273,35
1.19000005722046,0.959590077400208,-0.603651285171509,-0.000175411463089858,36
1.20000004768372,0.960894048213959,-0.605494379997253,-0.000187660089125075,38
1.21000003814697,0.962135016918182,-0.607326209545135,-0.000192150679993119,39
1.22000002861023,0.963317096233368,-0.609150230884552,-0.000174719274241397,41
1.23000001907349,0.964443981647491,-0.610968351364136,-0.000182086846166385,42
1.24000000953674,0.965519368648529,-0.612782657146454,-0.000318814006618595,42
1.25,0.966546475887299,-0.614596307277679,0.000475549601731018,44
1.25999999046326,0.967568039894104,-0.616485178470612,-0.000175846258287038,45
1.26999998092651,0.968505680561066,-0.618301212787628,-0.000170906599066711,46
1.27999997138977,0.969403386116028,-0.620121240615845,-0.000176031981538927,48
1.28999996185303,0.970263600349426,-0.621946573257446,-2.3734290266475e-06,51
1.29999995231628,0.971089482307434,-0.623781979084015,-0.000168413997471362,54
1.30999994277954,0.971881210803986,-0.625622987747192,-1.39277341304478e-06,56
1.32000005245209,0.97264152765274,-0.627474308013916,8.02106461605945e-06,59
1.33000004291534,0.973374009132385,-0.629339098930359,6.9798232402718e-06,60
1.3400000333786,0.974077999591827,-0.631214916706085,-1.12711353494888e-06,61
1.35000002384186,0.974754452705383,-0.633100628852844,-1.28941610455513e-06,61
1.36000001430511,0.975406050682068,-0.635000765323639,1.87153057140677e-06,65
1.37000000476837,0.976033926010132,-0.636914789676666,6.36167857805958e-05,68
1.37999999523163,0.976765692234039,-0.63925838470459,-0.00015576303673015,70
1.38999998569489,0.977345705032349,-0.641208112239838,-0.000161090786150453,72
1.39999997615814,0.977905750274658,-0.643175184726715,-3.19633624599192e-05,76
1.4099999666214,0.978447079658508,-0.645161926746368,-0.000621690422235588,78
1.41999995708466,0.978970289230347,-0.647161245346069,8.42276730850244e-05,83
1.42999994754791,0.979476511478424,-0.649191081523895,4.83265353068418e-06,83
1.43062496185303,0.979481399059296,-0.649210453033447,5.94012226429186e-06,83
1.43156254291534,0.979490756988525,-0.649248957633972,3.26027672485907e-05,83
1.43296873569489,0.979505300521851,-0.649310350418091,8.51394592018551e-05,83
1.43507814407349,0.979521572589874,-0.649383127689362,-2.2904393972567e-06,83
1.43824219703674,0.97953188419342,-0.649437367916107,-2.44968811102808e-06,84
1.44298827648163,0.979536354541779,-0.649475514888763,-1.34695437736809e-06,84
1.4501074552536,0.979536116123199,-0.649505615234375,-2.15522976532156e-06,84
1.46010744571686,0.979530036449432,-0.649527430534363,-2.2670974999528e-06,84
1.47010743618011,0.979519784450531,-0.649535119533539,-2.40916193661178e-06,84
1.48010742664337,0.979506194591522,-0.649531841278076,-2.71827906317412e-06,84
1.49010741710663,0.979489505290985,-0.649518966674805,-2.89742615677824e-06,84
1.50010740756989,0.979470133781433,-0.649497449398041,-3.41990869401343e-06,84
1.51010739803314,0.979448258876801,-0.649468004703522,-4.37358477256566e-06,84
1.5201073884964,0.979423940181732,-0.64943128824234,-5.7841089642352e-06,84
1.53010737895966,0.979397475719452,-0.649387776851654,-5.98102889171059e-06,84
1.54010736942291,0.979368925094604,-0.649338245391846,3.36676375809475e-05,84
1.55010747909546,0.979338526725769,-0.649286389350891,0.000317204985833541,84
1.56010746955872,0.979320168495178,-0.649323284626007,0.000204416311362365,84
1.57010746002197,0.97931957244873,-0.649370849132538,0.000102277094583769,84
1.58010745048523,0.979315221309662,-0.649402499198914,5.26877266793235e-05,84
1.59010744094849,0.979306757450104,-0.649419546127319,2.42785471300522e-05,84
1.60010743141174,0.979294300079346,-0.64942342042923,6.07655226758652e-06,84
1.610107421875,0.979278266429901,-0.64941531419754,9.27165154962495e-06,84
1.62010741233826,0.979258954524994,-0.649396121501923,2.13566955835631e-05,84
1.63010740280151,0.979236662387848,-0.64936637878418,3.50892601659325e-05,84
1.64010739326477,0.979211568832397,-0.649326264858246,5.19713204312211e-05,83
1.65010738372803,0.979183852672577,-0.649275541305542,7.39119445825054e-05,83
1.66010737419128,0.979153752326965,-0.649213671684265,0.000103513385681708,83
1.67010736465454,0.979121327400208,-0.649139523506165,0.000144672473084029,83
1.68010747432709,0.979086756706238,-0.649051427841187,7.58731529231227e-05,83
1.69010746479034,0.979050278663635,-0.648945152759552,0.000105224298749818,83
1.7001074552536,0.979012131690979,-0.648820102214813,0.0001559562575153,84
1.71010744571686,0.978972613811493,-0.648670375347137,9.61104612997588e-05,84
1.72010743618011,0.978932738304138,-0.64848792552948,0.000136239710002428,84
1.73010742664337,0.978893518447876,-0.648269653320312,0.000176027878410423,84
1.74010741710663,0.978856861591339,-0.648010849952698,0.000184722778669766,84
1.75010740756989,0.978825092315674,-0.647716164588928,0.000147012401157554,84
1.76010739803314,0.978799700737,-0.647399544715881,8.92948912110114e-05,84
1.7701073884964,0.978780746459961,-0.647077322006226,0.000203093826598888,84
1.78010737895966,0.978767037391663,-0.646760880947113,0.000112374386958436,84
1.79010736942291,0.978757977485657,-0.646454751491547,5.33657473624771e-05,84
1.80010747909546,0.978752195835114,-0.646161139011383,0.000328975266143061,84
1.81010746955872,0.978748798370361,-0.645880222320557,0.000201026678098515,84
1.82010746002197,0.978747725486755,-0.645612180233002,9.67501197806087e-05,84
1.83010745048523,0.978748381137848,-0.645357012748718,-3.48597865240663e-05,84
1.84010744094849,0.978750586509705,-0.645115435123444,-0.000102457410491752,84
1.85010743141174,0.978754222393036,-0.644888997077942,-0.00025584800141587,84
1.860107421875,0.978759288787842,-0.644680798053741,-0.00055089394766128,84
1.87010741233826,0.978766143321991,-0.644496202468872,0.000318011003514584,84
1.88010740280151,0.978775918483734,-0.644350826740265,-0.000143367826922258,83
1.89010739326477,0.978787660598755,-0.644252359867096,-0.000164370001868974,83
1.90010738372803,0.978803038597107,-0.644233405590057,0.000151991832865406,83
1.91010737419128,0.978820145130157,-0.644301116466522,0.000185939219022657,83
1.92010736465454,0.978837430477142,-0.644428551197052,-7.7370765040996e-05,83
1.93010747432709,0.978855013847351,-0.644601404666901,0.000275623166658079,83
1.94010746479034,0.978872954845428,-0.644808709621429,0.000191017736483445,83
1.9501074552536,0.978890717029572,-0.645035564899445,0.000118871014251454,83
1.96010744571686,0.978908538818359,-0.645276665687561,6.75341164537713e-05,82
1.97010743618011,0.978926360607147,-0.645527541637421,3.58690025450414e-05,82
1.98010742664337,0.978944420814514,-0.645785450935364,-4.74477565148845e-05,82
1.99010741710663,0.97896271944046,-0.646048545837402,-8.28549459015449e-05,82
2.00010752677917,0.978981494903564,-0.646315217018127,-0.000126741223539284,82
2.01010751724243,0.979000866413116,-0.646584272384644,-0.000181024090863957,82
2.02010750770569,0.979020893573761,-0.64685446023941,-0.000248142619625469,82
2.03010749816895,0.979041814804077,-0.647124409675598,-0.000330004101840586,82
2.0401074886322,0.979063749313354,-0.647392451763153,-0.000427287401350895,82
2.05010747909546,0.979086756706238,-0.647656679153442,-0.000538546296525055,82
2.06010746955872,0.979110956192017,-0.647914588451385,-0.000181043710881568,82
2.07010746002197,0.979135930538177,-0.648164749145508,-7.98431529460686e-05,82
2.08010745048523,0.979162216186523,-0.648402273654938,-0.00012399695106069,82
2.09010744094849,0.979189872741699,-0.648623466491699,-8.21272748225965e-05,83
2.10010743141174,0.97921884059906,-0.648824870586395,-7.53643091115919e-05,83
2.110107421875,0.979250252246857,-0.648992300033569,-0.00426548174675645,84
2.12010741233826,0.97923880815506,-0.648532569408417,0.000225290854928062,84
2.13010740280151,0.979225635528564,-0.648309171199799,0.000124784676415857,83
2.14010739326477,0.979204893112183,-0.64808577299118,9.89536454198969e-05,83
2.15010738372803,0.979182481765747,-0.647848069667816,8.11816187251679e-05,83
2.16010737419128,0.979158997535706,-0.647596716880798,0.000401718776004145,83
2.17010736465454,0.979134798049927,-0.647333741188049,0.000370625987841322,83
2.1801073551178,0.979110717773438,-0.647060394287109,0.00033176190714812,83
2.19010734558105,0.979086935520172,-0.646779417991638,0.000292512754185736,84
2.20010733604431,0.979063808917999,-0.646493196487427,0.000254220003569117,84
2.21010732650757,0.979041337966919,-0.646203577518463,0.000218201102597959,85
2.22010731697083,0.979019701480865,-0.645912230014801,0.000185498694690978,85
2.23010730743408,0.978998780250549,-0.645620226860046,0.000156690231449375,85
2.24010753631592,0.97897857427597,-0.645328521728516,0.000131571591850843,85
2.25010752677917,0.978959083557129,-0.645037710666656,0.00011024602957832,85
2.26010751724243,0.978940069675446,-0.644748151302338,9.22825258840021e-05,85
2.27010750770569,0.978921592235565,-0.644460201263428,7.6990468016902e-05,85
2.28010749816895,0.978903412818909,-0.644173979759216,6.43377305777904e-05,85
2.2901074886322,0.978885591030121,-0.643889725208282,5.36749199113729e-05,85
2.30010747909546,0.978868007659912,-0.643607556819916,4.46233539719287e-05,85
2.31010746955872,0.978850603103638,-0.643327474594116,3.71534330838585e-05,85
2.32010746002197,0.978833258152008,-0.643049776554108,3.06037974269202e-05,85
2.33010745048523,0.978816032409668,-0.642774522304535,2.51190724611661e-05,85
2.34010744094849,0.978798806667328,-0.642501950263977,2.03036217953922e-05,85
2.35010743141174,0.978781640529633,-0.642232298851013,1.61172024490952e-05,85
2.360107421875,0.978764355182648,-0.641965806484222,1.23876894235764e-05,85
2.37010741233826,0.978747069835663,-0.641703009605408,9.0469899873824e-06,85
2.38010740280151,0.978729784488678,-0.641444325447083,5.7514009768056e-06,85
2.39010739326477,0.978712379932404,-0.641190409660339,2.99472844744741e-06,85
2.40010738372803,0.978694975376129,-0.640942096710205,-3.98315938809901e-06,85
2.41010737419128,0.9786776304245,-0.640700161457062,-5.54643651184961e-06,85
2.42010736465454,0.978660345077515,-0.64046573638916,-6.87150924250091e-06,85
2.4301073551178,0.978643238544464,-0.640239834785461,-7.92873953514572e-06,85
2.44010734558105,0.978626370429993,-0.640023529529572,-8.67135332782709e-06,85
2.45010733604431,0.978609800338745,-0.639817655086517,-9.33376679768116e-06,85
2.46010732650757,0.978593707084656,-0.639622688293457,-9.50069528471431e-06,85
2.47010731697083,0.97857803106308,-0.639438688755035,-9.51245652913713e-06,85
2.48010730743408,0.978562772274017,-0.639265298843384,-9.47219137970023e-06,85
2.49010753631592,0.978547811508179,-0.639102101325989,-1.00049666684754e-05,85
2.50010752677917,0.978533029556274,-0.638948500156403,-1.20576119115867e-05,85
2.51010751724243,0.978518307209015,-0.638804316520691,-1.57910610596446e-05,85
2.52010750770569,0.978503406047821,-0.638669908046722,-2.13371955624098e-05,85
2.53010749816895,0.978488206863403,-0.638546526432037,-2.82887787648178e-05,85
2.5401074886322,0.978472650051117,-0.638436317443848,-3.65405966817889e-05,85
2.55010747909546,0.978456795215607,-0.638342380523682,-4.44641869421503e-05,85
2.56010746955872,0.978440821170807,-0.638268113136292,-4.79918032851856e-05,85
2.57010746002197,0.978424906730652,-0.638216316699982,-4.52352261390843e-05,85
2.58010745048523,0.978409290313721,-0.638187944889069,-3.7260241867898e-05,85
2.59010744094849,0.978394269943237,-0.638181686401367,-2.71372281872573e-05,85
2.60010743141174,0.978379786014557,-0.638194561004639,-1.75128826072068e-05,85
2.610107421875,0.978365838527679,-0.638222992420197,-1.00621496699205e-05,85
2.62010741233826,0.978352427482605,-0.63826322555542,-4.83145282714759e-06,86
2.63010740280151,0.978339433670044,-0.638312041759491,1.1129633321616e-06,86
2.64010739326477,0.978326737880707,-0.638366758823395,4.00913359044353e-06,86
2.65010738372803,0.978314340114594,-0.63842499256134,6.79537805581276e-06,86
2.66010737419128,0.978302180767059,-0.63848477602005,9.84793223324232e-06,86
2.67010736465454,0.978290259838104,-0.638544499874115,1.30128321416123e-05,86
2.6801073551178,0.978278636932373,-0.638602674007416,1.69546903521223e-05,86
2.69010734558105,0.97826737165451,-0.638657867908478,2.19639272245331e-05,86
2.70010733604431,0.978256583213806,-0.638708770275116,2.87571394892439e-05,86
2.71010732650757,0.97824639081955,-0.63875412940979,3.81608457473703e-05,86
2.72010731697083,0.978236973285675,-0.63879269361496,5.12830702064093e-05,86
2.73010730743408,0.978228569030762,-0.63882303237915,7.04554130948054e-05,86
2.74010753631592,0.978221356868744,-0.638843655586243,0.000102250051952524,86
2.75010752677917,0.978215634822845,-0.638852119445801,0.00017690271789661,86
2.76010751724243,0.978211462497711,-0.638842225074768,0.000269067410101798,86
2.77010750770569,0.978206515312195,-0.638719320297241,9.92329360656186e-05,86
2.78010749816895,0.978199541568756,-0.638436913490295,-5.75359791810115e-06,86
2.7901074886322,0.978194534778595,-0.638206303119659,-4.05555533689039e-06,86
2.80010747909546,0.978190183639526,-0.637979924678802,-4.31478270002117e-06,86
2.81010746955872,0.978186547756195,-0.637757420539856,-4.98837562190602e-06,86
2.82010746002197,0.978183388710022,-0.63753879070282,-5.55744713892636e-06,86
2.83010745048523,0.978180885314941,-0.637323915958405,-6.05156594701839e-06,86
2.84010744094849,0.978178799152374,-0.63711279630661,-6.50945759161914e-06,86
2.85010743141174,0.978177189826965,-0.636905372142792,-6.91173136146972e-06,86
2.860107421875,0.97817599773407,-0.636701643466949,-7.32761748167832e-06,86
2.87010741233826,0.978175222873688,-0.636501431465149,-8.36779008750455e-06,85
2.88010740280151,0.978174805641174,-0.63630485534668,-8.22690611812504e-06,85
2.89010739326477,0.978174686431885,-0.636111855506897,-8.28408991537799e-06,85
2.90010738372803,0.978174865245819,-0.635922372341156,-8.60593365814566e-06,85
2.91010737419128,0.978175342082977,-0.635736525058746,-8.96295290431226e-06,85
2.92010736465454,0.978176116943359,-0.635554313659668,-9.35097676801888e-06,85
2.9301073551178,0.978177189826965,-0.635375797748566,-9.87884538972139e-06,85
2.94010734558105,0.978178560733795,-0.635201096534729,-1.03791084598015e-05,85
2.95010733604431,0.978180170059204,-0.635030329227448,-1.09325710013763e-05,85
2.96010732650757,0.978182077407837,-0.634863793849945,-1.16671893124476e-05,85
2.97010731697083,0.978184342384338,-0.634701728820801,-1.24487311836674e-05,85
2.98010730743408,0.978186964988708,-0.634544491767883,-1.34918353751345e-05,85
2.99010753631592,0.978190004825592,-0.63439267873764,-1.47568996453629e-05,85
3.00010752677917,0.978193581104279,-0.63424688577652,-1.64936629403201e-05,84
3.01010751724243,0.978197693824768,-0.634108066558838,-1.87664251711794e-05,84
3.02010750770569,0.978202521800995,-0.633977472782135,-2.17821404930874e-05,84
3.03010749816895,0.978208184242249,-0.63385683298111,-2.58281394849291e-05,84
3.0401074886322,0.978214979171753,-0.633748590946198,-3.15285694227896e-05,84
3.05010747909546,0.978223085403442,-0.633655905723572,-3.90381756005809e-05,84
3.06010746955872,0.978232741355896,-0.633583307266235,-4.8274147502525e-05,84
3.07010746002197,0.978244304656982,-0.633536398410797,-5.72474990008232e-05,84
3.08010745048523,0.978257894515991,-0.633521139621735,-6.15474931464632e-05,83
3.09010744094849,0.978273332118988,-0.633542239665985,-5.68508505693899e-05,83
3.10010743141174,0.978290140628815,-0.633600175380707,-4.51241602945629e-05,83
3.110107421875,0.978307545185089,-0.63369083404541,-3.19152790098087e-05,83
3.12010741233826,0.978324949741364,-0.633807837963104,-2.09777488180407e-05,83
3.13010740280151,0.978341996669769,-0.633944690227509,-1.2622725307665e-05,83
3.14010739326477,0.978358387947083,-0.634096443653107,-6.72080875574466e-06,83
3.15010738372803,0.978374004364014,-0.634259223937988,-2.35488204225476e-06,83
3.16010737419128,0.978388786315918,-0.634430527687073,1.30658622765623e-06,83
3.17010736465454,0.978402733802795,-0.634608447551727,4.04048142854663e-06,83
3.1801073551178,0.978415846824646,-0.634791553020477,6.48417562842951e-06,83
3.19010734558105,0.978428065776825,-0.634978890419006,8.66022060108662e-06,83
3.20010733604431,0.978439450263977,-0.635169625282288,1.07622992118195e-05,83
3.21010732650757,0.978450000286102,-0.635363280773163,1.26383600331792e-05,83
3.22010731697083,0.978459715843201,-0.635559320449829,1.45525596053631e-05,83
3.23010730743408,0.978468596935272,-0.635757446289062,1.64889377742838e-05,82
3.24010753631592,0.978476643562317,-0.635957300662994,1.84097260671479e-05,82
3.25010752677917,0.978483855724335,-0.63615870475769,2.0252791614439e-05,82
3.26010751724243,0.97849029302597,-0.636361479759216,2.22048225282379e-05,82
3.27010750770569,0.978495955467224,-0.636565446853638,2.40629386780711e-05,82
3.28010749816895,0.978500783443451,-0.636770486831665,2.60586239733129e-05,82
3.2901074886322,0.97850489616394,-0.636976480484009,2.79920980119641e-05,82
3.30010747909546,0.978508174419403,-0.637183368206024,2.99881765499777e-05,82
3.31010746955872,0.978510737419128,-0.637391149997711,3.19106633810406e-05,82
3.32010746002197,0.978512525558472,-0.63759970664978,3.39637529123138e-05,82
3.33010745048523,0.978513538837433,-0.637808978557587,3.60272741204426e-05,82
3.34010744094849,0.978513836860657,-0.63801896572113,3.81162930125356e-05,82
3.35010743141174,0.978513360023499,-0.638229608535767,4.02601144742221e-05,82
3.360107421875,0.978512167930603,-0.638440847396851,4.26173682512854e-05,82
3.37010741233826,0.978510200977325,-0.638652682304382,4.49259200649976e-05,82
3.38010740280151,0.978507578372955,-0.638865053653717,4.73173147952366e-05,82
3.39010739326477,0.978504121303558,-0.63907790184021,4.97041676226218e-05,82
3.40010738372803,0.978500008583069,-0.639291167259216,5.24025711001741e-05,82
3.41010737419128,0.978495121002197,-0.639504790306091,5.51632836049976e-05,82
3.42010736465454,0.978489518165588,-0.639718770980835,5.79208222575289e-05,82
3.4301073551178,0.978483200073242,-0.639933049678802,6.08503759735868e-05,82
3.44010734558105,0.978476166725159,-0.640147507190704,6.39860027149552e-05,83
3.45010733604431,0.978468418121338,-0.640362143516541,6.72392765181939e-05,83
3.46010732650757,0.97845995426178,-0.640576839447021,7.06489527146914e-05,83
3.47010731697083,0.978450775146484,-0.640791594982147,7.4265584260047e-05,82
3.48010730743408,0.978440940380096,-0.641006290912628,7.80074292947575e-05,82
3.49010753631592,0.978430449962616,-0.64122086763382,8.18022317616851e-05,82
3.50010752677917,0.978419303894043,-0.641435325145721,8.55714510521466e-05,82
3.51010751724243,0.978407502174377,-0.641649544239044,8.92701254997519e-05,82
3.52010750770569,0.978395164012909,-0.641863524913788,9.27246714468311e-05,82
3.53010749816895,0.978382170200348,-0.642077207565308,9.56072352664705e-05,83
3.5401074886322,0.978368699550629,-0.642290711402893,9.79243492338355e-05,83
3.55010747909546,0.978354692459106,-0.642503976821899,9.92191237969564e-05,83
3.56010746955872,0.978340208530426,-0.642717063426971,9.84045423706448e-05,83
3.57010746002197,0.978325366973877,-0.642930150032043,9.42754371635601e-05,83
3.58010745048523,0.978310167789459,-0.64314341545105,8.48290524118056e-05,83
3.59010744094849,0.978294670581818,-0.643357157707214,6.75698715326689e-05,83
3.60010743141174,0.978278934955597,-0.643571674823761,3.66906710382864e-05,83
3.610107421875,0.978263080120087,-0.643787562847137,-1.77851118792205e-05,83
3.62010741233826,0.978247225284576,-0.644005656242371,-0.000109682079028062,83
3.63010740280151,0.978231430053711,-0.644227147102356,-0.000272753640842893,83
3.64010739326477,0.978215932846069,-0.644453942775726,-0.000562619239360629,83
3.65010738372803,0.978201031684875,-0.644688963890076,-0.000262147106639077,83
3.66010737419128,0.978185772895813,-0.644936442375183,-0.000237383431112903,83
3.67010736465454,0.978171467781067,-0.645207643508911,-0.000237858077184683,83
3.6801073551178,0.978158235549927,-0.645527362823486,-0.000186801022607597,83
3.69010734558105,0.978147864341736,-0.645999252796173,-0.000186622155524674,83
3.69013667106628,0.978147864341736,-0.645999252796173,-0.000186724577815767,83
3.69016599655151,0.978147864341736,-0.645999252796173,-0.000186728084202059,83
3.69020986557007,0.978147864341736,-0.645999252796173,-0.000186789147676336,83
3.69027590751648,0.978147864341736,-0.645999252796173,-0.000186728298331218,83
3.69037485122681,0.978147864341736,-0.645999252796173,-0.000186728311632578,83
3.69052314758301,0.978147864341736,-0.645999252796173,-0.000186832010285798,83
3.69074559211731,0.978147864341736,-0.645999252796173,-0.000186722882290269,83
3.69107913970947,0.978147864341736,-0.645999252796173,-0.000186716556640931,83
3.69157981872559,0.978147864341736,-0.645999252796173,-0.000186715383563296,83
3.69233059883118,0.978147864341736,-0.645999252796173,-0.000186755285653817,83
3.69345688819885,0.978147864341736,-0.645999252796173,-0.000186720343776869,83
3.69514632225037,0.978147864341736,-0.645999252796173,-0.00018674236116567,83
3.69768047332764,0.978147864341736,-0.645999252796173,-0.000186529303107363,83
3.70148158073425,0.978147864341736,-0.645999252796173,-0.00018629315434282,83
3.70718336105347,0.978147864341736,-0.645999252796173,-0.000186181045023659,83
3.70932149887085,0.978147864341736,-0.645999252796173,-0.000186015932001737,83
3.71252870559692,0.978147864341736,-0.645999252796173,-0.000185924337642973,83
3.71373152732849,0.978147864341736,-0.645999252796173,-0.000185769380721013,83
3.71553540229797,0.978147864341736,-0.645999312400818,-0.000185519379101606,83
3.71824169158936,0.978147864341736,-0.645999312400818,-0.000185344012891164,83
3.71925640106201,0.978147864341736,-0.645999312400818,-0.000185235076912704,83
3.72077870368958,0.978147864341736,-0.645999312400818,-0.000185218056969916,83
3.72134947776794,0.978147864341736,-0.645999312400818,-0.000184990242587446,83
3.7222056388855,0.978147864341736,-0.645999312400818,-0.000184887251066357,83
3.72252678871155,0.978147864341736,-0.645999312400818,-0.000184712436748669,83
3.72300839424133,0.978147864341736,-0.645999312400818,-0.000184539392591887,83
3.72373080253601,0.978147864341736,-0.645999372005463,-0.000184432324203954,83
3.72400164604187,0.978147864341736,-0.645999372005463,-0.000184274755497427,83
3.72440814971924,0.978147923946381,-0.645999372005463,-0.000184122708276391,83
3.72456049919128,0.978147923946381,-0.645999372005463,-0.000184013685100126,83
3.72478914260864,0.978147923946381,-0.645999372005463,-0.000183822646931731,83
3.72513198852539,0.978147923946381,-0.645999372005463,-0.000183706556526886,83
3.72526049613953,0.978147923946381,-0.645999372005463,-0.000183514255525097,83
3.72545337677002,0.978147923946381,-0.645999431610107,-0.000183406939243014,83
3.72552561759949,0.978147923946381,-0.645999431610107,-0.000183307260499532,83
3.72563409805298,0.978147923946381,-0.645999431610107,-0.00018299644864328,83
3.7257969379425,0.978147923946381,-0.645999431610107,-0.000182935824568631,83
3.72585797309875,0.978147923946381,-0.645999431610107,-0.000182760896279888,83
3.72594952583313,0.978147923946381,-0.645999431610107,-0.000182690455631018,83
3.72598385810852,0.978147923946381,-0.645999431610107,-0.000182467332876968,83
3.72603535652161,0.978147923946381,-0.645999431610107,-0.000182351103489964,83
3.72605466842651,0.978147923946381,-0.645999491214752,-0.000182212575452922,83
3.72608351707458,0.978147923946381,-0.645999491214752,-0.000182052508648667,83
3.72612690925598,0.978147923946381,-0.645999491214752,-0.00018187647697232,83
3.72614336013794,0.978147923946381,-0.645999491214752,-0.000181755809535389,83
3.72616767883301,0.978147923946381,-0.645999491214752,-0.000181634220552951,83
3.72617697715759,0.978147923946381,-0.645999491214752,-0.00018154687313654,83
3.7261905670166,0.978147923946381,-0.645999491214752,-0.000181278457830558,83
3.72621130943298,0.978147923946381,-0.645999550819397,-0.000181177575257152,83
3.72621893882751,0.978147923946381,-0.645999550819397,-0.000181029226553164,83
3.72623062133789,0.978147923946381,-0.645999550819397,-0.000180901181408899,83
3.72623491287231,0.978147923946381,-0.645999550819397,-0.000180691058858429,83
3.72624158859253,0.978147923946381,-0.645999550819397,-0.000180499137911738,83
3.72625136375427,0.978147923946381,-0.645999550819397,-0.000180306775348527,83
3.72625494003296,0.978147923946381,-0.645999550819397,-0.000180143460681848,83
3.72626042366028,0.978147983551025,-0.645999610424042,-0.000179974773629965,83
3.72626256942749,0.978147983551025,-0.645999610424042,-0.000179914915179324,83
3.72626566886902,0.978147983551025,-0.645999610424042,-0.00017978652937245,83
3.72626686096191,0.978147983551025,-0.645999610424042,-0.000179682434918504,83
3.72626852989197,0.978147983551025,-0.645999610424042,-0.000179434266499356,83
3.72627115249634,0.978147983551025,-0.645999610424042,-0.00017928320272631,83
3.72627210617065,0.978147983551025,-0.645999610424042,-0.000179117963341469,83
3.72627353668213,0.978147983551025,-0.645999610424042,-0.000178977018833848,83
3.72627401351929,0.978147983551025,-0.645999610424042,-0.000178879265035903,83
3.7262749671936,0.978147983551025,-0.645999670028687,-0.000178713626837634,83
3.7262761592865,0.978147983551025,-0.645999670028687,-0.000178510446630753,83
3.72627663612366,0.978147983551025,-0.645999670028687,-0.000178317651887028,83
3.72627735137939,0.978147983551025,-0.645999670028687,0.000178364937312381,83
3.72627758979797,0.978147983551025,-0.645999670028687,0.000181252863285408,83
3.72627806663513,0.978147983551025,-0.645999670028687,0.000184549139248702,83
3.72627806663513,0.978147983551025,-0.645999670028687,0.000186965356419933,83
3.72627830505371,0.978147983551025,-0.645999729633331,0.000190625017978618,83
3.72627878189087,0.978147983551025,-0.645999729633331,0.000192669779153221,83
3.72627878189087,0.978147983551025,-0.645999729633331,0.000195743329868492,83
3.72627902030945,0.978147983551025,-0.645999729633331,0.000199262555213409,83
3.72627902030945,0.978147983551025,-0.645999729633331,0.000201859996820986,83
3.72627925872803,0.978147983551025,-0.645999729633331,0.000205768140858709,83
3.72627925872803,0.978147983551025,-0.645999729633331,0.000207944527005566,83
3.72627949714661,0.978147983551025,-0.645999729633331,0.000211257547732657,83
3.72627949714661,0.978147983551025,-0.645999789237976,0.000213087419751901,83
3.72627949714661,0.978147983551025,-0.645999789237976,0.000215860899686504,83
3.72627949714661,0.978147983551025,-0.645999789237976,0.000220024491170534,83
3.72627973556519,0.978147983551025,-0.645999789237976,0.000222355544281072,83
3.72627973556519,0.97814804315567,-0.645999789237976,0.000225866061327906,83
3.72627973556519,0.97814804315567,-0.645999789237976,0.000227841281343899,83
3.72627973556519,0.97814804315567,-0.645999789237976,0.00023079154681227,83
3.72627973556519,0.97814804315567,-0.645999848842621,0.000234166635038946,83
3.72627973556519,0.97814804315567,-0.645999848842621,0.00023669059646636,83
3.72627973556519,0.97814804315567,-0.645999848842621,0.000240420402406016,83
3.72627973556519,0.97814804315567,-0.645999848842621,0.000242529136642133,83
3.72627973556519,0.97814804315567,-0.645999848842621,0.000245698276842177,83
3.72627973556519,0.97814804315567,-0.645999848842621,0.000249309151683974,83
3.72627973556519,0.97814804315567,-0.645999848842621,0.00025197686551337,83
3.72627973556519,0.97814804315567,-0.645999848842621,0.00025599549871913,83
3.72627973556519,0.97814804315567,-0.645999908447266,0.000258245280519986,83
3.72627973556519,0.97814804315567,-0.645999908447266,0.000261620592311829,83
3.72627973556519,0.97814804315567,-0.645999908447266,0.000263519924033062,83
3.72627973556519,0.97814804315567,-0.645999908447266,0.000266357529142169,83
3.72627973556519,0.97814804315567,-0.645999908447266,0.000269627333238986,83
3.72627973556519,0.97814804315567,-0.645999908447266,0.000272030219321096,83
3.72627973556519,0.97814804315567,-0.645999908447266,0.00027564281111836,83
3.72627997398376,0.97814804315567,-0.645999908447266,0.000277660033191296,83
3.72627997398376,0.97814804315567,-0.64599996805191,0.000280704283511568,83
3.72627997398376,0.97814804315567,-0.64599996805191,0.000284183387179837,83
3.72627997398376,0.97814804315567,-0.64599996805191,0.000286750197915353,83
3.72627997398376,0.97814804315567,-0.64599996805191,0.000290588350992493,83
3.72627997398376,0.97814804315567,-0.64599996805191,0.000292745169986119,83
3.72627997398376,0.97814804315567,-0.64599996805191,0.000296002616153146,83
3.72627997398376,0.97814804315567,-0.64599996805191,0.000297829982116582,83
3.72627997398376,0.97814804315567,-0.64599996805191,0.00030058913330322,83
3.72627997398376,0.97814804315567,-0.646000027656555,0.000304683965168806,83
3.72627997398376,0.97814804315567,-0.646000027656555,0.000306998688529347,83
3.72627997398376,0.978148102760315,-0.646000027656555,0.000310469427347471,83
3.72627997398376,0.978148102760315,-0.646000027656555,0.000312427438871055,83
3.72627997398376,0.978148102760315,-0.646000027656555,0.000315338667746801,83
3.72627997398376,0.978148102760315,-0.646000027656555,0.000318687597484768,83
3.72627997398376,0.978148102760315,-0.646000027656555,0.000321153827826492,83
3.72627997398376,0.978148102760315,-0.646000027656555,0.000324865409538688,83
3.72627997398376,0.978148102760315,-0.6460000872612,0.000326928719402986,83
3.72627997398376,0.978148102760315,-0.6460000872612,0.000330051189905589,83
3.72627997398376,0.978148102760315,-0.6460000872612,0.000333639057032542,83
3.72627997398376,0.978148102760315,-0.6460000872612,0.000336254922444823,83
3.72627997398376,0.978148102760315,-0.6460000872612,0.000340233933115996,83
3.72627997398376,0.978148102760315,-0.6460000872612,0.000342456359021526,83
3.72627997398376,0.978148102760315,-0.6460000872612,0.000345778768462424,83
3.72627997398376,0.978148102760315,-0.646000146865845,nan,nan
#GNA2
0.0,0.0,0.0,-5.13979315996949e-07,0
0.0299999993294477,0.0299883056432009,-0.0180844739079475,-3.83496800857586e-05,0
0.0599999986588955,0.0599524267017841,-0.0361580848693848,-4.3519860298602e-05,0
0.0900000035762787,0.0898912698030472,-0.0542203821241856,-4.97757727657699e-05,0
0.119999997317791,0.119803629815578,-0.0722708627581596,-5.66426534831521e-05,0
0.150000005960464,0.149688154459,-0.0903089717030525,-6.49105337089395e-05,0
0.180000007152557,0.179543301463127,-0.108334057033062,-7.46806083640195e-05,0
0.209999993443489,0.209367379546165,-0.126345425844193,-8.63615280337626e-05,0
0.239999994635582,0.239158391952515,-0.144342228770256,-0.000100446247671471,0
0.270000010728836,0.268914103507996,-0.162323519587517,-0.00011768134672252,0
0.300000011920929,0.298631906509399,-0.180288180708885,-0.000139156368561544,0
0.330000013113022,0.32830873131752,-0.198234915733337,-0.000165789066358002,0
0.360000014305115,0.357940971851349,-0.216162160038948,-0.000199673883059859,0
0.389999985694885,0.387524306774139,-0.234068021178246,-0.00024304490943905,0
0.419999986886978,0.417053550481796,-0.251950234174728,-0.000299574221628518,0
0.449999988079071,0.446522355079651,-0.269805997610092,-0.000374187255459901,0
0.479999989271164,0.475922912359238,-0.287631720304489,-0.00047404194634737,0
0.509999990463257,0.505245387554169,-0.305423021316528,-0.000609622912776331,0
0.540000021457672,0.534477293491364,-0.323174089193344,-0.000796601323912682,0
0.569999992847443,0.563602566719055,-0.340877413749695,-0.00105798459543394,0
0.600000023841858,0.592600047588348,-0.358523041009903,-0.00142852429084428,0
0.629999995231628,0.621441602706909,-0.376097410917282,-0.00195976674274334,0
0.660000026226044,0.650089025497437,-0.393581956624985,-0.00272747017714892,0
0.689999997615814,0.678489506244659,-0.410950630903244,-0.0038372466036094,0
0.720000028610229,0.706569135189056,-0.428166449069977,-0.00542240548190875,0
0.75,0.734222769737244,-0.445176035165787,-0.00760692423671117,0
0.779999971389771,0.761300146579742,-0.4619020819664,-0.0103844709441887,0
0.810000002384186,0.787587523460388,-0.478233128786087,-0.0133466896447203,0
0.839999973773956,0.812789022922516,-0.494012892246246,-0.0153419143492215,0
0.870000004768372,0.836519956588745,-0.509035885334015,-0.0146572452807732,0
0.899999976158142,0.858336925506592,-0.52306342124939,3.48729702182027e-06,0
0.930000007152557,0.877830743789673,-0.535874426364899,7.52313087559742e-06,8
0.959999978542328,0.894743919372559,-0.54733419418335,0.00484588834524402,12
0.990000009536743,0.909067451953888,-0.557446539402008,0.00358779891666927,16
1.01999998092651,0.921015441417694,-0.56634795665741,0.00287628503770065,19
1.04999995231628,0.930916011333466,-0.57423460483551,0.00178848564155487,21
1.08000004291534,0.939123868942261,-0.581326723098755,0.00133688528762832,23
1.11000001430511,0.94596266746521,-0.587822437286377,-0.00196238277578686,25
1.13999998569489,0.951703310012817,-0.593880772590637,-0.00202034361649339,29
1.16999995708466,0.956562936306,-0.599651157855988,-0.00204962187069668,36
1.20000004768372,0.960713088512421,-0.605231821537018,-0.00198143757955904,40
1.23000001907349,0.964287757873535,-0.610709249973297,-0.00194207985703088,44
1.25999999046326,0.967392265796661,-0.616151034832001,-0.00188850176056121,47
1.28999996185303,0.970109283924103,-0.621610283851624,-0.000108606531910027,56
1.32000005245209,0.972504556179047,-0.627131700515747,0.00045327136188078,61
1.35000002384186,0.974635243415833,-0.632758438587189,-0.000155499359379974,67
1.37999999523163,0.976544797420502,-0.638534188270569,-0.00156690254596015,75
1.4099999666214,0.978248059749603,-0.644416689872742,-0.00271254581747371,86
1.44000005722046,0.979786157608032,-0.650453209877014,-6.23210522689988e-05,90
1.47000002861023,0.981182515621185,-0.656679570674896,-5.00454319762866e-05,96
1.5,0.982459425926208,-0.663108944892883,-9.65965888894971e-05,101
1.52999997138977,0.983627140522003,-0.669731914997101,-0.00126291145267032,107
1.55999994277954,0.984698951244354,-0.676547110080719,0.0961253163129641,118
1.5900000333786,0.987315893173218,-0.697001039981842,-0.00102971478668223,124
1.62000000476837,0.988354682922363,-0.707036018371582,-3.51850995912173e-05,129
1.64999997615814,0.989092469215393,-0.714994072914124,-5.17130315529357e-05,131
1.67999994754791,0.989786863327026,-0.723202168941498,-0.0010717021306732,137
1.71000003814697,0.990438342094421,-0.731615543365479,-0.00113430538158354,139
1.74000000953674,0.99105316400528,-0.740260481834412,-0.00064016042995263,143
1.76999998092651,0.991634547710419,-0.749148070812225,0.26546230497047,154
1.79999995231628,0.994609177112579,-0.807913661003113,-0.00275808767332819,157
1.83000004291534,0.995027720928192,-0.818393409252167,-0.00704341390655827,160
1.86000001430511,0.995322644710541,-0.826971769332886,0.00127987849373312,160
1.88999998569489,0.995052397251129,-0.821916818618774,-0.000857197530763187,161
1.91999995708466,0.994665563106537,-0.814886927604675,-0.000120652319139936,162
1.95000004768372,0.994235992431641,-0.807565689086914,-7.19104930908543e-05,162
1.98000001907349,0.993759989738464,-0.799962282180786,-5.82779165370084e-05,162
2.00999999046326,0.993243098258972,-0.792275190353394,-5.13376863295889e-05,161
2.03999996185303,0.992687344551086,-0.78461754322052,-4.62305865198687e-05,162
2.0699999332428,0.992092549800873,-0.777060568332672,-4.18002030073694e-05,162
2.09999990463257,0.991457402706146,-0.769652962684631,-3.70415654629141e-05,162
2.13000011444092,0.99077981710434,-0.762430250644684,-3.3474126666988e-05,162
2.16000008583069,0.990056931972504,-0.755419790744781,-3.1509114421624e-05,162
2.19000005722046,0.989285469055176,-0.748643398284912,-0.000416837202806164,161
2.22000002861023,0.988461911678314,-0.742132365703583,-0.00289180026931035,159
2.25,0.987581074237823,-0.735889196395874,-6.57989888281918e-05,159
2.27999997138977,0.986640930175781,-0.729886591434479,-1.98888147338039e-05,160
2.30999994277954,0.98563688993454,-0.72420871257782,-1.25160722745932e-05,160
2.33999991416931,0.984564781188965,-0.718835115432739,-7.99475913026981e-06,162
2.36999988555908,0.983421146869659,-0.713773488998413,-3.6212049394635e-06,162
2.40000009536743,0.982203006744385,-0.709029674530029,-1.87265456474961e-06,162
2.4300000667572,0.980908453464508,-0.704607665538788,5.11037052319807e-06,162
2.46000003814697,0.979536533355713,-0.700509190559387,8.79957650568031e-06,162
2.49000000953674,0.978087782859802,-0.69673365354538,1.21710097573668e-05,161
2.51999998092651,0.976564109325409,-0.693278074264526,-0.000399466934595694,162
2.54999995231628,0.974968671798706,-0.690137088298798,-8.33584982729008e-05,162
2.57999992370605,0.973304688930511,-0.687297344207764,1.6455156014672e-05,162
2.60999989509583,0.971584498882294,-0.68476003408432,1.62807576202795e-05,162
2.64000010490417,0.969813227653503,-0.682507038116455,1.57178380391088e-05,163
2.67000007629395,0.968000054359436,-0.680525124073029,1.2360281743895e-05,164
2.70000004768372,0.966154992580414,-0.678800284862518,1.53064004848602e-05,163
2.73000001907349,0.964288413524628,-0.677319228649139,0.000219657644265681,163
2.73749995231628,0.963819742202759,-0.676985442638397,2.42272170680735e-06,163
2.74874997138977,0.963115990161896,-0.676510393619537,-4.38881081095133e-05,162
2.765625,0.962059319019318,-0.675863742828369,6.14662155840051e-06,162
2.79093742370605,0.960476160049438,-0.675012946128845,9.26886997376641e-06,162
2.82093739509583,0.958610355854034,-0.674198031425476,8.0833306697059e-06,161
2.85093760490417,0.956765830516815,-0.673583090305328,6.95004416684242e-06,161
2.88093757629395,0.954952001571655,-0.673160254955292,6.1144439769123e-06,161
2.91093754768372,0.953177750110626,-0.672923386096954,5.23018769627015e-06,160
2.94093751907349,0.951451122760773,-0.672867834568024,4.64423425228233e-06,160
2.97093749046326,0.949779272079468,-0.672990322113037,4.36550197946417e-06,160
3.00093746185303,0.948168337345123,-0.673288822174072,4.03052405317794e-06,160
3.0309374332428,0.946623802185059,-0.673762440681458,4.09026227998766e-06,160
3.06093740463257,0.945150256156921,-0.674411058425903,4.27318531137644e-06,160
3.09093761444092,0.943751633167267,-0.675234735012054,4.45124720727108e-06,160
3.12093758583069,0.942431330680847,-0.67623370885849,6.63321571892084e-06,160
3.15093755722046,0.941192269325256,-0.677407264709473,3.99028881474806e-05,159
3.18093752861023,0.94003701210022,-0.678756713867188,1.73327701986636e-05,159
3.2109375,0.938967764377594,-0.680275440216064,5.38995016086119e-06,159
3.24093747138977,0.937986552715302,-0.681964039802551,5.9455961149979e-06,159
3.27093744277954,0.937095105648041,-0.683818578720093,7.3938748528235e-06,159
3.30093741416931,0.936294913291931,-0.685835301876068,1.19389914061685e-05,159
3.33093738555908,0.935587227344513,-0.688010692596436,2.6873027536567e-05,159
3.36093759536743,0.934973061084747,-0.690341532230377,-0.00017710870611154,159
3.3909375667572,0.934453189373016,-0.692826747894287,0.000229444242677346,159
3.42093753814697,0.934005200862885,-0.695641934871674,0.000174205919620363,159
3.45093750953674,0.933643698692322,-0.699072062969208,-0.00012182592672616,158
3.48093748092651,0.933503329753876,-0.70026832818985,2.73518936724226e-05,158
3.51093745231628,0.933552861213684,-0.698977887630463,-0.00182525269201506,159
3.54093742370605,0.933551371097565,-0.698558926582336,-4.93375220057546e-05,159
3.57093739509583,0.933535099029541,-0.698551774024963,0.00035320080087331,159
3.60093760490417,0.933503389358521,-0.699021816253662,0.00146141223876839,159
3.63093757629395,0.933453619480133,-0.700114846229553,-0.000189641789802408,159
3.66093754768372,0.933383464813232,-0.702461242675781,-0.00336534998155003,159
3.69093751907349,0.933351635932922,-0.705321729183197,-0.00112705343792641,158
3.72093749046326,0.933377504348755,-0.708351016044617,0.000816979009755414,158
3.75093746185303,0.933463096618652,-0.711444556713104,0.000784064184244926,158
3.7809374332428,0.933606445789337,-0.714557826519012,0.000619978655777231,158
3.81093740463257,0.933804750442505,-0.717672646045685,-0.000445273871378049,158
3.84093761444092,0.934056341648102,-0.720785975456238,0.000262515962390353,158
3.87093758583069,0.934360444545746,-0.723897218704224,-0.00062677486857865,158
3.90093755722046,0.934714257717133,-0.72698301076889,-0.00172620731518691,158
3.93093752861023,0.93510490655899,-0.729953706264496,-0.00165596043143523,158
3.9609375,0.935500204563141,-0.732623934745789,0.00112734299614203,158
3.99093747138977,0.935852348804474,-0.734766185283661,0.00152311806527905,158
4.02093744277954,0.936117827892303,-0.736210882663727,0.000160523657029898,158
4.05093765258789,0.936294257640839,-0.737004220485687,0.00010412292593287,158
4.08093738555908,0.936177253723145,-0.735979855060577,0.000683764685959432,158
4.11093759536743,0.936010241508484,-0.734615981578827,0.00102734848280761,158
4.14093732833862,0.935718476772308,-0.732376873493195,0.00110705870963557,158
4.17093753814697,0.93534654378891,-0.729446232318878,0.000465490244096145,158
4.20093727111816,0.934943020343781,-0.726077258586884,0.000269153263388944,158
4.23093748092651,0.934548079967499,-0.722518444061279,0.000411479712965956,158
4.26093769073486,0.934185326099396,-0.718908250331879,-0.000442546544263678,158
4.29093742370605,0.933871686458588,-0.715325772762299,-0.00130628102169794,158
4.3209376335144,0.933622539043427,-0.711849749088287,-6.50526028334042e-06,158
4.3509373664856,0.933449625968933,-0.708580195903778,-1.25445753278441e-05,158
4.38093757629395,0.933356106281281,-0.705642521381378,-1.98959240407248e-05,159
4.41093730926514,0.933332502841949,-0.703170657157898,2.49127372013991e-05,159
4.44093751907349,0.933357357978821,-0.701253354549408,2.13297888049802e-05,159
4.47093772888184,0.933405756950378,-0.699891865253448,1.92874203843729e-05,159
4.50093746185303,0.933456063270569,-0.699111342430115,2.19169277064779e-05,159
4.53093767166138,0.933485448360443,-0.699167788028717,-2.55300397019598e-05,160
4.56093740463257,0.933487713336945,-0.700192391872406,-6.17143797976283e-05,159
4.59093761444092,0.933488547801971,-0.701741814613342,-3.70035262040602e-05,159
4.62093734741211,0.933508813381195,-0.703767955303192,1.30049133417742e-05,159
4.65093755722046,0.933568477630615,-0.706301391124725,0.00487940035804968,159
4.68093729019165,0.933683753013611,-0.709219396114349,-0.00188199572835401,159
4.7109375,0.933864831924438,-0.712403178215027,-0.000751980949416975,159
4.74093770980835,0.934117615222931,-0.715780675411224,-0.000287733513232524,159
4.77093744277954,0.934446394443512,-0.719312071800232,-0.000125014165405446,159
4.80093765258789,0.934854090213776,-0.722973167896271,-6.23751445800735e-05,159
4.83093738555908,0.935342788696289,-0.726748049259186,-4.08420285111788e-05,159
4.86093759536743,0.935913741588593,-0.730625450611115,3.37020114784536e-05,159
4.89093732833862,0.936567306518555,-0.734596967697144,3.19058430022778e-05,159
4.92093753814697,0.937303423881531,-0.738656759262085,3.07947739202064e-05,159
4.95093727111816,0.938121378421783,-0.742800712585449,2.97217461593391e-05,159
4.98093748092651,0.939020097255707,-0.747025966644287,2.84055799966154e-05,158
5.01093769073486,0.939997911453247,-0.751329064369202,-2.80740069342755e-05,157
5.04093742370605,0.941052317619324,-0.75570410490036,3.25725730476734e-05,157
5.0709376335144,0.942179381847382,-0.760139405727386,0.000108975152727453,159
5.1009373664856,0.943372964859009,-0.764612317085266,6.89859345470722e-05,159
5.13093757629395,0.944622993469238,-0.76908141374588,0.000153793076719921,159
5.16093730926514,0.945911109447479,-0.773459792137146,0.000563345553814543,159
5.19093751907349,0.947194039821625,-0.777541995048523,-0.00118325520440976,159
5.22093772888184,0.948352098464966,-0.780821084976196,-0.00142289816835728,159
5.25093746185303,0.949216842651367,-0.782786011695862,0.00062252382394945,159
5.28093767166138,0.949931859970093,-0.784170389175415,-0.000317498550316486,159
5.31093740463257,0.950729429721832,-0.785904407501221,-0.000388978333774048,159
5.34093761444092,0.951704084873199,-0.788402080535889,-0.000915074107751934,159
5.37093734741211,0.952853262424469,-0.791679561138153,-0.00105824583147296,159
5.40093755722046,0.954133033752441,-0.795537531375885,-0.000697212752129417,160
5.43093729019165,0.955480933189392,-0.799663305282593,0.000546342121538146,160
5.4609375,0.956763446331024,-0.803458154201508,0.00264264138604631,160
5.49093770980835,0.957623481750488,-0.805588364601135,0.000277248177781075,159
5.52093744277954,0.957821071147919,-0.805423319339752,-0.000128534721568485,159
5.55093765258789,0.957621097564697,-0.803975760936737,0.000119739512115302,159
5.58093738555908,0.957199096679688,-0.801862895488739,8.71700697189226e-05,159
5.61093759536743,0.956640243530273,-0.799384236335754,6.66192080416295e-05,159
5.64093732833862,0.955995857715607,-0.79671710729599,5.38885791456778e-05,159
5.67093753814697,0.955303549766541,-0.793986976146698,-4.64390771526269e-05,158
5.70093727111816,0.954594373703003,-0.791290104389191,-4.42291034801201e-05,158
5.73093748092651,0.953893721103668,-0.788700044155121,-5.17368932264617e-05,158
5.76093769073486,0.953221619129181,-0.786269843578339,-6.20452771045166e-05,158
5.79093742370605,0.952592492103577,-0.784033358097076,-0.000183535172709526,159
5.8209376335144,0.952014744281769,-0.782003462314606,-7.05576554764775e-05,159
5.8509373664856,0.951489448547363,-0.780164659023285,9.97386264316447e-05,159
5.88093757629395,0.951005578041077,-0.778449594974518,0.00055210439950315,159
5.91093730926514,0.950525999069214,-0.776666224002838,0.00247155407441824,159
5.94093751907349,0.949982583522797,-0.774426996707916,0.000538575256314289,159
5.97093772888184,0.949542284011841,-0.772431194782257,-6.89899732151389e-05,158
6.00093746185303,0.949162423610687,-0.770641624927521,-3.63902591402621e-05,157
6.03093767166138,0.948780238628387,-0.768828332424164,2.545737197579e-05,157
6.06093740463257,0.948367059230804,-0.766878545284271,2.67965640432521e-05,157
6.09093761444092,0.947908103466034,-0.764731168746948,2.68257763877955e-05,157
6.12093734741211,0.947395861148834,-0.762352824211121,2.47131618493768e-05,157
6.15093755722046,0.946826756000519,-0.759724736213684,2.32493081853136e-05,157
6.18093729019165,0.946198344230652,-0.756833076477051,4.21143839162141e-05,157
6.2109375,0.945509552955627,-0.753668308258057,7.61713233714545e-05,157
6.24093770980835,0.944762825965881,-0.750235676765442,9.76776212269215e-05,157
6.27093744277954,0.943968236446381,-0.746571719646454,-0.00010898129380621,157
6.30093765258789,0.943143486976624,-0.742744565010071,-9.26623106352054e-05,157
6.33093738555908,0.942308366298676,-0.738830745220184,-6.30072186140751e-05,157
6.36093759536743,0.94147914648056,-0.734891772270203,-3.86317926768243e-05,157
6.39093732833862,0.940667450428009,-0.730967581272125,-2.34940991958865e-05,158
6.42093753814697,0.939881086349487,-0.727081596851349,1.66190358754648e-05,158
6.45093727111816,0.939125537872314,-0.723247230052948,1.3761040463578e-05,157
6.48093748092651,0.938405215740204,-0.719472408294678,1.25170491287463e-05,157
6.51093769073486,0.937723517417908,-0.715762197971344,1.31759707926449e-05,156
6.54093742370605,0.937083423137665,-0.712120473384857,1.51845742948353e-05,156
6.5709376335144,0.936487674713135,-0.708550274372101,1.78120894815947e-05,156
6.6009373664856,0.935938537120819,-0.705054819583893,2.08906265015685e-05,156
6.63093757629395,0.935438275337219,-0.70163768529892,2.42220085056033e-05,156
6.66093730926514,0.934989035129547,-0.698303461074829,2.74159224318282e-05,156
6.69093751907349,0.934593200683594,-0.695057988166809,3.09672532239347e-05,156
6.72093772888184,0.93425315618515,-0.691909074783325,3.36701057221944e-05,156
6.75093746185303,0.933971524238586,-0.688866496086121,3.49238237049576e-05,156
6.78093767166138,0.933750629425049,-0.685941696166992,3.45614496382041e-05,156
6.81093740463257,0.933592140674591,-0.683147251605988,3.30765717535542e-05,156
6.84093761444092,0.933496177196503,-0.680495202541351,3.17118413022399e-05,156
6.87093734741211,0.933460831642151,-0.677995264530182,3.33818245508155e-05,157
6.90093755722046,0.933481633663177,-0.675651848316193,3.97492902948215e-05,156
6.93093729019165,0.933551609516144,-0.673462986946106,4.37903636907322e-05,156
6.9609375,0.933662056922913,-0.671421051025391,3.54844524963482e-05,156
6.99093770980835,0.933803379535675,-0.669519126415253,3.30970240156603e-05,156
7.02093744277954,0.933966100215912,-0.667761564254761,3.78739454163224e-05,156
7.05093765258789,0.93414032459259,-0.666174530982971,-4.01688490114793e-05,155
7.08093738555908,0.934313714504242,-0.66481351852417,-5.08767204792093e-05,155
7.11093759536743,0.934465944766998,-0.663770914077759,-9.37169379540137e-05,155
7.14093732833862,0.934564709663391,-0.663167595863342,-8.30941783078742e-05,154
7.17093753814697,0.934586405754089,-0.66305148601532,6.21869386296936e-05,154
7.20093727111816,0.934558510780334,-0.66325855255127,0.000130706692516469,155
7.23093748092651,0.934554517269135,-0.663490533828735,0.000240175824728794,155
7.26093769073486,0.934668123722076,-0.663409113883972,0.000290765985141661,155
7.29093742370605,0.93497896194458,-0.662733256816864,-0.00279029233774963,155
7.3209376335144,0.935477316379547,-0.661499619483948,-0.0017370148241298,155
7.3509373664856,0.936101615428925,-0.659929215908051,-0.000490838998530307,155
7.38093757629395,0.936810195446014,-0.658160269260406,-0.000145607164540706,155
7.41093730926514,0.937575995922089,-0.656259059906006,-0.000117261810260061,154
7.44093751907349,0.938369512557983,-0.654279351234436,-0.000136350231684901,154
7.47093772888184,0.939144313335419,-0.652302026748657,-0.000312495573211891,154
7.50093746185303,0.939818322658539,-0.65047299861908,-0.000236064375258138,154
7.53093767166138,0.940275907516479,-0.649029135704041,0.000112909638536607,154
7.56093740463257,0.940435469150543,-0.648126661777496,-0.000574209903561496,153
7.59093761444092,0.940266668796539,-0.647739052772522,-0.000293429765633846,153
7.62093734741211,0.939857423305511,-0.647669970989227,-0.000446604897661018,153
7.65093755722046,0.939356684684753,-0.64766788482666,-0.000895909252221827,153
7.68093729019165,0.938856601715088,-0.647585213184357,-0.00180496849498013,153
7.7109375,0.938417077064514,-0.647363781929016,-0.00317654357081665,153
7.74093770980835,0.93811959028244,-0.646980047225952,0.00277723211434022,155
7.77093744277954,0.938103854656219,-0.646446883678436,0.00327037977717737,155
7.80093765258789,0.938451170921326,-0.645900964736938,0.00217293325431456,155
7.83093738555908,0.939015686511993,-0.645492970943451,-0.000216466026813578,155
7.86093759536743,0.939623057842255,-0.645259976387024,0.000907056187088529,155
7.89093732833862,0.940162241458893,-0.645191669464111,-0.000445025071030614,155
7.92093753814697,0.940582871437073,-0.645246922969818,-0.000396340419570151,155
7.95093727111816,0.940881729125977,-0.645370543003082,-0.00103930790942286,155
7.98093748092651,0.941097915172577,-0.645491659641266,0.00514473484184919,155
8.01093769073486,0.941320180892944,-0.64551305770874,-0.00547033066754921,155
8.04093742370605,0.941681504249573,-0.645336210727692,-0.000662332817910283,155
8.07093715667725,0.942219018936157,-0.645019352436066,-0.000980941263378554,155
8.10093784332275,0.942874014377594,-0.644667387008667,0.000228238713930295,154
8.13093757629395,0.943573474884033,-0.644324004650116,-0.000107336703308647,153
8.16093730926514,0.944234907627106,-0.644023954868317,-0.000205585741412051,154
8.19093704223633,0.94472748041153,-0.643829107284546,0.00128750449903237,153
8.22093772888184,0.944798290729523,-0.64386773109436,0.000808374842108606,153
8.25093746185303,0.944381475448608,-0.644188523292542,-0.000269699856005445,153
8.28093719482422,0.94376540184021,-0.644676148891449,-0.00010632846289127,154
8.31093788146973,0.943077862262726,-0.645285189151764,-4.78375011994103e-05,154
8.34093761444092,0.942347228527069,-0.646013796329498,-4.86331737761247e-05,154
8.37093734741211,0.941580533981323,-0.646869719028473,-4.35166270449372e-05,154
8.4009370803833,0.940786898136139,-0.647857248783112,3.1044792422108e-05,154
8.43093776702881,0.939980745315552,-0.648974299430847,-6.57214702641795e-05,154
8.4609375,0.939180254936218,-0.650211989879608,-0.00025458262570055,154
8.49093723297119,0.938402950763702,-0.651543617248535,-0.000112992317212957,154
8.5209379196167,0.937646746635437,-0.652919352054596,2.33376760547799e-05,154
8.55093765258789,0.936877131462097,-0.654326260089874,3.27978484051528e-05,153
8.58093738555908,0.936065435409546,-0.655777812004089,2.99170979474184e-05,153
8.61093711853027,0.935199856758118,-0.657281637191772,2.87184790295214e-05,153
8.64093780517578,0.93427699804306,-0.658837139606476,2.80312719382891e-05,153
8.67093753814697,0.933296799659729,-0.660436034202576,2.43083695181667e-05,153
8.70093727111816,0.932262659072876,-0.662059724330902,2.52524451411773e-05,153
8.73093795776367,0.931184947490692,-0.663673281669617,5.30002648133632e-05,153
8.76093769073486,0.930085003376007,-0.665219247341156,9.05515890394781e-05,153
8.79093742370605,0.928996801376343,-0.666620790958405,0.000109126017207473,153
8.82093715667725,0.927958548069,-0.667802155017853,9.3588771164832e-05,153
8.85093784332275,0.926998376846313,-0.668716728687286,7.53027538848983e-05,153
8.88093757629395,0.926126539707184,-0.669362306594849,5.17156988166789e-05,153
8.91093730926514,0.925336599349976,-0.669776797294617,3.14105032543921e-05,154
8.94093704223633,0.92461222410202,-0.670024156570435,-2.4502588814812e-05,154
8.97093772888184,0.92393296957016,-0.670177578926086,-2.43458665067919e-05,154
9.00093746185303,0.923279762268066,-0.670306622982025,-2.17381090124036e-05,154
9.03093719482422,0.92263787984848,-0.670470833778381,-1.7925128531715e-05,154
9.06093788146973,0.921997725963593,-0.67071932554245,-1.40886975970034e-05,154
9.09093761444092,0.921355903148651,-0.671091020107269,-1.79808545794913e-05,154
9.12093734741211,0.920714318752289,-0.671613216400146,1.97462500750589e-05,154
9.1509370803833,0.920080006122589,-0.672295868396759,-1.77795871252329e-05,154
9.18093776702881,0.919462740421295,-0.673123061656952,1.74634087954928e-05,154
9.2109375,0.918872356414795,-0.674046456813812,2.12671199335546e-05,154
9.24093723297119,0.918316423892975,-0.674986779689789,2.57406684767147e-05,154
9.2709379196167,0.917799174785614,-0.675847172737122,-2.81161554056553e-05,155
9.30093765258789,0.917321979999542,-0.676533222198486,-2.68049585088193e-05,155
9.33093738555908,0.916885852813721,-0.676963865756989,2.27520110058776e-05,155
9.36093711853027,0.916494250297546,-0.677070379257202,-1.82558425478874e-05,155
9.39093780517578,0.916155457496643,-0.676790833473206,3.54599418983526e-05,155
9.42093753814697,0.915884554386139,-0.67607194185257,5.76258855744527e-05,155
9.45093727111816,0.915704250335693,-0.674881756305695,6.84850039647245e-05,156
9.48093795776367,0.915642201900482,-0.673231542110443,5.84256178512987e-05,155
9.51093769073486,0.915724515914917,-0.671192109584808,3.61443541692097e-05,156
9.54093742370605,0.91596782207489,-0.668886363506317,-2.41552586892624e-05,156
9.57093715667725,0.91637521982193,-0.666454255580902,2.01703890070348e-05,156
9.60093784332275,0.916938245296478,-0.66401731967926,-2.04382988044927e-05,156
9.63093757629395,0.91764098405838,-0.661663174629211,-2.59048321709088e-05,156
9.66093730926514,0.918461740016937,-0.65944892168045,-2.80495702327244e-05,156
9.69093704223633,0.919371366500854,-0.65741378068924,6.52337124620317e-05,156
9.72093772888184,0.920325100421906,-0.655597567558289,-0.000320596563597064,156
9.75093746185303,0.921234250068665,-0.654082775115967,-0.00167418823616572,156
9.78093719482422,0.921862781047821,-0.653138220310211,0.000473529927148775,157
9.81093788146973,0.921797454357147,-0.653293669223785,0.000464613741314679,157
9.84093761444092,0.921276807785034,-0.654235780239105,6.40438163372892e-05,157
9.87093734741211,0.92068350315094,-0.655458509922028,5.23645412613405e-05,157
9.9009370803833,0.920177698135376,-0.656719326972961,-0.000154105941419402,158
9.93093776702881,0.919854044914246,-0.657804667949677,0.000207991262072937,157
9.9609375,0.919768273830414,-0.658504247665405,0.000176985036432598,157
9.99093723297119,0.919917225837708,-0.658707976341248,0.000199800167592912,157
10.0209379196167,0.920249402523041,-0.658443629741669,-0.000427476970685348,157
10.0509376525879,0.920699179172516,-0.657768249511719,-0.00112035120616838,156
10.0809373855591,0.921168684959412,-0.656718671321869,-0.00229626574923714,156
10.1109371185303,0.921530246734619,-0.65561717748642,-0.000452772214885044,156
10.1409378051758,0.92184716463089,-0.654620051383972,-0.000144293278708574,156
10.170937538147,0.922173619270325,-0.653726875782013,-8.74618692705553e-05,156
10.2009372711182,0.922517061233521,-0.65294486284256,-5.70061779399111e-05,156
10.2309379577637,0.922863841056824,-0.652288615703583,5.35832470518471e-05,156
10.2609376907349,0.923186242580414,-0.651779115200043,5.67383015095402e-05,157
10.2909374237061,0.923442900180817,-0.651444733142853,4.15691378066185e-05,157
10.3209371566772,0.92357736825943,-0.651322185993195,3.49375835426713e-05,156
10.3509378433228,0.923523783683777,-0.651452362537384,0.000140142487907724,156
10.3809375762939,0.923229873180389,-0.651862680912018,-0.000793109451478813,156
10.4109373092651,0.922705173492432,-0.652531325817108,-0.000137086693371202,157
10.4409370422363,0.922302007675171,-0.653063595294952,-0.000664989710003283,157
10.4709377288818,0.922814726829529,-0.652405798435211,-0.000300426731655534,157
10.500937461853,0.923445045948029,-0.651563286781311,-0.000102409230294143,156
10.5309371948242,0.92404568195343,-0.650759100914001,2.81692871624273e-05,156
10.5609378814697,0.924523770809174,-0.650107502937317,3.68375596622172e-05,156
10.5909376144409,0.924739956855774,-0.649738967418671,9.5568166443627e-05,154
10.6209373474121,0.924474775791168,-0.649847269058228,0.000227767878413943,154
10.6509370803833,0.923600375652313,-0.650567710399628,0.000185976899274465,154
10.6809377670288,0.922341167926788,-0.651737809181213,5.6213104244307e-05,154
10.7109375,0.92094361782074,-0.653154969215393,-2.76807378156718e-05,154
10.7409372329712,0.919519901275635,-0.654724478721619,-2.25807087872454e-05,154
10.7709379196167,0.91811740398407,-0.656406700611115,-3.50299476963301e-05,153
10.8009376525879,0.916758179664612,-0.658183515071869,-1.42636058306778e-05,153
10.8309373855591,0.91545307636261,-0.660044968128204,-1.25583062313694e-05,153
10.8609371185303,0.914207398891449,-0.661984920501709,1.24221924693302e-05,153
10.8909378051758,0.913023173809052,-0.663997948169708,1.34969272380658e-05,153
10.920937538147,0.911900579929352,-0.666077494621277,1.25947704532337e-05,153
10.9509372711182,0.910838723182678,-0.668215095996857,1.01533664178532e-05,153
10.9809379577637,0.909835815429688,-0.670399844646454,-8.76810645422665e-06,153
11.0109376907349,0.908889412879944,-0.672618627548218,8.97319867476654e-06,153
11.0409374237061,0.907996594905853,-0.674856007099152,-9.97735691043999e-06,153
11.0709371566772,0.907153606414795,-0.677094101905823,-1.15946528467248e-05,153
11.1009378433228,0.906355381011963,-0.679312109947205,-2.60604822415189e-05,153
11.1309375762939,0.90559458732605,-0.681484758853912,-6.95340501692954e-05,152
11.1609373092651,0.90485954284668,-0.683578968048096,-0.000317401485403934,152
11.1909370422363,0.904135942459106,-0.685537755489349,-0.00337868467613589,152
11.2209377288818,0.903448581695557,-0.687217116355896,-0.00227105922976989,152
11.250937461853,0.902939081192017,-0.688374638557434,0.000183484727699579,152
11.2809371948242,0.902631521224976,-0.689102590084076,0.0002399738806389,151
11.3109378814697,0.90246993303299,-0.689538300037384,0.000502060266626358,151
11.3409376144409,0.902422845363617,-0.689703047275543,0.000636538403114173,150
11.3709373474121,0.902475357055664,-0.68957394361496,0.000255202301104873,149
11.4009370803833,0.902611136436462,-0.689164757728577,2.83382541397259e-05,149
11.4309377670288,0.902806282043457,-0.68855494260788,-2.68753408931843e-05,149
11.4609375,0.903036177158356,-0.687850594520569,-2.74231778121248e-05,149
11.4909372329712,0.903278589248657,-0.68715500831604,-2.00917383494925e-05,149
11.5209379196167,0.903512895107269,-0.686564743518829,-2.5280472243594e-05,149
11.5509376525879,0.903718709945679,-0.686169981956482,-4.44198498144033e-05,149
11.5809373855591,0.903877913951874,-0.68604576587677,-6.7284376882526e-05,149
11.6109371185303,0.903979301452637,-0.686232030391693,-9.82201268584504e-05,149
11.6409378051758,0.904022693634033,-0.686720848083496,-0.000101766453326491,151
11.670937538147,0.904017269611359,-0.687467515468597,-0.000492352056426171,151
11.7009372711182,0.903974533081055,-0.688417613506317,9.56507916498595e-05,151
11.7309379577637,0.903864920139313,-0.689329147338867,-0.000371014532504432,151
11.7609376907349,0.903762698173523,-0.689129531383514,0.000476702734431456,150
11.7909374237061,0.903583347797394,-0.689462184906006,0.000667050010179082,150
11.8209371566772,0.903344810009003,-0.690410852432251,0.000968180929248774,150
11.8509378433228,0.903099358081818,-0.691659808158875,0.000139826487952632,150
11.8809375762939,0.902851521968842,-0.692983031272888,8.14705160792073e-05,150
11.9109373092651,0.902579069137573,-0.69434928894043,-0.00036532478634399,150
11.9409370422363,0.902256369590759,-0.695792019367218,-0.000793065621792266,150
11.9709377288818,0.901860356330872,-0.697383344173431,0.00106794904513663,150
12.000937461853,0.901388823986053,-0.69920402765274,0.00114279299032205,150
12.0309371948242,0.900883972644806,-0.701245546340942,-0.000398887870062481,150
12.0609378814697,0.900413811206818,-0.70330011844635,-0.000165087317498092,150
12.0909376144409,0.90000307559967,-0.705173552036285,5.57851025746459e-05,150
12.1209373474121,0.899632334709167,-0.70684427022934,-3.34221704179072e-05,150
12.1509370803833,0.899286925792694,-0.708261668682098,-5.76029376588849e-05,150
12.1809377670288,0.898959636688232,-0.709319770336151,-0.000144361381785529,150
12.2109375,0.898649096488953,-0.709884583950043,-0.000385900865694566,150
12.2409372329712,0.898360848426819,-0.709851264953613,-0.00170667889483411,152
12.2709379196167,0.898110926151276,-0.709173083305359,-2.11930639579805e-05,152
12.2784376144409,0.898070454597473,-0.708870649337769,-1.63133897785883e-05,153
12.2896871566772,0.898110330104828,-0.708233296871185,0.000110640238005999,153
12.3065624237061,0.898244142532349,-0.707426011562347,0.000146501007748157,153
12.3318748474121,0.898485600948334,-0.705919444561005,-7.34020624122422e-05,153
12.3618745803833,0.898802042007446,-0.703917741775513,-0.000202112539284371,153
12.3918752670288,0.899150252342224,-0.701891601085663,-0.000364427521446942,153
12.421875,0.899534225463867,-0.69997251033783,-0.000388079132846997,153
12.4518747329712,0.899951040744781,-0.698262274265289,-0.000302836452704014,153
12.4818754196167,0.900388777256012,-0.696837365627289,-0.000203774178885396,153
12.5118751525879,0.900829017162323,-0.695738613605499,-0.000137819901965486,153
12.5418748855591,0.901251316070557,-0.69497013092041,-0.000150140569928681,153
12.5718746185303,0.901635766029358,-0.694509387016296,-0.000177542434755651,153
12.6018753051758,0.901965141296387,-0.69432669878006,0.000191549173393923,153
12.631875038147,0.902226388454437,-0.694409668445587,-0.000197347311654994,153
12.6618747711182,0.902413427829742,-0.69477790594101,-0.000230072825615935,153
12.6918754577637,0.902530074119568,-0.695458769798279,-0.00029362908838948,155
12.7218751907349,0.902594208717346,-0.696429014205933,0.000385555569494045,155
12.7518749237061,0.902640342712402,-0.697573900222778,0.000400220571236787,155
12.7818746566772,0.902726471424103,-0.698589980602264,-0.00789871885194771,155
12.8118753433228,0.902911245822906,-0.698736906051636,-0.00457618517725678,155
12.8418750762939,0.903117895126343,-0.69785612821579,-0.000671347846946446,155
12.8718748092651,0.903286278247833,-0.696581661701202,-1.32119532736397e-05,155
12.9018745422363,0.903403341770172,-0.695110857486725,-7.26129126178421e-05,154
12.9318752288818,0.903430283069611,-0.693327844142914,-0.000331204458689172,152
12.961874961853,0.903429448604584,-0.691697061061859,-7.02328809438768e-05,152
12.9918746948242,0.903419017791748,-0.690240502357483,-9.43413874665566e-05,151
13.0218753814697,0.903397142887115,-0.688956558704376,-0.000116261088180636,150
13.0518751144409,0.903361558914185,-0.687858581542969,-0.000135555028407452,150
13.0818748474121,0.903308629989624,-0.68697327375412,-0.000146166359286326,150
13.1118745803833,0.903233170509338,-0.686337351799011,-0.000132718369627582,150
13.1418752670288,0.90312933921814,-0.685990631580353,-0.000118264080469999,151
13.171875,0.902993500232697,-0.685960173606873,-5.63093760206357e-05,151
13.2018747329712,0.902827799320221,-0.686240255832672,6.42323220745311e-05,151
13.2318754196167,0.902642607688904,-0.68678218126297,0.00017149310451714,151
13.2618751525879,0.902454972267151,-0.687501966953278,0.000187289340374264,151
13.2918748855591,0.902285873889923,-0.688284575939178,-0.000439267661931808,151
13.3218746185303,0.902159750461578,-0.688933312892914,-3.00789006786317e-05,153
13.3518753051758,0.902155876159668,-0.688716769218445,0.000219959895161992,153
13.381875038147,0.902306318283081,-0.687562465667725,-0.000792825911503314,153
13.4118747711182,0.902507960796356,-0.686312079429626,3.55737444124316e-05,154
13.4418754577637,0.902776718139648,-0.684955775737762,0.000158259893055401,154
13.4718751907349,0.903151869773865,-0.683402121067047,0.000165250117333926,154
13.5018749237061,0.903664469718933,-0.681607723236084,0.00015641628465346,154
13.5318746566772,0.904320359230042,-0.679592847824097,9.57944367883101e-05,155
13.5393753051758,0.904564261436462,-0.678895056247711,-3.60486865247367e-06,155
13.546875,0.904756724834442,-0.678360342979431,-3.26296736830045e-06,155
13.5543746948242,0.904955804347992,-0.677820384502411,-5.25887122648783e-06,155
13.5656251907349,0.905266106128693,-0.677002966403961,-9.01354474081018e-06,155
13.5825004577637,0.905755996704102,-0.67576652765274,1.99018145394803e-05,155
13.6078128814697,0.90654069185257,-0.673905491828918,2.39553430105843e-05,155
13.6378126144409,0.907540142536163,-0.67171573638916,2.17589020721221e-05,155
13.6678123474121,0.908608257770538,-0.669563770294189,2.13711859871069e-05,155
13.6978120803833,0.909739434719086,-0.667463302612305,-2.10016084061238e-05,155
13.7278127670288,0.910927653312683,-0.665424525737762,2.05980830121355e-05,155
13.7578125,0.912165641784668,-0.663455784320831,-2.26059612487006e-05,155
13.7878122329712,0.913444399833679,-0.661564469337463,-2.77582481089667e-05,155
13.8178129196167,0.914751708507538,-0.659757912158966,-3.29132799947729e-05,155
13.8478126525879,0.916070282459259,-0.658044636249542,-3.63558553431176e-05,155
13.8778123855591,0.91737312078476,-0.656437516212463,6.76638370578075e-05,155
13.9078121185303,0.9186150431633,-0.654961943626404,0.000262177550041542,155
13.9378128051758,0.919720470905304,-0.653678178787231,0.000543641178069265,155
13.967812538147,0.920601487159729,-0.652747690677643,0.000694242023200786,156
13.9978122711182,0.921279430389404,-0.652255058288574,-0.000152608060091097,156
14.0278129577637,0.921977043151855,-0.651878356933594,-3.46291139976529e-05,156
14.0578126907349,0.922712504863739,-0.65152370929718,-3.1909594136792e-05,156
14.0878124237061,0.923431873321533,-0.651183843612671,4.49707069378746e-05,157
14.1178121566772,0.924101948738098,-0.650836408138275,-8.34481422842259e-05,158
14.1478128433228,0.924853801727295,-0.650338590145111,0.00271492992840194,156
14.1778125762939,0.926303327083588,-0.649278879165649,0.000596930803112627,155
14.2078123092651,0.927667200565338,-0.648329615592957,0.000118520927514965,154
14.2378120422363,0.928736984729767,-0.647529423236847,0.000276266021614902,153
14.2678127288818,0.929326891899109,-0.646872341632843,0.000217518006024875,152
14.297812461853,0.929360687732697,-0.646345615386963,3.40227041988328e-05,152
14.3278121948242,0.92897891998291,-0.645893394947052,-8.21584649202123e-05,151
14.3578128814697,0.928354918956757,-0.645456552505493,-0.000144754225573251,150
14.3878126144409,0.927581071853638,-0.645007789134979,-0.000177287433473339,150
14.4178123474121,0.926676571369171,-0.64455384016037,-0.000178827249840197,149
14.4478120803833,0.925616323947906,-0.644131600856781,0.000273567511726469,148
14.4778127670288,0.924370467662811,-0.643805742263794,-0.000136828219865492,148
14.5078125,0.922990441322327,-0.643626689910889,8.69448645062221e-05,149
14.5378122329712,0.921586036682129,-0.643567979335785,0.00017851649295153,149
14.5678129196167,0.920228719711304,-0.643577039241791,0.000176625488165882,149
14.5978126525879,0.918968498706818,-0.643616020679474,0.000256485280942798,149
14.6278123855591,0.917840301990509,-0.64365428686142,-0.000479243452673472,149
14.6578121185303,0.916865944862366,-0.643661558628082,-0.00167266688140444,149
14.6878128051758,0.916059613227844,-0.643607497215271,-0.00696042120443963,149
14.717812538147,0.915428638458252,-0.643468677997589,-0.0123192834564634,149
14.7478122711182,0.91496604681015,-0.643257081508636,-0.00502664252326213,149
14.7778129577637,0.914626359939575,-0.643056392669678,nan,nan
#GNA3
0.0,0.0,0.0,3.2382811809839e-07,0
0.0500000007450581,0.0499673262238503,-0.0301348939538002,-0.000333445649140174,0
0.100000001490116,0.0998654738068581,-0.0602387934923172,-0.000420819413101015,0
0.150000005960464,0.149688825011253,-0.0903093740344048,-0.000537609737477851,0
0.200000002980232,0.199430599808693,-0.120343819260597,-0.000697410338659665,0
0.25,0.249082446098328,-0.150338619947433,-0.000920897397065801,0
0.300000011920929,0.298633903264999,-0.180289372801781,-0.00124165168696777,0
0.349999994039536,0.348071455955505,-0.210190311074257,-0.00171443830805629,0
0.400000005960464,0.397377341985703,-0.240033730864525,-0.00243282789787713,0
0.449999988079071,0.446527361869812,-0.269809007644653,-0.00356064514090804,0
0.5,0.495487540960312,-0.299500972032547,-0.00539577108364142,0
0.550000011920929,0.544208347797394,-0.329086929559708,-0.00849583718078861,0
0.600000023841858,0.592614471912384,-0.358531832695007,-0.0139324620367915,0
0.649999976158142,0.640586256980896,-0.387778580188751,-0.0237724123946919,0
0.699999988079071,0.687924325466156,-0.416729867458344,1.45433676834728e-06,0
0.75,0.734281480312347,-0.445212066173553,1.71511283042491e-06,0
0.800000011920929,0.779030621051788,-0.472904741764069,-8.55806547406246e-07,0
0.850000023841858,0.821057736873627,-0.499225378036499,3.85060189955766e-06,0
0.899999976158142,0.858605086803436,-0.523236989974976,4.60702569284877e-05,5
0.949999988079071,0.889726459980011,-0.543890833854675,0.000311078227468897,14
1.0,0.913819968700409,-0.56092232465744,7.71502300267457e-05,20
1.04999995231628,0.931326568126678,-0.574574828147888,-0.0139672391969725,22
1.10000002384186,0.944129407405853,-0.586013674736023,0.00830893135480437,25
1.14999997615814,0.95365172624588,-0.59611052274704,-0.00777525616035746,36
1.20000004768372,0.960900127887726,-0.605499744415283,-0.00764551444552808,42
1.25,0.96655285358429,-0.614603400230408,0.000578626257492942,51
1.29999995231628,0.971113562583923,-0.623831868171692,-0.00605765401593317,61
1.35000002384186,0.974772214889526,-0.633144617080688,-0.000125891263564881,72
1.39999997615814,0.977804481983185,-0.642805755138397,-0.000323027568242651,76
1.41250002384186,0.978482365608215,-0.645288228988647,0.000693755159488774,80
1.43124997615814,0.979442656040192,-0.649023830890656,-0.000694005775187634,83
1.45937502384186,0.979270994663239,-0.648409008979797,-0.00081693330298549,82
1.50156247615814,0.978459000587463,-0.646122992038727,-0.0192117181570097,84
1.55156254768372,0.976711928844452,-0.641766428947449,0.0383683958555139,86
1.6015625,0.973914742469788,-0.63467812538147,-2.42981416249677e-05,86
1.60468745231628,0.97381979227066,-0.634438335895538,1.78879647592112e-05,86
1.60781252384186,0.973771691322327,-0.63431841135025,4.06049979915224e-05,86
1.61093747615814,0.973727285861969,-0.634205996990204,2.96640532724268e-05,86
1.61406254768372,0.973706543445587,-0.634147763252258,8.44789432790094e-05,86
1.6171875,0.973697781562805,-0.634120166301727,4.13189428627447e-05,86
1.62187504768372,0.973685026168823,-0.634079873561859,2.15070506897064e-05,86
1.62890625,0.973660469055176,-0.63400673866272,4.13194828752239e-06,86
1.63945317268372,0.973608076572418,-0.633859992027283,-5.02931649748461e-05,86
1.6552734375,0.973491013050079,-0.633550047874451,-0.000305001235517466,86
1.67900395393372,0.973223090171814,-0.632880508899689,-0.000427817882837189,84
1.714599609375,0.972723782062531,-0.631713390350342,0.000134581946497292,82
1.76459956169128,0.972023844718933,-0.630105137825012,-0.000435515387096075,83
1.777099609375,0.972022294998169,-0.630107223987579,1.57436086283269e-05,83
1.78959965705872,0.972014605998993,-0.630103826522827,-0.0073503407206772,83
1.808349609375,0.970631003379822,-0.629112601280212,4.4575940478353e-05,83
1.82709956169128,0.970507085323334,-0.629064440727234,1.18019607953102e-06,83
1.84584963321686,0.970378220081329,-0.62901383638382,1.34889285163808e-06,83
1.87397456169128,0.970175743103027,-0.628936767578125,0.000160734805774609,83
1.91616213321686,0.969855427742004,-0.628823757171631,0.000251901532465126,83
1.96616208553314,0.969455003738403,-0.628698766231537,0.000284006535594017,83
2.01616215705872,0.969036817550659,-0.628587663173676,0.000323963284870388,83
2.066162109375,0.968605875968933,-0.628494143486023,0.000390160721963184,83
2.11616206169128,0.968167126178741,-0.628421068191528,0.000431227770206988,83
2.16616201400757,0.96772575378418,-0.62837153673172,0.000434436838304464,83
2.21616220474243,0.967287003993988,-0.628349184989929,0.000470863567386459,83
2.26616215705872,0.966856062412262,-0.62835830450058,0.000510637062461683,83
2.316162109375,0.966438114643097,-0.62840324640274,0.000542547979875962,83
2.36616206169128,0.966038465499878,-0.628488183021545,0.000572272650629202,83
2.41616201400757,0.965662240982056,-0.628616869449615,0.000601185004882154,83
2.46616220474243,0.965314388275146,-0.628792822360992,0.000629635605719159,82
2.51616215705872,0.964999794960022,-0.629019677639008,3.29398790199775e-06,82
2.566162109375,0.964723348617554,-0.62930029630661,3.19444649221623e-06,82
2.61616206169128,0.964488804340363,-0.629637598991394,3.24904971193973e-06,82
2.66616201400757,0.964300334453583,-0.630034029483795,3.38334177740762e-06,82
2.71616220474243,0.964161455631256,-0.630491375923157,3.63387050583697e-06,82
2.76616215705872,0.964075088500977,-0.631010591983795,4.5067425844536e-06,83
2.816162109375,0.964043498039246,-0.631591498851776,4.14337387155683e-06,82
2.86616206169128,0.964068353176117,-0.632233440876007,1.13156310135309e-05,82
2.91616201400757,0.964150190353394,-0.632935345172882,0.000228431594678113,83
2.96616220474243,0.964287459850311,-0.633611083030701,-0.000108751229220161,83
3.01616215705872,0.964566230773926,-0.634765446186066,-4.06240244501532e-05,83
3.066162109375,0.9648157954216,-0.63558042049408,-9.42523183198318e-05,83
3.11616206169128,0.965073764324188,-0.636348843574524,-0.000190655623100611,83
3.16616201400757,0.965284585952759,-0.636956095695496,-9.89834480265017e-05,81
3.21616220474243,0.965353965759277,-0.637169420719147,7.0480889121427e-05,81
3.26616215705872,0.965210258960724,-0.636749565601349,-1.06605315863817e-05,80
3.316162109375,0.964977741241455,-0.635991275310516,-5.07853064846131e-06,80
3.36616206169128,0.964756488800049,-0.635160088539124,2.28205374241952e-06,80
3.41616201400757,0.964579522609711,-0.634348273277283,1.67356199654023e-06,80
3.46616220474243,0.964457750320435,-0.633588492870331,1.29648071833799e-06,80
3.51616215705872,0.964394927024841,-0.632893264293671,1.07897682255498e-06,81
3.566162109375,0.9643914103508,-0.632266998291016,9.30338899252092e-07,81
3.61616206169128,0.964446067810059,-0.631710469722748,9.4119980076357e-07,81
3.66616201400757,0.964556455612183,-0.631222248077393,7.7419912258847e-07,81
3.71616220474243,0.964719533920288,-0.630799949169159,7.1443429305873e-07,81
3.76616215705872,0.964931547641754,-0.630440592765808,0.000751698493388631,81
3.816162109375,0.965188026428223,-0.630140721797943,0.000722721833881224,81
3.86616206169128,0.965484797954559,-0.629896819591522,0.000691146324982128,81
3.91616201400757,0.965816855430603,-0.62970495223999,0.000662933449575576,80
3.96616220474243,0.966179013252258,-0.62956178188324,-7.7930118891345e-06,80
4.01616191864014,0.966566145420074,-0.629462063312531,0.000591144708494085,80
4.066162109375,0.966972410678864,-0.629403054714203,0.000557036587792936,80
4.11616230010986,0.967392981052399,-0.629380345344543,0.000523763284775214,80
4.16616201400757,0.967822194099426,-0.629390180110931,0.0004962591501112,80
4.21616220474243,0.968254864215851,-0.629428625106812,0.000472331784351354,80
4.26616191864014,0.968685686588287,-0.629492044448853,0.000452335342060906,80
4.316162109375,0.96910959482193,-0.629576802253723,0.000436939012047333,80
4.36616230010986,0.969521760940552,-0.629679620265961,-3.71861267467466e-06,81
4.41616201400757,0.969917595386505,-0.629797399044037,-4.59280067843792e-06,82
4.46616220474243,0.97029310464859,-0.629927575588226,-5.86220841114482e-06,83
4.51616191864014,0.970645666122437,-0.630068063735962,0.000297459297144087,83
4.566162109375,0.970975697040558,-0.630218327045441,1.92834361314453e-05,83
4.61616230010986,0.971288025379181,-0.630378186702728,3.2718928707709e-05,83
4.66616201400757,0.971583783626556,-0.630547642707825,3.67554770264178e-05,84
4.71616220474243,0.971850097179413,-0.630728423595428,-1.51734599853626e-05,85
4.72866201400757,0.971860468387604,-0.630772709846497,-5.96554039020702e-05,84
4.74741220474243,0.971759855747223,-0.630740761756897,-5.91446428188647e-05,84
4.77553701400757,0.971593856811523,-0.630682229995728,3.72971385331766e-06,84
4.81772470474243,0.971324920654297,-0.630590617656708,1.88312989735095e-05,84
4.86772441864014,0.970976114273071,-0.630482733249664,5.10230117924948e-05,84
4.917724609375,0.970605909824371,-0.630379140377045,1.92560388541096e-05,84
4.96772480010986,0.970224142074585,-0.630284488201141,0.000276829299934889,83
5.01772451400757,0.969826519489288,-0.630201578140259,2.7510270683706e-06,83
5.06772470474243,0.96941214799881,-0.630133152008057,0.000388625884056637,83
5.11772441864014,0.968984186649323,-0.630082070827484,0.000410344847750821,83
5.167724609375,0.968547403812408,-0.630051672458649,3.81970724561143e-05,82
5.21772480010986,0.968107104301453,-0.630045056343079,2.06406011216131e-05,82
5.26772451400757,0.967668235301971,-0.630066931247711,0.000494876662060051,82
5.31772470474243,0.967236340045929,-0.630119681358337,0.000530581291002363,82
5.36772441864014,0.966817080974579,-0.630208015441895,0.000566083051637634,82
5.417724609375,0.966415703296661,-0.630335807800293,0.000602749262441193,82
5.46772480010986,0.966037571430206,-0.630507230758667,0.000639809259723734,82
5.51772451400757,0.965688049793243,-0.63072669506073,0.0006768286859824,82
5.56772470474243,0.965372323989868,-0.630998492240906,0.000713318160478593,82
5.61772441864014,0.965095520019531,-0.631327092647552,0.000748572358247657,82
5.667724609375,0.964862406253815,-0.631716966629028,0.000781913708692628,82
5.71772480010986,0.964677631855011,-0.632172584533691,2.70740315500007e-06,82
5.76772451400757,0.964545786380768,-0.632698357105255,2.85920708620324e-06,82
5.81772470474243,0.964470028877258,-0.633298337459564,2.92144204649958e-06,81
5.86772441864014,0.964454054832458,-0.633976340293884,2.95483238232919e-06,82
5.917724609375,0.964500367641449,-0.634735822677612,3.61045272256888e-06,82
5.96772480010986,0.964610695838928,-0.635579347610474,3.26299499420202e-06,83
6.01772451400757,0.964785754680634,-0.636508524417877,3.21960766314078e-06,83
6.06772470474243,0.965025126934052,-0.637524008750916,3.33279984943147e-06,83
6.11772441864014,0.965326845645905,-0.638624310493469,3.56517494992659e-06,83
6.167724609375,0.96568751335144,-0.63980633020401,3.94330174913193e-06,83
6.21772480010986,0.966102480888367,-0.641064822673798,4.35847738344819e-06,83
6.26772451400757,0.966566383838654,-0.642394065856934,3.48937140870476e-06,83
6.31772470474243,0.967074692249298,-0.643789410591125,-2.80688749398905e-06,84
6.36772441864014,0.967624604701996,-0.645248532295227,-1.3725198357406e-05,84
6.417724609375,0.968212425708771,-0.646762549877167,-3.04028452546845e-05,84
6.46772480010986,0.968822479248047,-0.648288726806641,-5.83954317221469e-05,85
6.51772451400757,0.96940279006958,-0.649686098098755,5.91807391856491e-05,86
6.56772470474243,0.969815731048584,-0.650589644908905,0.000166164223514897,88
6.61772441864014,0.969913959503174,-0.650639593601227,-2.33562633411566e-06,89
6.63022470474243,0.969894766807556,-0.650530278682709,-9.99549730522631e-05,89
6.64897441864014,0.969834923744202,-0.650279462337494,-4.82850086314102e-05,89
6.656005859375,0.969777405261993,-0.650092422962189,-2.99504977192555e-05,89
6.66655254364014,0.969687283039093,-0.649877548217773,0.000558118497064441,88
6.682373046875,0.969558715820312,-0.649657070636749,4.00308215944278e-05,89
6.70610332489014,0.969387173652649,-0.649389982223511,0.000115036153545134,89
6.74169921875,0.968956708908081,-0.648559987545013,5.41005807122019e-05,89
6.75419902801514,0.968737065792084,-0.648134768009186,8.37270048918981e-05,89
6.75888681411743,0.968631386756897,-0.647945404052734,0.000214258434766634,88
6.76064443588257,0.968604207038879,-0.647922992706299,0.000577189131831801,88
6.76328134536743,0.968808054924011,-0.648441851139069,-7.42736932579646e-06,88
6.76723623275757,0.968999266624451,-0.648879826068878,-1.36051424419747e-05,88
6.77316904067993,0.969274878501892,-0.649489998817444,-6.3046366733488e-05,87
6.78206777572632,0.96964293718338,-0.650270342826843,-0.000303387776000363,87
6.79541635513306,0.969901204109192,-0.650687456130981,-0.0102401519351929,88
6.81543874740601,0.969147562980652,-0.648500144481659,0.000477864307185882,88
6.82294750213623,0.968606889247894,-0.647021651268005,-5.47882848422887e-06,88
6.82365131378174,0.968598008155823,-0.64699125289917,2.16627626059562e-06,89
6.82470703125,0.968604862689972,-0.647000133991241,1.22892732861146e-05,89
6.82629108428955,0.968638241291046,-0.647077023983002,1.03953877328422e-05,89
6.82866668701172,0.968705713748932,-0.647242069244385,8.26704706469172e-06,89
6.83223009109497,0.968820333480835,-0.647529661655426,7.71603765770124e-06,89
6.83757543563843,0.969001054763794,-0.647992789745331,1.51291073393622e-05,89
6.84559392929077,0.969262719154358,-0.648687899112701,-8.39455847199133e-05,88
6.85762071609497,0.969530403614044,-0.649489462375641,0.00159028059533739,89
6.87566137313843,0.969234049320221,-0.649100780487061,6.03477967615618e-05,89
6.88242673873901,0.968893110752106,-0.648435592651367,5.37549946102445e-05,89
6.88496351242065,0.96870630979538,-0.648077309131622,-0.000465993593081748,88
6.88876914978027,0.969580292701721,-0.650141298770905,-4.55328022326285e-05,87
6.89257478713989,0.969816327095032,-0.650608479976654,-0.000101224953027668,89
6.89637994766235,0.969898819923401,-0.650549709796906,-0.00031693258119958,89
6.90018558502197,0.96968287229538,-0.649868011474609,-0.000439281629667221,87
6.90399074554443,0.969501256942749,-0.649499773979187,-0.000622026433177325,87
6.90969896316528,0.969197273254395,-0.64892166852951,-0.000172898229493512,86
6.91826152801514,0.968594491481781,-0.647682845592499,0.000254405519058309,85
6.93110466003418,0.967312335968018,-0.644720554351807,0.0023052405110775,84
6.9503698348999,0.965600252151489,-0.64002913236618,-0.00251907645269966,84
6.97926759719849,0.964472115039825,-0.634835839271545,0.00345969813520242,84
7.02261400222778,0.965843379497528,-0.630956530570984,0.0129166102157257,85
7.07261419296265,0.969723165035248,-0.630284309387207,-0.0447192313192772,84
7.12261390686035,0.972657263278961,-0.631557524204254,0.0120235497268624,84
7.13511419296265,0.972570657730103,-0.631846070289612,3.18174894573531e-05,85
7.14761400222778,0.97223562002182,-0.63209342956543,-0.000406962411489076,84
7.16636419296265,0.971323728561401,-0.63242107629776,7.63239110028735e-05,83
7.17339515686035,0.970933794975281,-0.632441759109497,4.98313937669081e-06,83
7.17515325546265,0.970803678035736,-0.632516026496887,-1.44172573186552e-05,84
7.17691087722778,0.970888018608093,-0.632535457611084,-0.000622015935732634,84
7.17954778671265,0.97114360332489,-0.632472455501556,2.72018657483386e-05,84
7.18350267410278,0.971496522426605,-0.632369875907898,3.77311051238394e-05,85
7.18943548202515,0.971952259540558,-0.632217347621918,0.000209252657725756,85
7.19833421707153,0.972437143325806,-0.63196861743927,-0.00308137045328749,85
7.21168279647827,0.972665071487427,-0.631520926952362,-0.0240047392724136,83
7.23170518875122,0.971764743328094,-0.630657494068146,-0.0312565978190378,80
7.2617392539978,0.968780100345612,-0.629509031772614,-0.0037149792763671,81
7.29177284240723,0.965493261814117,-0.629891335964203,0.00480326516890273,80
7.32180690765381,0.964473128318787,-0.633712649345398,0.0571395276734847,81
7.33306980133057,0.965352773666382,-0.637164950370789,-0.0232578646837283,83
7.33729314804077,0.964798510074615,-0.635537564754486,0.0438806582984625,82
7.34362840652466,0.964077472686768,-0.632355153560638,0.0108227524191875,82
7.35313129425049,0.964637875556946,-0.629407107830048,0.0102950924713952,82
7.36738586425781,0.96791023015976,-0.628389060497284,-0.0787916975914413,80
7.38876724243164,0.971135437488556,-0.628236055374146,0.0178421715754666,69
7.39678525924683,0.961123704910278,-0.612365126609802,-0.370319957591164,70
7.40480327606201,0.946919500827789,-0.598309636116028,0.00331432084090011,72
7.4128212928772,0.935117423534393,-0.589427649974823,-0.000367293012686787,74
7.42083930969238,0.922557473182678,-0.581333994865417,-0.0292923434869863,73
7.43286657333374,0.901673257350922,-0.568995177745819,0.0126633688503262,73
7.4509072303772,0.869698643684387,-0.551095545291901,0.00495902878924426,73
7.47796821594238,0.831266820430756,-0.529459834098816,-0.000947179099057394,74
7.47965955734253,0.831284642219543,-0.529436469078064,-1.86401422297422e-06,74
7.48135089874268,0.831396639347076,-0.529464781284332,-7.2479661412217e-05,75
7.48388814926147,0.831752121448517,-0.529613137245178,-8.67465342935247e-06,75
7.48769330978394,0.832606196403503,-0.530028462409973,1.84648637855389e-05,74
7.49340152740479,0.834168612957001,-0.530847311019897,-0.000104883760286612,73
7.50196361541748,0.836610078811646,-0.532189846038818,-0.00108316196974556,73
7.51480722427368,0.840234339237213,-0.534258782863617,-0.00350541470220378,73
7.5340723991394,0.845615029335022,-0.537421345710754,-0.00836011291153227,73
7.56297016143799,0.853800714015961,-0.542307078838348,-0.00207465419703112,74
7.60631656646729,0.866074740886688,-0.54959899187088,-0.0509782572280528,73
7.65631675720215,0.875670850276947,-0.554539024829865,0.000329820876686426,77
7.66881656646729,0.876880884170532,-0.554607570171356,4.82761192870385e-05,76
7.68131637573242,0.878737986087799,-0.554909586906433,-0.029222254391243,77
7.70006656646729,0.882884800434113,-0.556053876876831,0.0505910904730058,78
7.72819137573242,0.89021223783493,-0.558732092380524,-9.5601445821103e-05,80
7.73873853683472,0.894591569900513,-0.560556828975677,0.256926626883796,81
7.75455856323242,0.89814031124115,-0.562073349952698,-0.296155833316107,81
7.77828931808472,0.900247991085052,-0.563770890235901,-0.00811464182038435,81
7.78422164916992,0.89806455373764,-0.562681078910828,-0.00014116047304924,81
7.79015445709229,0.897346913814545,-0.562406003475189,-0.00451599581788287,81
7.79905319213867,0.897000670433044,-0.562385022640228,0.00434141194887161,80
7.81240177154541,0.895592153072357,-0.561885833740234,0.306404402602993,75
7.83242416381836,0.888018786907196,-0.55851936340332,-0.0311314160887832,75
7.83993291854858,0.88235604763031,-0.556187808513641,-0.111497794649267,74
7.85119533538818,0.874334394931793,-0.553419530391693,0.0144839658951241,81
7.85541915893555,0.871610939502716,-0.55246114730835,0.000264705041161051,82
7.86175441741943,0.873434901237488,-0.552656829357147,-0.0858758694976132,82
7.87125730514526,0.883401870727539,-0.556171715259552,-0.0073313194345701,82
7.87482070922852,0.889081060886383,-0.558506429195404,-0.0130002109669931,82
7.87615728378296,0.892634391784668,-0.559985935688019,-0.0235299937255604,82
7.87816143035889,0.898063778877258,-0.562322616577148,-0.00755099558045913,82
7.88116836547852,0.906083822250366,-0.566148281097412,-0.0138239839435528,83
7.88229608535767,0.909826397895813,-0.568121731281281,0.00470623939247616,83
7.88398742675781,0.914542376995087,-0.570930600166321,-0.000156286636126879,82
7.88462162017822,0.918732047080994,-0.573548674583435,-0.00648635947186449,81
7.88557291030884,0.92626291513443,-0.578197121620178,-0.00114689178474237,80
7.88592958450317,0.929064273834229,-0.57977294921875,0.331923781091746,73
7.88646459579468,0.923888504505157,-0.57558399438858,0.0173153556224861,73
7.88726758956909,0.916744768619537,-0.570167124271393,0.0207700933146953,71
7.88847160339355,0.906458377838135,-0.563132882118225,0.000395601830312842,66
7.89027786254883,0.876524865627289,-0.545948445796967,0.000242462365122265,66
7.89072895050049,0.870642900466919,-0.54295539855957,-0.000171232545937983,66
7.89118051528931,0.865090847015381,-0.540256023406982,0.00985990557057903,69
7.89185810089111,0.857420742511749,-0.536776840686798,-0.0242009809266506,72
7.89211177825928,0.85155463218689,-0.534325063228607,0.00299074893951001,73
7.89249277114868,0.846804857254028,-0.532565951347351,0.0120771839965528,73
7.89306449890137,0.838704168796539,-0.529629826545715,-0.0142030233786272,73
7.8932785987854,0.82993471622467,-0.525597870349884,-0.0475591728650215,73
7.89359998703003,0.816925704479218,-0.519511282444,-0.054126571982124,73
7.89408254623413,0.801288664340973,-0.512410938739777,0.000586683049050407,73
7.89480543136597,0.785482168197632,-0.505287408828735,-0.0413788282685346,73
7.89552879333496,0.758188486099243,-0.493055611848831,0.45765457048924,73
7.89625215530396,0.747220516204834,-0.488752961158752,0.0982665472743065,73
7.89697551727295,0.741933941841125,-0.486908584833145,-0.254429212119021,72
7.89769840240479,0.720140337944031,-0.486057758331299,-0.0492763108225063,72
7.89842176437378,0.724320352077484,-0.489918261766434,-0.00152581285603404,72
7.89914512634277,0.725847244262695,-0.491947531700134,0.0138248914845462,72
7.89986848831177,0.72682523727417,-0.493918567895889,0.0478917284629006,72
7.90013980865479,0.727492928504944,-0.495178610086441,0.000202578940843523,73
7.90024137496948,0.72770494222641,-0.49588605761528,7.0130621907083e-05,73
7.90027952194214,0.727315366268158,-0.496206194162369,-0.00110012178629404,73
7.90029382705688,0.726860344409943,-0.496243059635162,-0.00542004411772723,74
7.900315284729,0.726140975952148,-0.496134042739868,0.001209549039622,75
7.9003472328186,0.725167274475098,-0.49596706032753,-0.00141699684536434,75
7.90039587020874,0.723878085613251,-0.495610058307648,-0.0124524843281506,75
7.90046787261963,0.722137093544006,-0.495000332593918,0.00164805838197424,75
7.9005765914917,0.719443440437317,-0.494055241346359,0.0135631420506002,75
7.9007396697998,0.714891016483307,-0.493141502141953,-0.0210053349501322,81
7.9009838104248,0.709268867969513,-0.491383731365204,-0.00592747675841565,81
7.90122842788696,0.706249356269836,-0.486573785543442,-0.00511295936826173,81
7.90128946304321,0.705550253391266,-0.485618561506271,-0.00288465792755233,81
7.90135049819946,0.704710364341736,-0.484619677066803,0.0123925449325952,81
7.90144205093384,0.703349828720093,-0.482740074396133,-0.526815010860446,82
7.90157985687256,0.703112125396729,-0.479449182748795,-0.00158398187204511,86
7.90159273147583,0.703247725963593,-0.479152947664261,-0.010711756789533,86
7.90161180496216,0.703369557857513,-0.478963673114777,1.32603100091444e-05,85
7.90164089202881,0.703409314155579,-0.478883445262909,2.52689949320484e-05,85
7.90166997909546,0.703437626361847,-0.478870570659637,-8.59314195622574e-05,85
7.90169906616211,0.703471541404724,-0.478870421648026,-0.000805106100415287,85
7.90174245834351,0.703532576560974,-0.478904634714127,-3.41345291730022e-05,85
7.90180778503418,0.703643560409546,-0.479037284851074,-0.000621818382825268,85
7.90190553665161,0.703838407993317,-0.479493081569672,-0.00146576976408141,85
7.90194225311279,0.703925967216492,-0.479836404323578,0.00136777505213104,85
7.90199708938599,0.704056322574615,-0.480496257543564,-0.000585490286766799,85
7.90201807022095,0.704146444797516,-0.480939388275146,-9.84867998843342e-05,85
7.90204858779907,0.704325199127197,-0.481659561395645,0.000148014257320028,85
7.90206050872803,0.704465568065643,-0.482115983963013,-0.00608384707061305,85
7.90207767486572,0.704732477664948,-0.482831478118896,-0.000398795086766768,85
7.90210390090942,0.704781591892242,-0.482948392629623,-9.29386010284361e-06,85
7.90211057662964,0.704904139041901,-0.483225852251053,-9.32519401430909e-06,85
7.90211725234985,0.705035924911499,-0.483504712581635,2.25895648782171e-05,85
7.90212678909302,0.705249428749084,-0.48392316699028,-0.000316272670204398,85
7.90214157104492,0.705599963665009,-0.484544545412064,9.21491999577029e-05,85
7.9021635055542,0.706176996231079,-0.485449254512787,0.00131614655182943,83
7.90219640731812,0.707790732383728,-0.487531214952469,0.0120848992230549,81
7.90222978591919,0.708343803882599,-0.487834334373474,-9.46012094118487e-05,82
7.90223789215088,0.708391189575195,-0.487677991390228,4.04343219457814e-05,82
7.90225028991699,0.708469152450562,-0.487347513437271,0.00274516540048353,82
7.90226888656616,0.708657205104828,-0.486706465482712,0.0288660424232603,82
7.9022970199585,0.709232091903687,-0.485708147287369,0.00354993497649048,82
7.90233850479126,0.710684239864349,-0.484654933214188,0.000140204002008204,82
7.90235424041748,0.711900174617767,-0.484193742275238,0.000144886180351023,82
7.90237808227539,0.713727295398712,-0.483321279287338,0.0130814880167236,82
7.90238380432129,0.713889360427856,-0.483454197645187,0.00188768489147151,82
7.90238952636719,0.71401447057724,-0.483589828014374,0.0110993470650556,82
7.90239858627319,0.714261531829834,-0.483678251504898,0.000332046077573978,82
7.90241193771362,0.714771389961243,-0.483482718467712,0.00119504350141142,82
7.90243148803711,0.716307044029236,-0.48299652338028,-0.220635928756337,82
7.90246152877808,0.721937239170074,-0.483563780784607,0.269437229571054,82
7.90250587463379,0.734246432781219,-0.487643003463745,-0.00527329926467246,82
7.90252304077148,0.739228427410126,-0.489641845226288,-0.0162951041338601,82
7.90254783630371,0.748948633670807,-0.493350178003311,-1.29826603212064,82
7.90258550643921,0.76358836889267,-0.498977273702621,4.99151954329591e-05,82
7.90258932113647,0.76440840959549,-0.499281674623489,4.04844377044355e-06,82
7.90259456634521,0.76563572883606,-0.499765813350677,9.24089064824329e-06,82
7.9026026725769,0.767515778541565,-0.500510990619659,-3.56520257014381e-05,82
7.90261459350586,0.770440518856049,-0.501678705215454,0.000303552091963866,82
7.90263223648071,0.775109052658081,-0.503564476966858,-0.00253268612891588,82
7.90265893936157,0.782797515392303,-0.506734728813171,-0.00209066780689682,82
7.90269947052002,0.794412136077881,-0.511695265769958,-0.00438552201762832,82
7.90271472930908,0.802372694015503,-0.515216112136841,9.60056779604201e-05,82
7.90271997451782,0.807044148445129,-0.517325222492218,-2.10674741083494e-05,82
7.90272855758667,0.814278244972229,-0.520648598670959,0.053966583835745,82
7.90274143218994,0.831241190433502,-0.528671443462372,-0.0261845210852698,82
7.90275430679321,0.842384696006775,-0.53410404920578,-0.0109159626592827,82
7.90275716781616,0.844918847084045,-0.535359501838684,0.000895150415090029,82
7.90276193618774,0.848863363265991,-0.537328779697418,0.0141550181208459,82
7.90276908874512,0.854985117912292,-0.540421426296234,0.00293966307117444,82
7.90278005599976,0.862165510654449,-0.544109284877777,0.00185306806497465,82
7.90278387069702,0.867616057395935,-0.546958804130554,-6.68166305501927e-05,81
7.90279006958008,0.875168859958649,-0.551015973091125,0.000197545867422377,84
7.90279245376587,0.877244472503662,-0.552237033843994,-0.105138107699759,85
7.90279483795166,0.871502339839935,-0.549284100532532,8.27939097689523e-05,85
7.90279674530029,0.867643713951111,-0.547316133975983,0.00142882315071802,86
7.90280055999756,0.861713469028473,-0.544351100921631,0.252439889561174,86
7.90280532836914,0.852724432945251,-0.539999186992645,0.000463769558791682,86
7.90280723571777,0.84867000579834,-0.538108766078949,-1.60524483590052e-05,85
7.90280818939209,0.846748828887939,-0.53723818063736,0.00196670705372526,85
7.90280914306641,0.844562649726868,-0.536291897296906,5.77045227601047e-05,85
7.90280961990356,0.843881964683533,-0.536031723022461,0.000176073608344041,83
7.90281009674072,0.843954145908356,-0.53617662191391,0.007394096015787,82
7.90281057357788,0.844570159912109,-0.536504685878754,3.46853345263298e-05,82
7.90281057357788,0.845858812332153,-0.537124991416931,-9.08076621612963e-05,83
7.90281105041504,0.847729623317719,-0.53797721862793,0.000843697662276099,83
7.90281200408936,0.851020932197571,-0.539467811584473,-0.000293651482934365,84
7.90281248092651,0.853261590003967,-0.540479898452759,-0.00899935044481026,84
7.90281248092651,0.85611754655838,-0.54172945022583,-0.00425474628468692,84
7.90281295776367,0.858870625495911,-0.542949140071869,-0.00869786558428132,87
7.90281343460083,0.860852777957916,-0.543559312820435,-0.0302439695763042,87
7.90281391143799,0.859293162822723,-0.542799234390259,-0.0591211803573515,87
7.90281438827515,0.857683479785919,-0.542299270629883,-0.150987330756834,82
7.9028148651123,0.873095154762268,-0.551056683063507,-0.0054052914517797,85
7.90281534194946,0.870858490467072,-0.550166010856628,0.000695643551352987,85
7.90281581878662,0.869304776191711,-0.549394905567169,0.0102859122827681,87
7.90281581878662,0.869742691516876,-0.549275100231171,0.00144426037337553,86
7.90281629562378,0.865711092948914,-0.54693478345871,-0.00844839492918936,86
7.90281677246094,0.860430002212524,-0.544410347938538,0.0644503098202733,87
7.90281772613525,0.852562546730042,-0.54121857881546,0.0393908277001174,86
7.90281772613525,0.851426064968109,-0.540934920310974,0.0267112415012889,84
7.90281820297241,0.857022702693939,-0.543680429458618,0.00485230103413414,82
7.90281915664673,0.866264343261719,-0.548317313194275,-0.000286139241381989,81
7.90281915664673,0.865999937057495,-0.548286616802216,4.30121662020611e-05,81
7.90281915664673,0.864397168159485,-0.547577738761902,-0.00180333643015729,81
7.90281963348389,0.862103641033173,-0.546510696411133,0.110238856398155,85
7.90282011032104,0.862492084503174,-0.546540081501007,-0.0830106419157346,84
7.9028205871582,0.868982076644897,-0.549460232257843,0.0070636599896261,83
7.9028205871582,0.874182462692261,-0.552005410194397,-9.03187125231852e-05,82
7.90282106399536,0.877465486526489,-0.553574860095978,0.00918914303133533,82
7.90282106399536,0.881759762763977,-0.555518746376038,0.00577367832647724,77
7.90282106399536,0.872554540634155,-0.550278186798096,0.0286873790234949,77
7.90282154083252,0.865290701389313,-0.546535313129425,-8.58038216904333e-05,77
7.90282154083252,0.857913732528687,-0.542820751667023,-0.408909929067022,77
7.90282201766968,0.849288284778595,-0.538594305515289,0.000262033020135277,81
7.90282201766968,0.852107346057892,-0.539875268936157,0.00246997250633285,81
7.90282201766968,0.855204105377197,-0.54130220413208,-0.0299786689727739,83
7.90282201766968,0.858981609344482,-0.543011665344238,-0.0282239025602848,79
7.90282201766968,0.859292209148407,-0.543119668960571,-0.0574070060906706,79
7.90282249450684,0.868563771247864,-0.547577083110809,0.0358698273898881,79
7.90282249450684,0.874864459037781,-0.550714194774628,-0.00015798933344513,79
7.90282249450684,0.877681136131287,-0.552176058292389,0.202530892463756,83
7.90282249450684,0.867905676364899,-0.547629237174988,0.271046962891432,83
7.90282249450684,0.858690500259399,-0.543257176876068,-0.0324182736840157,83
7.90282249450684,0.855285465717316,-0.541679859161377,0.265878249244906,82
7.90282249450684,0.8550705909729,-0.541959881782532,-0.00166605371418882,82
7.90282249450684,0.856939256191254,-0.5432990193367,0.000160882234013116,82
7.90282249450684,0.857565402984619,-0.543751060962677,6.74629520744929e-05,82
7.90282249450684,0.857927620410919,-0.544053435325623,0.000896446974820719,83
7.90282249450684,0.857512712478638,-0.543973743915558,2.58821310694657e-05,81
7.90282249450684,0.857514262199402,-0.54400223493576,-0.11869580341488,81
7.90282249450684,0.859278917312622,-0.544847249984741,-0.00144940425423101,81
7.90282249450684,0.859940052032471,-0.545066177845001,0.000829812229459215,81
7.90282249450684,0.85971587896347,-0.54467648267746,0.0806166452171055,80
7.90282249450684,0.859693288803101,-0.544684708118439,0.0791626293798799,78
7.90282249450684,0.859928905963898,-0.545071184635162,5.23897443258647e-05,81
7.90282249450684,0.859694421291351,-0.54502147436142,-0.00066857918181995,81
7.90282249450684,0.858508348464966,-0.544485747814178,0.000142967458259591,81
7.90282249450684,0.857466816902161,-0.543978929519653,-0.0842890497719964,82
7.90282249450684,0.855675935745239,-0.542406499385834,0.00133466957277051,82
7.90282249450684,0.854884803295135,-0.541834890842438,-0.000853767993021393,82
7.90282249450684,0.854278862476349,-0.541389465332031,0.0747483797656514,83
7.90282249450684,0.854450285434723,-0.541319251060486,0.743280215882805,83
7.90282249450684,0.866939544677734,-0.547167956829071,0.0712195301823613,81
7.90282249450684,0.875651180744171,-0.551325917243958,-2.99233690270739e-05,81
7.90282249450684,0.877389430999756,-0.55213987827301,-0.00153562259561113,79
7.90282249450684,0.877736568450928,-0.552207171916962,0.000412095993851835,79
7.90282249450684,0.874133944511414,-0.550344944000244,-0.034694248769938,79
7.90282249450684,0.867503881454468,-0.547059834003448,0.0418348854673241,79
7.90282249450684,0.858771681785583,-0.542876958847046,0.000319992493928112,83
7.90282249450684,0.858301937580109,-0.542673468589783,0.000845121803877191,83
7.90282249450684,0.859056293964386,-0.543052494525909,0.00213298285439123,81
7.90282249450684,0.858688116073608,-0.542902886867523,-0.000752887332282626,81
7.90282297134399,0.856738865375519,-0.542011260986328,0.000557093791940133,81
7.90282297134399,0.85359114408493,-0.540559828281403,0.0204133618672131,81
7.90282297134399,0.850099921226501,-0.538958430290222,-0.163915003568036,77
7.90282297134399,0.853460967540741,-0.540629506111145,-0.00223349800580763,77
7.90282297134399,0.863786995410919,-0.545771479606628,-0.035019282868916,77
7.90282297134399,0.878545641899109,-0.553459823131561,0.000190855301070769,77
7.90282297134399,0.879220008850098,-0.553827583789825,-7.67707419413455e-07,77
7.90282297134399,0.880155265331268,-0.554344892501831,-9.38890622137478e-06,77
7.90282297134399,0.881348013877869,-0.555023670196533,-0.000105788049950206,79
7.90282297134399,0.882349252700806,-0.555666983127594,-0.00205022661248222,82
7.90282297134399,0.879986166954041,-0.554745078086853,-0.0725665193735949,83
7.90282297134399,0.872998416423798,-0.551427602767944,0.634547247868682,84
7.90282297134399,0.864536583423615,-0.547352492809296,-0.00291734022726953,83
7.90282297134399,0.861724555492401,-0.546295762062073,0.00215615042429818,81
7.90282297134399,0.862484574317932,-0.546694576740265,8.63718505570432e-05,81
7.90282297134399,0.864465534687042,-0.547608554363251,0.00550798527251573,82
7.90282297134399,0.866381227970123,-0.548389256000519,-0.0101985498149588,87
7.90282297134399,0.851847052574158,-0.540996432304382,-0.00145818530450015,87
7.90282297134399,0.855442702770233,-0.542247533798218,-0.000653021543847387,86
7.90282297134399,0.860084235668182,-0.544250786304474,0.00186978854958397,86
7.90282297134399,0.863712847232819,-0.545959293842316,-0.0113680836952881,86
7.90282297134399,0.869341850280762,-0.548886895179749,-0.00184951498840746,86
7.90282297134399,0.869182825088501,-0.54928719997406,1.6398035995735e-06,86
7.90282297134399,0.869172692298889,-0.549302756786346,9.90808553069655e-06,85
7.90282297134399,0.86921226978302,-0.549353301525116,0.000119792368877825,85
7.90282297134399,0.869559168815613,-0.549558401107788,2.35258329155386e-05,85
7.90282297134399,0.870133519172668,-0.549838304519653,-8.76643821356993e-06,85
7.90282297134399,0.870982527732849,-0.550227224826813,-1.06631453693495e-05,85
7.90282297134399,0.872273862361908,-0.550807118415833,-5.30347074345627e-05,85
7.90282297134399,0.874105155467987,-0.551637530326843,0.0015597016658262,82
7.90282297134399,0.874824106693268,-0.551940560340881,0.00544339174348352,82
7.90282297134399,0.871280372142792,-0.550129175186157,0.155809550045205,82
7.90282297134399,0.864227712154388,-0.546426951885223,0.00735369965582322,87
7.90282297134399,0.857603311538696,-0.542294859886169,-0.00329514652798935,87
7.90282297134399,0.858412683010101,-0.542485177516937,0.0015206723069241,87
7.90282297134399,0.859398365020752,-0.542846977710724,-0.0353118158573125,87
7.90282297134399,0.860789477825165,-0.543524146080017,-1.34730043776062,84
7.90282297134399,0.859473884105682,-0.543238759040833,0.60532211393911,82
7.90282297134399,0.850583434104919,-0.539288401603699,-0.000758551393573725,82
7.90282297134399,0.847256243228912,-0.537768721580505,-2.84776971284373e-05,82
7.90282297134399,0.845700979232788,-0.537057161331177,-0.0349597832118889,82
7.90282297134399,0.844209909439087,-0.536322414875031,-5.05122280856085e-05,84
7.90282297134399,0.843681275844574,-0.536004066467285,-0.000137958753214207,85
7.90282297134399,0.844374477863312,-0.53621643781662,0.0185043831365874,85
7.90282297134399,0.848105132579803,-0.537852227687836,5.31306475295423e-05,86
7.90282297134399,0.85104912519455,-0.539213478565216,0.000365663844377195,86
7.90282297134399,0.856118083000183,-0.541622817516327,0.00484679234727992,86
7.90282297134399,0.864470064640045,-0.545722842216492,0.000160620588530946,85
7.90282297134399,0.873311400413513,-0.550219655036926,-0.015040634747379,84
7.90282297134399,0.877148747444153,-0.55219829082489,0.00408674712116408,81
7.90282297134399,0.875173270702362,-0.551021039485931,0.000655725078104297,82
7.90282297134399,0.87029629945755,-0.548382520675659,0.0543305251765105,82
7.90282297134399,0.862131357192993,-0.544094026088715,0.000361611728067146,82
7.90282297134399,0.857616066932678,-0.541767358779907,0.0178654555838875,82
7.90282297134399,0.850847363471985,-0.538328528404236,0.000209349517263036,82
7.90282297134399,0.847264289855957,-0.536530613899231,0.0370549255972037,82
7.90282297134399,0.841919600963593,-0.533876419067383,-0.000743560128796616,82
7.90282297134399,0.829374074935913,-0.527776539325714,-0.0422718622528464,82
7.90282297134399,0.817702233791351,-0.522245347499847,-0.000462330030131852,82
7.90282297134399,0.80959540605545,-0.518490970134735,-0.0139874631927341,82
7.90282297134399,0.801711976528168,-0.514921545982361,-0.0801775037409698,82
7.90282297134399,0.79048228263855,-0.509994208812714,0.00040225708289654,82
7.90282297134399,0.78471314907074,-0.507539510726929,-0.0224485688058849,82
7.90282297134399,0.776684463024139,-0.504208505153656,-6.28589747861952e-05,82
7.90282297134399,0.772600114345551,-0.502549052238464,-0.00274599874796877,82
7.90282297134399,0.766939699649811,-0.50028395652771,-0.0143105726076556,82
7.90282297134399,0.762356817722321,-0.498478829860687,0.00060923729733986,82
7.90282297134399,0.761679530143738,-0.498214304447174,-2.89499364498624e-05,82
7.90282297134399,0.75978022813797,-0.497476011514664,-4.85885343550763e-05,82
7.90282297134399,0.757901132106781,-0.496750473976135,-0.000937250164497527,82
7.90282297134399,0.755106747150421,-0.495680600404739,nan,nan
